2026-10-02 23:15:53.891 TRACE_ID DEBUG main Application Running with Spring Boot v3.5.0, Spring v6.2.7
2026-10-02 23:17:01.538 TRACE_ID DEBUG main Application Running with Spring Boot v3.5.0, Spring v6.2.7
2026-10-02 23:17:02.749 TRACE_ID DEBUG main SparrowCorsFilter Filter 'corsFilter' configured for use
2026-10-02 23:17:02.749 TRACE_ID DEBUG main FlashFilter Filter 'flashFilter' configured for use
2026-10-02 23:17:03.117 TRACE_ID DEBUG main DruidCustomPasswordCallback DruidCustomPasswordCallback setProperties, passwordKey:mysql_sparrow_password, password:11111111
2026-10-02 23:17:03.279 TRACE_ID DEBUG main DruidCustomPasswordCallback DruidCustomPasswordCallback setProperties, passwordKey:mysql_sparrow_password, password:11111111
2026-10-02 23:17:03.290 TRACE_ID DEBUG main DruidCustomPasswordCallback DruidCustomPasswordCallback setProperties, passwordKey:mysql_sparrow_password, password:11111111
2026-10-02 23:17:03.301 TRACE_ID DEBUG main DruidCustomPasswordCallback DruidCustomPasswordCallback setProperties, passwordKey:mysql_sparrow_password, password:11111111
2026-10-02 23:17:03.307 TRACE_ID DEBUG main DruidCustomPasswordCallback DruidCustomPasswordCallback setProperties, passwordKey:mysql_sparrow_password, password:11111111
2026-10-02 23:17:03.313 TRACE_ID DEBUG main DruidCustomPasswordCallback DruidCustomPasswordCallback setProperties, passwordKey:mysql_sparrow_password, password:11111111
2026-10-02 23:17:03.320 TRACE_ID DEBUG main DruidCustomPasswordCallback DruidCustomPasswordCallback setProperties, passwordKey:mysql_sparrow_password, password:11111111
2026-10-02 23:17:03.324 TRACE_ID DEBUG main DruidCustomPasswordCallback DruidCustomPasswordCallback setProperties, passwordKey:mysql_sparrow_password, password:11111111
2026-10-02 23:30:35.137 TRACE_ID DEBUG http-nio-8888-exec-10 CookieUtility get cookie Authorization
2026-10-02 23:30:35.138 TRACE_ID DEBUG http-nio-8888-exec-1 CookieUtility get cookie Authorization
2026-10-02 23:30:35.261 TRACE_ID DEBUG http-nio-8888-exec-1 JDBCTemplate SQL:select count(*) from `t_project_config` where ( create_user_id = 1 )
2026-10-02 23:30:35.261 TRACE_ID DEBUG http-nio-8888-exec-10 JDBCTemplate SQL:select count(*) from `t_project_config` where ( create_user_id = 1 )
2026-10-02 23:30:35.395 TRACE_ID DEBUG http-nio-8888-exec-10 JDBCTemplate SQL:select * from `t_project_config` where ( create_user_id = 1 ) order by id DESC limit 0,10
2026-10-02 23:30:35.395 TRACE_ID DEBUG http-nio-8888-exec-1 JDBCTemplate SQL:select * from `t_project_config` where ( create_user_id = 1 ) order by id DESC limit 0,10
2026-10-02 23:34:33.884 TRACE_ID DEBUG http-nio-8888-exec-5 CookieUtility get cookie Authorization
2026-10-02 23:34:33.914 TRACE_ID DEBUG http-nio-8888-exec-5 JDBCTemplate SQL:update `t_project_config` set 
`name`=sparrow-security,
`full_base_package_name`=,
`frontend_name`=security-front,
`chinese_name`=权限管理系统,
`i18n`=true,
`description`=权限管理系统,
`module_prefix`=test,
`architectures`=,
`config`=,
`wrap_with_parent`=true,
`scaffold`=sparrrow-example,
`modified_user_id`=1,
`modified_user_name`=mock-user,
`gmt_modified`=1790955273908,
`deleted`=false where id=1
2026-10-02 23:34:33.964 TRACE_ID DEBUG http-nio-8888-exec-9 CookieUtility get cookie Authorization
2026-10-02 23:34:33.975 TRACE_ID DEBUG http-nio-8888-exec-9 JDBCTemplate SQL:select count(*) from `t_project_config` where ( create_user_id = 1 )
2026-10-02 23:34:33.979 TRACE_ID DEBUG http-nio-8888-exec-9 JDBCTemplate SQL:select * from `t_project_config` where ( create_user_id = 1 ) order by id DESC limit 0,10
2026-10-02 23:35:12.273 TRACE_ID DEBUG http-nio-8888-exec-1 CookieUtility get cookie Authorization
2026-10-02 23:35:12.275 TRACE_ID DEBUG http-nio-8888-exec-1 JDBCTemplate SQL:update `t_project_config` set 
`name`=sparrow-security,
`full_base_package_name`=,
`frontend_name`=security-front,
`chinese_name`=权限管理系统,
`i18n`=true,
`description`=权限管理系统,
`module_prefix`=security,
`architectures`=,
`config`=,
`wrap_with_parent`=true,
`scaffold`=sparrrow-example,
`modified_user_id`=1,
`modified_user_name`=mock-user,
`gmt_modified`=1790955312274,
`deleted`=false where id=1
2026-10-02 23:35:12.294 TRACE_ID DEBUG http-nio-8888-exec-4 CookieUtility get cookie Authorization
2026-10-02 23:35:12.295 TRACE_ID DEBUG http-nio-8888-exec-4 JDBCTemplate SQL:select count(*) from `t_project_config` where ( create_user_id = 1 )
2026-10-02 23:35:12.297 TRACE_ID DEBUG http-nio-8888-exec-4 JDBCTemplate SQL:select * from `t_project_config` where ( create_user_id = 1 ) order by id DESC limit 0,10
2026-10-02 23:35:19.634 TRACE_ID DEBUG http-nio-8888-exec-6 CookieUtility get cookie Authorization
2026-10-02 23:35:19.634 TRACE_ID DEBUG http-nio-8888-exec-5 CookieUtility get cookie Authorization
2026-10-02 23:35:19.636 TRACE_ID DEBUG http-nio-8888-exec-5 JDBCTemplate SQL:select count(*) from `t_project_config` where ( create_user_id = 1 )
2026-10-02 23:35:19.637 TRACE_ID DEBUG http-nio-8888-exec-6 JDBCTemplate SQL:select count(*) from `t_project_config` where ( create_user_id = 1 )
2026-10-02 23:35:19.638 TRACE_ID DEBUG http-nio-8888-exec-5 JDBCTemplate SQL:select * from `t_project_config` where ( create_user_id = 1 ) order by id DESC limit 0,10
2026-10-02 23:35:19.638 TRACE_ID DEBUG http-nio-8888-exec-6 JDBCTemplate SQL:select * from `t_project_config` where ( create_user_id = 1 ) order by id DESC limit 0,10
2026-10-02 23:38:08.715 TRACE_ID DEBUG http-nio-8888-exec-1 CookieUtility get cookie Authorization
2026-10-02 23:40:58.011 TRACE_ID DEBUG http-nio-8888-exec-1 JDBCTemplate SQL:update `t_project_config` set 
`name`=sparrow-security,
`full_base_package_name`=,
`frontend_name`=security-front,
`chinese_name`=权限管理系统,
`i18n`=true,
`description`=权限管理系统,
`module_prefix`=security,
`architectures`=,
`config`=,
`wrap_with_parent`=true,
`scaffold`=sparrrow-example,
`modified_user_id`=1,
`modified_user_name`=mock-user,
`gmt_modified`=1790955658006,
`deleted`=false where id=1
2026-10-02 23:41:00.873 TRACE_ID DEBUG main Application Running with Spring Boot v3.5.0, Spring v6.2.7
2026-10-02 23:41:02.277 TRACE_ID DEBUG main SparrowCorsFilter Filter 'corsFilter' configured for use
2026-10-02 23:41:02.277 TRACE_ID DEBUG main FlashFilter Filter 'flashFilter' configured for use
2026-10-02 23:41:02.648 TRACE_ID DEBUG main DruidCustomPasswordCallback DruidCustomPasswordCallback setProperties, passwordKey:mysql_sparrow_password, password:11111111
2026-10-02 23:41:02.762 TRACE_ID DEBUG main DruidCustomPasswordCallback DruidCustomPasswordCallback setProperties, passwordKey:mysql_sparrow_password, password:11111111
2026-10-02 23:41:02.768 TRACE_ID DEBUG main DruidCustomPasswordCallback DruidCustomPasswordCallback setProperties, passwordKey:mysql_sparrow_password, password:11111111
2026-10-02 23:41:02.771 TRACE_ID DEBUG main DruidCustomPasswordCallback DruidCustomPasswordCallback setProperties, passwordKey:mysql_sparrow_password, password:11111111
2026-10-02 23:41:02.775 TRACE_ID DEBUG main DruidCustomPasswordCallback DruidCustomPasswordCallback setProperties, passwordKey:mysql_sparrow_password, password:11111111
2026-10-02 23:41:02.778 TRACE_ID DEBUG main DruidCustomPasswordCallback DruidCustomPasswordCallback setProperties, passwordKey:mysql_sparrow_password, password:11111111
2026-10-02 23:41:02.781 TRACE_ID DEBUG main DruidCustomPasswordCallback DruidCustomPasswordCallback setProperties, passwordKey:mysql_sparrow_password, password:11111111
2026-10-02 23:41:02.784 TRACE_ID DEBUG main DruidCustomPasswordCallback DruidCustomPasswordCallback setProperties, passwordKey:mysql_sparrow_password, password:11111111
2026-10-02 23:41:19.474 TRACE_ID DEBUG http-nio-8888-exec-2 CookieUtility get cookie Authorization
2026-10-02 23:41:29.823 TRACE_ID DEBUG http-nio-8888-exec-2 JDBCTemplate SQL:update `t_project_config` set 
`name`=sparrow-security,
`full_base_package_name`=com.sparrow.security.admin,
`frontend_name`=security-front,
`chinese_name`=权限管理系统,
`i18n`=true,
`description`=权限管理系统,
`module_prefix`=security,
`architectures`=,
`config`=,
`wrap_with_parent`=true,
`scaffold`=sparrrow-example,
`modified_user_id`=1,
`modified_user_name`=mock-user,
`gmt_modified`=1790955689803,
`deleted`=false where id=1
2026-10-02 23:41:29.893 TRACE_ID DEBUG http-nio-8888-exec-4 CookieUtility get cookie Authorization
2026-10-02 23:41:29.945 TRACE_ID DEBUG http-nio-8888-exec-4 JDBCTemplate SQL:select count(*) from `t_project_config` where ( create_user_id = 1 )
2026-10-02 23:41:29.957 TRACE_ID DEBUG http-nio-8888-exec-4 JDBCTemplate SQL:select * from `t_project_config` where ( create_user_id = 1 ) order by id DESC limit 0,10
2026-10-02 23:41:39.095 TRACE_ID DEBUG http-nio-8888-exec-8 CookieUtility get cookie Authorization
2026-10-02 23:41:39.102 TRACE_ID DEBUG http-nio-8888-exec-7 CookieUtility get cookie Authorization
2026-10-02 23:41:39.105 TRACE_ID DEBUG http-nio-8888-exec-8 JDBCTemplate SQL:select count(*) from `t_table_config` where ( create_user_id = 1 )
2026-10-02 23:41:39.109 TRACE_ID DEBUG http-nio-8888-exec-7 JDBCTemplate SQL:select count(*) from `t_table_config` where ( create_user_id = 1 )
2026-10-02 23:41:39.134 TRACE_ID DEBUG http-nio-8888-exec-8 JDBCTemplate SQL:select * from `t_table_config` where ( create_user_id = 1 ) order by id DESC
2026-10-02 23:41:39.135 TRACE_ID DEBUG http-nio-8888-exec-7 JDBCTemplate SQL:select * from `t_table_config` where ( create_user_id = 1 ) order by id DESC
2026-10-02 23:41:39.138 TRACE_ID DEBUG http-nio-8888-exec-7 JDBCTemplate SQL:select * from `t_project_config` where ( create_user_id = 1  AND status = ENABLE ) order by id DESC
2026-10-02 23:41:39.138 TRACE_ID DEBUG http-nio-8888-exec-8 JDBCTemplate SQL:select * from `t_project_config` where ( create_user_id = 1  AND status = ENABLE ) order by id DESC
2026-10-02 23:42:09.360 TRACE_ID DEBUG http-nio-8888-exec-3 CookieUtility get cookie Authorization
2026-10-02 23:42:09.360 TRACE_ID DEBUG http-nio-8888-exec-2 CookieUtility get cookie Authorization
2026-10-02 23:42:09.374 TRACE_ID DEBUG http-nio-8888-exec-2 JDBCTemplate SQL:select count(*) from `t_table_config` where ( create_user_id = 1 )
2026-10-02 23:42:09.383 TRACE_ID DEBUG http-nio-8888-exec-3 JDBCTemplate SQL:select count(*) from `t_table_config` where ( create_user_id = 1 )
2026-10-02 23:42:09.385 TRACE_ID DEBUG http-nio-8888-exec-2 JDBCTemplate SQL:select * from `t_table_config` where ( create_user_id = 1 ) order by id DESC
2026-10-02 23:42:09.389 TRACE_ID DEBUG http-nio-8888-exec-3 JDBCTemplate SQL:select * from `t_table_config` where ( create_user_id = 1 ) order by id DESC
2026-10-02 23:42:09.390 TRACE_ID DEBUG http-nio-8888-exec-2 JDBCTemplate SQL:select * from `t_project_config` where ( create_user_id = 1  AND status = ENABLE ) order by id DESC
2026-10-02 23:42:09.393 TRACE_ID DEBUG http-nio-8888-exec-3 JDBCTemplate SQL:select * from `t_project_config` where ( create_user_id = 1  AND status = ENABLE ) order by id DESC
2026-10-02 23:42:35.807 TRACE_ID DEBUG http-nio-8888-exec-5 CookieUtility get cookie Authorization
2026-10-02 23:42:35.824 TRACE_ID DEBUG http-nio-8888-exec-5 JDBCTemplate SQL:select count(*) from `t_table_config` where ( table_name = ss  AND create_user_id = 1 )
2026-10-02 23:42:35.827 TRACE_ID DEBUG http-nio-8888-exec-5 JDBCTemplate SQL:select * from `t_project_config` where ( create_user_id = 1  AND status = ENABLE ) order by id DESC
2026-10-02 23:42:42.745 TRACE_ID DEBUG http-nio-8888-exec-8 CookieUtility get cookie Authorization
2026-10-02 23:42:42.750 TRACE_ID DEBUG http-nio-8888-exec-8 JDBCTemplate SQL:select count(*) from `t_table_config` where ( table_name = ss  AND class_name = sss  AND create_user_id = 1 )
2026-10-02 23:42:42.751 TRACE_ID DEBUG http-nio-8888-exec-8 JDBCTemplate SQL:select * from `t_project_config` where ( create_user_id = 1  AND status = ENABLE ) order by id DESC
2026-10-03 08:53:28.179 TRACE_ID DEBUG http-nio-8888-exec-2 CookieUtility get cookie Authorization
2026-10-03 08:53:28.179 TRACE_ID DEBUG http-nio-8888-exec-3 CookieUtility get cookie Authorization
2026-10-03 08:53:28.195 TRACE_ID DEBUG Druid-ConnectionPool-Create-2062575931 DruidCustomPasswordCallback DruidCustomPasswordCallback setProperties, passwordKey:mysql_sparrow_password, password:11111111
2026-10-03 08:53:28.247 TRACE_ID DEBUG Druid-ConnectionPool-Create-2062575931 DruidCustomPasswordCallback DruidCustomPasswordCallback setProperties, passwordKey:mysql_sparrow_password, password:11111111
2026-10-03 08:53:28.248 TRACE_ID DEBUG http-nio-8888-exec-2 JDBCTemplate SQL:select count(*) from `t_table_config` where ( create_user_id = 1 )
2026-10-03 08:53:28.253 TRACE_ID DEBUG http-nio-8888-exec-3 JDBCTemplate SQL:select count(*) from `t_table_config` where ( create_user_id = 1 )
2026-10-03 08:53:28.287 TRACE_ID DEBUG http-nio-8888-exec-3 JDBCTemplate SQL:select * from `t_table_config` where ( create_user_id = 1 ) order by id DESC
2026-10-03 08:53:28.288 TRACE_ID DEBUG http-nio-8888-exec-2 JDBCTemplate SQL:select * from `t_table_config` where ( create_user_id = 1 ) order by id DESC
2026-10-03 08:53:28.292 TRACE_ID DEBUG http-nio-8888-exec-2 JDBCTemplate SQL:select * from `t_project_config` where ( create_user_id = 1  AND status = ENABLE ) order by id DESC
2026-10-03 08:53:28.292 TRACE_ID DEBUG http-nio-8888-exec-3 JDBCTemplate SQL:select * from `t_project_config` where ( create_user_id = 1  AND status = ENABLE ) order by id DESC
2026-10-03 08:54:20.439 TRACE_ID DEBUG http-nio-8888-exec-6 CookieUtility get cookie Authorization
2026-10-03 08:54:20.439 TRACE_ID DEBUG http-nio-8888-exec-8 CookieUtility get cookie Authorization
2026-10-03 08:54:20.453 TRACE_ID DEBUG http-nio-8888-exec-6 JDBCTemplate SQL:select count(*) from `t_project_config` where ( create_user_id = 1 )
2026-10-03 08:54:20.453 TRACE_ID DEBUG http-nio-8888-exec-8 JDBCTemplate SQL:select count(*) from `t_project_config` where ( create_user_id = 1 )
2026-10-03 08:54:20.455 TRACE_ID DEBUG http-nio-8888-exec-6 JDBCTemplate SQL:select * from `t_project_config` where ( create_user_id = 1 ) order by id DESC limit 0,10
2026-10-03 08:54:20.455 TRACE_ID DEBUG http-nio-8888-exec-8 JDBCTemplate SQL:select * from `t_project_config` where ( create_user_id = 1 ) order by id DESC limit 0,10
2026-10-03 08:54:28.997 TRACE_ID DEBUG http-nio-8888-exec-9 CookieUtility get cookie Authorization
2026-10-03 08:54:28.998 TRACE_ID DEBUG http-nio-8888-exec-1 CookieUtility get cookie Authorization
2026-10-03 08:54:29.000 TRACE_ID DEBUG http-nio-8888-exec-9 JDBCTemplate SQL:select count(*) from `t_table_config` where ( create_user_id = 1 )
2026-10-03 08:54:29.002 TRACE_ID DEBUG http-nio-8888-exec-1 JDBCTemplate SQL:select count(*) from `t_table_config` where ( create_user_id = 1 )
2026-10-03 08:54:29.004 TRACE_ID DEBUG http-nio-8888-exec-9 JDBCTemplate SQL:select * from `t_table_config` where ( create_user_id = 1 ) order by id DESC
2026-10-03 08:54:29.004 TRACE_ID DEBUG http-nio-8888-exec-1 JDBCTemplate SQL:select * from `t_table_config` where ( create_user_id = 1 ) order by id DESC
2026-10-03 08:54:29.007 TRACE_ID DEBUG http-nio-8888-exec-9 JDBCTemplate SQL:select * from `t_project_config` where ( create_user_id = 1  AND status = ENABLE ) order by id DESC
2026-10-03 08:54:29.009 TRACE_ID DEBUG http-nio-8888-exec-1 JDBCTemplate SQL:select * from `t_project_config` where ( create_user_id = 1  AND status = ENABLE ) order by id DESC
2026-10-03 08:54:33.726 TRACE_ID DEBUG http-nio-8888-exec-3 CookieUtility get cookie Authorization
2026-10-03 08:54:33.726 TRACE_ID DEBUG http-nio-8888-exec-2 CookieUtility get cookie Authorization
2026-10-03 08:54:33.728 TRACE_ID DEBUG http-nio-8888-exec-2 JDBCTemplate SQL:select count(*) from `t_table_config` where ( create_user_id = 1 )
2026-10-03 08:54:33.729 TRACE_ID DEBUG http-nio-8888-exec-3 JDBCTemplate SQL:select count(*) from `t_table_config` where ( create_user_id = 1 )
2026-10-03 08:54:33.731 TRACE_ID DEBUG http-nio-8888-exec-3 JDBCTemplate SQL:select * from `t_table_config` where ( create_user_id = 1 ) order by id DESC
2026-10-03 08:54:33.731 TRACE_ID DEBUG http-nio-8888-exec-2 JDBCTemplate SQL:select * from `t_table_config` where ( create_user_id = 1 ) order by id DESC
2026-10-03 08:54:33.732 TRACE_ID DEBUG http-nio-8888-exec-3 JDBCTemplate SQL:select * from `t_project_config` where ( create_user_id = 1  AND status = ENABLE ) order by id DESC
2026-10-03 08:54:33.733 TRACE_ID DEBUG http-nio-8888-exec-2 JDBCTemplate SQL:select * from `t_project_config` where ( create_user_id = 1  AND status = ENABLE ) order by id DESC
2026-10-03 08:54:36.386 TRACE_ID DEBUG http-nio-8888-exec-6 CookieUtility get cookie Authorization
2026-10-03 08:54:36.386 TRACE_ID DEBUG http-nio-8888-exec-8 CookieUtility get cookie Authorization
2026-10-03 08:54:36.387 TRACE_ID DEBUG http-nio-8888-exec-6 JDBCTemplate SQL:select count(*) from `t_project_config` where ( create_user_id = 1 )
2026-10-03 08:54:36.387 TRACE_ID DEBUG http-nio-8888-exec-8 JDBCTemplate SQL:select count(*) from `t_project_config` where ( create_user_id = 1 )
2026-10-03 08:54:36.389 TRACE_ID DEBUG http-nio-8888-exec-6 JDBCTemplate SQL:select * from `t_project_config` where ( create_user_id = 1 ) order by id DESC limit 0,10
2026-10-03 08:54:36.389 TRACE_ID DEBUG http-nio-8888-exec-8 JDBCTemplate SQL:select * from `t_project_config` where ( create_user_id = 1 ) order by id DESC limit 0,10
2026-10-03 08:54:40.849 TRACE_ID DEBUG http-nio-8888-exec-9 CookieUtility get cookie Authorization
2026-10-03 08:54:40.850 TRACE_ID DEBUG http-nio-8888-exec-1 CookieUtility get cookie Authorization
2026-10-03 08:54:40.852 TRACE_ID DEBUG http-nio-8888-exec-9 JDBCTemplate SQL:select count(*) from `t_table_config` where ( create_user_id = 1 )
2026-10-03 08:54:40.852 TRACE_ID DEBUG http-nio-8888-exec-1 JDBCTemplate SQL:select count(*) from `t_table_config` where ( create_user_id = 1 )
2026-10-03 08:54:40.853 TRACE_ID DEBUG http-nio-8888-exec-1 JDBCTemplate SQL:select * from `t_table_config` where ( create_user_id = 1 ) order by id DESC
2026-10-03 08:54:40.853 TRACE_ID DEBUG http-nio-8888-exec-9 JDBCTemplate SQL:select * from `t_table_config` where ( create_user_id = 1 ) order by id DESC
2026-10-03 08:54:40.855 TRACE_ID DEBUG http-nio-8888-exec-1 JDBCTemplate SQL:select * from `t_project_config` where ( create_user_id = 1  AND status = ENABLE ) order by id DESC
2026-10-03 08:54:40.855 TRACE_ID DEBUG http-nio-8888-exec-9 JDBCTemplate SQL:select * from `t_project_config` where ( create_user_id = 1  AND status = ENABLE ) order by id DESC
2026-10-03 08:54:58.794 TRACE_ID DEBUG http-nio-8888-exec-4 CookieUtility get cookie Authorization
2026-10-03 08:54:58.794 TRACE_ID DEBUG http-nio-8888-exec-5 CookieUtility get cookie Authorization
2026-10-03 08:54:58.816 TRACE_ID DEBUG http-nio-8888-exec-4 JDBCTemplate SQL:select count(*) from `t_table_config` where ( create_user_id = 1 )
2026-10-03 08:54:58.817 TRACE_ID DEBUG http-nio-8888-exec-5 JDBCTemplate SQL:select count(*) from `t_table_config` where ( create_user_id = 1 )
2026-10-03 08:54:58.820 TRACE_ID DEBUG http-nio-8888-exec-5 JDBCTemplate SQL:select * from `t_table_config` where ( create_user_id = 1 ) order by id DESC
2026-10-03 08:54:58.820 TRACE_ID DEBUG http-nio-8888-exec-4 JDBCTemplate SQL:select * from `t_table_config` where ( create_user_id = 1 ) order by id DESC
2026-10-03 08:54:58.843 TRACE_ID DEBUG http-nio-8888-exec-4 JDBCTemplate SQL:select * from `t_project_config` where ( create_user_id = 1  AND status = ENABLE ) order by id DESC
2026-10-03 08:54:58.843 TRACE_ID DEBUG http-nio-8888-exec-5 JDBCTemplate SQL:select * from `t_project_config` where ( create_user_id = 1  AND status = ENABLE ) order by id DESC
2026-10-03 08:55:45.356 TRACE_ID DEBUG http-nio-8888-exec-7 CookieUtility get cookie Authorization
2026-10-03 08:55:45.356 TRACE_ID DEBUG http-nio-8888-exec-10 CookieUtility get cookie Authorization
2026-10-03 08:56:09.457 TRACE_ID DEBUG http-nio-8888-exec-7 JDBCTemplate SQL:select count(*) from `t_table_config` where ( create_user_id = 1 )
2026-10-03 08:56:09.460 TRACE_ID DEBUG http-nio-8888-exec-7 JDBCTemplate SQL:select * from `t_table_config` where ( create_user_id = 1 ) order by id DESC
2026-10-03 08:56:11.395 TRACE_ID DEBUG http-nio-8888-exec-7 JDBCTemplate SQL:select * from `t_project_config` where ( create_user_id = 1  AND status = ENABLE ) order by id DESC
2026-10-03 08:57:32.905 TRACE_ID DEBUG http-nio-8888-exec-10 JDBCTemplate SQL:select count(*) from `t_table_config` where ( create_user_id = 1 )
2026-10-03 08:57:32.931 TRACE_ID DEBUG http-nio-8888-exec-10 JDBCTemplate SQL:select * from `t_table_config` where ( create_user_id = 1 ) order by id DESC
2026-10-03 08:57:32.952 TRACE_ID DEBUG http-nio-8888-exec-10 JDBCTemplate SQL:select * from `t_project_config` where ( create_user_id = 1  AND status = ENABLE ) order by id DESC
2026-10-03 08:57:41.531 TRACE_ID DEBUG http-nio-8888-exec-2 CookieUtility get cookie Authorization
2026-10-03 08:57:41.531 TRACE_ID DEBUG http-nio-8888-exec-3 CookieUtility get cookie Authorization
2026-10-03 08:57:57.961 TRACE_ID DEBUG http-nio-8888-exec-3 JDBCTemplate SQL:select count(*) from `t_table_config` where ( create_user_id = 1 )
2026-10-03 08:58:04.167 TRACE_ID DEBUG http-nio-8888-exec-3 JDBCTemplate SQL:select * from `t_table_config` where ( create_user_id = 1 ) order by id DESC
2026-10-03 08:58:12.719 TRACE_ID DEBUG http-nio-8888-exec-3 JDBCTemplate SQL:select * from `t_project_config` where ( create_user_id = 1  AND status = ENABLE ) order by id DESC
2026-10-03 09:00:40.118 TRACE_ID DEBUG main Application Running with Spring Boot v3.5.0, Spring v6.2.7
2026-10-03 09:00:41.244 TRACE_ID DEBUG main SparrowCorsFilter Filter 'corsFilter' configured for use
2026-10-03 09:00:41.245 TRACE_ID DEBUG main FlashFilter Filter 'flashFilter' configured for use
2026-10-03 09:00:41.610 TRACE_ID DEBUG main DruidCustomPasswordCallback DruidCustomPasswordCallback setProperties, passwordKey:mysql_sparrow_password, password:11111111
2026-10-03 09:00:41.734 TRACE_ID DEBUG main DruidCustomPasswordCallback DruidCustomPasswordCallback setProperties, passwordKey:mysql_sparrow_password, password:11111111
2026-10-03 09:00:41.737 TRACE_ID DEBUG main DruidCustomPasswordCallback DruidCustomPasswordCallback setProperties, passwordKey:mysql_sparrow_password, password:11111111
2026-10-03 09:00:41.740 TRACE_ID DEBUG main DruidCustomPasswordCallback DruidCustomPasswordCallback setProperties, passwordKey:mysql_sparrow_password, password:11111111
2026-10-03 09:00:41.743 TRACE_ID DEBUG main DruidCustomPasswordCallback DruidCustomPasswordCallback setProperties, passwordKey:mysql_sparrow_password, password:11111111
2026-10-03 09:00:41.748 TRACE_ID DEBUG main DruidCustomPasswordCallback DruidCustomPasswordCallback setProperties, passwordKey:mysql_sparrow_password, password:11111111
2026-10-03 09:00:41.751 TRACE_ID DEBUG main DruidCustomPasswordCallback DruidCustomPasswordCallback setProperties, passwordKey:mysql_sparrow_password, password:11111111
2026-10-03 09:00:41.753 TRACE_ID DEBUG main DruidCustomPasswordCallback DruidCustomPasswordCallback setProperties, passwordKey:mysql_sparrow_password, password:11111111
2026-10-03 09:00:52.507 TRACE_ID DEBUG http-nio-8888-exec-4 CookieUtility get cookie Authorization
2026-10-03 09:00:52.508 TRACE_ID DEBUG http-nio-8888-exec-3 CookieUtility get cookie Authorization
2026-10-03 09:00:56.761 TRACE_ID DEBUG http-nio-8888-exec-3 JDBCTemplate SQL:select count(*) from `t_table_config` where ( project_id = 1  AND create_user_id = 1 )
2026-10-03 09:00:56.761 TRACE_ID DEBUG http-nio-8888-exec-4 JDBCTemplate SQL:select count(*) from `t_table_config` where ( project_id = 1  AND create_user_id = 1 )
2026-10-03 09:00:56.772 TRACE_ID DEBUG http-nio-8888-exec-3 JDBCTemplate SQL:select * from `t_project_config` where ( create_user_id = 1  AND status = ENABLE ) order by id DESC
2026-10-03 09:01:18.842 TRACE_ID DEBUG http-nio-8888-exec-4 JDBCTemplate SQL:select * from `t_project_config` where ( create_user_id = 1  AND status = ENABLE ) order by id DESC
2026-10-03 09:01:38.934 TRACE_ID DEBUG main Application Running with Spring Boot v3.5.0, Spring v6.2.7
2026-10-03 09:01:40.184 TRACE_ID DEBUG main SparrowCorsFilter Filter 'corsFilter' configured for use
2026-10-03 09:01:40.184 TRACE_ID DEBUG main FlashFilter Filter 'flashFilter' configured for use
2026-10-03 09:01:40.579 TRACE_ID DEBUG main DruidCustomPasswordCallback DruidCustomPasswordCallback setProperties, passwordKey:mysql_sparrow_password, password:11111111
2026-10-03 09:01:40.689 TRACE_ID DEBUG main DruidCustomPasswordCallback DruidCustomPasswordCallback setProperties, passwordKey:mysql_sparrow_password, password:11111111
2026-10-03 09:01:40.698 TRACE_ID DEBUG main DruidCustomPasswordCallback DruidCustomPasswordCallback setProperties, passwordKey:mysql_sparrow_password, password:11111111
2026-10-03 09:01:40.702 TRACE_ID DEBUG main DruidCustomPasswordCallback DruidCustomPasswordCallback setProperties, passwordKey:mysql_sparrow_password, password:11111111
2026-10-03 09:01:40.706 TRACE_ID DEBUG main DruidCustomPasswordCallback DruidCustomPasswordCallback setProperties, passwordKey:mysql_sparrow_password, password:11111111
2026-10-03 09:01:40.709 TRACE_ID DEBUG main DruidCustomPasswordCallback DruidCustomPasswordCallback setProperties, passwordKey:mysql_sparrow_password, password:11111111
2026-10-03 09:01:40.712 TRACE_ID DEBUG main DruidCustomPasswordCallback DruidCustomPasswordCallback setProperties, passwordKey:mysql_sparrow_password, password:11111111
2026-10-03 09:01:40.716 TRACE_ID DEBUG main DruidCustomPasswordCallback DruidCustomPasswordCallback setProperties, passwordKey:mysql_sparrow_password, password:11111111
2026-10-03 09:01:48.475 TRACE_ID DEBUG http-nio-8888-exec-3 CookieUtility get cookie Authorization
2026-10-03 09:01:48.475 TRACE_ID DEBUG http-nio-8888-exec-4 CookieUtility get cookie Authorization
2026-10-03 09:02:07.721 TRACE_ID DEBUG http-nio-8888-exec-3 JDBCTemplate SQL:select count(*) from `t_table_config` where ( project_id = 1  AND create_user_id = 1 )
2026-10-03 09:02:07.721 TRACE_ID DEBUG http-nio-8888-exec-4 JDBCTemplate SQL:select count(*) from `t_table_config` where ( project_id = 1  AND create_user_id = 1 )
2026-10-03 09:02:07.736 TRACE_ID DEBUG http-nio-8888-exec-3 JDBCTemplate SQL:select * from `t_project_config` where ( create_user_id = 1  AND status = ENABLE ) order by id DESC
2026-10-03 09:02:25.780 TRACE_ID DEBUG http-nio-8888-exec-4 JDBCTemplate SQL:select * from `t_project_config` where ( create_user_id = 1  AND status = ENABLE ) order by id DESC
2026-10-03 09:02:39.607 TRACE_ID DEBUG http-nio-8888-exec-7 CookieUtility get cookie Authorization
2026-10-03 09:02:39.608 TRACE_ID DEBUG http-nio-8888-exec-8 CookieUtility get cookie Authorization
2026-10-03 09:02:43.157 TRACE_ID DEBUG http-nio-8888-exec-7 JDBCTemplate SQL:select count(*) from `t_table_config` where ( project_id = 2  AND create_user_id = 1 )
2026-10-03 09:02:43.157 TRACE_ID DEBUG http-nio-8888-exec-8 JDBCTemplate SQL:select count(*) from `t_table_config` where ( project_id = 2  AND create_user_id = 1 )
2026-10-03 09:02:43.161 TRACE_ID DEBUG http-nio-8888-exec-7 JDBCTemplate SQL:select * from `t_table_config` where ( project_id = 2  AND create_user_id = 1 ) order by id DESC
2026-10-03 09:02:43.161 TRACE_ID DEBUG http-nio-8888-exec-8 JDBCTemplate SQL:select * from `t_table_config` where ( project_id = 2  AND create_user_id = 1 ) order by id DESC
2026-10-03 09:02:43.171 TRACE_ID DEBUG http-nio-8888-exec-7 JDBCTemplate SQL:select * from `t_project_config` where ( create_user_id = 1  AND status = ENABLE ) order by id DESC
2026-10-03 09:02:43.171 TRACE_ID DEBUG http-nio-8888-exec-8 JDBCTemplate SQL:select * from `t_project_config` where ( create_user_id = 1  AND status = ENABLE ) order by id DESC
2026-10-03 09:02:59.112 TRACE_ID DEBUG http-nio-8888-exec-2 CookieUtility get cookie Authorization
2026-10-03 09:02:59.112 TRACE_ID DEBUG http-nio-8888-exec-1 CookieUtility get cookie Authorization
2026-10-03 09:02:59.120 TRACE_ID DEBUG http-nio-8888-exec-2 JDBCTemplate SQL:select count(*) from `t_table_config` where ( project_id = 1  AND create_user_id = 1 )
2026-10-03 09:02:59.120 TRACE_ID DEBUG http-nio-8888-exec-1 JDBCTemplate SQL:select count(*) from `t_table_config` where ( project_id = 1  AND create_user_id = 1 )
2026-10-03 09:02:59.124 TRACE_ID DEBUG http-nio-8888-exec-1 JDBCTemplate SQL:select * from `t_project_config` where ( create_user_id = 1  AND status = ENABLE ) order by id DESC
2026-10-03 09:02:59.124 TRACE_ID DEBUG http-nio-8888-exec-2 JDBCTemplate SQL:select * from `t_project_config` where ( create_user_id = 1  AND status = ENABLE ) order by id DESC
2026-10-03 09:03:19.814 TRACE_ID DEBUG http-nio-8888-exec-3 CookieUtility get cookie Authorization
2026-10-03 09:03:44.968 TRACE_ID DEBUG http-nio-8888-exec-6 CookieUtility get cookie Authorization
2026-10-03 09:04:59.220 TRACE_ID DEBUG http-nio-8888-exec-10 CookieUtility get cookie Authorization
2026-10-03 09:09:06.527 TRACE_ID DEBUG http-nio-8888-exec-2 CookieUtility get cookie Authorization
2026-10-03 09:38:01.496 TRACE_ID DEBUG main Application Running with Spring Boot v3.5.0, Spring v6.2.7
2026-10-03 09:38:02.737 TRACE_ID DEBUG main SparrowCorsFilter Filter 'corsFilter' configured for use
2026-10-03 09:38:02.737 TRACE_ID DEBUG main FlashFilter Filter 'flashFilter' configured for use
2026-10-03 09:38:03.113 TRACE_ID DEBUG main DruidCustomPasswordCallback DruidCustomPasswordCallback setProperties, passwordKey:mysql_sparrow_password, password:11111111
2026-10-03 09:38:03.222 TRACE_ID DEBUG main DruidCustomPasswordCallback DruidCustomPasswordCallback setProperties, passwordKey:mysql_sparrow_password, password:11111111
2026-10-03 09:38:03.225 TRACE_ID DEBUG main DruidCustomPasswordCallback DruidCustomPasswordCallback setProperties, passwordKey:mysql_sparrow_password, password:11111111
2026-10-03 09:38:03.228 TRACE_ID DEBUG main DruidCustomPasswordCallback DruidCustomPasswordCallback setProperties, passwordKey:mysql_sparrow_password, password:11111111
2026-10-03 09:38:03.231 TRACE_ID DEBUG main DruidCustomPasswordCallback DruidCustomPasswordCallback setProperties, passwordKey:mysql_sparrow_password, password:11111111
2026-10-03 09:38:03.233 TRACE_ID DEBUG main DruidCustomPasswordCallback DruidCustomPasswordCallback setProperties, passwordKey:mysql_sparrow_password, password:11111111
2026-10-03 09:38:03.236 TRACE_ID DEBUG main DruidCustomPasswordCallback DruidCustomPasswordCallback setProperties, passwordKey:mysql_sparrow_password, password:11111111
2026-10-03 09:38:03.238 TRACE_ID DEBUG main DruidCustomPasswordCallback DruidCustomPasswordCallback setProperties, passwordKey:mysql_sparrow_password, password:11111111
2026-10-03 09:38:29.502 TRACE_ID DEBUG http-nio-8888-exec-4 CookieUtility get cookie Authorization
2026-10-03 09:38:29.502 TRACE_ID DEBUG http-nio-8888-exec-3 CookieUtility get cookie Authorization
2026-10-03 09:38:29.662 TRACE_ID DEBUG http-nio-8888-exec-4 JDBCTemplate SQL:select count(*) from `t_table_config` where ( project_id = 1  AND create_user_id = 1 )
2026-10-03 09:38:29.662 TRACE_ID DEBUG http-nio-8888-exec-3 JDBCTemplate SQL:select count(*) from `t_table_config` where ( project_id = 1  AND create_user_id = 1 )
2026-10-03 09:38:29.673 TRACE_ID DEBUG http-nio-8888-exec-4 JDBCTemplate SQL:select * from `t_table_config` where ( project_id = 1  AND create_user_id = 1 ) order by id DESC
2026-10-03 09:38:29.673 TRACE_ID DEBUG http-nio-8888-exec-3 JDBCTemplate SQL:select * from `t_table_config` where ( project_id = 1  AND create_user_id = 1 ) order by id DESC
2026-10-03 09:38:29.681 TRACE_ID DEBUG http-nio-8888-exec-4 JDBCTemplate SQL:select * from `t_project_config` where ( create_user_id = 1  AND status = ENABLE ) order by id DESC
2026-10-03 09:38:29.681 TRACE_ID DEBUG http-nio-8888-exec-3 JDBCTemplate SQL:select * from `t_project_config` where ( create_user_id = 1  AND status = ENABLE ) order by id DESC
2026-10-03 09:38:42.425 TRACE_ID DEBUG http-nio-8888-exec-8 CookieUtility get cookie Authorization
2026-10-03 09:38:42.425 TRACE_ID DEBUG http-nio-8888-exec-7 CookieUtility get cookie Authorization
2026-10-03 09:38:42.440 TRACE_ID DEBUG http-nio-8888-exec-8 JDBCTemplate SQL:select count(*) from `t_department` where ( create_user_id = 1 )
2026-10-03 09:38:42.440 TRACE_ID DEBUG http-nio-8888-exec-7 JDBCTemplate SQL:select count(*) from `t_department` where ( create_user_id = 1 )
2026-10-03 09:38:42.477 TRACE_ID DEBUG http-nio-8888-exec-7 JDBCTemplate SQL:select * from `t_department` where ( create_user_id = 1 ) order by id DESC limit 0,10
2026-10-03 09:38:42.477 TRACE_ID DEBUG http-nio-8888-exec-8 JDBCTemplate SQL:select * from `t_department` where ( create_user_id = 1 ) order by id DESC limit 0,10
2026-10-04 09:05:17.168 TRACE_ID DEBUG main Application Running with Spring Boot v3.5.0, Spring v6.2.7
2026-10-04 09:05:18.441 TRACE_ID DEBUG main SparrowCorsFilter Filter 'corsFilter' configured for use
2026-10-04 09:05:18.441 TRACE_ID DEBUG main FlashFilter Filter 'flashFilter' configured for use
2026-10-04 09:05:18.862 TRACE_ID DEBUG main DruidCustomPasswordCallback DruidCustomPasswordCallback setProperties, passwordKey:mysql_sparrow_password, password:11111111
2026-10-04 09:05:19.048 TRACE_ID DEBUG main DruidCustomPasswordCallback DruidCustomPasswordCallback setProperties, passwordKey:mysql_sparrow_password, password:11111111
2026-10-04 09:05:19.053 TRACE_ID DEBUG main DruidCustomPasswordCallback DruidCustomPasswordCallback setProperties, passwordKey:mysql_sparrow_password, password:11111111
2026-10-04 09:05:19.060 TRACE_ID DEBUG main DruidCustomPasswordCallback DruidCustomPasswordCallback setProperties, passwordKey:mysql_sparrow_password, password:11111111
2026-10-04 09:05:19.065 TRACE_ID DEBUG main DruidCustomPasswordCallback DruidCustomPasswordCallback setProperties, passwordKey:mysql_sparrow_password, password:11111111
2026-10-04 09:05:19.070 TRACE_ID DEBUG main DruidCustomPasswordCallback DruidCustomPasswordCallback setProperties, passwordKey:mysql_sparrow_password, password:11111111
2026-10-04 09:05:19.074 TRACE_ID DEBUG main DruidCustomPasswordCallback DruidCustomPasswordCallback setProperties, passwordKey:mysql_sparrow_password, password:11111111
2026-10-04 09:05:19.077 TRACE_ID DEBUG main DruidCustomPasswordCallback DruidCustomPasswordCallback setProperties, passwordKey:mysql_sparrow_password, password:11111111
2026-10-04 09:27:48.979 TRACE_ID DEBUG http-nio-8888-exec-4 CookieUtility get cookie Authorization
2026-10-04 09:27:48.979 TRACE_ID DEBUG http-nio-8888-exec-3 CookieUtility get cookie Authorization
2026-10-04 09:27:49.248 TRACE_ID DEBUG Druid-ConnectionPool-Create-1669950711 DruidCustomPasswordCallback DruidCustomPasswordCallback setProperties, passwordKey:mysql_sparrow_password, password:11111111
2026-10-04 09:27:49.319 TRACE_ID DEBUG Druid-ConnectionPool-Create-1669950711 DruidCustomPasswordCallback DruidCustomPasswordCallback setProperties, passwordKey:mysql_sparrow_password, password:11111111
2026-10-04 09:27:49.335 TRACE_ID DEBUG http-nio-8888-exec-4 JDBCTemplate SQL:select count(*) from `t_project_config` where ( create_user_id = 1 )
2026-10-04 09:27:49.335 TRACE_ID DEBUG http-nio-8888-exec-3 JDBCTemplate SQL:select count(*) from `t_project_config` where ( create_user_id = 1 )
2026-10-04 09:27:49.371 TRACE_ID DEBUG http-nio-8888-exec-3 JDBCTemplate SQL:select * from `t_project_config` where ( create_user_id = 1 ) order by id DESC limit 0,10
2026-10-04 09:27:49.371 TRACE_ID DEBUG http-nio-8888-exec-4 JDBCTemplate SQL:select * from `t_project_config` where ( create_user_id = 1 ) order by id DESC limit 0,10
2026-10-04 09:28:21.116 TRACE_ID DEBUG http-nio-8888-exec-6 CookieUtility get cookie Authorization
2026-10-04 09:28:25.988 TRACE_ID DEBUG http-nio-8888-exec-6 JDBCTemplate SQL:update `t_project_config` set 
`name`=sparrow-security,
`full_base_package_name`=com.sparrow.security.admin,
`frontend_name`=react-next-admin,
`chinese_name`=权限管理系统,
`i18n`=true,
`description`=权限管理系统,
`module_prefix`=security,
`architectures`=,
`config`=,
`wrap_with_parent`=true,
`scaffold`=sparrrow-example,
`modified_user_id`=1,
`modified_user_name`=mock-user,
`gmt_modified`=1791077305976,
`deleted`=false where id=1
2026-10-04 09:28:26.075 TRACE_ID DEBUG http-nio-8888-exec-8 CookieUtility get cookie Authorization
2026-10-04 09:28:26.113 TRACE_ID DEBUG http-nio-8888-exec-8 JDBCTemplate SQL:select count(*) from `t_project_config` where ( create_user_id = 1 )
2026-10-04 09:28:26.116 TRACE_ID DEBUG http-nio-8888-exec-8 JDBCTemplate SQL:select * from `t_project_config` where ( create_user_id = 1 ) order by id DESC limit 0,10
2026-10-04 09:38:50.224 TRACE_ID DEBUG http-nio-8888-exec-4 CookieUtility get cookie Authorization
2026-10-04 09:38:50.224 TRACE_ID DEBUG http-nio-8888-exec-3 CookieUtility get cookie Authorization
2026-10-04 09:38:50.241 TRACE_ID DEBUG http-nio-8888-exec-4 JDBCTemplate SQL:select count(*) from `t_table_config` where ( project_id = 1  AND create_user_id = 1 )
2026-10-04 09:38:50.241 TRACE_ID DEBUG http-nio-8888-exec-3 JDBCTemplate SQL:select count(*) from `t_table_config` where ( project_id = 1  AND create_user_id = 1 )
2026-10-04 09:38:50.247 TRACE_ID DEBUG http-nio-8888-exec-3 JDBCTemplate SQL:select * from `t_table_config` where ( project_id = 1  AND create_user_id = 1 ) order by id DESC
2026-10-04 09:38:50.247 TRACE_ID DEBUG http-nio-8888-exec-4 JDBCTemplate SQL:select * from `t_table_config` where ( project_id = 1  AND create_user_id = 1 ) order by id DESC
2026-10-04 09:38:50.252 TRACE_ID DEBUG http-nio-8888-exec-3 JDBCTemplate SQL:select * from `t_project_config` where ( create_user_id = 1  AND status = ENABLE ) order by id DESC
2026-10-04 09:38:50.252 TRACE_ID DEBUG http-nio-8888-exec-4 JDBCTemplate SQL:select * from `t_project_config` where ( create_user_id = 1  AND status = ENABLE ) order by id DESC
2026-10-04 09:38:55.663 TRACE_ID DEBUG http-nio-8888-exec-6 CookieUtility get cookie Authorization
2026-10-04 09:38:55.666 TRACE_ID DEBUG http-nio-8888-exec-6 JDBCTemplate SQL:DELETE FROM `t_table_config` where id  =41
2026-10-04 09:38:58.826 TRACE_ID DEBUG http-nio-8888-exec-8 CookieUtility get cookie Authorization
2026-10-04 09:38:58.828 TRACE_ID DEBUG http-nio-8888-exec-9 CookieUtility get cookie Authorization
2026-10-04 09:38:58.830 TRACE_ID DEBUG http-nio-8888-exec-8 JDBCTemplate SQL:select count(*) from `t_project_config` where ( create_user_id = 1 )
2026-10-04 09:38:58.830 TRACE_ID DEBUG http-nio-8888-exec-9 JDBCTemplate SQL:select count(*) from `t_project_config` where ( create_user_id = 1 )
2026-10-04 09:38:58.832 TRACE_ID DEBUG http-nio-8888-exec-9 JDBCTemplate SQL:select * from `t_project_config` where ( create_user_id = 1 ) order by id DESC limit 0,10
2026-10-04 09:38:58.832 TRACE_ID DEBUG http-nio-8888-exec-8 JDBCTemplate SQL:select * from `t_project_config` where ( create_user_id = 1 ) order by id DESC limit 0,10
2026-10-04 09:39:03.592 TRACE_ID DEBUG http-nio-8888-exec-4 CookieUtility get cookie Authorization
2026-10-04 09:39:03.592 TRACE_ID DEBUG http-nio-8888-exec-3 CookieUtility get cookie Authorization
2026-10-04 09:39:03.602 TRACE_ID DEBUG http-nio-8888-exec-4 JDBCTemplate SQL:select count(*) from `t_table_config` where ( project_id = 1  AND create_user_id = 1 )
2026-10-04 09:39:03.602 TRACE_ID DEBUG http-nio-8888-exec-3 JDBCTemplate SQL:select count(*) from `t_table_config` where ( project_id = 1  AND create_user_id = 1 )
2026-10-04 09:39:03.605 TRACE_ID DEBUG http-nio-8888-exec-3 JDBCTemplate SQL:select * from `t_project_config` where ( create_user_id = 1  AND status = ENABLE ) order by id DESC
2026-10-04 09:39:03.605 TRACE_ID DEBUG http-nio-8888-exec-4 JDBCTemplate SQL:select * from `t_project_config` where ( create_user_id = 1  AND status = ENABLE ) order by id DESC
2026-10-04 09:39:22.269 TRACE_ID DEBUG http-nio-8888-exec-6 CookieUtility get cookie Authorization
2026-10-04 09:39:26.570 TRACE_ID DEBUG http-nio-8888-exec-6 JDBCTemplate SQL:insert into `t_table_config`(
`project_id`,
`primary_key`,
`table_name`,
`class_name`,
`description`,
`locked`,
`checkable`,
`row_menu`,
`column_filter`,
`status_command`,
`column_configs`,
`source`,
`source_code`,
`page_size`,
`only_access_self`,
`create_user_name`,
`create_user_id`,
`modified_user_id`,
`modified_user_name`,
`gmt_create`,
`gmt_modified`,
`deleted`,
`status`)values(
1,
id,
t_app,
com.sparrow.security.po.App,
,
false,
0,
998,
999,
true,
[{"allowNull":true,"cellType":1,"chineseName":"","columnType":1,"controlType":4,"datasourceParams":"","datasourceType":1,"defaultHidden":false,"defaultValue":"","enableHidden":true,"headerType":1,"javaType":"java.lang.Long","number":true,"placeholder":"","propertyName":"id","searchType":1,"showInEdit":true,"showInList":true,"showInSearch":false,"sort":0},{"allowNull":false,"cellType":1,"chineseName":"租户ID，0=全局，>0=租户私有","columnType":1,"controlType":1,"datasourceParams":"","datasourceType":1,"defaultHidden":false,"defaultValue":"","enableHidden":true,"headerType":1,"javaType":"java.lang.Long","number":true,"placeholder":"","propertyName":"tenantId","searchType":1,"showInEdit":true,"showInList":true,"showInSearch":false,"sort":1,"validateType":"digital"},{"allowNull":false,"cellType":1,"chineseName":"应用编码","columnType":1,"controlType":1,"datasourceParams":"","datasourceType":1,"defaultHidden":false,"defaultValue":"","enableHidden":true,"headerType":1,"javaType":"java.lang.String","number":false,"placeholder":"","propertyName":"code","searchType":1,"showInEdit":true,"showInList":true,"showInSearch":false,"sort":2,"validateType":"string"},{"allowNull":false,"cellType":1,"chineseName":"应用名称","columnType":1,"controlType":1,"datasourceParams":"","datasourceType":1,"defaultHidden":false,"defaultValue":"","enableHidden":true,"headerType":1,"javaType":"java.lang.String","number":false,"placeholder":"","propertyName":"name","searchType":1,"showInEdit":true,"showInList":true,"showInSearch":false,"sort":3,"validateType":"string"},{"allowNull":false,"cellType":1,"chineseName":"排序","columnType":1,"controlType":1,"datasourceParams":"","datasourceType":1,"defaultHidden":false,"defaultValue":"","enableHidden":true,"headerType":1,"javaType":"java.lang.Integer","number":true,"placeholder":"","propertyName":"sort","searchType":1,"showInEdit":true,"showInList":true,"showInSearch":false,"sort":4,"validateType":"digital"},{"allowNull":false,"cellType":1,"chineseName":"logo地址","columnType":1,"controlType":1,"datasourceParams":"","datasourceType":1,"defaultHidden":false,"defaultValue":"","enableHidden":true,"headerType":1,"javaType":"java.lang.String","number":false,"placeholder":"","propertyName":"logo","searchType":1,"showInEdit":true,"showInList":true,"showInSearch":false,"sort":5,"validateType":"string"},{"allowNull":false,"cellType":1,"chineseName":"备注","columnType":1,"controlType":6,"datasourceParams":"","datasourceType":1,"defaultHidden":true,"defaultValue":"","enableHidden":false,"headerType":1,"javaType":"java.lang.String","number":false,"placeholder":"","propertyName":"remark","searchType":1,"showInEdit":true,"showInList":false,"showInSearch":false,"sort":6,"validateType":"string"}],
1,
,
10,
true,
mock-user,
1,
1,
mock-user,
1791077966567,
1791077966567,
false,
ENABLE)
2026-10-04 09:39:26.590 TRACE_ID DEBUG http-nio-8888-exec-10 CookieUtility get cookie Authorization
2026-10-04 09:39:26.593 TRACE_ID DEBUG http-nio-8888-exec-10 JDBCTemplate SQL:select count(*) from `t_table_config` where ( project_id = 1  AND create_user_id = 1 )
2026-10-04 09:39:26.595 TRACE_ID DEBUG http-nio-8888-exec-10 JDBCTemplate SQL:select * from `t_table_config` where ( project_id = 1  AND create_user_id = 1 ) order by id DESC
2026-10-04 09:39:26.597 TRACE_ID DEBUG http-nio-8888-exec-10 JDBCTemplate SQL:select * from `t_project_config` where ( create_user_id = 1  AND status = ENABLE ) order by id DESC
2026-10-04 09:40:54.184 TRACE_ID DEBUG http-nio-8888-exec-1 CookieUtility get cookie Authorization
2026-10-04 09:40:54.197 TRACE_ID DEBUG http-nio-8888-exec-1 JDBCTemplate SQL:select `id`,`name`,`full_base_package_name`,`frontend_name`,`chinese_name`,`i18n`,`description`,`module_prefix`,`architectures`,`config`,`wrap_with_parent`,`scaffold`,`create_user_name`,`create_user_id`,`modified_user_id`,`modified_user_name`,`gmt_create`,`gmt_modified`,`deleted`,`status` from `t_project_config` where id=1
2026-10-04 09:40:54.202 TRACE_ID DEBUG http-nio-8888-exec-1 JDBCTemplate SQL:select * from `t_table_config` where ( project_id = 1  AND create_user_id = 1  AND status = ENABLE ) order by id DESC limit 0,10
2026-10-04 09:41:15.115 TRACE_ID DEBUG main Application Running with Spring Boot v3.5.0, Spring v6.2.7
2026-10-04 09:41:16.369 TRACE_ID DEBUG main SparrowCorsFilter Filter 'corsFilter' configured for use
2026-10-04 09:41:16.369 TRACE_ID DEBUG main FlashFilter Filter 'flashFilter' configured for use
2026-10-04 09:41:16.755 TRACE_ID DEBUG main DruidCustomPasswordCallback DruidCustomPasswordCallback setProperties, passwordKey:mysql_sparrow_password, password:11111111
2026-10-04 09:41:16.879 TRACE_ID DEBUG main DruidCustomPasswordCallback DruidCustomPasswordCallback setProperties, passwordKey:mysql_sparrow_password, password:11111111
2026-10-04 09:41:16.882 TRACE_ID DEBUG main DruidCustomPasswordCallback DruidCustomPasswordCallback setProperties, passwordKey:mysql_sparrow_password, password:11111111
2026-10-04 09:41:16.886 TRACE_ID DEBUG main DruidCustomPasswordCallback DruidCustomPasswordCallback setProperties, passwordKey:mysql_sparrow_password, password:11111111
2026-10-04 09:41:16.889 TRACE_ID DEBUG main DruidCustomPasswordCallback DruidCustomPasswordCallback setProperties, passwordKey:mysql_sparrow_password, password:11111111
2026-10-04 09:41:16.894 TRACE_ID DEBUG main DruidCustomPasswordCallback DruidCustomPasswordCallback setProperties, passwordKey:mysql_sparrow_password, password:11111111
2026-10-04 09:41:16.898 TRACE_ID DEBUG main DruidCustomPasswordCallback DruidCustomPasswordCallback setProperties, passwordKey:mysql_sparrow_password, password:11111111
2026-10-04 09:41:16.901 TRACE_ID DEBUG main DruidCustomPasswordCallback DruidCustomPasswordCallback setProperties, passwordKey:mysql_sparrow_password, password:11111111
2026-10-04 09:42:16.970 TRACE_ID DEBUG http-nio-8888-exec-3 CookieUtility get cookie Authorization
2026-10-04 09:42:16.970 TRACE_ID DEBUG http-nio-8888-exec-4 CookieUtility get cookie Authorization
2026-10-04 09:42:17.136 TRACE_ID DEBUG http-nio-8888-exec-4 JDBCTemplate SQL:select count(*) from `t_table_config` where ( project_id = 1  AND create_user_id = 1 )
2026-10-04 09:42:17.136 TRACE_ID DEBUG http-nio-8888-exec-3 JDBCTemplate SQL:select count(*) from `t_table_config` where ( project_id = 1  AND create_user_id = 1 )
2026-10-04 09:42:17.147 TRACE_ID DEBUG http-nio-8888-exec-4 JDBCTemplate SQL:select * from `t_table_config` where ( project_id = 1  AND create_user_id = 1 ) order by id DESC
2026-10-04 09:42:17.147 TRACE_ID DEBUG http-nio-8888-exec-3 JDBCTemplate SQL:select * from `t_table_config` where ( project_id = 1  AND create_user_id = 1 ) order by id DESC
2026-10-04 09:42:17.157 TRACE_ID DEBUG http-nio-8888-exec-4 JDBCTemplate SQL:select * from `t_project_config` where ( create_user_id = 1  AND status = ENABLE ) order by id DESC
2026-10-04 09:42:17.157 TRACE_ID DEBUG http-nio-8888-exec-3 JDBCTemplate SQL:select * from `t_project_config` where ( create_user_id = 1  AND status = ENABLE ) order by id DESC
2026-10-04 09:42:21.767 TRACE_ID DEBUG http-nio-8888-exec-6 CookieUtility get cookie Authorization
2026-10-04 09:42:21.774 TRACE_ID DEBUG http-nio-8888-exec-6 JDBCTemplate SQL:select `id`,`name`,`full_base_package_name`,`frontend_name`,`chinese_name`,`i18n`,`description`,`module_prefix`,`architectures`,`config`,`wrap_with_parent`,`scaffold`,`create_user_name`,`create_user_id`,`modified_user_id`,`modified_user_name`,`gmt_create`,`gmt_modified`,`deleted`,`status` from `t_project_config` where id=1
2026-10-04 09:42:21.777 TRACE_ID DEBUG http-nio-8888-exec-6 JDBCTemplate SQL:select * from `t_table_config` where ( project_id = 1  AND create_user_id = 1  AND status = ENABLE ) order by id DESC limit 0,10
2026-10-04 09:45:12.751 TRACE_ID DEBUG main Application Running with Spring Boot v3.5.0, Spring v6.2.7
2026-10-04 09:45:13.974 TRACE_ID DEBUG main SparrowCorsFilter Filter 'corsFilter' configured for use
2026-10-04 09:45:13.974 TRACE_ID DEBUG main FlashFilter Filter 'flashFilter' configured for use
2026-10-04 09:45:14.362 TRACE_ID DEBUG main DruidCustomPasswordCallback DruidCustomPasswordCallback setProperties, passwordKey:mysql_sparrow_password, password:11111111
2026-10-04 09:45:14.504 TRACE_ID DEBUG main DruidCustomPasswordCallback DruidCustomPasswordCallback setProperties, passwordKey:mysql_sparrow_password, password:11111111
2026-10-04 09:45:14.509 TRACE_ID DEBUG main DruidCustomPasswordCallback DruidCustomPasswordCallback setProperties, passwordKey:mysql_sparrow_password, password:11111111
2026-10-04 09:45:14.512 TRACE_ID DEBUG main DruidCustomPasswordCallback DruidCustomPasswordCallback setProperties, passwordKey:mysql_sparrow_password, password:11111111
2026-10-04 09:45:14.520 TRACE_ID DEBUG main DruidCustomPasswordCallback DruidCustomPasswordCallback setProperties, passwordKey:mysql_sparrow_password, password:11111111
2026-10-04 09:45:14.524 TRACE_ID DEBUG main DruidCustomPasswordCallback DruidCustomPasswordCallback setProperties, passwordKey:mysql_sparrow_password, password:11111111
2026-10-04 09:45:14.528 TRACE_ID DEBUG main DruidCustomPasswordCallback DruidCustomPasswordCallback setProperties, passwordKey:mysql_sparrow_password, password:11111111
2026-10-04 09:45:14.532 TRACE_ID DEBUG main DruidCustomPasswordCallback DruidCustomPasswordCallback setProperties, passwordKey:mysql_sparrow_password, password:11111111
2026-10-04 09:45:20.788 TRACE_ID DEBUG http-nio-8888-exec-2 CookieUtility get cookie Authorization
2026-10-04 09:45:20.913 TRACE_ID DEBUG http-nio-8888-exec-2 JDBCTemplate SQL:select `id`,`name`,`full_base_package_name`,`frontend_name`,`chinese_name`,`i18n`,`description`,`module_prefix`,`architectures`,`config`,`wrap_with_parent`,`scaffold`,`create_user_name`,`create_user_id`,`modified_user_id`,`modified_user_name`,`gmt_create`,`gmt_modified`,`deleted`,`status` from `t_project_config` where id=1
2026-10-04 09:45:20.924 TRACE_ID DEBUG http-nio-8888-exec-2 JDBCTemplate SQL:select * from `t_table_config` where ( project_id = 1  AND create_user_id = 1  AND status = ENABLE ) order by id DESC limit 0,10
2026-10-04 09:45:21.818 TRACE_ID DEBUG http-nio-8888-exec-4 CookieUtility get cookie Authorization
2026-10-04 09:45:21.824 TRACE_ID DEBUG http-nio-8888-exec-4 JDBCTemplate SQL:select count(*) from `t_table_config` where ( project_id = 1  AND create_user_id = 1 )
2026-10-04 09:45:21.826 TRACE_ID DEBUG http-nio-8888-exec-4 JDBCTemplate SQL:select * from `t_table_config` where ( project_id = 1  AND create_user_id = 1 ) order by id DESC
2026-10-04 09:45:21.829 TRACE_ID DEBUG http-nio-8888-exec-4 JDBCTemplate SQL:select * from `t_project_config` where ( create_user_id = 1  AND status = ENABLE ) order by id DESC
2026-10-04 09:45:43.278 TRACE_ID DEBUG http-nio-8888-exec-8 CookieUtility get cookie Authorization
2026-10-04 09:45:43.278 TRACE_ID DEBUG http-nio-8888-exec-7 CookieUtility get cookie Authorization
2026-10-04 09:45:43.289 TRACE_ID DEBUG http-nio-8888-exec-7 JDBCTemplate SQL:select count(*) from `t_app` where ( create_user_id = 1 )
2026-10-04 09:45:43.289 TRACE_ID DEBUG http-nio-8888-exec-8 JDBCTemplate SQL:select count(*) from `t_app` where ( create_user_id = 1 )
2026-10-04 09:46:55.426 TRACE_ID DEBUG main Application Running with Spring Boot v3.5.0, Spring v6.2.7
2026-10-04 09:46:56.620 TRACE_ID DEBUG main SparrowCorsFilter Filter 'corsFilter' configured for use
2026-10-04 09:46:56.620 TRACE_ID DEBUG main FlashFilter Filter 'flashFilter' configured for use
2026-10-04 09:46:56.999 TRACE_ID DEBUG main DruidCustomPasswordCallback DruidCustomPasswordCallback setProperties, passwordKey:mysql_sparrow_password, password:11111111
2026-10-04 09:46:57.105 TRACE_ID DEBUG main DruidCustomPasswordCallback DruidCustomPasswordCallback setProperties, passwordKey:mysql_sparrow_password, password:11111111
2026-10-04 09:46:57.109 TRACE_ID DEBUG main DruidCustomPasswordCallback DruidCustomPasswordCallback setProperties, passwordKey:mysql_sparrow_password, password:11111111
2026-10-04 09:46:57.113 TRACE_ID DEBUG main DruidCustomPasswordCallback DruidCustomPasswordCallback setProperties, passwordKey:mysql_sparrow_password, password:11111111
2026-10-04 09:46:57.115 TRACE_ID DEBUG main DruidCustomPasswordCallback DruidCustomPasswordCallback setProperties, passwordKey:mysql_sparrow_password, password:11111111
2026-10-04 09:46:57.120 TRACE_ID DEBUG main DruidCustomPasswordCallback DruidCustomPasswordCallback setProperties, passwordKey:mysql_sparrow_password, password:11111111
2026-10-04 09:46:57.123 TRACE_ID DEBUG main DruidCustomPasswordCallback DruidCustomPasswordCallback setProperties, passwordKey:mysql_sparrow_password, password:11111111
2026-10-04 09:46:57.126 TRACE_ID DEBUG main DruidCustomPasswordCallback DruidCustomPasswordCallback setProperties, passwordKey:mysql_sparrow_password, password:11111111
2026-10-04 09:47:07.795 TRACE_ID DEBUG http-nio-8888-exec-1 CookieUtility get cookie Authorization
2026-10-04 09:47:07.795 TRACE_ID DEBUG http-nio-8888-exec-2 CookieUtility get cookie Authorization
2026-10-04 09:47:07.965 TRACE_ID DEBUG http-nio-8888-exec-1 JDBCTemplate SQL:select count(*) from `t_project_config` where ( create_user_id = 1 )
2026-10-04 09:47:07.965 TRACE_ID DEBUG http-nio-8888-exec-2 JDBCTemplate SQL:select count(*) from `t_project_config` where ( create_user_id = 1 )
2026-10-04 09:47:07.980 TRACE_ID DEBUG http-nio-8888-exec-1 JDBCTemplate SQL:select * from `t_project_config` where ( create_user_id = 1 ) order by id DESC limit 0,10
2026-10-04 09:47:07.980 TRACE_ID DEBUG http-nio-8888-exec-2 JDBCTemplate SQL:select * from `t_project_config` where ( create_user_id = 1 ) order by id DESC limit 0,10
2026-10-04 09:47:12.306 TRACE_ID DEBUG http-nio-8888-exec-5 CookieUtility get cookie Authorization
2026-10-04 09:47:12.306 TRACE_ID DEBUG http-nio-8888-exec-6 CookieUtility get cookie Authorization
2026-10-04 09:47:12.333 TRACE_ID DEBUG http-nio-8888-exec-6 JDBCTemplate SQL:select count(*) from `t_table_config` where ( project_id = 1  AND create_user_id = 1 )
2026-10-04 09:47:12.333 TRACE_ID DEBUG http-nio-8888-exec-5 JDBCTemplate SQL:select count(*) from `t_table_config` where ( project_id = 1  AND create_user_id = 1 )
2026-10-04 09:47:12.338 TRACE_ID DEBUG http-nio-8888-exec-5 JDBCTemplate SQL:select * from `t_table_config` where ( project_id = 1  AND create_user_id = 1 ) order by id DESC
2026-10-04 09:47:12.338 TRACE_ID DEBUG http-nio-8888-exec-6 JDBCTemplate SQL:select * from `t_table_config` where ( project_id = 1  AND create_user_id = 1 ) order by id DESC
2026-10-04 09:47:12.343 TRACE_ID DEBUG http-nio-8888-exec-6 JDBCTemplate SQL:select * from `t_project_config` where ( create_user_id = 1  AND status = ENABLE ) order by id DESC
2026-10-04 09:47:12.343 TRACE_ID DEBUG http-nio-8888-exec-5 JDBCTemplate SQL:select * from `t_project_config` where ( create_user_id = 1  AND status = ENABLE ) order by id DESC
2026-10-04 09:47:15.107 TRACE_ID DEBUG http-nio-8888-exec-8 CookieUtility get cookie Authorization
2026-10-04 09:47:15.112 TRACE_ID DEBUG http-nio-8888-exec-8 JDBCTemplate SQL:select `id`,`name`,`full_base_package_name`,`frontend_name`,`chinese_name`,`i18n`,`description`,`module_prefix`,`architectures`,`config`,`wrap_with_parent`,`scaffold`,`create_user_name`,`create_user_id`,`modified_user_id`,`modified_user_name`,`gmt_create`,`gmt_modified`,`deleted`,`status` from `t_project_config` where id=1
2026-10-04 09:47:15.115 TRACE_ID DEBUG http-nio-8888-exec-8 JDBCTemplate SQL:select * from `t_table_config` where ( project_id = 1  AND create_user_id = 1  AND status = ENABLE ) order by id DESC limit 0,10
2026-10-04 09:47:15.717 TRACE_ID DEBUG http-nio-8888-exec-9 CookieUtility get cookie Authorization
2026-10-04 09:47:15.718 TRACE_ID DEBUG http-nio-8888-exec-9 JDBCTemplate SQL:select count(*) from `t_table_config` where ( project_id = 1  AND create_user_id = 1 )
2026-10-04 09:47:15.720 TRACE_ID DEBUG http-nio-8888-exec-9 JDBCTemplate SQL:select * from `t_table_config` where ( project_id = 1  AND create_user_id = 1 ) order by id DESC
2026-10-04 09:47:15.722 TRACE_ID DEBUG http-nio-8888-exec-9 JDBCTemplate SQL:select * from `t_project_config` where ( create_user_id = 1  AND status = ENABLE ) order by id DESC
2026-10-04 09:47:21.173 TRACE_ID DEBUG http-nio-8888-exec-2 CookieUtility get cookie Authorization
2026-10-04 09:47:21.173 TRACE_ID DEBUG http-nio-8888-exec-4 CookieUtility get cookie Authorization
2026-10-04 09:47:21.188 TRACE_ID DEBUG http-nio-8888-exec-2 JDBCTemplate SQL:select count(*) from `t_app` where ( create_user_id = 1 )
2026-10-04 09:47:21.188 TRACE_ID DEBUG http-nio-8888-exec-4 JDBCTemplate SQL:select count(*) from `t_app` where ( create_user_id = 1 )
2026-10-04 09:50:22.162 TRACE_ID DEBUG main Application Running with Spring Boot v3.5.0, Spring v6.2.7
2026-10-04 09:50:23.356 TRACE_ID DEBUG main SparrowCorsFilter Filter 'corsFilter' configured for use
2026-10-04 09:50:23.356 TRACE_ID DEBUG main FlashFilter Filter 'flashFilter' configured for use
2026-10-04 09:50:23.753 TRACE_ID DEBUG main DruidCustomPasswordCallback DruidCustomPasswordCallback setProperties, passwordKey:mysql_sparrow_password, password:11111111
2026-10-04 09:50:23.881 TRACE_ID DEBUG main DruidCustomPasswordCallback DruidCustomPasswordCallback setProperties, passwordKey:mysql_sparrow_password, password:11111111
2026-10-04 09:50:23.885 TRACE_ID DEBUG main DruidCustomPasswordCallback DruidCustomPasswordCallback setProperties, passwordKey:mysql_sparrow_password, password:11111111
2026-10-04 09:50:23.888 TRACE_ID DEBUG main DruidCustomPasswordCallback DruidCustomPasswordCallback setProperties, passwordKey:mysql_sparrow_password, password:11111111
2026-10-04 09:50:23.893 TRACE_ID DEBUG main DruidCustomPasswordCallback DruidCustomPasswordCallback setProperties, passwordKey:mysql_sparrow_password, password:11111111
2026-10-04 09:50:23.896 TRACE_ID DEBUG main DruidCustomPasswordCallback DruidCustomPasswordCallback setProperties, passwordKey:mysql_sparrow_password, password:11111111
2026-10-04 09:50:23.899 TRACE_ID DEBUG main DruidCustomPasswordCallback DruidCustomPasswordCallback setProperties, passwordKey:mysql_sparrow_password, password:11111111
2026-10-04 09:50:23.901 TRACE_ID DEBUG main DruidCustomPasswordCallback DruidCustomPasswordCallback setProperties, passwordKey:mysql_sparrow_password, password:11111111
2026-10-04 09:50:37.767 TRACE_ID DEBUG http-nio-8888-exec-4 CookieUtility get cookie Authorization
2026-10-04 09:50:37.767 TRACE_ID DEBUG http-nio-8888-exec-3 CookieUtility get cookie Authorization
2026-10-04 09:50:38.131 TRACE_ID DEBUG http-nio-8888-exec-4 JDBCTemplate SQL:select count(*) from `t_project_config` where ( create_user_id = 1 )
2026-10-04 09:50:38.131 TRACE_ID DEBUG http-nio-8888-exec-3 JDBCTemplate SQL:select count(*) from `t_project_config` where ( create_user_id = 1 )
2026-10-04 09:50:38.180 TRACE_ID DEBUG http-nio-8888-exec-3 JDBCTemplate SQL:select * from `t_project_config` where ( create_user_id = 1 ) order by id DESC limit 0,10
2026-10-04 09:50:38.180 TRACE_ID DEBUG http-nio-8888-exec-4 JDBCTemplate SQL:select * from `t_project_config` where ( create_user_id = 1 ) order by id DESC limit 0,10
2026-10-04 09:50:41.856 TRACE_ID DEBUG http-nio-8888-exec-8 CookieUtility get cookie Authorization
2026-10-04 09:50:41.858 TRACE_ID DEBUG http-nio-8888-exec-7 CookieUtility get cookie Authorization
2026-10-04 09:50:41.868 TRACE_ID DEBUG http-nio-8888-exec-7 JDBCTemplate SQL:select count(*) from `t_table_config` where ( project_id = 1  AND create_user_id = 1 )
2026-10-04 09:50:41.869 TRACE_ID DEBUG http-nio-8888-exec-8 JDBCTemplate SQL:select count(*) from `t_table_config` where ( project_id = 1  AND create_user_id = 1 )
2026-10-04 09:50:41.873 TRACE_ID DEBUG http-nio-8888-exec-8 JDBCTemplate SQL:select * from `t_table_config` where ( project_id = 1  AND create_user_id = 1 ) order by id DESC
2026-10-04 09:50:41.873 TRACE_ID DEBUG http-nio-8888-exec-7 JDBCTemplate SQL:select * from `t_table_config` where ( project_id = 1  AND create_user_id = 1 ) order by id DESC
2026-10-04 09:50:41.877 TRACE_ID DEBUG http-nio-8888-exec-7 JDBCTemplate SQL:select * from `t_project_config` where ( create_user_id = 1  AND status = ENABLE ) order by id DESC
2026-10-04 09:50:41.877 TRACE_ID DEBUG http-nio-8888-exec-8 JDBCTemplate SQL:select * from `t_project_config` where ( create_user_id = 1  AND status = ENABLE ) order by id DESC
2026-10-04 09:50:44.662 TRACE_ID DEBUG http-nio-8888-exec-1 CookieUtility get cookie Authorization
2026-10-04 09:50:44.665 TRACE_ID DEBUG http-nio-8888-exec-1 JDBCTemplate SQL:select `id`,`name`,`full_base_package_name`,`frontend_name`,`chinese_name`,`i18n`,`description`,`module_prefix`,`architectures`,`config`,`wrap_with_parent`,`scaffold`,`create_user_name`,`create_user_id`,`modified_user_id`,`modified_user_name`,`gmt_create`,`gmt_modified`,`deleted`,`status` from `t_project_config` where id=1
2026-10-04 09:50:44.669 TRACE_ID DEBUG http-nio-8888-exec-1 JDBCTemplate SQL:select * from `t_table_config` where ( project_id = 1  AND create_user_id = 1  AND status = ENABLE ) order by id DESC limit 0,10
2026-10-04 09:50:51.657 TRACE_ID DEBUG http-nio-8888-exec-5 CookieUtility get cookie Authorization
2026-10-04 09:50:51.657 TRACE_ID DEBUG http-nio-8888-exec-6 CookieUtility get cookie Authorization
2026-10-04 09:50:51.678 TRACE_ID DEBUG http-nio-8888-exec-5 JDBCTemplate SQL:select count(*) from `t_app` where ( create_user_id = 1 )
2026-10-04 09:50:51.678 TRACE_ID DEBUG http-nio-8888-exec-6 JDBCTemplate SQL:select count(*) from `t_app` where ( create_user_id = 1 )
2026-10-04 09:51:38.849 TRACE_ID DEBUG http-nio-8888-exec-9 CookieUtility get cookie Authorization
2026-10-04 09:51:38.849 TRACE_ID DEBUG http-nio-8888-exec-10 CookieUtility get cookie Authorization
2026-10-04 09:51:38.885 TRACE_ID DEBUG http-nio-8888-exec-10 JDBCTemplate SQL:select count(*) from `t_app` where ( create_user_id = 1 )
2026-10-04 09:51:38.885 TRACE_ID DEBUG http-nio-8888-exec-9 JDBCTemplate SQL:select count(*) from `t_app` where ( create_user_id = 1 )
2026-10-04 09:51:45.743 TRACE_ID DEBUG http-nio-8888-exec-1 CookieUtility get cookie Authorization
2026-10-04 09:51:45.784 TRACE_ID DEBUG http-nio-8888-exec-1 JDBCTemplate SQL:select count(*) from `t_app` where ( create_user_id = 1 )
2026-10-04 09:51:49.629 TRACE_ID DEBUG http-nio-8888-exec-3 CookieUtility get cookie Authorization
2026-10-04 09:51:49.629 TRACE_ID DEBUG http-nio-8888-exec-4 CookieUtility get cookie Authorization
2026-10-04 09:51:49.644 TRACE_ID DEBUG http-nio-8888-exec-3 JDBCTemplate SQL:select count(*) from `t_app` where ( create_user_id = 1 )
2026-10-04 09:51:49.644 TRACE_ID DEBUG http-nio-8888-exec-4 JDBCTemplate SQL:select count(*) from `t_app` where ( create_user_id = 1 )
2026-10-04 09:53:19.843 TRACE_ID DEBUG http-nio-8888-exec-8 CookieUtility get cookie Authorization
2026-10-04 09:53:19.862 TRACE_ID DEBUG http-nio-8888-exec-8 JDBCTemplate SQL:insert into `t_app`(
`tenant_id`,
`code`,
`name`,
`sort`,
`logo`,
`remark`,
`create_user_name`,
`create_user_id`,
`modified_user_id`,
`modified_user_name`,
`gmt_create`,
`gmt_modified`,
`deleted`,
`status`)values(
0,
sparrowzoo,
sparrow商城,
0,
https://r.sparrowzoo.net/logo/sparrow.png,
无,
mock-user,
1,
1,
mock-user,
1791078799859,
1791078799859,
false,
ENABLE)
2026-10-04 10:03:36.522 TRACE_ID DEBUG main Application Running with Spring Boot v3.5.0, Spring v6.2.7
2026-10-04 10:03:37.847 TRACE_ID DEBUG main SparrowCorsFilter Filter 'corsFilter' configured for use
2026-10-04 10:03:37.847 TRACE_ID DEBUG main FlashFilter Filter 'flashFilter' configured for use
2026-10-04 10:03:38.231 TRACE_ID DEBUG main DruidCustomPasswordCallback DruidCustomPasswordCallback setProperties, passwordKey:mysql_sparrow_password, password:11111111
2026-10-04 10:03:38.355 TRACE_ID DEBUG main DruidCustomPasswordCallback DruidCustomPasswordCallback setProperties, passwordKey:mysql_sparrow_password, password:11111111
2026-10-04 10:03:38.358 TRACE_ID DEBUG main DruidCustomPasswordCallback DruidCustomPasswordCallback setProperties, passwordKey:mysql_sparrow_password, password:11111111
2026-10-04 10:03:38.361 TRACE_ID DEBUG main DruidCustomPasswordCallback DruidCustomPasswordCallback setProperties, passwordKey:mysql_sparrow_password, password:11111111
2026-10-04 10:03:38.365 TRACE_ID DEBUG main DruidCustomPasswordCallback DruidCustomPasswordCallback setProperties, passwordKey:mysql_sparrow_password, password:11111111
2026-10-04 10:03:38.368 TRACE_ID DEBUG main DruidCustomPasswordCallback DruidCustomPasswordCallback setProperties, passwordKey:mysql_sparrow_password, password:11111111
2026-10-04 10:03:38.371 TRACE_ID DEBUG main DruidCustomPasswordCallback DruidCustomPasswordCallback setProperties, passwordKey:mysql_sparrow_password, password:11111111
2026-10-04 10:03:38.374 TRACE_ID DEBUG main DruidCustomPasswordCallback DruidCustomPasswordCallback setProperties, passwordKey:mysql_sparrow_password, password:11111111
2026-10-04 10:03:53.209 TRACE_ID DEBUG http-nio-8888-exec-3 CookieUtility get cookie Authorization
2026-10-04 10:03:53.209 TRACE_ID DEBUG http-nio-8888-exec-4 CookieUtility get cookie Authorization
2026-10-04 10:03:53.421 TRACE_ID DEBUG http-nio-8888-exec-4 JDBCTemplate SQL:select count(*) from `t_project_config` where ( create_user_id = 1 )
2026-10-04 10:03:53.425 TRACE_ID DEBUG http-nio-8888-exec-3 JDBCTemplate SQL:select count(*) from `t_project_config` where ( create_user_id = 1 )
2026-10-04 10:03:53.435 TRACE_ID DEBUG http-nio-8888-exec-4 JDBCTemplate SQL:select * from `t_project_config` where ( create_user_id = 1 ) order by id DESC limit 0,10
2026-10-04 10:03:53.435 TRACE_ID DEBUG http-nio-8888-exec-3 JDBCTemplate SQL:select * from `t_project_config` where ( create_user_id = 1 ) order by id DESC limit 0,10
2026-10-04 10:03:59.899 TRACE_ID DEBUG http-nio-8888-exec-7 CookieUtility get cookie Authorization
2026-10-04 10:03:59.899 TRACE_ID DEBUG http-nio-8888-exec-8 CookieUtility get cookie Authorization
2026-10-04 10:03:59.906 TRACE_ID DEBUG http-nio-8888-exec-7 JDBCTemplate SQL:select count(*) from `t_table_config` where ( project_id = 1  AND create_user_id = 1 )
2026-10-04 10:03:59.908 TRACE_ID DEBUG http-nio-8888-exec-8 JDBCTemplate SQL:select count(*) from `t_table_config` where ( project_id = 1  AND create_user_id = 1 )
2026-10-04 10:03:59.911 TRACE_ID DEBUG http-nio-8888-exec-8 JDBCTemplate SQL:select * from `t_table_config` where ( project_id = 1  AND create_user_id = 1 ) order by id DESC
2026-10-04 10:03:59.912 TRACE_ID DEBUG http-nio-8888-exec-7 JDBCTemplate SQL:select * from `t_table_config` where ( project_id = 1  AND create_user_id = 1 ) order by id DESC
2026-10-04 10:03:59.915 TRACE_ID DEBUG http-nio-8888-exec-7 JDBCTemplate SQL:select * from `t_project_config` where ( create_user_id = 1  AND status = ENABLE ) order by id DESC
2026-10-04 10:03:59.915 TRACE_ID DEBUG http-nio-8888-exec-8 JDBCTemplate SQL:select * from `t_project_config` where ( create_user_id = 1  AND status = ENABLE ) order by id DESC
2026-10-04 10:04:02.699 TRACE_ID DEBUG http-nio-8888-exec-10 CookieUtility get cookie Authorization
2026-10-04 10:04:02.705 TRACE_ID DEBUG http-nio-8888-exec-10 JDBCTemplate SQL:select `id`,`name`,`full_base_package_name`,`frontend_name`,`chinese_name`,`i18n`,`description`,`module_prefix`,`architectures`,`config`,`wrap_with_parent`,`scaffold`,`create_user_name`,`create_user_id`,`modified_user_id`,`modified_user_name`,`gmt_create`,`gmt_modified`,`deleted`,`status` from `t_project_config` where id=1
2026-10-04 10:04:02.707 TRACE_ID DEBUG http-nio-8888-exec-10 JDBCTemplate SQL:select * from `t_table_config` where ( project_id = 1  AND create_user_id = 1  AND status = ENABLE ) order by id DESC limit 0,10
2026-10-04 10:04:03.370 TRACE_ID DEBUG http-nio-8888-exec-1 CookieUtility get cookie Authorization
2026-10-04 10:04:03.372 TRACE_ID DEBUG http-nio-8888-exec-1 JDBCTemplate SQL:select count(*) from `t_table_config` where ( project_id = 1  AND create_user_id = 1 )
2026-10-04 10:04:03.374 TRACE_ID DEBUG http-nio-8888-exec-1 JDBCTemplate SQL:select * from `t_table_config` where ( project_id = 1  AND create_user_id = 1 ) order by id DESC
2026-10-04 10:04:03.376 TRACE_ID DEBUG http-nio-8888-exec-1 JDBCTemplate SQL:select * from `t_project_config` where ( create_user_id = 1  AND status = ENABLE ) order by id DESC
2026-10-04 10:06:25.010 TRACE_ID DEBUG http-nio-8888-exec-6 CookieUtility get cookie Authorization
2026-10-04 10:06:25.026 TRACE_ID DEBUG http-nio-8888-exec-6 JDBCTemplate SQL:select count(*) from `t_table_config` where ( project_id = 1  AND create_user_id = 1 )
2026-10-04 10:06:25.032 TRACE_ID DEBUG http-nio-8888-exec-6 JDBCTemplate SQL:select * from `t_table_config` where ( project_id = 1  AND create_user_id = 1 ) order by id DESC
2026-10-04 10:06:25.037 TRACE_ID DEBUG http-nio-8888-exec-6 JDBCTemplate SQL:select * from `t_project_config` where ( create_user_id = 1  AND status = ENABLE ) order by id DESC
2026-10-04 10:06:32.111 TRACE_ID DEBUG http-nio-8888-exec-9 CookieUtility get cookie Authorization
2026-10-04 10:06:32.111 TRACE_ID DEBUG http-nio-8888-exec-8 CookieUtility get cookie Authorization
2026-10-04 10:06:32.128 TRACE_ID DEBUG http-nio-8888-exec-9 JDBCTemplate SQL:select count(*) from `t_app` where ( create_user_id = 1 )
2026-10-04 10:06:32.128 TRACE_ID DEBUG http-nio-8888-exec-8 JDBCTemplate SQL:select count(*) from `t_app` where ( create_user_id = 1 )
2026-10-04 11:45:08.560 TRACE_ID DEBUG http-nio-8888-exec-6 CookieUtility get cookie Authorization
2026-10-04 11:45:08.560 TRACE_ID DEBUG http-nio-8888-exec-4 CookieUtility get cookie Authorization
2026-10-04 11:45:08.601 TRACE_ID DEBUG Druid-ConnectionPool-Create-732556569 DruidCustomPasswordCallback DruidCustomPasswordCallback setProperties, passwordKey:mysql_sparrow_password, password:11111111
2026-10-04 11:45:08.731 TRACE_ID DEBUG Druid-ConnectionPool-Create-732556569 DruidCustomPasswordCallback DruidCustomPasswordCallback setProperties, passwordKey:mysql_sparrow_password, password:11111111
2026-10-04 11:45:08.732 TRACE_ID DEBUG http-nio-8888-exec-4 JDBCTemplate SQL:select count(*) from `t_app` where ( create_user_id = 1 )
2026-10-04 11:45:08.736 TRACE_ID DEBUG http-nio-8888-exec-6 JDBCTemplate SQL:select count(*) from `t_app` where ( create_user_id = 1 )
2026-10-04 11:45:17.346 TRACE_ID DEBUG http-nio-8888-exec-7 CookieUtility get cookie Authorization
2026-10-04 11:45:17.364 TRACE_ID DEBUG http-nio-8888-exec-7 JDBCTemplate SQL:select count(*) from `t_app` where ( create_user_id = 1 )
2026-10-04 11:45:18.350 TRACE_ID DEBUG http-nio-8888-exec-5 CookieUtility get cookie Authorization
2026-10-04 11:45:18.367 TRACE_ID DEBUG http-nio-8888-exec-5 JDBCTemplate SQL:select count(*) from `t_app` where ( create_user_id = 1 )
2026-10-04 11:45:47.649 TRACE_ID DEBUG http-nio-8888-exec-9 CookieUtility get cookie Authorization
2026-10-04 11:51:27.219 TRACE_ID DEBUG main Application Running with Spring Boot v3.5.0, Spring v6.2.7
2026-10-04 11:51:30.220 TRACE_ID DEBUG main SparrowCorsFilter Filter 'corsFilter' configured for use
2026-10-04 11:51:30.220 TRACE_ID DEBUG main FlashFilter Filter 'flashFilter' configured for use
2026-10-04 11:53:27.616 TRACE_ID DEBUG main Application Running with Spring Boot v3.5.0, Spring v6.2.7
2026-10-04 11:53:29.861 TRACE_ID DEBUG main SparrowCorsFilter Filter 'corsFilter' configured for use
2026-10-04 11:53:29.861 TRACE_ID DEBUG main FlashFilter Filter 'flashFilter' configured for use
2026-10-04 11:53:57.598 TRACE_ID DEBUG main Application Running with Spring Boot v3.5.0, Spring v6.2.7
2026-10-04 11:53:59.612 TRACE_ID DEBUG main SparrowCorsFilter Filter 'corsFilter' configured for use
2026-10-04 11:53:59.613 TRACE_ID DEBUG main FlashFilter Filter 'flashFilter' configured for use
2026-10-04 11:54:00.218 TRACE_ID DEBUG main DruidCustomPasswordCallback DruidCustomPasswordCallback setProperties, passwordKey:mysql_sparrow_password, password:11111111
2026-10-04 11:54:00.413 TRACE_ID DEBUG main DruidCustomPasswordCallback DruidCustomPasswordCallback setProperties, passwordKey:mysql_sparrow_password, password:11111111
2026-10-04 11:54:00.421 TRACE_ID DEBUG main DruidCustomPasswordCallback DruidCustomPasswordCallback setProperties, passwordKey:mysql_sparrow_password, password:11111111
2026-10-04 11:54:00.428 TRACE_ID DEBUG main DruidCustomPasswordCallback DruidCustomPasswordCallback setProperties, passwordKey:mysql_sparrow_password, password:11111111
2026-10-04 11:54:00.433 TRACE_ID DEBUG main DruidCustomPasswordCallback DruidCustomPasswordCallback setProperties, passwordKey:mysql_sparrow_password, password:11111111
2026-10-04 11:54:00.438 TRACE_ID DEBUG main DruidCustomPasswordCallback DruidCustomPasswordCallback setProperties, passwordKey:mysql_sparrow_password, password:11111111
2026-10-04 11:54:00.442 TRACE_ID DEBUG main DruidCustomPasswordCallback DruidCustomPasswordCallback setProperties, passwordKey:mysql_sparrow_password, password:11111111
2026-10-04 11:54:00.447 TRACE_ID DEBUG main DruidCustomPasswordCallback DruidCustomPasswordCallback setProperties, passwordKey:mysql_sparrow_password, password:11111111
2026-10-04 11:54:30.851 TRACE_ID DEBUG main Application Running with Spring Boot v3.5.0, Spring v6.2.7
2026-10-04 11:54:34.537 TRACE_ID DEBUG main SparrowCorsFilter Filter 'corsFilter' configured for use
2026-10-04 11:54:34.542 TRACE_ID DEBUG main FlashFilter Filter 'flashFilter' configured for use
2026-10-04 11:54:35.820 TRACE_ID DEBUG main DruidCustomPasswordCallback DruidCustomPasswordCallback setProperties, passwordKey:mysql_sparrow_password, password:11111111
2026-10-04 11:54:36.115 TRACE_ID DEBUG main DruidCustomPasswordCallback DruidCustomPasswordCallback setProperties, passwordKey:mysql_sparrow_password, password:11111111
2026-10-04 11:54:36.122 TRACE_ID DEBUG main DruidCustomPasswordCallback DruidCustomPasswordCallback setProperties, passwordKey:mysql_sparrow_password, password:11111111
2026-10-04 11:54:36.127 TRACE_ID DEBUG main DruidCustomPasswordCallback DruidCustomPasswordCallback setProperties, passwordKey:mysql_sparrow_password, password:11111111
2026-10-04 11:54:36.133 TRACE_ID DEBUG main DruidCustomPasswordCallback DruidCustomPasswordCallback setProperties, passwordKey:mysql_sparrow_password, password:11111111
2026-10-04 11:54:36.137 TRACE_ID DEBUG main DruidCustomPasswordCallback DruidCustomPasswordCallback setProperties, passwordKey:mysql_sparrow_password, password:11111111
2026-10-04 11:54:36.141 TRACE_ID DEBUG main DruidCustomPasswordCallback DruidCustomPasswordCallback setProperties, passwordKey:mysql_sparrow_password, password:11111111
2026-10-04 11:54:36.144 TRACE_ID DEBUG main DruidCustomPasswordCallback DruidCustomPasswordCallback setProperties, passwordKey:mysql_sparrow_password, password:11111111
2026-10-04 11:54:45.152 TRACE_ID DEBUG http-nio-8888-exec-1 CookieUtility get cookie Authorization
2026-10-04 11:54:45.152 TRACE_ID DEBUG http-nio-8888-exec-2 CookieUtility get cookie Authorization
2026-10-04 11:54:45.426 TRACE_ID DEBUG http-nio-8888-exec-1 JDBCTemplate SQL:select count(*) from `t_app` where ( create_user_id = 1 )
2026-10-04 11:54:45.426 TRACE_ID DEBUG http-nio-8888-exec-2 JDBCTemplate SQL:select count(*) from `t_app` where ( create_user_id = 1 )
2026-10-04 11:54:54.961 TRACE_ID DEBUG http-nio-8888-exec-4 CookieUtility get cookie Authorization
2026-10-04 11:55:28.440 TRACE_ID DEBUG http-nio-8888-exec-6 CookieUtility get cookie Authorization
2026-10-04 11:56:58.196 TRACE_ID DEBUG http-nio-8888-exec-10 CookieUtility get cookie Authorization
2026-10-04 11:56:58.220 TRACE_ID DEBUG http-nio-8888-exec-10 JDBCTemplate SQL:insert into `t_app`(
`tenant_id`,
`code`,
`name`,
`sort`,
`logo`,
`remark`,
`create_user_name`,
`create_user_id`,
`modified_user_id`,
`modified_user_name`,
`gmt_create`,
`gmt_modified`,
`deleted`,
`status`)values(
0,
ii,
iii,
0,
http://u.r.sparrowzoo.net/logo/app/downloaded-image.jpeg,
ii,
mock-user,
1,
1,
mock-user,
1791086218217,
1791086218217,
false,
ENABLE)
2026-10-04 12:16:09.378 TRACE_ID DEBUG http-nio-8888-exec-3 CookieUtility get cookie Authorization
2026-10-04 12:16:09.428 TRACE_ID DEBUG Druid-ConnectionPool-Create-1256017407 DruidCustomPasswordCallback DruidCustomPasswordCallback setProperties, passwordKey:mysql_sparrow_password, password:11111111
2026-10-04 12:16:11.422 TRACE_ID DEBUG http-nio-8888-exec-5 CookieUtility get cookie Authorization
2026-10-04 12:16:13.468 TRACE_ID DEBUG http-nio-8888-exec-7 CookieUtility get cookie Authorization
2026-10-04 12:16:13.999 TRACE_ID DEBUG Druid-ConnectionPool-Create-1256017407 DruidCustomPasswordCallback DruidCustomPasswordCallback setProperties, passwordKey:mysql_sparrow_password, password:11111111
2026-10-04 12:16:13.999 TRACE_ID DEBUG http-nio-8888-exec-3 JDBCTemplate SQL:insert into `t_app`(
`tenant_id`,
`code`,
`name`,
`sort`,
`logo`,
`remark`,
`create_user_name`,
`create_user_id`,
`modified_user_id`,
`modified_user_name`,
`gmt_create`,
`gmt_modified`,
`deleted`,
`status`)values(
0,
ii,
iii,
0,
http://u.r.sparrowzoo.net/logo/app/downloaded-image.jpeg,
ii,
mock-user,
1,
1,
mock-user,
1791087369411,
1791087369411,
false,
ENABLE)
2026-10-04 12:16:14.007 TRACE_ID DEBUG http-nio-8888-exec-7 JDBCTemplate SQL:insert into `t_app`(
`tenant_id`,
`code`,
`name`,
`sort`,
`logo`,
`remark`,
`create_user_name`,
`create_user_id`,
`modified_user_id`,
`modified_user_name`,
`gmt_create`,
`gmt_modified`,
`deleted`,
`status`)values(
0,
ii,
iii,
0,
http://u.r.sparrowzoo.net/logo/app/downloaded-image.jpeg,
ii,
mock-user,
1,
1,
mock-user,
1791087373472,
1791087373472,
false,
ENABLE)
2026-10-04 12:16:14.008 TRACE_ID DEBUG http-nio-8888-exec-5 JDBCTemplate SQL:insert into `t_app`(
`tenant_id`,
`code`,
`name`,
`sort`,
`logo`,
`remark`,
`create_user_name`,
`create_user_id`,
`modified_user_id`,
`modified_user_name`,
`gmt_create`,
`gmt_modified`,
`deleted`,
`status`)values(
0,
ii,
iii,
0,
http://u.r.sparrowzoo.net/logo/app/downloaded-image.jpeg,
ii,
mock-user,
1,
1,
mock-user,
1791087371428,
1791087371428,
false,
ENABLE)
2026-10-04 12:17:01.773 TRACE_ID DEBUG http-nio-8888-exec-9 CookieUtility get cookie Authorization
2026-10-04 12:17:01.790 TRACE_ID DEBUG http-nio-8888-exec-9 JDBCTemplate SQL:insert into `t_app`(
`tenant_id`,
`code`,
`name`,
`sort`,
`logo`,
`remark`,
`create_user_name`,
`create_user_id`,
`modified_user_id`,
`modified_user_name`,
`gmt_create`,
`gmt_modified`,
`deleted`,
`status`)values(
0,
ii,
iii,
0,
http://u.r.sparrowzoo.net/logo/app/downloaded-image.jpeg,
ii,
mock-user,
1,
1,
mock-user,
1791087421788,
1791087421788,
false,
ENABLE)
2026-10-04 12:17:03.316 TRACE_ID DEBUG http-nio-8888-exec-2 CookieUtility get cookie Authorization
2026-10-04 12:17:03.327 TRACE_ID DEBUG http-nio-8888-exec-2 JDBCTemplate SQL:insert into `t_app`(
`tenant_id`,
`code`,
`name`,
`sort`,
`logo`,
`remark`,
`create_user_name`,
`create_user_id`,
`modified_user_id`,
`modified_user_name`,
`gmt_create`,
`gmt_modified`,
`deleted`,
`status`)values(
0,
ii,
iii,
0,
http://u.r.sparrowzoo.net/logo/app/downloaded-image.jpeg,
ii,
mock-user,
1,
1,
mock-user,
1791087423326,
1791087423326,
false,
ENABLE)
2026-10-04 12:17:33.234 TRACE_ID DEBUG http-nio-8888-exec-7 CookieUtility get cookie Authorization
2026-10-04 12:17:33.245 TRACE_ID DEBUG http-nio-8888-exec-7 JDBCTemplate SQL:insert into `t_app`(
`tenant_id`,
`code`,
`name`,
`sort`,
`logo`,
`remark`,
`create_user_name`,
`create_user_id`,
`modified_user_id`,
`modified_user_name`,
`gmt_create`,
`gmt_modified`,
`deleted`,
`status`)values(
0,
ii,
iii,
0,
http://u.r.sparrowzoo.net/logo/app/downloaded-image.jpeg,
ii,
mock-user,
1,
1,
mock-user,
1791087453243,
1791087453243,
false,
ENABLE)
2026-10-04 12:17:33.451 TRACE_ID DEBUG http-nio-8888-exec-5 CookieUtility get cookie Authorization
2026-10-04 12:17:33.454 TRACE_ID DEBUG http-nio-8888-exec-5 JDBCTemplate SQL:select count(*) from `t_app` where ( create_user_id = 1 )
2026-10-04 12:17:33.467 TRACE_ID DEBUG http-nio-8888-exec-5 JDBCTemplate SQL:select * from `t_app` where ( create_user_id = 1 ) order by id DESC limit 0,10
2026-10-04 12:18:01.327 TRACE_ID DEBUG http-nio-8888-exec-9 CookieUtility get cookie Authorization
2026-10-04 12:18:04.635 TRACE_ID DEBUG http-nio-8888-exec-2 CookieUtility get cookie Authorization
2026-10-04 12:18:04.637 TRACE_ID DEBUG http-nio-8888-exec-2 JDBCTemplate SQL:update `t_app` set 
`tenant_id`=0,
`code`=ii,
`name`=iii,
`sort`=0,
`logo`=http://u.r.sparrowzoo.net/logo/app/1000g0081vma8ug4f80005o9ji3jnvjdlumukqgg.webp,
`remark`=ii,
`modified_user_id`=1,
`modified_user_name`=mock-user,
`gmt_modified`=1791087484636,
`deleted`=false where id=1
2026-10-04 12:18:04.654 TRACE_ID DEBUG http-nio-8888-exec-4 CookieUtility get cookie Authorization
2026-10-04 12:18:04.656 TRACE_ID DEBUG http-nio-8888-exec-4 JDBCTemplate SQL:select count(*) from `t_app` where ( create_user_id = 1 )
2026-10-04 12:18:04.659 TRACE_ID DEBUG http-nio-8888-exec-4 JDBCTemplate SQL:select * from `t_app` where ( create_user_id = 1 ) order by id DESC limit 0,10
2026-10-04 12:18:12.197 TRACE_ID DEBUG http-nio-8888-exec-7 CookieUtility get cookie Authorization
2026-10-04 12:18:12.201 TRACE_ID DEBUG http-nio-8888-exec-7 JDBCTemplate SQL:DELETE FROM `t_app` where id  =1
2026-10-04 12:18:34.676 TRACE_ID DEBUG http-nio-8888-exec-5 CookieUtility get cookie Authorization
2026-10-04 12:18:36.198 TRACE_ID DEBUG http-nio-8888-exec-9 CookieUtility get cookie Authorization
2026-10-04 12:18:36.201 TRACE_ID DEBUG http-nio-8888-exec-9 JDBCTemplate SQL:insert into `t_app`(
`tenant_id`,
`code`,
`name`,
`sort`,
`logo`,
`remark`,
`create_user_name`,
`create_user_id`,
`modified_user_id`,
`modified_user_name`,
`gmt_create`,
`gmt_modified`,
`deleted`,
`status`)values(
0,
269974,
sparrow-coder,
0,
http://u.r.sparrowzoo.net/logo/app/1000g0081vma8ug4f80005o9ji3jnvjdlumukqgg.webp,
JJ,
mock-user,
1,
1,
mock-user,
1791087516200,
1791087516200,
false,
ENABLE)
2026-10-04 12:18:36.214 TRACE_ID DEBUG http-nio-8888-exec-2 CookieUtility get cookie Authorization
2026-10-04 12:18:36.215 TRACE_ID DEBUG http-nio-8888-exec-2 JDBCTemplate SQL:select count(*) from `t_app` where ( create_user_id = 1 )
2026-10-04 12:18:36.217 TRACE_ID DEBUG http-nio-8888-exec-2 JDBCTemplate SQL:select * from `t_app` where ( create_user_id = 1 ) order by id DESC limit 0,10
2026-10-04 12:35:25.581 TRACE_ID DEBUG http-nio-8888-exec-7 CookieUtility get cookie Authorization
2026-10-04 12:35:25.581 TRACE_ID DEBUG http-nio-8888-exec-3 CookieUtility get cookie Authorization
2026-10-04 12:35:25.594 TRACE_ID DEBUG Druid-ConnectionPool-Create-1256017407 DruidCustomPasswordCallback DruidCustomPasswordCallback setProperties, passwordKey:mysql_sparrow_password, password:11111111
2026-10-04 12:35:25.610 TRACE_ID DEBUG Druid-ConnectionPool-Create-1256017407 DruidCustomPasswordCallback DruidCustomPasswordCallback setProperties, passwordKey:mysql_sparrow_password, password:11111111
2026-10-04 12:35:25.610 TRACE_ID DEBUG http-nio-8888-exec-7 JDBCTemplate SQL:select count(*) from `t_app` where ( create_user_id = 1 )
2026-10-04 12:35:25.612 TRACE_ID DEBUG http-nio-8888-exec-3 JDBCTemplate SQL:select count(*) from `t_app` where ( create_user_id = 1 )
2026-10-04 12:35:25.612 TRACE_ID DEBUG http-nio-8888-exec-7 JDBCTemplate SQL:select * from `t_app` where ( create_user_id = 1 ) order by id DESC limit 0,10
2026-10-04 12:35:25.613 TRACE_ID DEBUG http-nio-8888-exec-3 JDBCTemplate SQL:select * from `t_app` where ( create_user_id = 1 ) order by id DESC limit 0,10
2026-10-04 12:36:35.551 TRACE_ID DEBUG main Application Running with Spring Boot v3.5.0, Spring v6.2.7
2026-10-04 12:36:36.805 TRACE_ID DEBUG main SparrowCorsFilter Filter 'corsFilter' configured for use
2026-10-04 12:36:36.805 TRACE_ID DEBUG main FlashFilter Filter 'flashFilter' configured for use
2026-10-04 12:36:37.180 TRACE_ID DEBUG main DruidCustomPasswordCallback DruidCustomPasswordCallback setProperties, passwordKey:mysql_sparrow_password, password:11111111
2026-10-04 12:36:37.295 TRACE_ID DEBUG main DruidCustomPasswordCallback DruidCustomPasswordCallback setProperties, passwordKey:mysql_sparrow_password, password:11111111
2026-10-04 12:36:37.302 TRACE_ID DEBUG main DruidCustomPasswordCallback DruidCustomPasswordCallback setProperties, passwordKey:mysql_sparrow_password, password:11111111
2026-10-04 12:36:37.306 TRACE_ID DEBUG main DruidCustomPasswordCallback DruidCustomPasswordCallback setProperties, passwordKey:mysql_sparrow_password, password:11111111
2026-10-04 12:36:37.309 TRACE_ID DEBUG main DruidCustomPasswordCallback DruidCustomPasswordCallback setProperties, passwordKey:mysql_sparrow_password, password:11111111
2026-10-04 12:36:37.311 TRACE_ID DEBUG main DruidCustomPasswordCallback DruidCustomPasswordCallback setProperties, passwordKey:mysql_sparrow_password, password:11111111
2026-10-04 12:36:37.315 TRACE_ID DEBUG main DruidCustomPasswordCallback DruidCustomPasswordCallback setProperties, passwordKey:mysql_sparrow_password, password:11111111
2026-10-04 12:36:37.320 TRACE_ID DEBUG main DruidCustomPasswordCallback DruidCustomPasswordCallback setProperties, passwordKey:mysql_sparrow_password, password:11111111
2026-10-04 12:36:54.912 TRACE_ID DEBUG http-nio-8888-exec-4 CookieUtility get cookie Authorization
2026-10-04 12:36:54.912 TRACE_ID DEBUG http-nio-8888-exec-3 CookieUtility get cookie Authorization
2026-10-04 12:36:55.058 TRACE_ID DEBUG http-nio-8888-exec-3 JDBCTemplate SQL:select count(*) from `t_project_config` where ( create_user_id = 1 )
2026-10-04 12:36:55.058 TRACE_ID DEBUG http-nio-8888-exec-4 JDBCTemplate SQL:select count(*) from `t_project_config` where ( create_user_id = 1 )
2026-10-04 12:36:55.066 TRACE_ID DEBUG http-nio-8888-exec-3 JDBCTemplate SQL:select * from `t_project_config` where ( create_user_id = 1 ) order by id DESC limit 0,10
2026-10-04 12:36:55.066 TRACE_ID DEBUG http-nio-8888-exec-4 JDBCTemplate SQL:select * from `t_project_config` where ( create_user_id = 1 ) order by id DESC limit 0,10
2026-10-04 12:36:58.226 TRACE_ID DEBUG http-nio-8888-exec-7 CookieUtility get cookie Authorization
2026-10-04 12:36:58.227 TRACE_ID DEBUG http-nio-8888-exec-8 CookieUtility get cookie Authorization
2026-10-04 12:36:58.241 TRACE_ID DEBUG http-nio-8888-exec-8 JDBCTemplate SQL:select count(*) from `t_table_config` where ( project_id = 1  AND create_user_id = 1 )
2026-10-04 12:36:58.241 TRACE_ID DEBUG http-nio-8888-exec-7 JDBCTemplate SQL:select count(*) from `t_table_config` where ( project_id = 1  AND create_user_id = 1 )
2026-10-04 12:36:58.243 TRACE_ID DEBUG http-nio-8888-exec-8 JDBCTemplate SQL:select * from `t_table_config` where ( project_id = 1  AND create_user_id = 1 ) order by id DESC
2026-10-04 12:36:58.244 TRACE_ID DEBUG http-nio-8888-exec-7 JDBCTemplate SQL:select * from `t_table_config` where ( project_id = 1  AND create_user_id = 1 ) order by id DESC
2026-10-04 12:36:58.252 TRACE_ID DEBUG http-nio-8888-exec-7 JDBCTemplate SQL:select * from `t_project_config` where ( create_user_id = 1  AND status = ENABLE ) order by id DESC
2026-10-04 12:36:58.252 TRACE_ID DEBUG http-nio-8888-exec-8 JDBCTemplate SQL:select * from `t_project_config` where ( create_user_id = 1  AND status = ENABLE ) order by id DESC
2026-10-04 12:37:00.807 TRACE_ID DEBUG http-nio-8888-exec-10 CookieUtility get cookie Authorization
2026-10-04 12:37:00.810 TRACE_ID DEBUG http-nio-8888-exec-10 JDBCTemplate SQL:select `id`,`name`,`full_base_package_name`,`frontend_name`,`chinese_name`,`i18n`,`description`,`module_prefix`,`architectures`,`config`,`wrap_with_parent`,`scaffold`,`create_user_name`,`create_user_id`,`modified_user_id`,`modified_user_name`,`gmt_create`,`gmt_modified`,`deleted`,`status` from `t_project_config` where id=1
2026-10-04 12:37:00.813 TRACE_ID DEBUG http-nio-8888-exec-10 JDBCTemplate SQL:select * from `t_table_config` where ( project_id = 1  AND create_user_id = 1  AND status = ENABLE ) order by id DESC limit 0,10
2026-10-04 12:37:02.341 TRACE_ID DEBUG http-nio-8888-exec-1 CookieUtility get cookie Authorization
2026-10-04 12:37:02.343 TRACE_ID DEBUG http-nio-8888-exec-1 JDBCTemplate SQL:select count(*) from `t_table_config` where ( project_id = 1  AND create_user_id = 1 )
2026-10-04 12:37:02.345 TRACE_ID DEBUG http-nio-8888-exec-1 JDBCTemplate SQL:select * from `t_table_config` where ( project_id = 1  AND create_user_id = 1 ) order by id DESC
2026-10-04 12:37:02.347 TRACE_ID DEBUG http-nio-8888-exec-1 JDBCTemplate SQL:select * from `t_project_config` where ( create_user_id = 1  AND status = ENABLE ) order by id DESC
2026-10-04 12:37:05.157 TRACE_ID DEBUG http-nio-8888-exec-4 CookieUtility get cookie Authorization
2026-10-04 12:37:05.157 TRACE_ID DEBUG http-nio-8888-exec-6 CookieUtility get cookie Authorization
2026-10-04 12:37:05.161 TRACE_ID DEBUG http-nio-8888-exec-6 JDBCTemplate SQL:select count(*) from `t_app` where ( create_user_id = 1 )
2026-10-04 12:37:05.161 TRACE_ID DEBUG http-nio-8888-exec-4 JDBCTemplate SQL:select count(*) from `t_app` where ( create_user_id = 1 )
2026-10-04 12:37:05.163 TRACE_ID DEBUG http-nio-8888-exec-6 JDBCTemplate SQL:select * from `t_app` where ( create_user_id = 1 ) order by id DESC limit 0,10
2026-10-04 12:37:05.163 TRACE_ID DEBUG http-nio-8888-exec-4 JDBCTemplate SQL:select * from `t_app` where ( create_user_id = 1 ) order by id DESC limit 0,10
2026-10-04 12:37:17.764 TRACE_ID DEBUG http-nio-8888-exec-9 CookieUtility get cookie Authorization
2026-10-04 12:37:17.765 TRACE_ID DEBUG http-nio-8888-exec-8 CookieUtility get cookie Authorization
2026-10-04 12:37:17.774 TRACE_ID DEBUG http-nio-8888-exec-8 JDBCTemplate SQL:select count(*) from `t_project_config` where ( create_user_id = 1 )
2026-10-04 12:37:17.774 TRACE_ID DEBUG http-nio-8888-exec-9 JDBCTemplate SQL:select count(*) from `t_project_config` where ( create_user_id = 1 )
2026-10-04 12:37:17.779 TRACE_ID DEBUG http-nio-8888-exec-9 JDBCTemplate SQL:select * from `t_project_config` where ( create_user_id = 1 ) order by id DESC limit 0,10
2026-10-04 12:37:17.779 TRACE_ID DEBUG http-nio-8888-exec-8 JDBCTemplate SQL:select * from `t_project_config` where ( create_user_id = 1 ) order by id DESC limit 0,10
2026-10-04 12:37:21.386 TRACE_ID DEBUG http-nio-8888-exec-2 CookieUtility get cookie Authorization
2026-10-04 12:37:21.386 TRACE_ID DEBUG http-nio-8888-exec-3 CookieUtility get cookie Authorization
2026-10-04 12:37:21.388 TRACE_ID DEBUG http-nio-8888-exec-2 JDBCTemplate SQL:select count(*) from `t_table_config` where ( project_id = 1  AND create_user_id = 1 )
2026-10-04 12:37:21.397 TRACE_ID DEBUG http-nio-8888-exec-2 JDBCTemplate SQL:select * from `t_table_config` where ( project_id = 1  AND create_user_id = 1 ) order by id DESC
2026-10-04 12:37:21.397 TRACE_ID DEBUG http-nio-8888-exec-3 JDBCTemplate SQL:select count(*) from `t_table_config` where ( project_id = 1  AND create_user_id = 1 )
2026-10-04 12:37:21.398 TRACE_ID DEBUG http-nio-8888-exec-3 JDBCTemplate SQL:select * from `t_table_config` where ( project_id = 1  AND create_user_id = 1 ) order by id DESC
2026-10-04 12:37:21.399 TRACE_ID DEBUG http-nio-8888-exec-2 JDBCTemplate SQL:select * from `t_project_config` where ( create_user_id = 1  AND status = ENABLE ) order by id DESC
2026-10-04 12:37:21.399 TRACE_ID DEBUG http-nio-8888-exec-3 JDBCTemplate SQL:select * from `t_project_config` where ( create_user_id = 1  AND status = ENABLE ) order by id DESC
2026-10-04 12:39:21.005 TRACE_ID DEBUG main Application Running with Spring Boot v3.5.0, Spring v6.2.7
2026-10-04 12:39:22.161 TRACE_ID DEBUG main SparrowCorsFilter Filter 'corsFilter' configured for use
2026-10-04 12:39:22.161 TRACE_ID DEBUG main FlashFilter Filter 'flashFilter' configured for use
2026-10-04 12:39:22.511 TRACE_ID DEBUG main DruidCustomPasswordCallback DruidCustomPasswordCallback setProperties, passwordKey:mysql_sparrow_password, password:11111111
2026-10-04 12:39:22.614 TRACE_ID DEBUG main DruidCustomPasswordCallback DruidCustomPasswordCallback setProperties, passwordKey:mysql_sparrow_password, password:11111111
2026-10-04 12:39:22.622 TRACE_ID DEBUG main DruidCustomPasswordCallback DruidCustomPasswordCallback setProperties, passwordKey:mysql_sparrow_password, password:11111111
2026-10-04 12:39:22.624 TRACE_ID DEBUG main DruidCustomPasswordCallback DruidCustomPasswordCallback setProperties, passwordKey:mysql_sparrow_password, password:11111111
2026-10-04 12:39:22.628 TRACE_ID DEBUG main DruidCustomPasswordCallback DruidCustomPasswordCallback setProperties, passwordKey:mysql_sparrow_password, password:11111111
2026-10-04 12:39:22.631 TRACE_ID DEBUG main DruidCustomPasswordCallback DruidCustomPasswordCallback setProperties, passwordKey:mysql_sparrow_password, password:11111111
2026-10-04 12:39:22.634 TRACE_ID DEBUG main DruidCustomPasswordCallback DruidCustomPasswordCallback setProperties, passwordKey:mysql_sparrow_password, password:11111111
2026-10-04 12:39:22.637 TRACE_ID DEBUG main DruidCustomPasswordCallback DruidCustomPasswordCallback setProperties, passwordKey:mysql_sparrow_password, password:11111111
2026-10-04 12:40:12.432 TRACE_ID DEBUG http-nio-8888-exec-3 CookieUtility get cookie Authorization
2026-10-04 12:40:12.432 TRACE_ID DEBUG http-nio-8888-exec-4 CookieUtility get cookie Authorization
2026-10-04 12:40:12.575 TRACE_ID DEBUG http-nio-8888-exec-3 JDBCTemplate SQL:select count(*) from `t_project_config` where ( create_user_id = 1 )
2026-10-04 12:40:12.575 TRACE_ID DEBUG http-nio-8888-exec-4 JDBCTemplate SQL:select count(*) from `t_project_config` where ( create_user_id = 1 )
2026-10-04 12:40:12.586 TRACE_ID DEBUG http-nio-8888-exec-4 JDBCTemplate SQL:select * from `t_project_config` where ( create_user_id = 1 ) order by id DESC limit 0,10
2026-10-04 12:40:12.586 TRACE_ID DEBUG http-nio-8888-exec-3 JDBCTemplate SQL:select * from `t_project_config` where ( create_user_id = 1 ) order by id DESC limit 0,10
2026-10-04 12:40:15.866 TRACE_ID DEBUG http-nio-8888-exec-8 CookieUtility get cookie Authorization
2026-10-04 12:40:15.867 TRACE_ID DEBUG http-nio-8888-exec-7 CookieUtility get cookie Authorization
2026-10-04 12:40:15.876 TRACE_ID DEBUG http-nio-8888-exec-8 JDBCTemplate SQL:select count(*) from `t_table_config` where ( project_id = 1  AND create_user_id = 1 )
2026-10-04 12:40:15.877 TRACE_ID DEBUG http-nio-8888-exec-7 JDBCTemplate SQL:select count(*) from `t_table_config` where ( project_id = 1  AND create_user_id = 1 )
2026-10-04 12:40:15.878 TRACE_ID DEBUG http-nio-8888-exec-8 JDBCTemplate SQL:select * from `t_table_config` where ( project_id = 1  AND create_user_id = 1 ) order by id DESC
2026-10-04 12:40:15.880 TRACE_ID DEBUG http-nio-8888-exec-7 JDBCTemplate SQL:select * from `t_table_config` where ( project_id = 1  AND create_user_id = 1 ) order by id DESC
2026-10-04 12:40:15.884 TRACE_ID DEBUG http-nio-8888-exec-7 JDBCTemplate SQL:select * from `t_project_config` where ( create_user_id = 1  AND status = ENABLE ) order by id DESC
2026-10-04 12:40:15.884 TRACE_ID DEBUG http-nio-8888-exec-8 JDBCTemplate SQL:select * from `t_project_config` where ( create_user_id = 1  AND status = ENABLE ) order by id DESC
2026-10-04 12:40:18.252 TRACE_ID DEBUG http-nio-8888-exec-10 CookieUtility get cookie Authorization
2026-10-04 12:40:18.257 TRACE_ID DEBUG http-nio-8888-exec-10 JDBCTemplate SQL:select `id`,`name`,`full_base_package_name`,`frontend_name`,`chinese_name`,`i18n`,`description`,`module_prefix`,`architectures`,`config`,`wrap_with_parent`,`scaffold`,`create_user_name`,`create_user_id`,`modified_user_id`,`modified_user_name`,`gmt_create`,`gmt_modified`,`deleted`,`status` from `t_project_config` where id=1
2026-10-04 12:40:18.259 TRACE_ID DEBUG http-nio-8888-exec-10 JDBCTemplate SQL:select * from `t_table_config` where ( project_id = 1  AND create_user_id = 1  AND status = ENABLE ) order by id DESC limit 0,10
2026-10-04 12:40:22.011 TRACE_ID DEBUG http-nio-8888-exec-3 CookieUtility get cookie Authorization
2026-10-04 12:40:22.011 TRACE_ID DEBUG http-nio-8888-exec-4 CookieUtility get cookie Authorization
2026-10-04 12:40:22.025 TRACE_ID DEBUG http-nio-8888-exec-3 JDBCTemplate SQL:select count(*) from `t_table_config` where ( project_id = 1  AND create_user_id = 1 )
2026-10-04 12:40:22.026 TRACE_ID DEBUG http-nio-8888-exec-4 JDBCTemplate SQL:select count(*) from `t_table_config` where ( project_id = 1  AND create_user_id = 1 )
2026-10-04 12:40:22.052 TRACE_ID DEBUG http-nio-8888-exec-3 JDBCTemplate SQL:select * from `t_table_config` where ( project_id = 1  AND create_user_id = 1 ) order by id DESC
2026-10-04 12:40:22.052 TRACE_ID DEBUG http-nio-8888-exec-4 JDBCTemplate SQL:select * from `t_table_config` where ( project_id = 1  AND create_user_id = 1 ) order by id DESC
2026-10-04 12:40:22.056 TRACE_ID DEBUG http-nio-8888-exec-4 JDBCTemplate SQL:select * from `t_project_config` where ( create_user_id = 1  AND status = ENABLE ) order by id DESC
2026-10-04 12:40:22.057 TRACE_ID DEBUG http-nio-8888-exec-3 JDBCTemplate SQL:select * from `t_project_config` where ( create_user_id = 1  AND status = ENABLE ) order by id DESC
2026-10-04 12:43:12.334 TRACE_ID DEBUG http-nio-8888-exec-10 CookieUtility get cookie Authorization
2026-10-04 12:43:12.334 TRACE_ID DEBUG http-nio-8888-exec-9 CookieUtility get cookie Authorization
2026-10-04 12:43:12.344 TRACE_ID DEBUG http-nio-8888-exec-9 JDBCTemplate SQL:select count(*) from `t_table_config` where ( project_id = 1  AND create_user_id = 1 )
2026-10-04 12:43:12.344 TRACE_ID DEBUG http-nio-8888-exec-10 JDBCTemplate SQL:select count(*) from `t_table_config` where ( project_id = 1  AND create_user_id = 1 )
2026-10-04 12:43:12.352 TRACE_ID DEBUG http-nio-8888-exec-10 JDBCTemplate SQL:select * from `t_table_config` where ( project_id = 1  AND create_user_id = 1 ) order by id DESC
2026-10-04 12:43:12.352 TRACE_ID DEBUG http-nio-8888-exec-9 JDBCTemplate SQL:select * from `t_table_config` where ( project_id = 1  AND create_user_id = 1 ) order by id DESC
2026-10-04 12:43:12.359 TRACE_ID DEBUG http-nio-8888-exec-10 JDBCTemplate SQL:select * from `t_project_config` where ( create_user_id = 1  AND status = ENABLE ) order by id DESC
2026-10-04 12:43:12.359 TRACE_ID DEBUG http-nio-8888-exec-9 JDBCTemplate SQL:select * from `t_project_config` where ( create_user_id = 1  AND status = ENABLE ) order by id DESC
2026-10-04 12:44:15.193 TRACE_ID DEBUG http-nio-8888-exec-4 CookieUtility get cookie Authorization
2026-10-04 12:44:15.202 TRACE_ID DEBUG http-nio-8888-exec-4 JDBCTemplate SQL:select count(*) from `t_table_config` where ( project_id = 1  AND create_user_id = 1 )
2026-10-04 12:44:15.205 TRACE_ID DEBUG http-nio-8888-exec-4 JDBCTemplate SQL:select * from `t_table_config` where ( project_id = 1  AND create_user_id = 1 ) order by id DESC
2026-10-04 12:44:15.210 TRACE_ID DEBUG http-nio-8888-exec-4 JDBCTemplate SQL:select * from `t_project_config` where ( create_user_id = 1  AND status = ENABLE ) order by id DESC
2026-10-04 12:44:15.405 TRACE_ID DEBUG http-nio-8888-exec-5 CookieUtility get cookie Authorization
2026-10-04 12:44:15.406 TRACE_ID DEBUG http-nio-8888-exec-5 JDBCTemplate SQL:select count(*) from `t_table_config` where ( project_id = 1  AND create_user_id = 1 )
2026-10-04 12:44:15.408 TRACE_ID DEBUG http-nio-8888-exec-5 JDBCTemplate SQL:select * from `t_table_config` where ( project_id = 1  AND create_user_id = 1 ) order by id DESC
2026-10-04 12:44:15.410 TRACE_ID DEBUG http-nio-8888-exec-5 JDBCTemplate SQL:select * from `t_project_config` where ( create_user_id = 1  AND status = ENABLE ) order by id DESC
2026-10-04 12:45:10.633 TRACE_ID DEBUG main Application Running with Spring Boot v3.5.0, Spring v6.2.7
2026-10-04 12:45:11.966 TRACE_ID DEBUG main SparrowCorsFilter Filter 'corsFilter' configured for use
2026-10-04 12:45:11.967 TRACE_ID DEBUG main FlashFilter Filter 'flashFilter' configured for use
2026-10-04 12:45:12.692 TRACE_ID DEBUG main DruidCustomPasswordCallback DruidCustomPasswordCallback setProperties, passwordKey:mysql_sparrow_password, password:11111111
2026-10-04 12:45:12.845 TRACE_ID DEBUG main DruidCustomPasswordCallback DruidCustomPasswordCallback setProperties, passwordKey:mysql_sparrow_password, password:11111111
2026-10-04 12:45:12.848 TRACE_ID DEBUG main DruidCustomPasswordCallback DruidCustomPasswordCallback setProperties, passwordKey:mysql_sparrow_password, password:11111111
2026-10-04 12:45:12.851 TRACE_ID DEBUG main DruidCustomPasswordCallback DruidCustomPasswordCallback setProperties, passwordKey:mysql_sparrow_password, password:11111111
2026-10-04 12:45:12.854 TRACE_ID DEBUG main DruidCustomPasswordCallback DruidCustomPasswordCallback setProperties, passwordKey:mysql_sparrow_password, password:11111111
2026-10-04 12:45:12.857 TRACE_ID DEBUG main DruidCustomPasswordCallback DruidCustomPasswordCallback setProperties, passwordKey:mysql_sparrow_password, password:11111111
2026-10-04 12:45:12.859 TRACE_ID DEBUG main DruidCustomPasswordCallback DruidCustomPasswordCallback setProperties, passwordKey:mysql_sparrow_password, password:11111111
2026-10-04 12:45:12.861 TRACE_ID DEBUG main DruidCustomPasswordCallback DruidCustomPasswordCallback setProperties, passwordKey:mysql_sparrow_password, password:11111111
2026-10-04 12:45:15.454 TRACE_ID DEBUG http-nio-8888-exec-4 CookieUtility get cookie Authorization
2026-10-04 12:45:15.454 TRACE_ID DEBUG http-nio-8888-exec-3 CookieUtility get cookie Authorization
2026-10-04 12:45:15.598 TRACE_ID DEBUG http-nio-8888-exec-3 JDBCTemplate SQL:select count(*) from `t_table_config` where ( project_id = 1  AND create_user_id = 1 )
2026-10-04 12:45:15.598 TRACE_ID DEBUG http-nio-8888-exec-4 JDBCTemplate SQL:select count(*) from `t_table_config` where ( project_id = 1  AND create_user_id = 1 )
2026-10-04 12:45:15.605 TRACE_ID DEBUG http-nio-8888-exec-3 JDBCTemplate SQL:select * from `t_table_config` where ( project_id = 1  AND create_user_id = 1 ) order by id DESC
2026-10-04 12:45:15.605 TRACE_ID DEBUG http-nio-8888-exec-4 JDBCTemplate SQL:select * from `t_table_config` where ( project_id = 1  AND create_user_id = 1 ) order by id DESC
2026-10-04 12:45:15.611 TRACE_ID DEBUG http-nio-8888-exec-4 JDBCTemplate SQL:select * from `t_project_config` where ( create_user_id = 1  AND status = ENABLE ) order by id DESC
2026-10-04 12:45:15.611 TRACE_ID DEBUG http-nio-8888-exec-3 JDBCTemplate SQL:select * from `t_project_config` where ( create_user_id = 1  AND status = ENABLE ) order by id DESC
2026-10-04 12:46:09.916 TRACE_ID DEBUG http-nio-8888-exec-6 CookieUtility get cookie Authorization
2026-10-04 12:46:09.943 TRACE_ID DEBUG http-nio-8888-exec-6 JDBCTemplate SQL:update `t_table_config` set 
`project_id`=1,
`description`=,
`locked`=false,
`checkable`=0,
`row_menu`=998,
`column_filter`=999,
`status_command`=true,
`column_configs`=[{"allowNull":true,"cellType":1,"chineseName":"","columnType":1,"controlType":4,"datasourceParams":"","datasourceType":1,"defaultHidden":false,"defaultValue":"","enableHidden":true,"headerType":1,"javaType":"java.lang.Long","number":true,"placeholder":"","propertyName":"id","searchType":1,"showInEdit":true,"showInList":true,"showInSearch":false,"sort":0},{"allowNull":false,"cellType":1,"chineseName":"租户ID，0=全局，>0=租户私有","columnType":1,"controlType":1,"datasourceParams":"","datasourceType":1,"defaultHidden":false,"defaultValue":"","enableHidden":true,"headerType":1,"javaType":"java.lang.Long","number":true,"placeholder":"","propertyName":"tenantId","searchType":1,"showInEdit":true,"showInList":true,"showInSearch":false,"sort":1,"validateType":"digital"},{"allowNull":false,"cellType":1,"chineseName":"应用编码","columnType":1,"controlType":1,"datasourceParams":"","datasourceType":1,"defaultHidden":false,"defaultValue":"","enableHidden":true,"headerType":1,"javaType":"java.lang.String","number":false,"placeholder":"","propertyName":"code","searchType":1,"showInEdit":true,"showInList":true,"showInSearch":true,"sort":2,"validateType":"string"},{"allowNull":false,"cellType":1,"chineseName":"应用名称","columnType":1,"controlType":1,"datasourceParams":"","datasourceType":1,"defaultHidden":false,"defaultValue":"","enableHidden":true,"headerType":1,"javaType":"java.lang.String","number":false,"placeholder":"","propertyName":"name","searchType":1,"showInEdit":true,"showInList":true,"showInSearch":true,"sort":3,"validateType":"string"},{"allowNull":false,"cellType":1,"chineseName":"排序","columnType":1,"controlType":1,"datasourceParams":"","datasourceType":1,"defaultHidden":false,"defaultValue":"","enableHidden":true,"headerType":1,"javaType":"java.lang.Integer","number":true,"placeholder":"","propertyName":"sort","searchType":1,"showInEdit":true,"showInList":true,"showInSearch":false,"sort":4,"validateType":"digital"},{"allowNull":false,"cellType":"7","chineseName":"logo地址","columnType":1,"controlType":"15","datasourceParams":"","datasourceType":1,"defaultHidden":false,"defaultValue":"","enableHidden":true,"headerType":1,"javaType":"java.lang.String","number":false,"placeholder":"","propertyName":"logo","searchType":1,"showInEdit":true,"showInList":true,"showInSearch":false,"sort":5,"validateType":"string"},{"allowNull":false,"cellType":1,"chineseName":"备注","columnType":1,"controlType":6,"datasourceParams":"","datasourceType":1,"defaultHidden":true,"defaultValue":"","enableHidden":false,"headerType":1,"javaType":"java.lang.String","number":false,"placeholder":"","propertyName":"remark","searchType":1,"showInEdit":true,"showInList":false,"showInSearch":false,"sort":6,"validateType":"string"}],
`page_size`=10,
`only_access_self`=true,
`modified_user_id`=1,
`modified_user_name`=mock-user,
`gmt_modified`=1791089169938,
`deleted`=false where id=42
2026-10-04 12:46:18.246 TRACE_ID DEBUG http-nio-8888-exec-9 CookieUtility get cookie Authorization
2026-10-04 12:46:18.251 TRACE_ID DEBUG http-nio-8888-exec-9 JDBCTemplate SQL:select `id`,`name`,`full_base_package_name`,`frontend_name`,`chinese_name`,`i18n`,`description`,`module_prefix`,`architectures`,`config`,`wrap_with_parent`,`scaffold`,`create_user_name`,`create_user_id`,`modified_user_id`,`modified_user_name`,`gmt_create`,`gmt_modified`,`deleted`,`status` from `t_project_config` where id=1
2026-10-04 12:46:18.254 TRACE_ID DEBUG http-nio-8888-exec-9 JDBCTemplate SQL:select * from `t_table_config` where ( project_id = 1  AND create_user_id = 1  AND status = ENABLE ) order by id DESC limit 0,10
2026-10-04 12:46:55.902 TRACE_ID DEBUG http-nio-8888-exec-1 CookieUtility get cookie Authorization
2026-10-04 12:46:55.933 TRACE_ID DEBUG http-nio-8888-exec-1 JDBCTemplate SQL:select count(*) from `t_table_config` where ( project_id = 1  AND create_user_id = 1 )
2026-10-04 12:46:55.937 TRACE_ID DEBUG http-nio-8888-exec-1 JDBCTemplate SQL:select * from `t_table_config` where ( project_id = 1  AND create_user_id = 1 ) order by id DESC
2026-10-04 12:46:55.943 TRACE_ID DEBUG http-nio-8888-exec-1 JDBCTemplate SQL:select * from `t_project_config` where ( create_user_id = 1  AND status = ENABLE ) order by id DESC
2026-10-04 12:46:56.392 TRACE_ID DEBUG http-nio-8888-exec-2 CookieUtility get cookie Authorization
2026-10-04 12:46:56.394 TRACE_ID DEBUG http-nio-8888-exec-2 JDBCTemplate SQL:select count(*) from `t_table_config` where ( project_id = 1  AND create_user_id = 1 )
2026-10-04 12:46:56.397 TRACE_ID DEBUG http-nio-8888-exec-2 JDBCTemplate SQL:select * from `t_table_config` where ( project_id = 1  AND create_user_id = 1 ) order by id DESC
2026-10-04 12:46:56.400 TRACE_ID DEBUG http-nio-8888-exec-2 JDBCTemplate SQL:select * from `t_project_config` where ( create_user_id = 1  AND status = ENABLE ) order by id DESC
2026-10-04 12:47:10.803 TRACE_ID DEBUG http-nio-8888-exec-5 CookieUtility get cookie Authorization
2026-10-04 12:47:10.803 TRACE_ID DEBUG http-nio-8888-exec-6 CookieUtility get cookie Authorization
2026-10-04 12:47:10.822 TRACE_ID DEBUG http-nio-8888-exec-5 JDBCTemplate SQL:select count(*) from `t_app` where ( create_user_id = 1 )
2026-10-04 12:47:10.822 TRACE_ID DEBUG http-nio-8888-exec-6 JDBCTemplate SQL:select count(*) from `t_app` where ( create_user_id = 1 )
2026-10-04 12:47:10.825 TRACE_ID DEBUG http-nio-8888-exec-5 JDBCTemplate SQL:select * from `t_app` where ( create_user_id = 1 ) order by id DESC limit 0,10
2026-10-04 12:47:10.825 TRACE_ID DEBUG http-nio-8888-exec-6 JDBCTemplate SQL:select * from `t_app` where ( create_user_id = 1 ) order by id DESC limit 0,10
2026-10-04 12:53:55.866 TRACE_ID DEBUG http-nio-8888-exec-1 CookieUtility get cookie Authorization
2026-10-04 12:53:55.866 TRACE_ID DEBUG http-nio-8888-exec-2 CookieUtility get cookie Authorization
2026-10-04 12:53:55.896 TRACE_ID DEBUG http-nio-8888-exec-2 JDBCTemplate SQL:select count(*) from `t_app` where ( create_user_id = 1 )
2026-10-04 12:53:55.896 TRACE_ID DEBUG http-nio-8888-exec-1 JDBCTemplate SQL:select count(*) from `t_app` where ( create_user_id = 1 )
2026-10-04 12:53:55.943 TRACE_ID DEBUG http-nio-8888-exec-1 JDBCTemplate SQL:select * from `t_app` where ( create_user_id = 1 ) order by id DESC limit 0,10
2026-10-04 12:53:55.943 TRACE_ID DEBUG http-nio-8888-exec-2 JDBCTemplate SQL:select * from `t_app` where ( create_user_id = 1 ) order by id DESC limit 0,10
2026-10-04 13:00:08.252 TRACE_ID DEBUG http-nio-8888-exec-5 CookieUtility get cookie Authorization
2026-10-04 13:00:08.291 TRACE_ID DEBUG http-nio-8888-exec-5 JDBCTemplate SQL:select count(*) from `t_table_config` where ( project_id = 1  AND create_user_id = 1 )
2026-10-04 13:00:08.341 TRACE_ID DEBUG http-nio-8888-exec-5 JDBCTemplate SQL:select * from `t_table_config` where ( project_id = 1  AND create_user_id = 1 ) order by id DESC
2026-10-04 13:00:08.347 TRACE_ID DEBUG http-nio-8888-exec-5 JDBCTemplate SQL:select * from `t_project_config` where ( create_user_id = 1  AND status = ENABLE ) order by id DESC
2026-10-04 13:00:08.951 TRACE_ID DEBUG http-nio-8888-exec-9 CookieUtility get cookie Authorization
2026-10-04 13:00:08.953 TRACE_ID DEBUG http-nio-8888-exec-10 CookieUtility get cookie Authorization
2026-10-04 13:00:08.953 TRACE_ID DEBUG http-nio-8888-exec-9 JDBCTemplate SQL:select count(*) from `t_app` where ( create_user_id = 1 )
2026-10-04 13:00:08.954 TRACE_ID DEBUG http-nio-8888-exec-10 JDBCTemplate SQL:select count(*) from `t_app` where ( create_user_id = 1 )
2026-10-04 13:00:08.954 TRACE_ID DEBUG http-nio-8888-exec-9 JDBCTemplate SQL:select * from `t_app` where ( create_user_id = 1 ) order by id DESC limit 0,10
2026-10-04 13:00:08.957 TRACE_ID DEBUG http-nio-8888-exec-10 JDBCTemplate SQL:select * from `t_app` where ( create_user_id = 1 ) order by id DESC limit 0,10
2026-10-04 13:00:14.450 TRACE_ID DEBUG http-nio-8888-exec-4 CookieUtility get cookie Authorization
2026-10-04 13:00:14.450 TRACE_ID DEBUG http-nio-8888-exec-3 CookieUtility get cookie Authorization
2026-10-04 13:00:14.457 TRACE_ID DEBUG http-nio-8888-exec-3 JDBCTemplate SQL:select count(*) from `t_table_config` where ( project_id = 1  AND create_user_id = 1 )
2026-10-04 13:00:14.457 TRACE_ID DEBUG http-nio-8888-exec-4 JDBCTemplate SQL:select count(*) from `t_table_config` where ( project_id = 1  AND create_user_id = 1 )
2026-10-04 13:00:14.460 TRACE_ID DEBUG http-nio-8888-exec-3 JDBCTemplate SQL:select * from `t_table_config` where ( project_id = 1  AND create_user_id = 1 ) order by id DESC
2026-10-04 13:00:14.460 TRACE_ID DEBUG http-nio-8888-exec-4 JDBCTemplate SQL:select * from `t_table_config` where ( project_id = 1  AND create_user_id = 1 ) order by id DESC
2026-10-04 13:00:14.463 TRACE_ID DEBUG http-nio-8888-exec-3 JDBCTemplate SQL:select * from `t_project_config` where ( create_user_id = 1  AND status = ENABLE ) order by id DESC
2026-10-04 13:00:14.463 TRACE_ID DEBUG http-nio-8888-exec-4 JDBCTemplate SQL:select * from `t_project_config` where ( create_user_id = 1  AND status = ENABLE ) order by id DESC
2026-10-04 13:04:59.895 TRACE_ID DEBUG main Application Running with Spring Boot v3.5.0, Spring v6.2.7
2026-10-04 13:05:01.033 TRACE_ID DEBUG main SparrowCorsFilter Filter 'corsFilter' configured for use
2026-10-04 13:05:01.033 TRACE_ID DEBUG main FlashFilter Filter 'flashFilter' configured for use
2026-10-04 13:05:01.417 TRACE_ID DEBUG main DruidCustomPasswordCallback DruidCustomPasswordCallback setProperties, passwordKey:mysql_sparrow_password, password:11111111
2026-10-04 13:05:01.546 TRACE_ID DEBUG main DruidCustomPasswordCallback DruidCustomPasswordCallback setProperties, passwordKey:mysql_sparrow_password, password:11111111
2026-10-04 13:05:01.552 TRACE_ID DEBUG main DruidCustomPasswordCallback DruidCustomPasswordCallback setProperties, passwordKey:mysql_sparrow_password, password:11111111
2026-10-04 13:05:01.555 TRACE_ID DEBUG main DruidCustomPasswordCallback DruidCustomPasswordCallback setProperties, passwordKey:mysql_sparrow_password, password:11111111
2026-10-04 13:05:01.560 TRACE_ID DEBUG main DruidCustomPasswordCallback DruidCustomPasswordCallback setProperties, passwordKey:mysql_sparrow_password, password:11111111
2026-10-04 13:05:01.563 TRACE_ID DEBUG main DruidCustomPasswordCallback DruidCustomPasswordCallback setProperties, passwordKey:mysql_sparrow_password, password:11111111
2026-10-04 13:05:01.567 TRACE_ID DEBUG main DruidCustomPasswordCallback DruidCustomPasswordCallback setProperties, passwordKey:mysql_sparrow_password, password:11111111
2026-10-04 13:05:01.570 TRACE_ID DEBUG main DruidCustomPasswordCallback DruidCustomPasswordCallback setProperties, passwordKey:mysql_sparrow_password, password:11111111
2026-10-04 13:05:15.951 TRACE_ID DEBUG http-nio-8888-exec-3 CookieUtility get cookie Authorization
2026-10-04 13:05:15.951 TRACE_ID DEBUG http-nio-8888-exec-4 CookieUtility get cookie Authorization
2026-10-04 13:05:16.112 TRACE_ID DEBUG http-nio-8888-exec-3 JDBCTemplate SQL:select count(*) from `t_project_config` where ( create_user_id = 1 )
2026-10-04 13:05:16.112 TRACE_ID DEBUG http-nio-8888-exec-4 JDBCTemplate SQL:select count(*) from `t_project_config` where ( create_user_id = 1 )
2026-10-04 13:05:16.140 TRACE_ID DEBUG http-nio-8888-exec-3 JDBCTemplate SQL:select * from `t_project_config` where ( create_user_id = 1 ) order by id DESC limit 0,10
2026-10-04 13:05:16.140 TRACE_ID DEBUG http-nio-8888-exec-4 JDBCTemplate SQL:select * from `t_project_config` where ( create_user_id = 1 ) order by id DESC limit 0,10
2026-10-04 13:05:19.574 TRACE_ID DEBUG http-nio-8888-exec-7 CookieUtility get cookie Authorization
2026-10-04 13:05:19.574 TRACE_ID DEBUG http-nio-8888-exec-8 CookieUtility get cookie Authorization
2026-10-04 13:05:19.580 TRACE_ID DEBUG http-nio-8888-exec-8 JDBCTemplate SQL:select count(*) from `t_table_config` where ( project_id = 1  AND create_user_id = 1 )
2026-10-04 13:05:19.580 TRACE_ID DEBUG http-nio-8888-exec-7 JDBCTemplate SQL:select count(*) from `t_table_config` where ( project_id = 1  AND create_user_id = 1 )
2026-10-04 13:05:19.583 TRACE_ID DEBUG http-nio-8888-exec-7 JDBCTemplate SQL:select * from `t_table_config` where ( project_id = 1  AND create_user_id = 1 ) order by id DESC
2026-10-04 13:05:19.583 TRACE_ID DEBUG http-nio-8888-exec-8 JDBCTemplate SQL:select * from `t_table_config` where ( project_id = 1  AND create_user_id = 1 ) order by id DESC
2026-10-04 13:05:19.587 TRACE_ID DEBUG http-nio-8888-exec-7 JDBCTemplate SQL:select * from `t_project_config` where ( create_user_id = 1  AND status = ENABLE ) order by id DESC
2026-10-04 13:05:19.587 TRACE_ID DEBUG http-nio-8888-exec-8 JDBCTemplate SQL:select * from `t_project_config` where ( create_user_id = 1  AND status = ENABLE ) order by id DESC
2026-10-04 13:05:22.326 TRACE_ID DEBUG http-nio-8888-exec-10 CookieUtility get cookie Authorization
2026-10-04 13:05:22.330 TRACE_ID DEBUG http-nio-8888-exec-10 JDBCTemplate SQL:select `id`,`name`,`full_base_package_name`,`frontend_name`,`chinese_name`,`i18n`,`description`,`module_prefix`,`architectures`,`config`,`wrap_with_parent`,`scaffold`,`create_user_name`,`create_user_id`,`modified_user_id`,`modified_user_name`,`gmt_create`,`gmt_modified`,`deleted`,`status` from `t_project_config` where id=1
2026-10-04 13:05:22.334 TRACE_ID DEBUG http-nio-8888-exec-10 JDBCTemplate SQL:select * from `t_table_config` where ( project_id = 1  AND create_user_id = 1  AND status = ENABLE ) order by id DESC limit 0,10
2026-10-04 13:05:22.792 TRACE_ID DEBUG http-nio-8888-exec-2 CookieUtility get cookie Authorization
2026-10-04 13:05:22.796 TRACE_ID DEBUG http-nio-8888-exec-2 JDBCTemplate SQL:select count(*) from `t_table_config` where ( project_id = 1  AND create_user_id = 1 )
2026-10-04 13:05:22.799 TRACE_ID DEBUG http-nio-8888-exec-2 JDBCTemplate SQL:select * from `t_table_config` where ( project_id = 1  AND create_user_id = 1 ) order by id DESC
2026-10-04 13:05:22.802 TRACE_ID DEBUG http-nio-8888-exec-2 JDBCTemplate SQL:select * from `t_project_config` where ( create_user_id = 1  AND status = ENABLE ) order by id DESC
2026-10-04 13:05:22.813 TRACE_ID DEBUG http-nio-8888-exec-1 CookieUtility get cookie Authorization
2026-10-04 13:05:22.815 TRACE_ID DEBUG http-nio-8888-exec-1 JDBCTemplate SQL:select count(*) from `t_table_config` where ( project_id = 1  AND create_user_id = 1 )
2026-10-04 13:05:22.816 TRACE_ID DEBUG http-nio-8888-exec-1 JDBCTemplate SQL:select * from `t_table_config` where ( project_id = 1  AND create_user_id = 1 ) order by id DESC
2026-10-04 13:05:22.818 TRACE_ID DEBUG http-nio-8888-exec-1 JDBCTemplate SQL:select * from `t_project_config` where ( create_user_id = 1  AND status = ENABLE ) order by id DESC
2026-10-04 13:05:26.951 TRACE_ID DEBUG http-nio-8888-exec-5 CookieUtility get cookie Authorization
2026-10-04 13:05:26.951 TRACE_ID DEBUG http-nio-8888-exec-6 CookieUtility get cookie Authorization
2026-10-04 13:05:26.954 TRACE_ID DEBUG http-nio-8888-exec-6 JDBCTemplate SQL:select count(*) from `t_table_config` where ( project_id = 1  AND create_user_id = 1 )
2026-10-04 13:05:26.955 TRACE_ID DEBUG http-nio-8888-exec-5 JDBCTemplate SQL:select count(*) from `t_table_config` where ( project_id = 1  AND create_user_id = 1 )
2026-10-04 13:05:26.957 TRACE_ID DEBUG http-nio-8888-exec-6 JDBCTemplate SQL:select * from `t_table_config` where ( project_id = 1  AND create_user_id = 1 ) order by id DESC
2026-10-04 13:05:26.957 TRACE_ID DEBUG http-nio-8888-exec-5 JDBCTemplate SQL:select * from `t_table_config` where ( project_id = 1  AND create_user_id = 1 ) order by id DESC
2026-10-04 13:05:26.958 TRACE_ID DEBUG http-nio-8888-exec-6 JDBCTemplate SQL:select * from `t_project_config` where ( create_user_id = 1  AND status = ENABLE ) order by id DESC
2026-10-04 13:05:26.958 TRACE_ID DEBUG http-nio-8888-exec-5 JDBCTemplate SQL:select * from `t_project_config` where ( create_user_id = 1  AND status = ENABLE ) order by id DESC
2026-10-04 13:05:33.969 TRACE_ID DEBUG http-nio-8888-exec-10 CookieUtility get cookie Authorization
2026-10-04 13:05:33.969 TRACE_ID DEBUG http-nio-8888-exec-9 CookieUtility get cookie Authorization
2026-10-04 13:05:33.974 TRACE_ID DEBUG http-nio-8888-exec-9 JDBCTemplate SQL:select count(*) from `t_app` where ( create_user_id = 1 )
2026-10-04 13:05:33.974 TRACE_ID DEBUG http-nio-8888-exec-10 JDBCTemplate SQL:select count(*) from `t_app` where ( create_user_id = 1 )
2026-10-04 13:05:33.977 TRACE_ID DEBUG http-nio-8888-exec-10 JDBCTemplate SQL:select * from `t_app` where ( create_user_id = 1 ) order by id DESC limit 0,10
2026-10-04 13:05:33.977 TRACE_ID DEBUG http-nio-8888-exec-9 JDBCTemplate SQL:select * from `t_app` where ( create_user_id = 1 ) order by id DESC limit 0,10
2026-10-04 13:06:57.299 TRACE_ID DEBUG http-nio-8888-exec-6 CookieUtility get cookie Authorization
2026-10-04 13:06:57.299 TRACE_ID DEBUG http-nio-8888-exec-5 CookieUtility get cookie Authorization
2026-10-04 13:06:57.311 TRACE_ID DEBUG http-nio-8888-exec-6 JDBCTemplate SQL:select count(*) from `t_project_config` where ( create_user_id = 1 )
2026-10-04 13:06:57.311 TRACE_ID DEBUG http-nio-8888-exec-5 JDBCTemplate SQL:select count(*) from `t_project_config` where ( create_user_id = 1 )
2026-10-04 13:06:57.314 TRACE_ID DEBUG http-nio-8888-exec-5 JDBCTemplate SQL:select * from `t_project_config` where ( create_user_id = 1 ) order by id DESC limit 0,10
2026-10-04 13:06:57.314 TRACE_ID DEBUG http-nio-8888-exec-6 JDBCTemplate SQL:select * from `t_project_config` where ( create_user_id = 1 ) order by id DESC limit 0,10
2026-10-04 13:07:00.708 TRACE_ID DEBUG http-nio-8888-exec-10 CookieUtility get cookie Authorization
2026-10-04 13:07:00.708 TRACE_ID DEBUG http-nio-8888-exec-9 CookieUtility get cookie Authorization
2026-10-04 13:07:00.710 TRACE_ID DEBUG http-nio-8888-exec-10 JDBCTemplate SQL:select count(*) from `t_table_config` where ( project_id = 1  AND create_user_id = 1 )
2026-10-04 13:07:00.710 TRACE_ID DEBUG http-nio-8888-exec-9 JDBCTemplate SQL:select count(*) from `t_table_config` where ( project_id = 1  AND create_user_id = 1 )
2026-10-04 13:07:00.712 TRACE_ID DEBUG http-nio-8888-exec-9 JDBCTemplate SQL:select * from `t_table_config` where ( project_id = 1  AND create_user_id = 1 ) order by id DESC
2026-10-04 13:07:00.712 TRACE_ID DEBUG http-nio-8888-exec-10 JDBCTemplate SQL:select * from `t_table_config` where ( project_id = 1  AND create_user_id = 1 ) order by id DESC
2026-10-04 13:07:00.715 TRACE_ID DEBUG http-nio-8888-exec-10 JDBCTemplate SQL:select * from `t_project_config` where ( create_user_id = 1  AND status = ENABLE ) order by id DESC
2026-10-04 13:07:00.715 TRACE_ID DEBUG http-nio-8888-exec-9 JDBCTemplate SQL:select * from `t_project_config` where ( create_user_id = 1  AND status = ENABLE ) order by id DESC
2026-10-04 13:07:03.280 TRACE_ID DEBUG http-nio-8888-exec-2 CookieUtility get cookie Authorization
2026-10-04 13:07:03.282 TRACE_ID DEBUG http-nio-8888-exec-2 JDBCTemplate SQL:select `id`,`name`,`full_base_package_name`,`frontend_name`,`chinese_name`,`i18n`,`description`,`module_prefix`,`architectures`,`config`,`wrap_with_parent`,`scaffold`,`create_user_name`,`create_user_id`,`modified_user_id`,`modified_user_name`,`gmt_create`,`gmt_modified`,`deleted`,`status` from `t_project_config` where id=1
2026-10-04 13:07:03.284 TRACE_ID DEBUG http-nio-8888-exec-2 JDBCTemplate SQL:select * from `t_table_config` where ( project_id = 1  AND create_user_id = 1  AND status = ENABLE ) order by id DESC limit 0,10
2026-10-04 13:07:07.454 TRACE_ID DEBUG http-nio-8888-exec-5 CookieUtility get cookie Authorization
2026-10-04 13:07:07.454 TRACE_ID DEBUG http-nio-8888-exec-6 CookieUtility get cookie Authorization
2026-10-04 13:07:07.459 TRACE_ID DEBUG http-nio-8888-exec-5 JDBCTemplate SQL:select count(*) from `t_app` where ( create_user_id = 1 )
2026-10-04 13:07:07.459 TRACE_ID DEBUG http-nio-8888-exec-6 JDBCTemplate SQL:select count(*) from `t_app` where ( create_user_id = 1 )
2026-10-04 13:07:07.460 TRACE_ID DEBUG http-nio-8888-exec-5 JDBCTemplate SQL:select * from `t_app` where ( create_user_id = 1 ) order by id DESC limit 0,10
2026-10-04 13:07:07.460 TRACE_ID DEBUG http-nio-8888-exec-6 JDBCTemplate SQL:select * from `t_app` where ( create_user_id = 1 ) order by id DESC limit 0,10
2026-10-04 13:07:21.857 TRACE_ID DEBUG http-nio-8888-exec-10 CookieUtility get cookie Authorization
2026-10-04 13:07:21.857 TRACE_ID DEBUG http-nio-8888-exec-9 CookieUtility get cookie Authorization
2026-10-04 13:07:21.861 TRACE_ID DEBUG http-nio-8888-exec-10 JDBCTemplate SQL:select count(*) from `t_app` where ( create_user_id = 1 )
2026-10-04 13:07:21.861 TRACE_ID DEBUG http-nio-8888-exec-9 JDBCTemplate SQL:select count(*) from `t_app` where ( create_user_id = 1 )
2026-10-04 13:07:21.863 TRACE_ID DEBUG http-nio-8888-exec-10 JDBCTemplate SQL:select * from `t_app` where ( create_user_id = 1 ) order by id DESC limit 0,10
2026-10-04 13:07:21.863 TRACE_ID DEBUG http-nio-8888-exec-9 JDBCTemplate SQL:select * from `t_app` where ( create_user_id = 1 ) order by id DESC limit 0,10
2026-10-04 13:08:27.371 TRACE_ID DEBUG http-nio-8888-exec-5 CookieUtility get cookie Authorization
2026-10-04 13:08:27.371 TRACE_ID DEBUG http-nio-8888-exec-6 CookieUtility get cookie Authorization
2026-10-04 13:08:27.414 TRACE_ID DEBUG http-nio-8888-exec-5 JDBCTemplate SQL:select count(*) from `t_app` where ( create_user_id = 1 )
2026-10-04 13:08:27.413 TRACE_ID DEBUG http-nio-8888-exec-6 JDBCTemplate SQL:select count(*) from `t_app` where ( create_user_id = 1 )
2026-10-04 13:08:27.427 TRACE_ID DEBUG http-nio-8888-exec-6 JDBCTemplate SQL:select * from `t_app` where ( create_user_id = 1 ) order by id DESC limit 0,10
2026-10-04 13:08:27.427 TRACE_ID DEBUG http-nio-8888-exec-5 JDBCTemplate SQL:select * from `t_app` where ( create_user_id = 1 ) order by id DESC limit 0,10
2026-10-04 13:08:37.459 TRACE_ID DEBUG http-nio-8888-exec-10 CookieUtility get cookie Authorization
2026-10-04 13:08:37.459 TRACE_ID DEBUG http-nio-8888-exec-9 CookieUtility get cookie Authorization
2026-10-04 13:08:37.469 TRACE_ID DEBUG http-nio-8888-exec-9 JDBCTemplate SQL:select count(*) from `t_project_config` where ( create_user_id = 1 )
2026-10-04 13:08:37.469 TRACE_ID DEBUG http-nio-8888-exec-10 JDBCTemplate SQL:select count(*) from `t_project_config` where ( create_user_id = 1 )
2026-10-04 13:08:37.471 TRACE_ID DEBUG http-nio-8888-exec-9 JDBCTemplate SQL:select * from `t_project_config` where ( create_user_id = 1 ) order by id DESC limit 0,10
2026-10-04 13:08:37.471 TRACE_ID DEBUG http-nio-8888-exec-10 JDBCTemplate SQL:select * from `t_project_config` where ( create_user_id = 1 ) order by id DESC limit 0,10
2026-10-04 13:08:40.538 TRACE_ID DEBUG http-nio-8888-exec-4 CookieUtility get cookie Authorization
2026-10-04 13:08:40.540 TRACE_ID DEBUG http-nio-8888-exec-3 CookieUtility get cookie Authorization
2026-10-04 13:08:40.542 TRACE_ID DEBUG http-nio-8888-exec-4 JDBCTemplate SQL:select count(*) from `t_table_config` where ( project_id = 1  AND create_user_id = 1 )
2026-10-04 13:08:40.544 TRACE_ID DEBUG http-nio-8888-exec-3 JDBCTemplate SQL:select count(*) from `t_table_config` where ( project_id = 1  AND create_user_id = 1 )
2026-10-04 13:08:40.546 TRACE_ID DEBUG http-nio-8888-exec-4 JDBCTemplate SQL:select * from `t_table_config` where ( project_id = 1  AND create_user_id = 1 ) order by id DESC
2026-10-04 13:08:40.547 TRACE_ID DEBUG http-nio-8888-exec-3 JDBCTemplate SQL:select * from `t_table_config` where ( project_id = 1  AND create_user_id = 1 ) order by id DESC
2026-10-04 13:08:40.549 TRACE_ID DEBUG http-nio-8888-exec-4 JDBCTemplate SQL:select * from `t_project_config` where ( create_user_id = 1  AND status = ENABLE ) order by id DESC
2026-10-04 13:08:40.549 TRACE_ID DEBUG http-nio-8888-exec-3 JDBCTemplate SQL:select * from `t_project_config` where ( create_user_id = 1  AND status = ENABLE ) order by id DESC
2026-10-04 13:08:42.994 TRACE_ID DEBUG http-nio-8888-exec-6 CookieUtility get cookie Authorization
2026-10-04 13:08:43.001 TRACE_ID DEBUG http-nio-8888-exec-6 JDBCTemplate SQL:select `id`,`name`,`full_base_package_name`,`frontend_name`,`chinese_name`,`i18n`,`description`,`module_prefix`,`architectures`,`config`,`wrap_with_parent`,`scaffold`,`create_user_name`,`create_user_id`,`modified_user_id`,`modified_user_name`,`gmt_create`,`gmt_modified`,`deleted`,`status` from `t_project_config` where id=1
2026-10-04 13:08:43.013 TRACE_ID DEBUG http-nio-8888-exec-6 JDBCTemplate SQL:select * from `t_table_config` where ( project_id = 1  AND create_user_id = 1  AND status = ENABLE ) order by id DESC limit 0,10
2026-10-04 13:08:44.140 TRACE_ID DEBUG http-nio-8888-exec-8 CookieUtility get cookie Authorization
2026-10-04 13:08:44.142 TRACE_ID DEBUG http-nio-8888-exec-8 JDBCTemplate SQL:select `id`,`name`,`full_base_package_name`,`frontend_name`,`chinese_name`,`i18n`,`description`,`module_prefix`,`architectures`,`config`,`wrap_with_parent`,`scaffold`,`create_user_name`,`create_user_id`,`modified_user_id`,`modified_user_name`,`gmt_create`,`gmt_modified`,`deleted`,`status` from `t_project_config` where id=1
2026-10-04 13:08:44.146 TRACE_ID DEBUG http-nio-8888-exec-8 JDBCTemplate SQL:select * from `t_table_config` where ( project_id = 1  AND create_user_id = 1  AND status = ENABLE ) order by id DESC limit 0,10
2026-10-04 13:08:44.560 TRACE_ID DEBUG http-nio-8888-exec-7 CookieUtility get cookie Authorization
2026-10-04 13:08:44.561 TRACE_ID DEBUG http-nio-8888-exec-7 JDBCTemplate SQL:select `id`,`name`,`full_base_package_name`,`frontend_name`,`chinese_name`,`i18n`,`description`,`module_prefix`,`architectures`,`config`,`wrap_with_parent`,`scaffold`,`create_user_name`,`create_user_id`,`modified_user_id`,`modified_user_name`,`gmt_create`,`gmt_modified`,`deleted`,`status` from `t_project_config` where id=1
2026-10-04 13:08:44.563 TRACE_ID DEBUG http-nio-8888-exec-7 JDBCTemplate SQL:select * from `t_table_config` where ( project_id = 1  AND create_user_id = 1  AND status = ENABLE ) order by id DESC limit 0,10
2026-10-04 13:08:44.735 TRACE_ID DEBUG http-nio-8888-exec-9 CookieUtility get cookie Authorization
2026-10-04 13:08:44.736 TRACE_ID DEBUG http-nio-8888-exec-9 JDBCTemplate SQL:select `id`,`name`,`full_base_package_name`,`frontend_name`,`chinese_name`,`i18n`,`description`,`module_prefix`,`architectures`,`config`,`wrap_with_parent`,`scaffold`,`create_user_name`,`create_user_id`,`modified_user_id`,`modified_user_name`,`gmt_create`,`gmt_modified`,`deleted`,`status` from `t_project_config` where id=1
2026-10-04 13:08:44.739 TRACE_ID DEBUG http-nio-8888-exec-9 JDBCTemplate SQL:select * from `t_table_config` where ( project_id = 1  AND create_user_id = 1  AND status = ENABLE ) order by id DESC limit 0,10
2026-10-04 13:08:44.886 TRACE_ID DEBUG http-nio-8888-exec-10 CookieUtility get cookie Authorization
2026-10-04 13:08:44.886 TRACE_ID DEBUG http-nio-8888-exec-10 JDBCTemplate SQL:select `id`,`name`,`full_base_package_name`,`frontend_name`,`chinese_name`,`i18n`,`description`,`module_prefix`,`architectures`,`config`,`wrap_with_parent`,`scaffold`,`create_user_name`,`create_user_id`,`modified_user_id`,`modified_user_name`,`gmt_create`,`gmt_modified`,`deleted`,`status` from `t_project_config` where id=1
2026-10-04 13:08:44.888 TRACE_ID DEBUG http-nio-8888-exec-10 JDBCTemplate SQL:select * from `t_table_config` where ( project_id = 1  AND create_user_id = 1  AND status = ENABLE ) order by id DESC limit 0,10
2026-10-04 13:08:54.120 TRACE_ID DEBUG http-nio-8888-exec-3 CookieUtility get cookie Authorization
2026-10-04 13:08:54.120 TRACE_ID DEBUG http-nio-8888-exec-4 CookieUtility get cookie Authorization
2026-10-04 13:08:54.121 TRACE_ID DEBUG http-nio-8888-exec-3 JDBCTemplate SQL:select count(*) from `t_app` where ( create_user_id = 1 )
2026-10-04 13:08:54.122 TRACE_ID DEBUG http-nio-8888-exec-4 JDBCTemplate SQL:select count(*) from `t_app` where ( create_user_id = 1 )
2026-10-04 13:08:54.123 TRACE_ID DEBUG http-nio-8888-exec-3 JDBCTemplate SQL:select * from `t_app` where ( create_user_id = 1 ) order by id DESC limit 0,10
2026-10-04 13:08:54.123 TRACE_ID DEBUG http-nio-8888-exec-4 JDBCTemplate SQL:select * from `t_app` where ( create_user_id = 1 ) order by id DESC limit 0,10
2026-10-04 13:20:30.670 TRACE_ID DEBUG main Application Running with Spring Boot v3.5.0, Spring v6.2.7
2026-10-04 13:20:31.980 TRACE_ID DEBUG main SparrowCorsFilter Filter 'corsFilter' configured for use
2026-10-04 13:20:31.981 TRACE_ID DEBUG main FlashFilter Filter 'flashFilter' configured for use
2026-10-04 13:20:32.371 TRACE_ID DEBUG main DruidCustomPasswordCallback DruidCustomPasswordCallback setProperties, passwordKey:mysql_sparrow_password, password:11111111
2026-10-04 13:20:32.494 TRACE_ID DEBUG main DruidCustomPasswordCallback DruidCustomPasswordCallback setProperties, passwordKey:mysql_sparrow_password, password:11111111
2026-10-04 13:20:32.500 TRACE_ID DEBUG main DruidCustomPasswordCallback DruidCustomPasswordCallback setProperties, passwordKey:mysql_sparrow_password, password:11111111
2026-10-04 13:20:32.505 TRACE_ID DEBUG main DruidCustomPasswordCallback DruidCustomPasswordCallback setProperties, passwordKey:mysql_sparrow_password, password:11111111
2026-10-04 13:20:32.511 TRACE_ID DEBUG main DruidCustomPasswordCallback DruidCustomPasswordCallback setProperties, passwordKey:mysql_sparrow_password, password:11111111
2026-10-04 13:20:32.515 TRACE_ID DEBUG main DruidCustomPasswordCallback DruidCustomPasswordCallback setProperties, passwordKey:mysql_sparrow_password, password:11111111
2026-10-04 13:20:32.519 TRACE_ID DEBUG main DruidCustomPasswordCallback DruidCustomPasswordCallback setProperties, passwordKey:mysql_sparrow_password, password:11111111
2026-10-04 13:20:32.523 TRACE_ID DEBUG main DruidCustomPasswordCallback DruidCustomPasswordCallback setProperties, passwordKey:mysql_sparrow_password, password:11111111
2026-10-04 13:20:41.057 TRACE_ID DEBUG http-nio-8888-exec-2 CookieUtility get cookie Authorization
2026-10-04 13:20:41.181 TRACE_ID DEBUG http-nio-8888-exec-2 JDBCTemplate SQL:select `id`,`name`,`full_base_package_name`,`frontend_name`,`chinese_name`,`i18n`,`description`,`module_prefix`,`architectures`,`config`,`wrap_with_parent`,`scaffold`,`create_user_name`,`create_user_id`,`modified_user_id`,`modified_user_name`,`gmt_create`,`gmt_modified`,`deleted`,`status` from `t_project_config` where id=1
2026-10-04 13:20:41.191 TRACE_ID DEBUG http-nio-8888-exec-2 JDBCTemplate SQL:select * from `t_table_config` where ( project_id = 1  AND create_user_id = 1  AND status = ENABLE ) order by id DESC limit 0,10
2026-10-04 13:22:25.975 TRACE_ID DEBUG main Application Running with Spring Boot v3.5.0, Spring v6.2.7
2026-10-04 13:22:27.139 TRACE_ID DEBUG main SparrowCorsFilter Filter 'corsFilter' configured for use
2026-10-04 13:22:27.140 TRACE_ID DEBUG main FlashFilter Filter 'flashFilter' configured for use
2026-10-04 13:22:27.532 TRACE_ID DEBUG main DruidCustomPasswordCallback DruidCustomPasswordCallback setProperties, passwordKey:mysql_sparrow_password, password:11111111
2026-10-04 13:22:27.655 TRACE_ID DEBUG main DruidCustomPasswordCallback DruidCustomPasswordCallback setProperties, passwordKey:mysql_sparrow_password, password:11111111
2026-10-04 13:22:27.660 TRACE_ID DEBUG main DruidCustomPasswordCallback DruidCustomPasswordCallback setProperties, passwordKey:mysql_sparrow_password, password:11111111
2026-10-04 13:22:27.663 TRACE_ID DEBUG main DruidCustomPasswordCallback DruidCustomPasswordCallback setProperties, passwordKey:mysql_sparrow_password, password:11111111
2026-10-04 13:22:27.667 TRACE_ID DEBUG main DruidCustomPasswordCallback DruidCustomPasswordCallback setProperties, passwordKey:mysql_sparrow_password, password:11111111
2026-10-04 13:22:27.672 TRACE_ID DEBUG main DruidCustomPasswordCallback DruidCustomPasswordCallback setProperties, passwordKey:mysql_sparrow_password, password:11111111
2026-10-04 13:22:27.676 TRACE_ID DEBUG main DruidCustomPasswordCallback DruidCustomPasswordCallback setProperties, passwordKey:mysql_sparrow_password, password:11111111
2026-10-04 13:22:27.681 TRACE_ID DEBUG main DruidCustomPasswordCallback DruidCustomPasswordCallback setProperties, passwordKey:mysql_sparrow_password, password:11111111
2026-10-04 13:22:41.480 TRACE_ID DEBUG http-nio-8888-exec-3 CookieUtility get cookie Authorization
2026-10-04 13:22:41.480 TRACE_ID DEBUG http-nio-8888-exec-4 CookieUtility get cookie Authorization
2026-10-04 13:22:41.633 TRACE_ID DEBUG http-nio-8888-exec-3 JDBCTemplate SQL:select count(*) from `t_table_config` where ( project_id = 1  AND create_user_id = 1 )
2026-10-04 13:22:41.633 TRACE_ID DEBUG http-nio-8888-exec-4 JDBCTemplate SQL:select count(*) from `t_table_config` where ( project_id = 1  AND create_user_id = 1 )
2026-10-04 13:22:41.643 TRACE_ID DEBUG http-nio-8888-exec-4 JDBCTemplate SQL:select * from `t_table_config` where ( project_id = 1  AND create_user_id = 1 ) order by id DESC
2026-10-04 13:22:41.643 TRACE_ID DEBUG http-nio-8888-exec-3 JDBCTemplate SQL:select * from `t_table_config` where ( project_id = 1  AND create_user_id = 1 ) order by id DESC
2026-10-04 13:22:41.648 TRACE_ID DEBUG http-nio-8888-exec-3 JDBCTemplate SQL:select * from `t_project_config` where ( create_user_id = 1  AND status = ENABLE ) order by id DESC
2026-10-04 13:22:41.648 TRACE_ID DEBUG http-nio-8888-exec-4 JDBCTemplate SQL:select * from `t_project_config` where ( create_user_id = 1  AND status = ENABLE ) order by id DESC
2026-10-04 13:23:15.782 TRACE_ID DEBUG http-nio-8888-exec-6 CookieUtility get cookie Authorization
2026-10-04 13:23:15.806 TRACE_ID DEBUG http-nio-8888-exec-6 JDBCTemplate SQL:select count(*) from `t_table_config` where ( project_id = 1  AND create_user_id = 1 )
2026-10-04 13:23:15.810 TRACE_ID DEBUG http-nio-8888-exec-6 JDBCTemplate SQL:select * from `t_table_config` where ( project_id = 1  AND create_user_id = 1 ) order by id DESC
2026-10-04 13:23:15.828 TRACE_ID DEBUG http-nio-8888-exec-6 JDBCTemplate SQL:select * from `t_project_config` where ( create_user_id = 1  AND status = ENABLE ) order by id DESC
2026-10-04 13:23:16.273 TRACE_ID DEBUG http-nio-8888-exec-9 CookieUtility get cookie Authorization
2026-10-04 13:23:16.274 TRACE_ID DEBUG http-nio-8888-exec-10 CookieUtility get cookie Authorization
2026-10-04 13:23:16.286 TRACE_ID DEBUG http-nio-8888-exec-9 JDBCTemplate SQL:select count(*) from `t_app` where ( create_user_id = 1 )
2026-10-04 13:23:16.287 TRACE_ID DEBUG http-nio-8888-exec-10 JDBCTemplate SQL:select count(*) from `t_app` where ( create_user_id = 1 )
2026-10-04 13:23:16.289 TRACE_ID DEBUG http-nio-8888-exec-9 JDBCTemplate SQL:select * from `t_app` where ( create_user_id = 1 ) order by id DESC limit 0,10
2026-10-04 13:23:16.289 TRACE_ID DEBUG http-nio-8888-exec-10 JDBCTemplate SQL:select * from `t_app` where ( create_user_id = 1 ) order by id DESC limit 0,10
2026-10-04 13:23:21.917 TRACE_ID DEBUG http-nio-8888-exec-1 CookieUtility get cookie Authorization
2026-10-04 13:23:21.925 TRACE_ID DEBUG http-nio-8888-exec-1 JDBCTemplate SQL:select `id`,`name`,`full_base_package_name`,`frontend_name`,`chinese_name`,`i18n`,`description`,`module_prefix`,`architectures`,`config`,`wrap_with_parent`,`scaffold`,`create_user_name`,`create_user_id`,`modified_user_id`,`modified_user_name`,`gmt_create`,`gmt_modified`,`deleted`,`status` from `t_project_config` where id=1
2026-10-04 13:23:21.929 TRACE_ID DEBUG http-nio-8888-exec-1 JDBCTemplate SQL:select * from `t_table_config` where ( project_id = 1  AND create_user_id = 1  AND status = ENABLE ) order by id DESC limit 0,10
2026-10-04 13:23:26.370 TRACE_ID DEBUG http-nio-8888-exec-5 CookieUtility get cookie Authorization
2026-10-04 13:23:26.370 TRACE_ID DEBUG http-nio-8888-exec-6 CookieUtility get cookie Authorization
2026-10-04 13:23:26.372 TRACE_ID DEBUG http-nio-8888-exec-5 JDBCTemplate SQL:select count(*) from `t_app` where ( create_user_id = 1 )
2026-10-04 13:23:26.372 TRACE_ID DEBUG http-nio-8888-exec-6 JDBCTemplate SQL:select count(*) from `t_app` where ( create_user_id = 1 )
2026-10-04 13:23:26.373 TRACE_ID DEBUG http-nio-8888-exec-5 JDBCTemplate SQL:select * from `t_app` where ( create_user_id = 1 ) order by id DESC limit 0,10
2026-10-04 13:23:26.374 TRACE_ID DEBUG http-nio-8888-exec-6 JDBCTemplate SQL:select * from `t_app` where ( create_user_id = 1 ) order by id DESC limit 0,10
2026-10-04 13:24:19.380 TRACE_ID DEBUG http-nio-8888-exec-9 CookieUtility get cookie Authorization
2026-10-04 13:25:53.168 TRACE_ID DEBUG main Application Running with Spring Boot v3.5.0, Spring v6.2.7
2026-10-04 13:25:54.432 TRACE_ID DEBUG main SparrowCorsFilter Filter 'corsFilter' configured for use
2026-10-04 13:25:54.432 TRACE_ID DEBUG main FlashFilter Filter 'flashFilter' configured for use
2026-10-04 13:25:54.778 TRACE_ID DEBUG main DruidCustomPasswordCallback DruidCustomPasswordCallback setProperties, passwordKey:mysql_sparrow_password, password:11111111
2026-10-04 13:25:54.879 TRACE_ID DEBUG main DruidCustomPasswordCallback DruidCustomPasswordCallback setProperties, passwordKey:mysql_sparrow_password, password:11111111
2026-10-04 13:25:54.883 TRACE_ID DEBUG main DruidCustomPasswordCallback DruidCustomPasswordCallback setProperties, passwordKey:mysql_sparrow_password, password:11111111
2026-10-04 13:25:54.887 TRACE_ID DEBUG main DruidCustomPasswordCallback DruidCustomPasswordCallback setProperties, passwordKey:mysql_sparrow_password, password:11111111
2026-10-04 13:25:54.891 TRACE_ID DEBUG main DruidCustomPasswordCallback DruidCustomPasswordCallback setProperties, passwordKey:mysql_sparrow_password, password:11111111
2026-10-04 13:25:54.894 TRACE_ID DEBUG main DruidCustomPasswordCallback DruidCustomPasswordCallback setProperties, passwordKey:mysql_sparrow_password, password:11111111
2026-10-04 13:25:54.897 TRACE_ID DEBUG main DruidCustomPasswordCallback DruidCustomPasswordCallback setProperties, passwordKey:mysql_sparrow_password, password:11111111
2026-10-04 13:25:54.900 TRACE_ID DEBUG main DruidCustomPasswordCallback DruidCustomPasswordCallback setProperties, passwordKey:mysql_sparrow_password, password:11111111
2026-10-04 13:26:03.756 TRACE_ID DEBUG http-nio-8888-exec-2 CookieUtility get cookie Authorization
2026-10-04 13:26:03.882 TRACE_ID DEBUG http-nio-8888-exec-2 JDBCTemplate SQL:select `id`,`name`,`full_base_package_name`,`frontend_name`,`chinese_name`,`i18n`,`description`,`module_prefix`,`architectures`,`config`,`wrap_with_parent`,`scaffold`,`create_user_name`,`create_user_id`,`modified_user_id`,`modified_user_name`,`gmt_create`,`gmt_modified`,`deleted`,`status` from `t_project_config` where id=1
2026-10-04 13:26:03.894 TRACE_ID DEBUG http-nio-8888-exec-2 JDBCTemplate SQL:select * from `t_table_config` where ( project_id = 1  AND create_user_id = 1  AND status = ENABLE ) order by id DESC limit 0,10
2026-10-04 13:26:08.116 TRACE_ID DEBUG http-nio-8888-exec-4 CookieUtility get cookie Authorization
2026-10-04 13:26:08.117 TRACE_ID DEBUG http-nio-8888-exec-5 CookieUtility get cookie Authorization
2026-10-04 13:26:08.123 TRACE_ID DEBUG http-nio-8888-exec-4 JDBCTemplate SQL:select count(*) from `t_app` where ( create_user_id = 1 )
2026-10-04 13:26:08.123 TRACE_ID DEBUG http-nio-8888-exec-5 JDBCTemplate SQL:select count(*) from `t_app` where ( create_user_id = 1 )
2026-10-04 13:26:08.126 TRACE_ID DEBUG http-nio-8888-exec-5 JDBCTemplate SQL:select * from `t_app` where ( create_user_id = 1 ) order by id DESC limit 0,10
2026-10-04 13:26:08.126 TRACE_ID DEBUG http-nio-8888-exec-4 JDBCTemplate SQL:select * from `t_app` where ( create_user_id = 1 ) order by id DESC limit 0,10
2026-10-04 13:26:13.253 TRACE_ID DEBUG http-nio-8888-exec-8 CookieUtility get cookie Authorization
2026-10-04 13:26:13.273 TRACE_ID DEBUG http-nio-8888-exec-8 JDBCTemplate SQL:update `t_app` set 
`tenant_id`=0,
`code`=269974,
`name`=sparrow-coder,
`sort`=0,
`logo`=http://u.r.sparrowzoo.net/logo/app/1000g0081vma8ug4f80005o9ji3jnvjdlumukqgg.webp,
`remark`=JJ,
`modified_user_id`=1,
`modified_user_name`=mock-user,
`gmt_modified`=1791091573271,
`deleted`=false where id=2
2026-10-04 13:26:13.319 TRACE_ID DEBUG http-nio-8888-exec-10 CookieUtility get cookie Authorization
2026-10-04 13:26:13.339 TRACE_ID DEBUG http-nio-8888-exec-10 JDBCTemplate SQL:select count(*) from `t_app` where ( create_user_id = 1 )
2026-10-04 13:26:13.344 TRACE_ID DEBUG http-nio-8888-exec-10 JDBCTemplate SQL:select * from `t_app` where ( create_user_id = 1 ) order by id DESC limit 0,10
2026-10-04 13:26:23.092 TRACE_ID DEBUG http-nio-8888-exec-2 CookieUtility get cookie Authorization
2026-10-04 13:26:38.427 TRACE_ID DEBUG http-nio-8888-exec-4 CookieUtility get cookie Authorization
2026-10-04 13:26:38.428 TRACE_ID DEBUG http-nio-8888-exec-5 CookieUtility get cookie Authorization
2026-10-04 13:26:38.435 TRACE_ID DEBUG http-nio-8888-exec-5 JDBCTemplate SQL:select count(*) from `t_app` where ( create_user_id = 1 )
2026-10-04 13:26:38.435 TRACE_ID DEBUG http-nio-8888-exec-4 JDBCTemplate SQL:select count(*) from `t_app` where ( create_user_id = 1 )
2026-10-04 13:26:38.438 TRACE_ID DEBUG http-nio-8888-exec-4 JDBCTemplate SQL:select * from `t_app` where ( create_user_id = 1 ) order by id DESC limit 0,10
2026-10-04 13:26:38.438 TRACE_ID DEBUG http-nio-8888-exec-5 JDBCTemplate SQL:select * from `t_app` where ( create_user_id = 1 ) order by id DESC limit 0,10
2026-10-04 13:27:56.343 TRACE_ID DEBUG http-nio-8888-exec-10 CookieUtility get cookie Authorization
2026-10-04 13:27:56.349 TRACE_ID DEBUG http-nio-8888-exec-10 JDBCTemplate SQL:select `id`,`name`,`full_base_package_name`,`frontend_name`,`chinese_name`,`i18n`,`description`,`module_prefix`,`architectures`,`config`,`wrap_with_parent`,`scaffold`,`create_user_name`,`create_user_id`,`modified_user_id`,`modified_user_name`,`gmt_create`,`gmt_modified`,`deleted`,`status` from `t_project_config` where id=1
2026-10-04 13:27:56.353 TRACE_ID DEBUG http-nio-8888-exec-10 JDBCTemplate SQL:select * from `t_table_config` where ( project_id = 1  AND create_user_id = 1  AND status = ENABLE ) order by id DESC limit 0,10
2026-10-04 13:30:36.118 TRACE_ID DEBUG http-nio-8888-exec-2 CookieUtility get cookie Authorization
2026-10-04 13:30:36.122 TRACE_ID DEBUG http-nio-8888-exec-2 JDBCTemplate SQL:select `id`,`name`,`full_base_package_name`,`frontend_name`,`chinese_name`,`i18n`,`description`,`module_prefix`,`architectures`,`config`,`wrap_with_parent`,`scaffold`,`create_user_name`,`create_user_id`,`modified_user_id`,`modified_user_name`,`gmt_create`,`gmt_modified`,`deleted`,`status` from `t_project_config` where id=1
2026-10-04 13:30:36.126 TRACE_ID DEBUG http-nio-8888-exec-2 JDBCTemplate SQL:select * from `t_table_config` where ( project_id = 1  AND create_user_id = 1  AND status = ENABLE ) order by id DESC limit 0,10
2026-10-04 13:32:13.251 TRACE_ID DEBUG main Application Running with Spring Boot v3.5.0, Spring v6.2.7
2026-10-04 13:32:14.385 TRACE_ID DEBUG main SparrowCorsFilter Filter 'corsFilter' configured for use
2026-10-04 13:32:14.385 TRACE_ID DEBUG main FlashFilter Filter 'flashFilter' configured for use
2026-10-04 13:32:14.738 TRACE_ID DEBUG main DruidCustomPasswordCallback DruidCustomPasswordCallback setProperties, passwordKey:mysql_sparrow_password, password:11111111
2026-10-04 13:32:14.856 TRACE_ID DEBUG main DruidCustomPasswordCallback DruidCustomPasswordCallback setProperties, passwordKey:mysql_sparrow_password, password:11111111
2026-10-04 13:32:14.861 TRACE_ID DEBUG main DruidCustomPasswordCallback DruidCustomPasswordCallback setProperties, passwordKey:mysql_sparrow_password, password:11111111
2026-10-04 13:32:14.871 TRACE_ID DEBUG main DruidCustomPasswordCallback DruidCustomPasswordCallback setProperties, passwordKey:mysql_sparrow_password, password:11111111
2026-10-04 13:32:14.878 TRACE_ID DEBUG main DruidCustomPasswordCallback DruidCustomPasswordCallback setProperties, passwordKey:mysql_sparrow_password, password:11111111
2026-10-04 13:32:14.884 TRACE_ID DEBUG main DruidCustomPasswordCallback DruidCustomPasswordCallback setProperties, passwordKey:mysql_sparrow_password, password:11111111
2026-10-04 13:32:14.892 TRACE_ID DEBUG main DruidCustomPasswordCallback DruidCustomPasswordCallback setProperties, passwordKey:mysql_sparrow_password, password:11111111
2026-10-04 13:32:14.900 TRACE_ID DEBUG main DruidCustomPasswordCallback DruidCustomPasswordCallback setProperties, passwordKey:mysql_sparrow_password, password:11111111
2026-10-04 13:32:19.560 TRACE_ID DEBUG http-nio-8888-exec-2 CookieUtility get cookie Authorization
2026-10-04 13:32:19.669 TRACE_ID DEBUG http-nio-8888-exec-2 JDBCTemplate SQL:select `id`,`name`,`full_base_package_name`,`frontend_name`,`chinese_name`,`i18n`,`description`,`module_prefix`,`architectures`,`config`,`wrap_with_parent`,`scaffold`,`create_user_name`,`create_user_id`,`modified_user_id`,`modified_user_name`,`gmt_create`,`gmt_modified`,`deleted`,`status` from `t_project_config` where id=1
2026-10-04 13:32:19.680 TRACE_ID DEBUG http-nio-8888-exec-2 JDBCTemplate SQL:select * from `t_table_config` where ( project_id = 1  AND create_user_id = 1  AND status = ENABLE ) order by id DESC limit 0,10
2026-10-04 13:34:06.625 TRACE_ID DEBUG main Application Running with Spring Boot v3.5.0, Spring v6.2.7
2026-10-04 13:34:08.106 TRACE_ID DEBUG main SparrowCorsFilter Filter 'corsFilter' configured for use
2026-10-04 13:34:08.106 TRACE_ID DEBUG main FlashFilter Filter 'flashFilter' configured for use
2026-10-04 13:34:08.484 TRACE_ID DEBUG main DruidCustomPasswordCallback DruidCustomPasswordCallback setProperties, passwordKey:mysql_sparrow_password, password:11111111
2026-10-04 13:34:08.587 TRACE_ID DEBUG main DruidCustomPasswordCallback DruidCustomPasswordCallback setProperties, passwordKey:mysql_sparrow_password, password:11111111
2026-10-04 13:34:08.591 TRACE_ID DEBUG main DruidCustomPasswordCallback DruidCustomPasswordCallback setProperties, passwordKey:mysql_sparrow_password, password:11111111
2026-10-04 13:34:08.595 TRACE_ID DEBUG main DruidCustomPasswordCallback DruidCustomPasswordCallback setProperties, passwordKey:mysql_sparrow_password, password:11111111
2026-10-04 13:34:08.599 TRACE_ID DEBUG main DruidCustomPasswordCallback DruidCustomPasswordCallback setProperties, passwordKey:mysql_sparrow_password, password:11111111
2026-10-04 13:34:08.603 TRACE_ID DEBUG main DruidCustomPasswordCallback DruidCustomPasswordCallback setProperties, passwordKey:mysql_sparrow_password, password:11111111
2026-10-04 13:34:08.607 TRACE_ID DEBUG main DruidCustomPasswordCallback DruidCustomPasswordCallback setProperties, passwordKey:mysql_sparrow_password, password:11111111
2026-10-04 13:34:08.614 TRACE_ID DEBUG main DruidCustomPasswordCallback DruidCustomPasswordCallback setProperties, passwordKey:mysql_sparrow_password, password:11111111
2026-10-04 13:34:36.675 TRACE_ID DEBUG http-nio-8888-exec-4 CookieUtility get cookie Authorization
2026-10-04 13:34:36.675 TRACE_ID DEBUG http-nio-8888-exec-3 CookieUtility get cookie Authorization
2026-10-04 13:34:36.861 TRACE_ID DEBUG http-nio-8888-exec-3 JDBCTemplate SQL:select count(*) from `t_project_config` where ( create_user_id = 1 )
2026-10-04 13:34:36.861 TRACE_ID DEBUG http-nio-8888-exec-4 JDBCTemplate SQL:select count(*) from `t_project_config` where ( create_user_id = 1 )
2026-10-04 13:34:36.878 TRACE_ID DEBUG http-nio-8888-exec-4 JDBCTemplate SQL:select * from `t_project_config` where ( create_user_id = 1 ) order by id DESC limit 0,10
2026-10-04 13:34:36.887 TRACE_ID DEBUG http-nio-8888-exec-3 JDBCTemplate SQL:select * from `t_project_config` where ( create_user_id = 1 ) order by id DESC limit 0,10
2026-10-04 13:34:38.361 TRACE_ID DEBUG http-nio-8888-exec-7 CookieUtility get cookie Authorization
2026-10-04 13:34:38.361 TRACE_ID DEBUG http-nio-8888-exec-8 CookieUtility get cookie Authorization
2026-10-04 13:34:38.364 TRACE_ID DEBUG http-nio-8888-exec-8 JDBCTemplate SQL:select count(*) from `t_table_config` where ( project_id = 1  AND create_user_id = 1 )
2026-10-04 13:34:38.364 TRACE_ID DEBUG http-nio-8888-exec-7 JDBCTemplate SQL:select count(*) from `t_table_config` where ( project_id = 1  AND create_user_id = 1 )
2026-10-04 13:34:38.366 TRACE_ID DEBUG http-nio-8888-exec-7 JDBCTemplate SQL:select * from `t_table_config` where ( project_id = 1  AND create_user_id = 1 ) order by id DESC
2026-10-04 13:34:38.366 TRACE_ID DEBUG http-nio-8888-exec-8 JDBCTemplate SQL:select * from `t_table_config` where ( project_id = 1  AND create_user_id = 1 ) order by id DESC
2026-10-04 13:34:38.368 TRACE_ID DEBUG http-nio-8888-exec-7 JDBCTemplate SQL:select * from `t_project_config` where ( create_user_id = 1  AND status = ENABLE ) order by id DESC
2026-10-04 13:34:38.369 TRACE_ID DEBUG http-nio-8888-exec-8 JDBCTemplate SQL:select * from `t_project_config` where ( create_user_id = 1  AND status = ENABLE ) order by id DESC
2026-10-04 13:34:41.049 TRACE_ID DEBUG http-nio-8888-exec-10 CookieUtility get cookie Authorization
2026-10-04 13:34:41.053 TRACE_ID DEBUG http-nio-8888-exec-10 JDBCTemplate SQL:select `id`,`name`,`full_base_package_name`,`frontend_name`,`chinese_name`,`i18n`,`description`,`module_prefix`,`architectures`,`config`,`wrap_with_parent`,`scaffold`,`create_user_name`,`create_user_id`,`modified_user_id`,`modified_user_name`,`gmt_create`,`gmt_modified`,`deleted`,`status` from `t_project_config` where id=1
2026-10-04 13:34:41.056 TRACE_ID DEBUG http-nio-8888-exec-10 JDBCTemplate SQL:select * from `t_table_config` where ( project_id = 1  AND create_user_id = 1  AND status = ENABLE ) order by id DESC limit 0,10
2026-10-04 13:36:15.589 TRACE_ID DEBUG main Application Running with Spring Boot v3.5.0, Spring v6.2.7
2026-10-04 13:36:16.801 TRACE_ID DEBUG main SparrowCorsFilter Filter 'corsFilter' configured for use
2026-10-04 13:36:16.801 TRACE_ID DEBUG main FlashFilter Filter 'flashFilter' configured for use
2026-10-04 13:36:17.164 TRACE_ID DEBUG main DruidCustomPasswordCallback DruidCustomPasswordCallback setProperties, passwordKey:mysql_sparrow_password, password:11111111
2026-10-04 13:36:17.276 TRACE_ID DEBUG main DruidCustomPasswordCallback DruidCustomPasswordCallback setProperties, passwordKey:mysql_sparrow_password, password:11111111
2026-10-04 13:36:17.280 TRACE_ID DEBUG main DruidCustomPasswordCallback DruidCustomPasswordCallback setProperties, passwordKey:mysql_sparrow_password, password:11111111
2026-10-04 13:36:17.283 TRACE_ID DEBUG main DruidCustomPasswordCallback DruidCustomPasswordCallback setProperties, passwordKey:mysql_sparrow_password, password:11111111
2026-10-04 13:36:17.287 TRACE_ID DEBUG main DruidCustomPasswordCallback DruidCustomPasswordCallback setProperties, passwordKey:mysql_sparrow_password, password:11111111
2026-10-04 13:36:17.290 TRACE_ID DEBUG main DruidCustomPasswordCallback DruidCustomPasswordCallback setProperties, passwordKey:mysql_sparrow_password, password:11111111
2026-10-04 13:36:17.295 TRACE_ID DEBUG main DruidCustomPasswordCallback DruidCustomPasswordCallback setProperties, passwordKey:mysql_sparrow_password, password:11111111
2026-10-04 13:36:17.298 TRACE_ID DEBUG main DruidCustomPasswordCallback DruidCustomPasswordCallback setProperties, passwordKey:mysql_sparrow_password, password:11111111
2026-10-04 13:36:24.984 TRACE_ID DEBUG http-nio-8888-exec-2 CookieUtility get cookie Authorization
2026-10-04 13:36:25.112 TRACE_ID DEBUG http-nio-8888-exec-2 JDBCTemplate SQL:select count(*) from `t_table_config` where ( project_id = 1  AND create_user_id = 1 )
2026-10-04 13:36:25.117 TRACE_ID DEBUG http-nio-8888-exec-2 JDBCTemplate SQL:select * from `t_table_config` where ( project_id = 1  AND create_user_id = 1 ) order by id DESC
2026-10-04 13:36:25.121 TRACE_ID DEBUG http-nio-8888-exec-2 JDBCTemplate SQL:select * from `t_project_config` where ( create_user_id = 1  AND status = ENABLE ) order by id DESC
2026-10-04 13:38:00.495 TRACE_ID DEBUG http-nio-8888-exec-4 CookieUtility get cookie Authorization
2026-10-04 13:38:00.505 TRACE_ID DEBUG http-nio-8888-exec-4 JDBCTemplate SQL:select `id`,`name`,`full_base_package_name`,`frontend_name`,`chinese_name`,`i18n`,`description`,`module_prefix`,`architectures`,`config`,`wrap_with_parent`,`scaffold`,`create_user_name`,`create_user_id`,`modified_user_id`,`modified_user_name`,`gmt_create`,`gmt_modified`,`deleted`,`status` from `t_project_config` where id=1
2026-10-04 13:38:00.510 TRACE_ID DEBUG http-nio-8888-exec-4 JDBCTemplate SQL:select * from `t_table_config` where ( project_id = 1  AND create_user_id = 1  AND status = ENABLE ) order by id DESC limit 0,10
2026-10-04 13:42:03.698 TRACE_ID DEBUG http-nio-8888-exec-6 CookieUtility get cookie Authorization
2026-10-04 13:42:03.705 TRACE_ID DEBUG http-nio-8888-exec-6 JDBCTemplate SQL:select `id`,`name`,`full_base_package_name`,`frontend_name`,`chinese_name`,`i18n`,`description`,`module_prefix`,`architectures`,`config`,`wrap_with_parent`,`scaffold`,`create_user_name`,`create_user_id`,`modified_user_id`,`modified_user_name`,`gmt_create`,`gmt_modified`,`deleted`,`status` from `t_project_config` where id=1
2026-10-04 13:42:03.708 TRACE_ID DEBUG http-nio-8888-exec-6 JDBCTemplate SQL:select * from `t_table_config` where ( project_id = 1  AND create_user_id = 1  AND status = ENABLE ) order by id DESC limit 0,10
2026-10-04 13:42:38.382 TRACE_ID DEBUG http-nio-8888-exec-8 CookieUtility get cookie Authorization
2026-10-04 13:42:38.388 TRACE_ID DEBUG http-nio-8888-exec-8 JDBCTemplate SQL:select `id`,`name`,`full_base_package_name`,`frontend_name`,`chinese_name`,`i18n`,`description`,`module_prefix`,`architectures`,`config`,`wrap_with_parent`,`scaffold`,`create_user_name`,`create_user_id`,`modified_user_id`,`modified_user_name`,`gmt_create`,`gmt_modified`,`deleted`,`status` from `t_project_config` where id=1
2026-10-04 13:42:38.391 TRACE_ID DEBUG http-nio-8888-exec-8 JDBCTemplate SQL:select * from `t_table_config` where ( project_id = 1  AND create_user_id = 1  AND status = ENABLE ) order by id DESC limit 0,10
2026-10-04 13:44:30.039 TRACE_ID DEBUG http-nio-8888-exec-10 CookieUtility get cookie Authorization
2026-10-04 13:44:30.062 TRACE_ID DEBUG http-nio-8888-exec-10 JDBCTemplate SQL:select `id`,`name`,`full_base_package_name`,`frontend_name`,`chinese_name`,`i18n`,`description`,`module_prefix`,`architectures`,`config`,`wrap_with_parent`,`scaffold`,`create_user_name`,`create_user_id`,`modified_user_id`,`modified_user_name`,`gmt_create`,`gmt_modified`,`deleted`,`status` from `t_project_config` where id=1
2026-10-04 13:44:30.065 TRACE_ID DEBUG http-nio-8888-exec-10 JDBCTemplate SQL:select * from `t_table_config` where ( project_id = 1  AND create_user_id = 1  AND status = ENABLE ) order by id DESC limit 0,10
2026-10-04 13:45:15.162 TRACE_ID DEBUG http-nio-8888-exec-2 CookieUtility get cookie Authorization
2026-10-04 13:45:15.704 TRACE_ID DEBUG http-nio-8888-exec-2 JDBCTemplate SQL:select `id`,`name`,`full_base_package_name`,`frontend_name`,`chinese_name`,`i18n`,`description`,`module_prefix`,`architectures`,`config`,`wrap_with_parent`,`scaffold`,`create_user_name`,`create_user_id`,`modified_user_id`,`modified_user_name`,`gmt_create`,`gmt_modified`,`deleted`,`status` from `t_project_config` where id=1
2026-10-04 13:45:15.863 TRACE_ID DEBUG http-nio-8888-exec-2 JDBCTemplate SQL:select * from `t_table_config` where ( project_id = 1  AND create_user_id = 1  AND status = ENABLE ) order by id DESC limit 0,10
2026-10-04 13:45:24.946 TRACE_ID DEBUG http-nio-8888-exec-4 CookieUtility get cookie Authorization
2026-10-04 13:45:24.953 TRACE_ID DEBUG http-nio-8888-exec-4 JDBCTemplate SQL:select `id`,`name`,`full_base_package_name`,`frontend_name`,`chinese_name`,`i18n`,`description`,`module_prefix`,`architectures`,`config`,`wrap_with_parent`,`scaffold`,`create_user_name`,`create_user_id`,`modified_user_id`,`modified_user_name`,`gmt_create`,`gmt_modified`,`deleted`,`status` from `t_project_config` where id=1
2026-10-04 13:45:24.956 TRACE_ID DEBUG http-nio-8888-exec-4 JDBCTemplate SQL:select * from `t_table_config` where ( project_id = 1  AND create_user_id = 1  AND status = ENABLE ) order by id DESC limit 0,10
2026-10-04 13:46:22.554 TRACE_ID DEBUG http-nio-8888-exec-7 CookieUtility get cookie Authorization
2026-10-04 13:46:22.562 TRACE_ID DEBUG http-nio-8888-exec-7 JDBCTemplate SQL:select `id`,`name`,`full_base_package_name`,`frontend_name`,`chinese_name`,`i18n`,`description`,`module_prefix`,`architectures`,`config`,`wrap_with_parent`,`scaffold`,`create_user_name`,`create_user_id`,`modified_user_id`,`modified_user_name`,`gmt_create`,`gmt_modified`,`deleted`,`status` from `t_project_config` where id=1
2026-10-04 13:46:22.568 TRACE_ID DEBUG http-nio-8888-exec-7 JDBCTemplate SQL:select * from `t_table_config` where ( project_id = 1  AND create_user_id = 1  AND status = ENABLE ) order by id DESC limit 0,10
2026-10-04 13:47:49.819 TRACE_ID DEBUG http-nio-8888-exec-10 CookieUtility get cookie Authorization
2026-10-04 13:47:49.819 TRACE_ID DEBUG http-nio-8888-exec-1 CookieUtility get cookie Authorization
2026-10-04 13:47:49.831 TRACE_ID DEBUG http-nio-8888-exec-1 JDBCTemplate SQL:select count(*) from `t_project_config` where ( create_user_id = 1 )
2026-10-04 13:47:49.831 TRACE_ID DEBUG http-nio-8888-exec-10 JDBCTemplate SQL:select count(*) from `t_project_config` where ( create_user_id = 1 )
2026-10-04 13:47:49.834 TRACE_ID DEBUG http-nio-8888-exec-10 JDBCTemplate SQL:select * from `t_project_config` where ( create_user_id = 1 ) order by id DESC limit 0,10
2026-10-04 13:47:49.834 TRACE_ID DEBUG http-nio-8888-exec-1 JDBCTemplate SQL:select * from `t_project_config` where ( create_user_id = 1 ) order by id DESC limit 0,10
2026-10-04 13:47:57.392 TRACE_ID DEBUG http-nio-8888-exec-4 CookieUtility get cookie Authorization
2026-10-04 13:47:57.393 TRACE_ID DEBUG http-nio-8888-exec-5 CookieUtility get cookie Authorization
2026-10-04 13:47:57.397 TRACE_ID DEBUG http-nio-8888-exec-4 JDBCTemplate SQL:select count(*) from `t_table_config` where ( project_id = 1  AND create_user_id = 1 )
2026-10-04 13:47:57.397 TRACE_ID DEBUG http-nio-8888-exec-5 JDBCTemplate SQL:select count(*) from `t_table_config` where ( project_id = 1  AND create_user_id = 1 )
2026-10-04 13:47:57.399 TRACE_ID DEBUG http-nio-8888-exec-5 JDBCTemplate SQL:select * from `t_table_config` where ( project_id = 1  AND create_user_id = 1 ) order by id DESC
2026-10-04 13:47:57.399 TRACE_ID DEBUG http-nio-8888-exec-4 JDBCTemplate SQL:select * from `t_table_config` where ( project_id = 1  AND create_user_id = 1 ) order by id DESC
2026-10-04 13:47:57.402 TRACE_ID DEBUG http-nio-8888-exec-4 JDBCTemplate SQL:select * from `t_project_config` where ( create_user_id = 1  AND status = ENABLE ) order by id DESC
2026-10-04 13:47:57.402 TRACE_ID DEBUG http-nio-8888-exec-5 JDBCTemplate SQL:select * from `t_project_config` where ( create_user_id = 1  AND status = ENABLE ) order by id DESC
2026-10-04 13:48:56.618 TRACE_ID DEBUG http-nio-8888-exec-7 CookieUtility get cookie Authorization
2026-10-04 13:48:56.639 TRACE_ID DEBUG http-nio-8888-exec-7 JDBCTemplate SQL:update `t_table_config` set 
`project_id`=1,
`description`=,
`locked`=false,
`checkable`=0,
`row_menu`=998,
`column_filter`=999,
`status_command`=true,
`column_configs`=[{"allowNull":true,"cellType":1,"chineseName":"","columnType":1,"controlType":4,"datasourceParams":"","datasourceType":1,"defaultHidden":false,"defaultValue":"","enableHidden":true,"headerType":1,"javaType":"java.lang.Long","number":true,"placeholder":"","propertyName":"id","searchType":1,"showInEdit":true,"showInList":true,"showInSearch":false,"sort":0},{"allowNull":false,"cellType":1,"chineseName":"租户ID","columnType":1,"controlType":1,"datasourceParams":"","datasourceType":1,"defaultHidden":false,"defaultValue":"","enableHidden":true,"headerType":1,"javaType":"java.lang.Long","number":true,"placeholder":"","propertyName":"tenantId","searchType":1,"showInEdit":true,"showInList":true,"showInSearch":false,"sort":1,"validateType":"digital"},{"allowNull":false,"cellType":1,"chineseName":"应用编码","columnType":1,"controlType":1,"datasourceParams":"","datasourceType":1,"defaultHidden":false,"defaultValue":"","enableHidden":true,"headerType":1,"javaType":"java.lang.String","number":false,"placeholder":"","propertyName":"code","searchType":1,"showInEdit":true,"showInList":true,"showInSearch":true,"sort":2,"validateType":"string"},{"allowNull":false,"cellType":1,"chineseName":"应用名称","columnType":1,"controlType":1,"datasourceParams":"","datasourceType":1,"defaultHidden":false,"defaultValue":"","enableHidden":true,"headerType":1,"javaType":"java.lang.String","number":false,"placeholder":"","propertyName":"name","searchType":1,"showInEdit":true,"showInList":true,"showInSearch":true,"sort":3,"validateType":"string"},{"allowNull":false,"cellType":1,"chineseName":"排序","columnType":1,"controlType":1,"datasourceParams":"","datasourceType":1,"defaultHidden":false,"defaultValue":"","enableHidden":true,"headerType":1,"javaType":"java.lang.Integer","number":true,"placeholder":"","propertyName":"sort","searchType":1,"showInEdit":true,"showInList":true,"showInSearch":false,"sort":4,"validateType":"digital"},{"allowNull":false,"cellType":7,"chineseName":"logo地址","columnType":1,"controlType":15,"datasourceParams":"app_logo","datasourceType":5,"defaultHidden":false,"defaultValue":"","enableHidden":true,"headerType":1,"javaType":"java.lang.String","number":false,"placeholder":"","propertyName":"logo","searchType":1,"showInEdit":true,"showInList":true,"showInSearch":false,"sort":5,"validateType":"string"},{"allowNull":false,"cellType":1,"chineseName":"备注","columnType":1,"controlType":6,"datasourceParams":"","datasourceType":1,"defaultHidden":true,"defaultValue":"","enableHidden":false,"headerType":1,"javaType":"java.lang.String","number":false,"placeholder":"","propertyName":"remark","searchType":1,"showInEdit":true,"showInList":false,"showInSearch":false,"sort":6,"validateType":"string"}],
`page_size`=10,
`only_access_self`=true,
`modified_user_id`=1,
`modified_user_name`=mock-user,
`gmt_modified`=1791092936636,
`deleted`=false where id=42
2026-10-04 13:49:04.561 TRACE_ID DEBUG http-nio-8888-exec-10 CookieUtility get cookie Authorization
2026-10-04 13:49:04.563 TRACE_ID DEBUG http-nio-8888-exec-10 JDBCTemplate SQL:select `id`,`name`,`full_base_package_name`,`frontend_name`,`chinese_name`,`i18n`,`description`,`module_prefix`,`architectures`,`config`,`wrap_with_parent`,`scaffold`,`create_user_name`,`create_user_id`,`modified_user_id`,`modified_user_name`,`gmt_create`,`gmt_modified`,`deleted`,`status` from `t_project_config` where id=1
2026-10-04 13:49:04.566 TRACE_ID DEBUG http-nio-8888-exec-10 JDBCTemplate SQL:select * from `t_table_config` where ( project_id = 1  AND create_user_id = 1  AND status = ENABLE ) order by id DESC limit 0,10
2026-10-04 13:49:16.626 TRACE_ID DEBUG http-nio-8888-exec-2 CookieUtility get cookie Authorization
2026-10-04 13:49:16.634 TRACE_ID DEBUG http-nio-8888-exec-2 JDBCTemplate SQL:select count(*) from `t_table_config` where ( project_id = 1  AND create_user_id = 1 )
2026-10-04 13:49:16.637 TRACE_ID DEBUG http-nio-8888-exec-2 JDBCTemplate SQL:select * from `t_table_config` where ( project_id = 1  AND create_user_id = 1 ) order by id DESC
2026-10-04 13:49:16.645 TRACE_ID DEBUG http-nio-8888-exec-2 JDBCTemplate SQL:select * from `t_project_config` where ( create_user_id = 1  AND status = ENABLE ) order by id DESC
2026-10-04 13:49:23.061 TRACE_ID DEBUG http-nio-8888-exec-3 CookieUtility get cookie Authorization
2026-10-04 13:49:23.072 TRACE_ID DEBUG http-nio-8888-exec-3 JDBCTemplate SQL:select count(*) from `t_table_config` where ( project_id = 1  AND create_user_id = 1 )
2026-10-04 13:49:23.075 TRACE_ID DEBUG http-nio-8888-exec-3 JDBCTemplate SQL:select * from `t_table_config` where ( project_id = 1  AND create_user_id = 1 ) order by id DESC
2026-10-04 13:49:23.077 TRACE_ID DEBUG http-nio-8888-exec-3 JDBCTemplate SQL:select * from `t_project_config` where ( create_user_id = 1  AND status = ENABLE ) order by id DESC
2026-10-04 13:49:32.496 TRACE_ID DEBUG http-nio-8888-exec-7 CookieUtility get cookie Authorization
2026-10-04 13:49:32.496 TRACE_ID DEBUG http-nio-8888-exec-6 CookieUtility get cookie Authorization
2026-10-04 13:49:32.509 TRACE_ID DEBUG http-nio-8888-exec-7 JDBCTemplate SQL:select count(*) from `t_app` where ( create_user_id = 1 )
2026-10-04 13:49:32.509 TRACE_ID DEBUG http-nio-8888-exec-6 JDBCTemplate SQL:select count(*) from `t_app` where ( create_user_id = 1 )
2026-10-04 13:49:32.512 TRACE_ID DEBUG http-nio-8888-exec-7 JDBCTemplate SQL:select * from `t_app` where ( create_user_id = 1 ) order by id DESC limit 0,10
2026-10-04 13:49:32.513 TRACE_ID DEBUG http-nio-8888-exec-6 JDBCTemplate SQL:select * from `t_app` where ( create_user_id = 1 ) order by id DESC limit 0,10
2026-10-04 13:49:52.473 TRACE_ID DEBUG http-nio-8888-exec-8 CookieUtility get cookie Authorization
2026-10-04 13:49:54.941 TRACE_ID DEBUG http-nio-8888-exec-1 CookieUtility get cookie Authorization
2026-10-04 13:49:54.946 TRACE_ID DEBUG http-nio-8888-exec-1 JDBCTemplate SQL:update `t_app` set 
`tenant_id`=0,
`code`=269974,
`name`=sparrow-coder,
`sort`=0,
`logo`=http://u.r.sparrowzoo.net/logo/app/1000g0081vma8ug4f80005o9ji3jnvjdlumukqgg.webp,
`remark`=JJ,
`modified_user_id`=1,
`modified_user_name`=mock-user,
`gmt_modified`=1791092994946,
`deleted`=false where id=2
2026-10-04 13:49:54.961 TRACE_ID DEBUG http-nio-8888-exec-3 CookieUtility get cookie Authorization
2026-10-04 13:49:54.962 TRACE_ID DEBUG http-nio-8888-exec-3 JDBCTemplate SQL:select count(*) from `t_app` where ( create_user_id = 1 )
2026-10-04 13:49:54.968 TRACE_ID DEBUG http-nio-8888-exec-3 JDBCTemplate SQL:select * from `t_app` where ( create_user_id = 1 ) order by id DESC limit 0,10
2026-10-04 13:50:35.884 TRACE_ID DEBUG http-nio-8888-exec-7 CookieUtility get cookie Authorization
2026-10-04 13:50:56.208 TRACE_ID DEBUG http-nio-8888-exec-9 CookieUtility get cookie Authorization
2026-10-04 13:50:56.218 TRACE_ID DEBUG http-nio-8888-exec-9 JDBCTemplate SQL:insert into `t_table_config`(
`project_id`,
`primary_key`,
`table_name`,
`class_name`,
`description`,
`locked`,
`checkable`,
`row_menu`,
`column_filter`,
`status_command`,
`column_configs`,
`source`,
`source_code`,
`page_size`,
`only_access_self`,
`create_user_name`,
`create_user_id`,
`modified_user_id`,
`modified_user_name`,
`gmt_create`,
`gmt_modified`,
`deleted`,
`status`)values(
1,
id,
t_micro_service,
com.sparrow.security.po.MicroService,
,
false,
0,
998,
999,
true,
[{"allowNull":true,"cellType":1,"chineseName":"","columnType":1,"controlType":4,"datasourceParams":"","datasourceType":1,"defaultHidden":false,"defaultValue":"","enableHidden":true,"headerType":1,"javaType":"java.lang.Long","number":true,"placeholder":"","propertyName":"id","searchType":1,"showInEdit":true,"showInList":true,"showInSearch":false,"sort":0},{"allowNull":false,"cellType":1,"chineseName":"租户ID，0=全局，>0=租户私有","columnType":1,"controlType":1,"datasourceParams":"","datasourceType":1,"defaultHidden":false,"defaultValue":"","enableHidden":true,"headerType":1,"javaType":"java.lang.Long","number":true,"placeholder":"","propertyName":"tenantId","searchType":1,"showInEdit":true,"showInList":true,"showInSearch":false,"sort":1,"validateType":"digital"},{"allowNull":false,"cellType":1,"chineseName":"微服务名称","columnType":1,"controlType":1,"datasourceParams":"","datasourceType":1,"defaultHidden":false,"defaultValue":"","enableHidden":true,"headerType":1,"javaType":"java.lang.String","number":false,"placeholder":"","propertyName":"name","searchType":1,"showInEdit":true,"showInList":true,"showInSearch":false,"sort":2,"validateType":"string"},{"allowNull":false,"cellType":1,"chineseName":"排序","columnType":1,"controlType":1,"datasourceParams":"","datasourceType":1,"defaultHidden":false,"defaultValue":"","enableHidden":true,"headerType":1,"javaType":"java.lang.Integer","number":true,"placeholder":"","propertyName":"sort","searchType":1,"showInEdit":true,"showInList":true,"showInSearch":false,"sort":3,"validateType":"digital"},{"allowNull":false,"cellType":1,"chineseName":"logo地址","columnType":1,"controlType":1,"datasourceParams":"","datasourceType":1,"defaultHidden":false,"defaultValue":"","enableHidden":true,"headerType":1,"javaType":"java.lang.String","number":false,"placeholder":"","propertyName":"logo","searchType":1,"showInEdit":true,"showInList":true,"showInSearch":false,"sort":4,"validateType":"string"},{"allowNull":false,"cellType":1,"chineseName":"所属APP ID","columnType":1,"controlType":1,"datasourceParams":"t_app","datasourceType":3,"defaultHidden":false,"defaultValue":"","enableHidden":true,"headerType":1,"javaType":"java.lang.Long","number":true,"placeholder":"","propertyName":"appId","searchType":1,"showInEdit":true,"showInList":true,"showInSearch":false,"sort":5,"validateType":"digital"},{"allowNull":false,"cellType":1,"chineseName":"微服务URL/路径","columnType":1,"controlType":1,"datasourceParams":"","datasourceType":1,"defaultHidden":false,"defaultValue":"","enableHidden":true,"headerType":1,"javaType":"java.lang.String","number":false,"placeholder":"","propertyName":"url","searchType":1,"showInEdit":true,"showInList":true,"showInSearch":false,"sort":6,"validateType":"string"},{"allowNull":false,"cellType":1,"chineseName":"备注","columnType":1,"controlType":6,"datasourceParams":"","datasourceType":1,"defaultHidden":true,"defaultValue":"","enableHidden":false,"headerType":1,"javaType":"java.lang.String","number":false,"placeholder":"","propertyName":"remark","searchType":1,"showInEdit":true,"showInList":false,"showInSearch":false,"sort":7,"validateType":"string"}],
1,
,
10,
true,
mock-user,
1,
1,
mock-user,
1791093056215,
1791093056215,
false,
ENABLE)
2026-10-04 13:50:56.239 TRACE_ID DEBUG http-nio-8888-exec-10 CookieUtility get cookie Authorization
2026-10-04 13:50:56.241 TRACE_ID DEBUG http-nio-8888-exec-10 JDBCTemplate SQL:select count(*) from `t_table_config` where ( project_id = 1  AND create_user_id = 1 )
2026-10-04 13:50:56.246 TRACE_ID DEBUG http-nio-8888-exec-10 JDBCTemplate SQL:select * from `t_table_config` where ( project_id = 1  AND create_user_id = 1 ) order by id DESC
2026-10-04 13:50:56.247 TRACE_ID DEBUG http-nio-8888-exec-10 JDBCTemplate SQL:select * from `t_project_config` where ( create_user_id = 1  AND status = ENABLE ) order by id DESC
2026-10-04 13:52:46.254 TRACE_ID DEBUG main Application Running with Spring Boot v3.5.0, Spring v6.2.7
2026-10-04 13:52:47.602 TRACE_ID DEBUG main SparrowCorsFilter Filter 'corsFilter' configured for use
2026-10-04 13:52:47.603 TRACE_ID DEBUG main FlashFilter Filter 'flashFilter' configured for use
2026-10-04 13:52:54.076 TRACE_ID DEBUG main DruidCustomPasswordCallback DruidCustomPasswordCallback setProperties, passwordKey:mysql_sparrow_password, password:11111111
2026-10-04 13:52:54.190 TRACE_ID DEBUG main DruidCustomPasswordCallback DruidCustomPasswordCallback setProperties, passwordKey:mysql_sparrow_password, password:11111111
2026-10-04 13:52:54.193 TRACE_ID DEBUG main DruidCustomPasswordCallback DruidCustomPasswordCallback setProperties, passwordKey:mysql_sparrow_password, password:11111111
2026-10-04 13:52:54.197 TRACE_ID DEBUG main DruidCustomPasswordCallback DruidCustomPasswordCallback setProperties, passwordKey:mysql_sparrow_password, password:11111111
2026-10-04 13:52:54.200 TRACE_ID DEBUG main DruidCustomPasswordCallback DruidCustomPasswordCallback setProperties, passwordKey:mysql_sparrow_password, password:11111111
2026-10-04 13:52:54.203 TRACE_ID DEBUG main DruidCustomPasswordCallback DruidCustomPasswordCallback setProperties, passwordKey:mysql_sparrow_password, password:11111111
2026-10-04 13:52:54.208 TRACE_ID DEBUG main DruidCustomPasswordCallback DruidCustomPasswordCallback setProperties, passwordKey:mysql_sparrow_password, password:11111111
2026-10-04 13:52:54.212 TRACE_ID DEBUG main DruidCustomPasswordCallback DruidCustomPasswordCallback setProperties, passwordKey:mysql_sparrow_password, password:11111111
2026-10-04 13:55:12.195 TRACE_ID DEBUG main Application Running with Spring Boot v3.5.0, Spring v6.2.7
2026-10-04 13:55:13.443 TRACE_ID DEBUG main SparrowCorsFilter Filter 'corsFilter' configured for use
2026-10-04 13:55:13.444 TRACE_ID DEBUG main FlashFilter Filter 'flashFilter' configured for use
2026-10-04 13:55:13.815 TRACE_ID DEBUG main DruidCustomPasswordCallback DruidCustomPasswordCallback setProperties, passwordKey:mysql_sparrow_password, password:11111111
2026-10-04 13:55:13.939 TRACE_ID DEBUG main DruidCustomPasswordCallback DruidCustomPasswordCallback setProperties, passwordKey:mysql_sparrow_password, password:11111111
2026-10-04 13:55:13.941 TRACE_ID DEBUG main DruidCustomPasswordCallback DruidCustomPasswordCallback setProperties, passwordKey:mysql_sparrow_password, password:11111111
2026-10-04 13:55:13.948 TRACE_ID DEBUG main DruidCustomPasswordCallback DruidCustomPasswordCallback setProperties, passwordKey:mysql_sparrow_password, password:11111111
2026-10-04 13:55:13.951 TRACE_ID DEBUG main DruidCustomPasswordCallback DruidCustomPasswordCallback setProperties, passwordKey:mysql_sparrow_password, password:11111111
2026-10-04 13:55:13.954 TRACE_ID DEBUG main DruidCustomPasswordCallback DruidCustomPasswordCallback setProperties, passwordKey:mysql_sparrow_password, password:11111111
2026-10-04 13:55:13.957 TRACE_ID DEBUG main DruidCustomPasswordCallback DruidCustomPasswordCallback setProperties, passwordKey:mysql_sparrow_password, password:11111111
2026-10-04 13:55:13.959 TRACE_ID DEBUG main DruidCustomPasswordCallback DruidCustomPasswordCallback setProperties, passwordKey:mysql_sparrow_password, password:11111111
2026-10-04 13:55:25.133 TRACE_ID DEBUG http-nio-8888-exec-2 CookieUtility get cookie Authorization
2026-10-04 13:55:25.266 TRACE_ID DEBUG http-nio-8888-exec-2 JDBCTemplate SQL:select `id`,`name`,`full_base_package_name`,`frontend_name`,`chinese_name`,`i18n`,`description`,`module_prefix`,`architectures`,`config`,`wrap_with_parent`,`scaffold`,`create_user_name`,`create_user_id`,`modified_user_id`,`modified_user_name`,`gmt_create`,`gmt_modified`,`deleted`,`status` from `t_project_config` where id=1
2026-10-04 13:55:25.282 TRACE_ID DEBUG http-nio-8888-exec-2 JDBCTemplate SQL:select * from `t_table_config` where ( project_id = 1  AND create_user_id = 1  AND status = ENABLE ) order by id DESC limit 0,10
2026-10-04 13:55:29.924 TRACE_ID DEBUG http-nio-8888-exec-4 CookieUtility get cookie Authorization
2026-10-04 13:55:30.073 TRACE_ID DEBUG http-nio-8888-exec-4 JDBCTemplate SQL:select count(*) from `t_table_config` where ( project_id = 1  AND create_user_id = 1 )
2026-10-04 13:55:30.081 TRACE_ID DEBUG http-nio-8888-exec-4 JDBCTemplate SQL:select * from `t_table_config` where ( project_id = 1  AND create_user_id = 1 ) order by id DESC
2026-10-04 13:55:30.101 TRACE_ID DEBUG http-nio-8888-exec-4 JDBCTemplate SQL:select * from `t_project_config` where ( create_user_id = 1  AND status = ENABLE ) order by id DESC
2026-10-04 13:55:30.102 TRACE_ID DEBUG http-nio-8888-exec-6 CookieUtility get cookie Authorization
2026-10-04 13:55:30.107 TRACE_ID DEBUG http-nio-8888-exec-6 JDBCTemplate SQL:select count(*) from `t_app` where ( create_user_id = 1 )
2026-10-04 13:55:30.110 TRACE_ID DEBUG http-nio-8888-exec-6 JDBCTemplate SQL:select * from `t_app` where ( create_user_id = 1 ) order by id DESC limit 0,10
2026-10-04 13:55:32.074 TRACE_ID DEBUG http-nio-8888-exec-8 CookieUtility get cookie Authorization
2026-10-04 13:55:32.077 TRACE_ID DEBUG http-nio-8888-exec-8 JDBCTemplate SQL:select `id`,`name`,`full_base_package_name`,`frontend_name`,`chinese_name`,`i18n`,`description`,`module_prefix`,`architectures`,`config`,`wrap_with_parent`,`scaffold`,`create_user_name`,`create_user_id`,`modified_user_id`,`modified_user_name`,`gmt_create`,`gmt_modified`,`deleted`,`status` from `t_project_config` where id=1
2026-10-04 13:55:32.079 TRACE_ID DEBUG http-nio-8888-exec-8 JDBCTemplate SQL:select * from `t_table_config` where ( project_id = 1  AND create_user_id = 1  AND status = ENABLE ) order by id DESC limit 0,10
2026-10-04 13:55:37.597 TRACE_ID DEBUG http-nio-8888-exec-1 CookieUtility get cookie Authorization
2026-10-04 13:55:37.597 TRACE_ID DEBUG http-nio-8888-exec-2 CookieUtility get cookie Authorization
2026-10-04 13:55:37.609 TRACE_ID DEBUG http-nio-8888-exec-1 JDBCTemplate SQL:select count(*) from `t_app` where ( create_user_id = 1 )
2026-10-04 13:55:37.609 TRACE_ID DEBUG http-nio-8888-exec-2 JDBCTemplate SQL:select count(*) from `t_app` where ( create_user_id = 1 )
2026-10-04 13:55:37.615 TRACE_ID DEBUG http-nio-8888-exec-2 JDBCTemplate SQL:select * from `t_app` where ( create_user_id = 1 ) order by id DESC limit 0,10
2026-10-04 13:55:37.615 TRACE_ID DEBUG http-nio-8888-exec-1 JDBCTemplate SQL:select * from `t_app` where ( create_user_id = 1 ) order by id DESC limit 0,10
2026-10-04 13:55:44.092 TRACE_ID DEBUG http-nio-8888-exec-6 CookieUtility get cookie Authorization
2026-10-04 13:55:44.092 TRACE_ID DEBUG http-nio-8888-exec-4 CookieUtility get cookie Authorization
2026-10-04 13:55:44.101 TRACE_ID DEBUG http-nio-8888-exec-4 JDBCTemplate SQL:select count(*) from `t_project_config` where ( create_user_id = 1 )
2026-10-04 13:55:44.101 TRACE_ID DEBUG http-nio-8888-exec-6 JDBCTemplate SQL:select count(*) from `t_project_config` where ( create_user_id = 1 )
2026-10-04 13:55:44.102 TRACE_ID DEBUG http-nio-8888-exec-4 JDBCTemplate SQL:select * from `t_project_config` where ( create_user_id = 1 ) order by id DESC limit 0,10
2026-10-04 13:55:44.102 TRACE_ID DEBUG http-nio-8888-exec-6 JDBCTemplate SQL:select * from `t_project_config` where ( create_user_id = 1 ) order by id DESC limit 0,10
2026-10-04 13:55:48.532 TRACE_ID DEBUG http-nio-8888-exec-9 CookieUtility get cookie Authorization
2026-10-04 13:55:48.532 TRACE_ID DEBUG http-nio-8888-exec-10 CookieUtility get cookie Authorization
2026-10-04 13:55:48.554 TRACE_ID DEBUG http-nio-8888-exec-10 JDBCTemplate SQL:select count(*) from `t_table_config` where ( project_id = 1  AND create_user_id = 1 )
2026-10-04 13:55:48.554 TRACE_ID DEBUG http-nio-8888-exec-9 JDBCTemplate SQL:select count(*) from `t_table_config` where ( project_id = 1  AND create_user_id = 1 )
2026-10-04 13:55:48.556 TRACE_ID DEBUG http-nio-8888-exec-9 JDBCTemplate SQL:select * from `t_table_config` where ( project_id = 1  AND create_user_id = 1 ) order by id DESC
2026-10-04 13:55:48.557 TRACE_ID DEBUG http-nio-8888-exec-10 JDBCTemplate SQL:select * from `t_table_config` where ( project_id = 1  AND create_user_id = 1 ) order by id DESC
2026-10-04 13:55:48.559 TRACE_ID DEBUG http-nio-8888-exec-9 JDBCTemplate SQL:select * from `t_project_config` where ( create_user_id = 1  AND status = ENABLE ) order by id DESC
2026-10-04 13:55:48.559 TRACE_ID DEBUG http-nio-8888-exec-10 JDBCTemplate SQL:select * from `t_project_config` where ( create_user_id = 1  AND status = ENABLE ) order by id DESC
2026-10-04 13:57:02.534 TRACE_ID DEBUG http-nio-8888-exec-3 CookieUtility get cookie Authorization
2026-10-04 13:57:02.554 TRACE_ID DEBUG http-nio-8888-exec-3 JDBCTemplate SQL:select count(*) from `t_table_config` where ( project_id = 1  AND create_user_id = 1 )
2026-10-04 13:57:02.556 TRACE_ID DEBUG http-nio-8888-exec-3 JDBCTemplate SQL:select * from `t_table_config` where ( project_id = 1  AND create_user_id = 1 ) order by id DESC
2026-10-04 13:57:02.560 TRACE_ID DEBUG http-nio-8888-exec-3 JDBCTemplate SQL:select * from `t_project_config` where ( create_user_id = 1  AND status = ENABLE ) order by id DESC
2026-10-04 13:57:02.606 TRACE_ID DEBUG http-nio-8888-exec-4 CookieUtility get cookie Authorization
2026-10-04 13:57:02.609 TRACE_ID DEBUG http-nio-8888-exec-4 JDBCTemplate SQL:select count(*) from `t_table_config` where ( project_id = 1  AND create_user_id = 1 )
2026-10-04 13:57:02.611 TRACE_ID DEBUG http-nio-8888-exec-4 JDBCTemplate SQL:select * from `t_table_config` where ( project_id = 1  AND create_user_id = 1 ) order by id DESC
2026-10-04 13:57:02.614 TRACE_ID DEBUG http-nio-8888-exec-4 JDBCTemplate SQL:select * from `t_project_config` where ( create_user_id = 1  AND status = ENABLE ) order by id DESC
2026-10-04 13:57:45.280 TRACE_ID DEBUG http-nio-8888-exec-8 CookieUtility get cookie Authorization
2026-10-04 13:57:45.304 TRACE_ID DEBUG http-nio-8888-exec-8 JDBCTemplate SQL:update `t_table_config` set 
`project_id`=1,
`description`=,
`locked`=false,
`checkable`=0,
`row_menu`=998,
`column_filter`=999,
`status_command`=true,
`column_configs`=[{"allowNull":true,"cellType":1,"chineseName":"","columnType":1,"controlType":4,"datasourceParams":"","datasourceType":1,"defaultHidden":false,"defaultValue":"","enableHidden":true,"headerType":1,"javaType":"java.lang.Long","number":true,"placeholder":"","propertyName":"id","searchType":1,"showInEdit":true,"showInList":true,"showInSearch":false,"sort":0},{"allowNull":false,"cellType":1,"chineseName":"租户ID","columnType":1,"controlType":1,"datasourceParams":"","datasourceType":1,"defaultHidden":false,"defaultValue":"","enableHidden":true,"headerType":1,"javaType":"java.lang.Long","number":true,"placeholder":"","propertyName":"tenantId","searchType":1,"showInEdit":true,"showInList":true,"showInSearch":false,"sort":1,"validateType":"digital"},{"allowNull":false,"cellType":1,"chineseName":"微服务名称","columnType":1,"controlType":1,"datasourceParams":"","datasourceType":1,"defaultHidden":false,"defaultValue":"","enableHidden":true,"headerType":1,"javaType":"java.lang.String","number":false,"placeholder":"","propertyName":"name","searchType":1,"showInEdit":true,"showInList":true,"showInSearch":false,"sort":2,"validateType":"string"},{"allowNull":false,"cellType":1,"chineseName":"排序","columnType":1,"controlType":1,"datasourceParams":"","datasourceType":1,"defaultHidden":false,"defaultValue":"","enableHidden":true,"headerType":1,"javaType":"java.lang.Integer","number":true,"placeholder":"","propertyName":"sort","searchType":1,"showInEdit":true,"showInList":true,"showInSearch":false,"sort":3,"validateType":"digital"},{"allowNull":false,"cellType":"7","chineseName":"logo地址","columnType":1,"controlType":"15","datasourceParams":"micro_service_logo","datasourceType":5,"defaultHidden":false,"defaultValue":"","enableHidden":true,"headerType":1,"javaType":"java.lang.String","number":false,"placeholder":"","propertyName":"logo","searchType":1,"showInEdit":true,"showInList":true,"showInSearch":false,"sort":4,"validateType":"string"},{"allowNull":false,"cellType":1,"chineseName":"所属APP ID","columnType":1,"controlType":"7","datasourceParams":"t_app","datasourceType":3,"defaultHidden":false,"defaultValue":"","enableHidden":true,"headerType":1,"javaType":"java.lang.Long","number":true,"placeholder":"","propertyName":"appId","searchType":1,"showInEdit":true,"showInList":true,"showInSearch":false,"sort":5,"validateType":"digital"},{"allowNull":false,"cellType":1,"chineseName":"微服务URL/路径","columnType":1,"controlType":1,"datasourceParams":"","datasourceType":1,"defaultHidden":false,"defaultValue":"","enableHidden":true,"headerType":1,"javaType":"java.lang.String","number":false,"placeholder":"","propertyName":"url","searchType":1,"showInEdit":true,"showInList":true,"showInSearch":false,"sort":6,"validateType":"string"},{"allowNull":false,"cellType":1,"chineseName":"备注","columnType":1,"controlType":6,"datasourceParams":"","datasourceType":1,"defaultHidden":true,"defaultValue":"","enableHidden":false,"headerType":1,"javaType":"java.lang.String","number":false,"placeholder":"","propertyName":"remark","searchType":1,"showInEdit":true,"showInList":false,"showInSearch":false,"sort":7,"validateType":"string"}],
`page_size`=10,
`only_access_self`=true,
`modified_user_id`=1,
`modified_user_name`=mock-user,
`gmt_modified`=1791093465300,
`deleted`=false where id=43
2026-10-04 13:57:52.842 TRACE_ID DEBUG http-nio-8888-exec-10 CookieUtility get cookie Authorization
2026-10-04 13:57:52.844 TRACE_ID DEBUG http-nio-8888-exec-10 JDBCTemplate SQL:select `id`,`name`,`full_base_package_name`,`frontend_name`,`chinese_name`,`i18n`,`description`,`module_prefix`,`architectures`,`config`,`wrap_with_parent`,`scaffold`,`create_user_name`,`create_user_id`,`modified_user_id`,`modified_user_name`,`gmt_create`,`gmt_modified`,`deleted`,`status` from `t_project_config` where id=1
2026-10-04 13:57:52.848 TRACE_ID DEBUG http-nio-8888-exec-10 JDBCTemplate SQL:select * from `t_table_config` where ( project_id = 1  AND create_user_id = 1  AND status = ENABLE ) order by id DESC limit 0,10
2026-10-04 13:57:53.782 TRACE_ID DEBUG http-nio-8888-exec-2 CookieUtility get cookie Authorization
2026-10-04 13:57:53.784 TRACE_ID DEBUG http-nio-8888-exec-2 JDBCTemplate SQL:select count(*) from `t_table_config` where ( project_id = 1  AND create_user_id = 1 )
2026-10-04 13:57:53.785 TRACE_ID DEBUG http-nio-8888-exec-2 JDBCTemplate SQL:select * from `t_table_config` where ( project_id = 1  AND create_user_id = 1 ) order by id DESC
2026-10-04 13:57:53.790 TRACE_ID DEBUG http-nio-8888-exec-2 JDBCTemplate SQL:select * from `t_project_config` where ( create_user_id = 1  AND status = ENABLE ) order by id DESC
2026-10-04 13:57:53.861 TRACE_ID DEBUG http-nio-8888-exec-1 CookieUtility get cookie Authorization
2026-10-04 13:57:53.862 TRACE_ID DEBUG http-nio-8888-exec-1 JDBCTemplate SQL:select count(*) from `t_table_config` where ( project_id = 1  AND create_user_id = 1 )
2026-10-04 13:57:53.863 TRACE_ID DEBUG http-nio-8888-exec-1 JDBCTemplate SQL:select * from `t_table_config` where ( project_id = 1  AND create_user_id = 1 ) order by id DESC
2026-10-04 13:57:53.865 TRACE_ID DEBUG http-nio-8888-exec-1 JDBCTemplate SQL:select * from `t_project_config` where ( create_user_id = 1  AND status = ENABLE ) order by id DESC
2026-10-04 13:58:10.085 TRACE_ID DEBUG main Application Running with Spring Boot v3.5.0, Spring v6.2.7
2026-10-04 13:58:11.324 TRACE_ID DEBUG main SparrowCorsFilter Filter 'corsFilter' configured for use
2026-10-04 13:58:11.324 TRACE_ID DEBUG main FlashFilter Filter 'flashFilter' configured for use
2026-10-04 13:58:11.730 TRACE_ID DEBUG main DruidCustomPasswordCallback DruidCustomPasswordCallback setProperties, passwordKey:mysql_sparrow_password, password:11111111
2026-10-04 13:58:11.857 TRACE_ID DEBUG main DruidCustomPasswordCallback DruidCustomPasswordCallback setProperties, passwordKey:mysql_sparrow_password, password:11111111
2026-10-04 13:58:11.862 TRACE_ID DEBUG main DruidCustomPasswordCallback DruidCustomPasswordCallback setProperties, passwordKey:mysql_sparrow_password, password:11111111
2026-10-04 13:58:11.864 TRACE_ID DEBUG main DruidCustomPasswordCallback DruidCustomPasswordCallback setProperties, passwordKey:mysql_sparrow_password, password:11111111
2026-10-04 13:58:11.867 TRACE_ID DEBUG main DruidCustomPasswordCallback DruidCustomPasswordCallback setProperties, passwordKey:mysql_sparrow_password, password:11111111
2026-10-04 13:58:11.872 TRACE_ID DEBUG main DruidCustomPasswordCallback DruidCustomPasswordCallback setProperties, passwordKey:mysql_sparrow_password, password:11111111
2026-10-04 13:58:11.875 TRACE_ID DEBUG main DruidCustomPasswordCallback DruidCustomPasswordCallback setProperties, passwordKey:mysql_sparrow_password, password:11111111
2026-10-04 13:58:11.877 TRACE_ID DEBUG main DruidCustomPasswordCallback DruidCustomPasswordCallback setProperties, passwordKey:mysql_sparrow_password, password:11111111
2026-10-04 13:58:25.454 TRACE_ID DEBUG http-nio-8888-exec-3 CookieUtility get cookie Authorization
2026-10-04 13:58:25.454 TRACE_ID DEBUG http-nio-8888-exec-4 CookieUtility get cookie Authorization
2026-10-04 13:58:25.611 TRACE_ID DEBUG http-nio-8888-exec-4 JDBCTemplate SQL:select count(*) from `t_app` where ( create_user_id = 1 )
2026-10-04 13:58:25.611 TRACE_ID DEBUG http-nio-8888-exec-3 JDBCTemplate SQL:select count(*) from `t_app` where ( create_user_id = 1 )
2026-10-04 13:58:25.619 TRACE_ID DEBUG http-nio-8888-exec-4 JDBCTemplate SQL:select * from `t_app` where ( create_user_id = 1 ) order by id DESC limit 0,10
2026-10-04 13:58:25.619 TRACE_ID DEBUG http-nio-8888-exec-3 JDBCTemplate SQL:select * from `t_app` where ( create_user_id = 1 ) order by id DESC limit 0,10
2026-10-04 13:58:43.064 TRACE_ID DEBUG http-nio-8888-exec-8 CookieUtility get cookie Authorization
2026-10-04 13:58:43.064 TRACE_ID DEBUG http-nio-8888-exec-7 CookieUtility get cookie Authorization
2026-10-04 13:58:43.073 TRACE_ID DEBUG http-nio-8888-exec-8 JDBCTemplate SQL:select count(*) from `t_micro_service` where ( create_user_id = 1 )
2026-10-04 13:58:43.073 TRACE_ID DEBUG http-nio-8888-exec-7 JDBCTemplate SQL:select count(*) from `t_micro_service` where ( create_user_id = 1 )
2026-10-04 13:58:43.085 TRACE_ID DEBUG http-nio-8888-exec-7 JDBCTemplate SQL:select * from `t_app` where ( create_user_id = 1  AND status = ENABLE ) order by id DESC
2026-10-04 13:58:43.085 TRACE_ID DEBUG http-nio-8888-exec-8 JDBCTemplate SQL:select * from `t_app` where ( create_user_id = 1  AND status = ENABLE ) order by id DESC
2026-10-04 13:59:20.634 TRACE_ID DEBUG http-nio-8888-exec-10 CookieUtility get cookie Authorization
2026-10-04 13:59:31.564 TRACE_ID DEBUG http-nio-8888-exec-2 CookieUtility get cookie Authorization
2026-10-04 13:59:39.594 TRACE_ID DEBUG http-nio-8888-exec-3 CookieUtility get cookie Authorization
2026-10-04 13:59:39.603 TRACE_ID DEBUG http-nio-8888-exec-3 JDBCTemplate SQL:insert into `t_micro_service`(
`tenant_id`,
`name`,
`sort`,
`logo`,
`app_id`,
`url`,
`remark`,
`create_user_name`,
`create_user_id`,
`modified_user_id`,
`modified_user_name`,
`gmt_create`,
`gmt_modified`,
`deleted`,
`status`)values(
0,
商品服务,
0,
http://u.r.sparrowzoo.net/logo/micro_service/duck.jpg,
2,
http://goods.sparrowzoo.com,
无,
mock-user,
1,
1,
mock-user,
1791093579600,
1791093579600,
false,
ENABLE)
2026-10-04 14:00:44.515 TRACE_ID DEBUG http-nio-8888-exec-8 CookieUtility get cookie Authorization
2026-10-04 14:00:44.527 TRACE_ID DEBUG http-nio-8888-exec-8 JDBCTemplate SQL:insert into `t_micro_service`(
`tenant_id`,
`name`,
`sort`,
`logo`,
`app_id`,
`url`,
`remark`,
`create_user_name`,
`create_user_id`,
`modified_user_id`,
`modified_user_name`,
`gmt_create`,
`gmt_modified`,
`deleted`,
`status`)values(
0,
商品服务,
0,
http://u.r.sparrowzoo.net/logo/micro_service/duck.jpg,
2,
http://goods.sparrowzoo.com,
无,
mock-user,
1,
1,
mock-user,
1791093644520,
1791093644520,
false,
ENABLE)
2026-10-04 14:00:44.561 TRACE_ID DEBUG http-nio-8888-exec-9 CookieUtility get cookie Authorization
2026-10-04 14:00:44.562 TRACE_ID DEBUG http-nio-8888-exec-9 JDBCTemplate SQL:select count(*) from `t_micro_service` where ( create_user_id = 1 )
2026-10-04 14:00:44.572 TRACE_ID DEBUG http-nio-8888-exec-9 JDBCTemplate SQL:select * from `t_micro_service` where ( create_user_id = 1 ) order by id DESC limit 0,10
2026-10-04 14:00:44.577 TRACE_ID DEBUG http-nio-8888-exec-9 JDBCTemplate SQL:select * from `t_app` where ( create_user_id = 1  AND status = ENABLE ) order by id DESC
2026-10-04 14:01:02.402 TRACE_ID DEBUG http-nio-8888-exec-1 CookieUtility get cookie Authorization
2026-10-04 14:01:05.051 TRACE_ID DEBUG http-nio-8888-exec-4 CookieUtility get cookie Authorization
2026-10-04 14:01:05.059 TRACE_ID DEBUG http-nio-8888-exec-4 JDBCTemplate SQL:update `t_micro_service` set 
`tenant_id`=0,
`name`=商品服务,
`sort`=0,
`logo`=http://u.r.sparrowzoo.net/logo/micro_service/downloaded-image.jpeg,
`app_id`=2,
`url`=http://goods.sparrowzoo.com,
`remark`=无,
`modified_user_id`=1,
`modified_user_name`=mock-user,
`gmt_modified`=1791093665052,
`deleted`=false where id=1
2026-10-04 14:01:05.075 TRACE_ID DEBUG http-nio-8888-exec-5 CookieUtility get cookie Authorization
2026-10-04 14:01:05.076 TRACE_ID DEBUG http-nio-8888-exec-5 JDBCTemplate SQL:select count(*) from `t_micro_service` where ( create_user_id = 1 )
2026-10-04 14:01:05.078 TRACE_ID DEBUG http-nio-8888-exec-5 JDBCTemplate SQL:select * from `t_micro_service` where ( create_user_id = 1 ) order by id DESC limit 0,10
2026-10-04 14:01:05.084 TRACE_ID DEBUG http-nio-8888-exec-5 JDBCTemplate SQL:select * from `t_app` where ( create_user_id = 1  AND status = ENABLE ) order by id DESC
2026-10-04 14:01:07.622 TRACE_ID DEBUG http-nio-8888-exec-6 CookieUtility get cookie Authorization
2026-10-04 14:01:07.622 TRACE_ID DEBUG http-nio-8888-exec-8 CookieUtility get cookie Authorization
2026-10-04 14:01:07.623 TRACE_ID DEBUG http-nio-8888-exec-8 JDBCTemplate SQL:select count(*) from `t_micro_service` where ( create_user_id = 1 )
2026-10-04 14:01:07.624 TRACE_ID DEBUG http-nio-8888-exec-6 JDBCTemplate SQL:select count(*) from `t_micro_service` where ( create_user_id = 1 )
2026-10-04 14:01:07.624 TRACE_ID DEBUG http-nio-8888-exec-8 JDBCTemplate SQL:select * from `t_micro_service` where ( create_user_id = 1 ) order by id DESC limit 0,10
2026-10-04 14:01:07.625 TRACE_ID DEBUG http-nio-8888-exec-6 JDBCTemplate SQL:select * from `t_micro_service` where ( create_user_id = 1 ) order by id DESC limit 0,10
2026-10-04 14:01:07.626 TRACE_ID DEBUG http-nio-8888-exec-8 JDBCTemplate SQL:select * from `t_app` where ( create_user_id = 1  AND status = ENABLE ) order by id DESC
2026-10-04 14:01:07.626 TRACE_ID DEBUG http-nio-8888-exec-6 JDBCTemplate SQL:select * from `t_app` where ( create_user_id = 1  AND status = ENABLE ) order by id DESC
2026-10-04 14:02:21.140 TRACE_ID DEBUG http-nio-8888-exec-1 CookieUtility get cookie Authorization
2026-10-04 14:02:21.168 TRACE_ID DEBUG http-nio-8888-exec-1 JDBCTemplate SQL:insert into `t_table_config`(
`project_id`,
`primary_key`,
`table_name`,
`class_name`,
`description`,
`locked`,
`checkable`,
`row_menu`,
`column_filter`,
`status_command`,
`column_configs`,
`source`,
`source_code`,
`page_size`,
`only_access_self`,
`create_user_name`,
`create_user_id`,
`modified_user_id`,
`modified_user_name`,
`gmt_create`,
`gmt_modified`,
`deleted`,
`status`)values(
1,
id,
t_organization,
com.sparrow.security.po.Organization,
,
false,
0,
998,
999,
true,
[{"allowNull":true,"cellType":1,"chineseName":"","columnType":1,"controlType":4,"datasourceParams":"","datasourceType":1,"defaultHidden":false,"defaultValue":"","enableHidden":true,"headerType":1,"javaType":"java.lang.Long","number":true,"placeholder":"","propertyName":"id","searchType":1,"showInEdit":true,"showInList":true,"showInSearch":false,"sort":0},{"allowNull":false,"cellType":1,"chineseName":"租户ID，0=全局，>0=租户私有","columnType":1,"controlType":1,"datasourceParams":"","datasourceType":1,"defaultHidden":false,"defaultValue":"","enableHidden":true,"headerType":1,"javaType":"java.lang.Long","number":true,"placeholder":"","propertyName":"tenantId","searchType":1,"showInEdit":true,"showInList":true,"showInSearch":false,"sort":1,"validateType":"digital"},{"allowNull":false,"cellType":1,"chineseName":"部门级别，顶级为0","columnType":1,"controlType":1,"datasourceParams":"","datasourceType":1,"defaultHidden":false,"defaultValue":"","enableHidden":true,"headerType":1,"javaType":"java.lang.Integer","number":true,"placeholder":"","propertyName":"level","searchType":1,"showInEdit":true,"showInList":true,"showInSearch":false,"sort":2,"validateType":"digital"},{"allowNull":false,"cellType":1,"chineseName":"父部门ID","columnType":1,"controlType":1,"datasourceParams":"t_organization","datasourceType":3,"defaultHidden":false,"defaultValue":"","enableHidden":true,"headerType":1,"javaType":"java.lang.Long","number":true,"placeholder":"","propertyName":"parentId","searchType":1,"showInEdit":true,"showInList":true,"showInSearch":false,"sort":3,"validateType":"digital"},{"allowNull":false,"cellType":1,"chineseName":"部门编码","columnType":1,"controlType":1,"datasourceParams":"","datasourceType":1,"defaultHidden":false,"defaultValue":"","enableHidden":true,"headerType":1,"javaType":"java.lang.String","number":false,"placeholder":"","propertyName":"code","searchType":1,"showInEdit":true,"showInList":true,"showInSearch":false,"sort":4,"validateType":"string"},{"allowNull":false,"cellType":1,"chineseName":"部门名称","columnType":1,"controlType":1,"datasourceParams":"","datasourceType":1,"defaultHidden":false,"defaultValue":"","enableHidden":true,"headerType":1,"javaType":"java.lang.String","number":false,"placeholder":"","propertyName":"name","searchType":1,"showInEdit":true,"showInList":true,"showInSearch":false,"sort":5,"validateType":"string"},{"allowNull":false,"cellType":1,"chineseName":"负责人","columnType":1,"controlType":1,"datasourceParams":"","datasourceType":1,"defaultHidden":false,"defaultValue":"","enableHidden":true,"headerType":1,"javaType":"java.lang.String","number":false,"placeholder":"","propertyName":"manager","searchType":1,"showInEdit":true,"showInList":true,"showInSearch":false,"sort":6,"validateType":"string"},{"allowNull":false,"cellType":1,"chineseName":"部门电话","columnType":1,"controlType":1,"datasourceParams":"","datasourceType":1,"defaultHidden":false,"defaultValue":"","enableHidden":true,"headerType":1,"javaType":"java.lang.String","number":false,"placeholder":"","propertyName":"telephone","searchType":1,"showInEdit":true,"showInList":true,"showInSearch":false,"sort":7,"validateType":"string"},{"allowNull":false,"cellType":1,"chineseName":"排序","columnType":1,"controlType":1,"datasourceParams":"","datasourceType":1,"defaultHidden":false,"defaultValue":"","enableHidden":true,"headerType":1,"javaType":"java.lang.Integer","number":true,"placeholder":"","propertyName":"sort","searchType":1,"showInEdit":true,"showInList":true,"showInSearch":false,"sort":8,"validateType":"digital"}],
1,
,
10,
true,
mock-user,
1,
1,
mock-user,
1791093741163,
1791093741163,
false,
ENABLE)
2026-10-04 14:02:21.182 TRACE_ID DEBUG http-nio-8888-exec-4 CookieUtility get cookie Authorization
2026-10-04 14:02:21.185 TRACE_ID DEBUG http-nio-8888-exec-4 JDBCTemplate SQL:select count(*) from `t_table_config` where ( project_id = 1  AND create_user_id = 1 )
2026-10-04 14:02:21.187 TRACE_ID DEBUG http-nio-8888-exec-4 JDBCTemplate SQL:select * from `t_table_config` where ( project_id = 1  AND create_user_id = 1 ) order by id DESC
2026-10-04 14:02:21.193 TRACE_ID DEBUG http-nio-8888-exec-4 JDBCTemplate SQL:select * from `t_project_config` where ( create_user_id = 1  AND status = ENABLE ) order by id DESC
2026-10-04 14:03:49.699 TRACE_ID DEBUG http-nio-8888-exec-6 CookieUtility get cookie Authorization
2026-10-04 14:03:49.710 TRACE_ID DEBUG http-nio-8888-exec-6 JDBCTemplate SQL:update `t_table_config` set 
`project_id`=1,
`description`=,
`locked`=false,
`checkable`=0,
`row_menu`=998,
`column_filter`=999,
`status_command`=true,
`column_configs`=[{"allowNull":true,"cellType":1,"chineseName":"","columnType":1,"controlType":4,"datasourceParams":"","datasourceType":1,"defaultHidden":false,"defaultValue":"","enableHidden":true,"headerType":1,"javaType":"java.lang.Long","number":true,"placeholder":"","propertyName":"id","searchType":1,"showInEdit":true,"showInList":true,"showInSearch":false,"sort":0},{"allowNull":false,"cellType":1,"chineseName":"租户ID","columnType":1,"controlType":1,"datasourceParams":"","datasourceType":1,"defaultHidden":false,"defaultValue":"","enableHidden":true,"headerType":1,"javaType":"java.lang.Long","number":true,"placeholder":"","propertyName":"tenantId","searchType":1,"showInEdit":true,"showInList":true,"showInSearch":false,"sort":1,"validateType":"digital"},{"allowNull":false,"cellType":1,"chineseName":"部门级别","columnType":1,"controlType":1,"datasourceParams":"","datasourceType":1,"defaultHidden":false,"defaultValue":"","enableHidden":true,"headerType":1,"javaType":"java.lang.Integer","number":true,"placeholder":"","propertyName":"level","searchType":1,"showInEdit":true,"showInList":true,"showInSearch":false,"sort":2,"validateType":"digital"},{"allowNull":false,"cellType":1,"chineseName":"父部门ID","columnType":1,"controlType":"7","datasourceParams":"t_organization","datasourceType":3,"defaultHidden":false,"defaultValue":"","enableHidden":true,"headerType":1,"javaType":"java.lang.Long","number":true,"placeholder":"","propertyName":"parentId","searchType":1,"showInEdit":true,"showInList":true,"showInSearch":false,"sort":3,"validateType":"digital"},{"allowNull":false,"cellType":1,"chineseName":"部门编码","columnType":1,"controlType":1,"datasourceParams":"","datasourceType":1,"defaultHidden":false,"defaultValue":"","enableHidden":true,"headerType":1,"javaType":"java.lang.String","number":false,"placeholder":"","propertyName":"code","searchType":1,"showInEdit":true,"showInList":true,"showInSearch":false,"sort":4,"validateType":"string"},{"allowNull":false,"cellType":1,"chineseName":"部门名称","columnType":1,"controlType":1,"datasourceParams":"","datasourceType":1,"defaultHidden":false,"defaultValue":"","enableHidden":true,"headerType":1,"javaType":"java.lang.String","number":false,"placeholder":"","propertyName":"name","searchType":1,"showInEdit":true,"showInList":true,"showInSearch":false,"sort":5,"validateType":"string"},{"allowNull":false,"cellType":1,"chineseName":"负责人","columnType":1,"controlType":1,"datasourceParams":"","datasourceType":1,"defaultHidden":false,"defaultValue":"","enableHidden":true,"headerType":1,"javaType":"java.lang.String","number":false,"placeholder":"","propertyName":"manager","searchType":1,"showInEdit":true,"showInList":true,"showInSearch":false,"sort":6,"validateType":"string"},{"allowNull":false,"cellType":1,"chineseName":"部门电话","columnType":1,"controlType":1,"datasourceParams":"","datasourceType":1,"defaultHidden":false,"defaultValue":"","enableHidden":true,"headerType":1,"javaType":"java.lang.String","number":false,"placeholder":"","propertyName":"telephone","searchType":1,"showInEdit":true,"showInList":true,"showInSearch":false,"sort":7,"validateType":"mobile"},{"allowNull":false,"cellType":1,"chineseName":"排序","columnType":1,"controlType":1,"datasourceParams":"","datasourceType":1,"defaultHidden":false,"defaultValue":"","enableHidden":true,"headerType":1,"javaType":"java.lang.Integer","number":true,"placeholder":"","propertyName":"sort","searchType":1,"showInEdit":true,"showInList":true,"showInSearch":false,"sort":8,"validateType":"digital"}],
`page_size`=10,
`only_access_self`=true,
`modified_user_id`=1,
`modified_user_name`=mock-user,
`gmt_modified`=1791093829707,
`deleted`=false where id=44
2026-10-04 14:03:57.553 TRACE_ID DEBUG http-nio-8888-exec-7 CookieUtility get cookie Authorization
2026-10-04 14:03:57.562 TRACE_ID DEBUG http-nio-8888-exec-7 JDBCTemplate SQL:select `id`,`name`,`full_base_package_name`,`frontend_name`,`chinese_name`,`i18n`,`description`,`module_prefix`,`architectures`,`config`,`wrap_with_parent`,`scaffold`,`create_user_name`,`create_user_id`,`modified_user_id`,`modified_user_name`,`gmt_create`,`gmt_modified`,`deleted`,`status` from `t_project_config` where id=1
2026-10-04 14:03:57.566 TRACE_ID DEBUG http-nio-8888-exec-7 JDBCTemplate SQL:select * from `t_table_config` where ( project_id = 1  AND create_user_id = 1  AND status = ENABLE ) order by id DESC limit 0,10
2026-10-04 14:03:59.193 TRACE_ID DEBUG http-nio-8888-exec-10 CookieUtility get cookie Authorization
2026-10-04 14:03:59.194 TRACE_ID DEBUG http-nio-8888-exec-10 JDBCTemplate SQL:select count(*) from `t_micro_service` where ( create_user_id = 1 )
2026-10-04 14:03:59.197 TRACE_ID DEBUG http-nio-8888-exec-10 JDBCTemplate SQL:select * from `t_micro_service` where ( create_user_id = 1 ) order by id DESC limit 0,10
2026-10-04 14:03:59.200 TRACE_ID DEBUG http-nio-8888-exec-10 JDBCTemplate SQL:select * from `t_app` where ( create_user_id = 1  AND status = ENABLE ) order by id DESC
2026-10-04 14:03:59.290 TRACE_ID DEBUG http-nio-8888-exec-2 CookieUtility get cookie Authorization
2026-10-04 14:03:59.291 TRACE_ID DEBUG http-nio-8888-exec-2 JDBCTemplate SQL:select count(*) from `t_table_config` where ( project_id = 1  AND create_user_id = 1 )
2026-10-04 14:03:59.292 TRACE_ID DEBUG http-nio-8888-exec-2 JDBCTemplate SQL:select * from `t_table_config` where ( project_id = 1  AND create_user_id = 1 ) order by id DESC
2026-10-04 14:03:59.294 TRACE_ID DEBUG http-nio-8888-exec-2 JDBCTemplate SQL:select * from `t_project_config` where ( create_user_id = 1  AND status = ENABLE ) order by id DESC
2026-10-04 14:04:10.281 TRACE_ID DEBUG http-nio-8888-exec-6 CookieUtility get cookie Authorization
2026-10-04 14:04:10.281 TRACE_ID DEBUG http-nio-8888-exec-5 CookieUtility get cookie Authorization
2026-10-04 14:04:53.694 TRACE_ID DEBUG main Application Running with Spring Boot v3.5.0, Spring v6.2.7
2026-10-04 14:04:54.984 TRACE_ID DEBUG main SparrowCorsFilter Filter 'corsFilter' configured for use
2026-10-04 14:04:54.984 TRACE_ID DEBUG main FlashFilter Filter 'flashFilter' configured for use
2026-10-04 14:04:55.376 TRACE_ID DEBUG main DruidCustomPasswordCallback DruidCustomPasswordCallback setProperties, passwordKey:mysql_sparrow_password, password:11111111
2026-10-04 14:04:55.500 TRACE_ID DEBUG main DruidCustomPasswordCallback DruidCustomPasswordCallback setProperties, passwordKey:mysql_sparrow_password, password:11111111
2026-10-04 14:04:55.505 TRACE_ID DEBUG main DruidCustomPasswordCallback DruidCustomPasswordCallback setProperties, passwordKey:mysql_sparrow_password, password:11111111
2026-10-04 14:04:55.509 TRACE_ID DEBUG main DruidCustomPasswordCallback DruidCustomPasswordCallback setProperties, passwordKey:mysql_sparrow_password, password:11111111
2026-10-04 14:04:55.513 TRACE_ID DEBUG main DruidCustomPasswordCallback DruidCustomPasswordCallback setProperties, passwordKey:mysql_sparrow_password, password:11111111
2026-10-04 14:04:55.516 TRACE_ID DEBUG main DruidCustomPasswordCallback DruidCustomPasswordCallback setProperties, passwordKey:mysql_sparrow_password, password:11111111
2026-10-04 14:04:55.519 TRACE_ID DEBUG main DruidCustomPasswordCallback DruidCustomPasswordCallback setProperties, passwordKey:mysql_sparrow_password, password:11111111
2026-10-04 14:04:55.522 TRACE_ID DEBUG main DruidCustomPasswordCallback DruidCustomPasswordCallback setProperties, passwordKey:mysql_sparrow_password, password:11111111
2026-10-04 14:05:00.879 TRACE_ID DEBUG http-nio-8888-exec-3 CookieUtility get cookie Authorization
2026-10-04 14:05:00.880 TRACE_ID DEBUG http-nio-8888-exec-4 CookieUtility get cookie Authorization
2026-10-04 14:05:01.037 TRACE_ID DEBUG http-nio-8888-exec-3 JDBCTemplate SQL:select count(*) from `t_organization` where ( create_user_id = 1 )
2026-10-04 14:05:01.037 TRACE_ID DEBUG http-nio-8888-exec-4 JDBCTemplate SQL:select count(*) from `t_organization` where ( create_user_id = 1 )
2026-10-04 14:05:01.077 TRACE_ID DEBUG http-nio-8888-exec-3 JDBCTemplate SQL:select * from `t_organization` where ( create_user_id = 1  AND status = ENABLE ) order by id DESC
2026-10-04 14:05:01.079 TRACE_ID DEBUG http-nio-8888-exec-4 JDBCTemplate SQL:select * from `t_organization` where ( create_user_id = 1  AND status = ENABLE ) order by id DESC
2026-10-04 14:07:32.767 TRACE_ID DEBUG http-nio-8888-exec-7 CookieUtility get cookie Authorization
2026-10-04 14:07:32.768 TRACE_ID DEBUG http-nio-8888-exec-9 CookieUtility get cookie Authorization
2026-10-04 14:07:32.784 TRACE_ID DEBUG http-nio-8888-exec-9 JDBCTemplate SQL:select count(*) from `t_organization` where ( create_user_id = 1 )
2026-10-04 14:07:32.784 TRACE_ID DEBUG http-nio-8888-exec-7 JDBCTemplate SQL:select count(*) from `t_organization` where ( create_user_id = 1 )
2026-10-04 14:07:32.793 TRACE_ID DEBUG http-nio-8888-exec-7 JDBCTemplate SQL:select * from `t_organization` where ( create_user_id = 1  AND status = ENABLE ) order by id DESC
2026-10-04 14:07:32.793 TRACE_ID DEBUG http-nio-8888-exec-9 JDBCTemplate SQL:select * from `t_organization` where ( create_user_id = 1  AND status = ENABLE ) order by id DESC
2026-10-04 15:10:22.316 TRACE_ID DEBUG main Application Running with Spring Boot v3.5.0, Spring v6.2.7
2026-10-04 15:10:23.593 TRACE_ID DEBUG main SparrowCorsFilter Filter 'corsFilter' configured for use
2026-10-04 15:10:23.593 TRACE_ID DEBUG main FlashFilter Filter 'flashFilter' configured for use
2026-10-04 15:10:23.979 TRACE_ID DEBUG main DruidCustomPasswordCallback DruidCustomPasswordCallback setProperties, passwordKey:mysql_sparrow_password, password:11111111
2026-10-04 15:10:24.126 TRACE_ID DEBUG main DruidCustomPasswordCallback DruidCustomPasswordCallback setProperties, passwordKey:mysql_sparrow_password, password:11111111
2026-10-04 15:10:24.135 TRACE_ID DEBUG main DruidCustomPasswordCallback DruidCustomPasswordCallback setProperties, passwordKey:mysql_sparrow_password, password:11111111
2026-10-04 15:10:24.140 TRACE_ID DEBUG main DruidCustomPasswordCallback DruidCustomPasswordCallback setProperties, passwordKey:mysql_sparrow_password, password:11111111
2026-10-04 15:10:24.143 TRACE_ID DEBUG main DruidCustomPasswordCallback DruidCustomPasswordCallback setProperties, passwordKey:mysql_sparrow_password, password:11111111
2026-10-04 15:10:24.147 TRACE_ID DEBUG main DruidCustomPasswordCallback DruidCustomPasswordCallback setProperties, passwordKey:mysql_sparrow_password, password:11111111
2026-10-04 15:10:24.153 TRACE_ID DEBUG main DruidCustomPasswordCallback DruidCustomPasswordCallback setProperties, passwordKey:mysql_sparrow_password, password:11111111
2026-10-04 15:10:24.156 TRACE_ID DEBUG main DruidCustomPasswordCallback DruidCustomPasswordCallback setProperties, passwordKey:mysql_sparrow_password, password:11111111
2026-10-04 15:10:31.765 TRACE_ID DEBUG http-nio-8888-exec-2 CookieUtility get cookie Authorization
2026-10-04 15:10:31.887 TRACE_ID DEBUG http-nio-8888-exec-2 JDBCTemplate SQL:select `id`,`name`,`full_base_package_name`,`frontend_name`,`chinese_name`,`i18n`,`description`,`module_prefix`,`architectures`,`config`,`wrap_with_parent`,`scaffold`,`create_user_name`,`create_user_id`,`modified_user_id`,`modified_user_name`,`gmt_create`,`gmt_modified`,`deleted`,`status` from `t_project_config` where id=1
2026-10-04 15:10:31.915 TRACE_ID DEBUG http-nio-8888-exec-2 JDBCTemplate SQL:select * from `t_table_config` where ( project_id = 1  AND create_user_id = 1  AND status = ENABLE ) order by id DESC limit 0,10
2026-10-04 15:10:38.446 TRACE_ID DEBUG http-nio-8888-exec-5 CookieUtility get cookie Authorization
2026-10-04 15:10:38.446 TRACE_ID DEBUG http-nio-8888-exec-6 CookieUtility get cookie Authorization
2026-10-04 15:10:38.462 TRACE_ID DEBUG http-nio-8888-exec-5 JDBCTemplate SQL:select count(*) from `t_organization` where ( create_user_id = 1 )
2026-10-04 15:10:38.462 TRACE_ID DEBUG http-nio-8888-exec-6 JDBCTemplate SQL:select count(*) from `t_organization` where ( create_user_id = 1 )
2026-10-04 15:10:38.490 TRACE_ID DEBUG http-nio-8888-exec-6 JDBCTemplate SQL:select * from `t_organization` where ( create_user_id = 1  AND status = ENABLE ) order by id DESC
2026-10-04 15:10:38.490 TRACE_ID DEBUG http-nio-8888-exec-5 JDBCTemplate SQL:select * from `t_organization` where ( create_user_id = 1  AND status = ENABLE ) order by id DESC
2026-10-04 15:18:02.407 TRACE_ID DEBUG main Application Running with Spring Boot v3.5.0, Spring v6.2.7
2026-10-04 15:18:03.627 TRACE_ID DEBUG main SparrowCorsFilter Filter 'corsFilter' configured for use
2026-10-04 15:18:03.627 TRACE_ID DEBUG main FlashFilter Filter 'flashFilter' configured for use
2026-10-04 15:18:04.019 TRACE_ID DEBUG main DruidCustomPasswordCallback DruidCustomPasswordCallback setProperties, passwordKey:mysql_sparrow_password, password:11111111
2026-10-04 15:18:04.147 TRACE_ID DEBUG main DruidCustomPasswordCallback DruidCustomPasswordCallback setProperties, passwordKey:mysql_sparrow_password, password:11111111
2026-10-04 15:18:04.154 TRACE_ID DEBUG main DruidCustomPasswordCallback DruidCustomPasswordCallback setProperties, passwordKey:mysql_sparrow_password, password:11111111
2026-10-04 15:18:04.157 TRACE_ID DEBUG main DruidCustomPasswordCallback DruidCustomPasswordCallback setProperties, passwordKey:mysql_sparrow_password, password:11111111
2026-10-04 15:18:04.163 TRACE_ID DEBUG main DruidCustomPasswordCallback DruidCustomPasswordCallback setProperties, passwordKey:mysql_sparrow_password, password:11111111
2026-10-04 15:18:04.167 TRACE_ID DEBUG main DruidCustomPasswordCallback DruidCustomPasswordCallback setProperties, passwordKey:mysql_sparrow_password, password:11111111
2026-10-04 15:18:04.173 TRACE_ID DEBUG main DruidCustomPasswordCallback DruidCustomPasswordCallback setProperties, passwordKey:mysql_sparrow_password, password:11111111
2026-10-04 15:18:04.176 TRACE_ID DEBUG main DruidCustomPasswordCallback DruidCustomPasswordCallback setProperties, passwordKey:mysql_sparrow_password, password:11111111
2026-10-04 15:18:11.968 TRACE_ID DEBUG http-nio-8888-exec-2 CookieUtility get cookie Authorization
2026-10-04 15:18:12.079 TRACE_ID DEBUG http-nio-8888-exec-2 JDBCTemplate SQL:select `id`,`name`,`full_base_package_name`,`frontend_name`,`chinese_name`,`i18n`,`description`,`module_prefix`,`architectures`,`config`,`wrap_with_parent`,`scaffold`,`create_user_name`,`create_user_id`,`modified_user_id`,`modified_user_name`,`gmt_create`,`gmt_modified`,`deleted`,`status` from `t_project_config` where id=1
2026-10-04 15:18:12.098 TRACE_ID DEBUG http-nio-8888-exec-2 JDBCTemplate SQL:select * from `t_table_config` where ( project_id = 1  AND create_user_id = 1  AND status = ENABLE ) order by id DESC limit 0,10
2026-10-04 15:18:45.159 TRACE_ID DEBUG http-nio-8888-exec-5 CookieUtility get cookie Authorization
2026-10-04 15:18:45.159 TRACE_ID DEBUG http-nio-8888-exec-6 CookieUtility get cookie Authorization
2026-10-04 15:18:45.179 TRACE_ID DEBUG http-nio-8888-exec-5 JDBCTemplate SQL:select count(*) from `t_project_config` where ( create_user_id = 1 )
2026-10-04 15:18:45.180 TRACE_ID DEBUG http-nio-8888-exec-6 JDBCTemplate SQL:select count(*) from `t_project_config` where ( create_user_id = 1 )
2026-10-04 15:18:45.205 TRACE_ID DEBUG http-nio-8888-exec-6 JDBCTemplate SQL:select * from `t_project_config` where ( create_user_id = 1 ) order by id DESC limit 0,10
2026-10-04 15:18:45.205 TRACE_ID DEBUG http-nio-8888-exec-5 JDBCTemplate SQL:select * from `t_project_config` where ( create_user_id = 1 ) order by id DESC limit 0,10
2026-10-04 15:22:23.025 TRACE_ID DEBUG http-nio-8888-exec-10 CookieUtility get cookie Authorization
2026-10-04 15:22:23.040 TRACE_ID DEBUG http-nio-8888-exec-10 JDBCTemplate SQL:select count(*) from `t_project_config` where ( create_user_id = 1 )
2026-10-04 15:22:23.043 TRACE_ID DEBUG http-nio-8888-exec-10 JDBCTemplate SQL:select * from `t_project_config` where ( create_user_id = 1 ) order by id DESC limit 0,10
2026-10-04 15:22:23.175 TRACE_ID DEBUG http-nio-8888-exec-4 CookieUtility get cookie Authorization
2026-10-04 15:22:23.175 TRACE_ID DEBUG http-nio-8888-exec-3 CookieUtility get cookie Authorization
2026-10-04 15:22:23.183 TRACE_ID DEBUG http-nio-8888-exec-4 JDBCTemplate SQL:select count(*) from `t_micro_service` where ( create_user_id = 1 )
2026-10-04 15:22:23.184 TRACE_ID DEBUG http-nio-8888-exec-3 JDBCTemplate SQL:select count(*) from `t_micro_service` where ( create_user_id = 1 )
2026-10-04 15:22:23.199 TRACE_ID DEBUG http-nio-8888-exec-4 JDBCTemplate SQL:select * from `t_micro_service` where ( create_user_id = 1 ) order by id DESC limit 0,10
2026-10-04 15:22:23.200 TRACE_ID DEBUG http-nio-8888-exec-3 JDBCTemplate SQL:select * from `t_micro_service` where ( create_user_id = 1 ) order by id DESC limit 0,10
2026-10-04 15:23:05.384 TRACE_ID DEBUG main Application Running with Spring Boot v3.5.0, Spring v6.2.7
2026-10-04 15:23:06.514 TRACE_ID DEBUG main SparrowCorsFilter Filter 'corsFilter' configured for use
2026-10-04 15:23:06.514 TRACE_ID DEBUG main FlashFilter Filter 'flashFilter' configured for use
2026-10-04 15:23:06.884 TRACE_ID DEBUG main DruidCustomPasswordCallback DruidCustomPasswordCallback setProperties, passwordKey:mysql_sparrow_password, password:11111111
2026-10-04 15:23:07.001 TRACE_ID DEBUG main DruidCustomPasswordCallback DruidCustomPasswordCallback setProperties, passwordKey:mysql_sparrow_password, password:11111111
2026-10-04 15:23:07.007 TRACE_ID DEBUG main DruidCustomPasswordCallback DruidCustomPasswordCallback setProperties, passwordKey:mysql_sparrow_password, password:11111111
2026-10-04 15:23:07.011 TRACE_ID DEBUG main DruidCustomPasswordCallback DruidCustomPasswordCallback setProperties, passwordKey:mysql_sparrow_password, password:11111111
2026-10-04 15:23:07.018 TRACE_ID DEBUG main DruidCustomPasswordCallback DruidCustomPasswordCallback setProperties, passwordKey:mysql_sparrow_password, password:11111111
2026-10-04 15:23:07.024 TRACE_ID DEBUG main DruidCustomPasswordCallback DruidCustomPasswordCallback setProperties, passwordKey:mysql_sparrow_password, password:11111111
2026-10-04 15:23:07.029 TRACE_ID DEBUG main DruidCustomPasswordCallback DruidCustomPasswordCallback setProperties, passwordKey:mysql_sparrow_password, password:11111111
2026-10-04 15:23:07.035 TRACE_ID DEBUG main DruidCustomPasswordCallback DruidCustomPasswordCallback setProperties, passwordKey:mysql_sparrow_password, password:11111111
2026-10-04 15:23:26.676 TRACE_ID DEBUG http-nio-8888-exec-3 CookieUtility get cookie Authorization
2026-10-04 15:23:26.676 TRACE_ID DEBUG http-nio-8888-exec-4 CookieUtility get cookie Authorization
2026-10-04 15:23:36.198 TRACE_ID DEBUG http-nio-8888-exec-10 CookieUtility get cookie Authorization
2026-10-04 15:23:36.198 TRACE_ID DEBUG http-nio-8888-exec-9 CookieUtility get cookie Authorization
2026-10-04 15:23:36.246 TRACE_ID DEBUG http-nio-8888-exec-9 JDBCTemplate SQL:select count(*) from `t_table_config` where ( project_id = 1  AND create_user_id = 1 )
2026-10-04 15:23:36.246 TRACE_ID DEBUG http-nio-8888-exec-10 JDBCTemplate SQL:select count(*) from `t_table_config` where ( project_id = 1  AND create_user_id = 1 )
2026-10-04 15:23:36.254 TRACE_ID DEBUG http-nio-8888-exec-10 JDBCTemplate SQL:select * from `t_table_config` where ( project_id = 1  AND create_user_id = 1 ) order by id DESC
2026-10-04 15:23:36.254 TRACE_ID DEBUG http-nio-8888-exec-9 JDBCTemplate SQL:select * from `t_table_config` where ( project_id = 1  AND create_user_id = 1 ) order by id DESC
2026-10-04 15:23:36.261 TRACE_ID DEBUG http-nio-8888-exec-10 JDBCTemplate SQL:select * from `t_project_config` where ( create_user_id = 1  AND status = ENABLE ) order by id DESC
2026-10-04 15:23:36.261 TRACE_ID DEBUG http-nio-8888-exec-9 JDBCTemplate SQL:select * from `t_project_config` where ( create_user_id = 1  AND status = ENABLE ) order by id DESC
2026-10-04 15:23:38.986 TRACE_ID DEBUG http-nio-8888-exec-1 CookieUtility get cookie Authorization
2026-10-04 15:23:38.990 TRACE_ID DEBUG http-nio-8888-exec-1 JDBCTemplate SQL:select `id`,`name`,`full_base_package_name`,`frontend_name`,`chinese_name`,`i18n`,`description`,`module_prefix`,`architectures`,`config`,`wrap_with_parent`,`scaffold`,`create_user_name`,`create_user_id`,`modified_user_id`,`modified_user_name`,`gmt_create`,`gmt_modified`,`deleted`,`status` from `t_project_config` where id=1
2026-10-04 15:23:38.993 TRACE_ID DEBUG http-nio-8888-exec-1 JDBCTemplate SQL:select * from `t_table_config` where ( project_id = 1  AND create_user_id = 1  AND status = ENABLE ) order by id DESC limit 0,10
2026-10-04 15:25:01.096 TRACE_ID DEBUG http-nio-8888-exec-5 CookieUtility get cookie Authorization
2026-10-04 15:25:01.102 TRACE_ID DEBUG http-nio-8888-exec-5 JDBCTemplate SQL:select `id`,`name`,`full_base_package_name`,`frontend_name`,`chinese_name`,`i18n`,`description`,`module_prefix`,`architectures`,`config`,`wrap_with_parent`,`scaffold`,`create_user_name`,`create_user_id`,`modified_user_id`,`modified_user_name`,`gmt_create`,`gmt_modified`,`deleted`,`status` from `t_project_config` where id=1
2026-10-04 15:25:01.108 TRACE_ID DEBUG http-nio-8888-exec-5 JDBCTemplate SQL:select * from `t_table_config` where ( project_id = 1  AND create_user_id = 1  AND status = ENABLE ) order by id DESC limit 0,10
2026-10-04 15:26:42.791 TRACE_ID DEBUG http-nio-8888-exec-7 CookieUtility get cookie Authorization
2026-10-04 15:26:42.799 TRACE_ID DEBUG http-nio-8888-exec-7 JDBCTemplate SQL:select `id`,`name`,`full_base_package_name`,`frontend_name`,`chinese_name`,`i18n`,`description`,`module_prefix`,`architectures`,`config`,`wrap_with_parent`,`scaffold`,`create_user_name`,`create_user_id`,`modified_user_id`,`modified_user_name`,`gmt_create`,`gmt_modified`,`deleted`,`status` from `t_project_config` where id=1
2026-10-04 15:26:42.803 TRACE_ID DEBUG http-nio-8888-exec-7 JDBCTemplate SQL:select * from `t_table_config` where ( project_id = 1  AND create_user_id = 1  AND status = ENABLE ) order by id DESC limit 0,10
2026-10-04 15:29:23.989 TRACE_ID DEBUG http-nio-8888-exec-10 CookieUtility get cookie Authorization
2026-10-04 15:29:24.011 TRACE_ID DEBUG http-nio-8888-exec-10 JDBCTemplate SQL:select `id`,`name`,`full_base_package_name`,`frontend_name`,`chinese_name`,`i18n`,`description`,`module_prefix`,`architectures`,`config`,`wrap_with_parent`,`scaffold`,`create_user_name`,`create_user_id`,`modified_user_id`,`modified_user_name`,`gmt_create`,`gmt_modified`,`deleted`,`status` from `t_project_config` where id=1
2026-10-04 15:29:24.015 TRACE_ID DEBUG http-nio-8888-exec-10 JDBCTemplate SQL:select * from `t_table_config` where ( project_id = 1  AND create_user_id = 1  AND status = ENABLE ) order by id DESC limit 0,10
2026-10-04 15:30:31.077 TRACE_ID DEBUG http-nio-8888-exec-1 CookieUtility get cookie Authorization
2026-10-04 15:30:31.087 TRACE_ID DEBUG http-nio-8888-exec-1 JDBCTemplate SQL:select `id`,`name`,`full_base_package_name`,`frontend_name`,`chinese_name`,`i18n`,`description`,`module_prefix`,`architectures`,`config`,`wrap_with_parent`,`scaffold`,`create_user_name`,`create_user_id`,`modified_user_id`,`modified_user_name`,`gmt_create`,`gmt_modified`,`deleted`,`status` from `t_project_config` where id=1
2026-10-04 15:30:31.091 TRACE_ID DEBUG http-nio-8888-exec-1 JDBCTemplate SQL:select * from `t_table_config` where ( project_id = 1  AND create_user_id = 1  AND status = ENABLE ) order by id DESC limit 0,10
2026-10-04 15:31:19.557 TRACE_ID DEBUG http-nio-8888-exec-3 CookieUtility get cookie Authorization
2026-10-04 15:31:19.564 TRACE_ID DEBUG http-nio-8888-exec-3 JDBCTemplate SQL:select `id`,`name`,`full_base_package_name`,`frontend_name`,`chinese_name`,`i18n`,`description`,`module_prefix`,`architectures`,`config`,`wrap_with_parent`,`scaffold`,`create_user_name`,`create_user_id`,`modified_user_id`,`modified_user_name`,`gmt_create`,`gmt_modified`,`deleted`,`status` from `t_project_config` where id=1
2026-10-04 15:31:19.569 TRACE_ID DEBUG http-nio-8888-exec-3 JDBCTemplate SQL:select * from `t_table_config` where ( project_id = 1  AND create_user_id = 1  AND status = ENABLE ) order by id DESC limit 0,10
2026-10-04 15:31:41.628 TRACE_ID DEBUG http-nio-8888-exec-5 CookieUtility get cookie Authorization
2026-10-04 15:31:41.633 TRACE_ID DEBUG http-nio-8888-exec-5 JDBCTemplate SQL:select `id`,`name`,`full_base_package_name`,`frontend_name`,`chinese_name`,`i18n`,`description`,`module_prefix`,`architectures`,`config`,`wrap_with_parent`,`scaffold`,`create_user_name`,`create_user_id`,`modified_user_id`,`modified_user_name`,`gmt_create`,`gmt_modified`,`deleted`,`status` from `t_project_config` where id=1
2026-10-04 15:31:41.637 TRACE_ID DEBUG http-nio-8888-exec-5 JDBCTemplate SQL:select * from `t_table_config` where ( project_id = 1  AND create_user_id = 1  AND status = ENABLE ) order by id DESC limit 0,10
2026-10-04 15:31:57.425 TRACE_ID DEBUG http-nio-8888-exec-7 CookieUtility get cookie Authorization
2026-10-04 15:31:57.431 TRACE_ID DEBUG http-nio-8888-exec-7 JDBCTemplate SQL:select `id`,`name`,`full_base_package_name`,`frontend_name`,`chinese_name`,`i18n`,`description`,`module_prefix`,`architectures`,`config`,`wrap_with_parent`,`scaffold`,`create_user_name`,`create_user_id`,`modified_user_id`,`modified_user_name`,`gmt_create`,`gmt_modified`,`deleted`,`status` from `t_project_config` where id=1
2026-10-04 15:31:57.435 TRACE_ID DEBUG http-nio-8888-exec-7 JDBCTemplate SQL:select * from `t_table_config` where ( project_id = 1  AND create_user_id = 1  AND status = ENABLE ) order by id DESC limit 0,10
2026-10-04 15:33:33.247 TRACE_ID DEBUG http-nio-8888-exec-10 CookieUtility get cookie Authorization
2026-10-04 15:33:33.251 TRACE_ID DEBUG http-nio-8888-exec-10 JDBCTemplate SQL:select `id`,`name`,`full_base_package_name`,`frontend_name`,`chinese_name`,`i18n`,`description`,`module_prefix`,`architectures`,`config`,`wrap_with_parent`,`scaffold`,`create_user_name`,`create_user_id`,`modified_user_id`,`modified_user_name`,`gmt_create`,`gmt_modified`,`deleted`,`status` from `t_project_config` where id=1
2026-10-04 15:33:33.257 TRACE_ID DEBUG http-nio-8888-exec-10 JDBCTemplate SQL:select * from `t_table_config` where ( project_id = 1  AND create_user_id = 1  AND status = ENABLE ) order by id DESC limit 0,10
2026-10-04 15:36:08.382 TRACE_ID DEBUG http-nio-8888-exec-1 CookieUtility get cookie Authorization
2026-10-04 15:36:08.480 TRACE_ID DEBUG http-nio-8888-exec-1 JDBCTemplate SQL:select `id`,`name`,`full_base_package_name`,`frontend_name`,`chinese_name`,`i18n`,`description`,`module_prefix`,`architectures`,`config`,`wrap_with_parent`,`scaffold`,`create_user_name`,`create_user_id`,`modified_user_id`,`modified_user_name`,`gmt_create`,`gmt_modified`,`deleted`,`status` from `t_project_config` where id=1
2026-10-04 15:36:08.502 TRACE_ID DEBUG http-nio-8888-exec-1 JDBCTemplate SQL:select * from `t_table_config` where ( project_id = 1  AND create_user_id = 1  AND status = ENABLE ) order by id DESC limit 0,10
2026-10-04 15:39:11.106 TRACE_ID DEBUG http-nio-8888-exec-3 CookieUtility get cookie Authorization
2026-10-04 15:39:11.650 TRACE_ID DEBUG http-nio-8888-exec-3 JDBCTemplate SQL:select `id`,`name`,`full_base_package_name`,`frontend_name`,`chinese_name`,`i18n`,`description`,`module_prefix`,`architectures`,`config`,`wrap_with_parent`,`scaffold`,`create_user_name`,`create_user_id`,`modified_user_id`,`modified_user_name`,`gmt_create`,`gmt_modified`,`deleted`,`status` from `t_project_config` where id=1
2026-10-04 15:39:11.734 TRACE_ID DEBUG http-nio-8888-exec-3 JDBCTemplate SQL:select * from `t_table_config` where ( project_id = 1  AND create_user_id = 1  AND status = ENABLE ) order by id DESC limit 0,10
2026-10-04 15:43:55.651 TRACE_ID DEBUG main Application Running with Spring Boot v3.5.0, Spring v6.2.7
2026-10-04 15:43:56.862 TRACE_ID DEBUG main SparrowCorsFilter Filter 'corsFilter' configured for use
2026-10-04 15:43:56.862 TRACE_ID DEBUG main FlashFilter Filter 'flashFilter' configured for use
2026-10-04 15:43:57.251 TRACE_ID DEBUG main DruidCustomPasswordCallback DruidCustomPasswordCallback setProperties, passwordKey:mysql_sparrow_password, password:11111111
2026-10-04 15:43:57.373 TRACE_ID DEBUG main DruidCustomPasswordCallback DruidCustomPasswordCallback setProperties, passwordKey:mysql_sparrow_password, password:11111111
2026-10-04 15:43:57.378 TRACE_ID DEBUG main DruidCustomPasswordCallback DruidCustomPasswordCallback setProperties, passwordKey:mysql_sparrow_password, password:11111111
2026-10-04 15:43:57.381 TRACE_ID DEBUG main DruidCustomPasswordCallback DruidCustomPasswordCallback setProperties, passwordKey:mysql_sparrow_password, password:11111111
2026-10-04 15:43:57.386 TRACE_ID DEBUG main DruidCustomPasswordCallback DruidCustomPasswordCallback setProperties, passwordKey:mysql_sparrow_password, password:11111111
2026-10-04 15:43:57.389 TRACE_ID DEBUG main DruidCustomPasswordCallback DruidCustomPasswordCallback setProperties, passwordKey:mysql_sparrow_password, password:11111111
2026-10-04 15:43:57.395 TRACE_ID DEBUG main DruidCustomPasswordCallback DruidCustomPasswordCallback setProperties, passwordKey:mysql_sparrow_password, password:11111111
2026-10-04 15:43:57.401 TRACE_ID DEBUG main DruidCustomPasswordCallback DruidCustomPasswordCallback setProperties, passwordKey:mysql_sparrow_password, password:11111111
2026-10-04 15:44:06.926 TRACE_ID DEBUG http-nio-8888-exec-2 CookieUtility get cookie Authorization
2026-10-04 15:44:07.046 TRACE_ID DEBUG http-nio-8888-exec-2 JDBCTemplate SQL:select `id`,`name`,`full_base_package_name`,`frontend_name`,`chinese_name`,`i18n`,`description`,`module_prefix`,`architectures`,`config`,`wrap_with_parent`,`scaffold`,`create_user_name`,`create_user_id`,`modified_user_id`,`modified_user_name`,`gmt_create`,`gmt_modified`,`deleted`,`status` from `t_project_config` where id=1
2026-10-04 15:44:09.799 TRACE_ID DEBUG http-nio-8888-exec-2 JDBCTemplate SQL:select * from `t_table_config` where ( project_id = 1  AND create_user_id = 1  AND status = ENABLE ) order by id DESC limit 0,10
2026-10-04 15:44:34.783 TRACE_ID DEBUG http-nio-8888-exec-5 CookieUtility get cookie Authorization
2026-10-04 15:44:34.783 TRACE_ID DEBUG http-nio-8888-exec-6 CookieUtility get cookie Authorization
2026-10-04 15:44:34.805 TRACE_ID DEBUG http-nio-8888-exec-5 JDBCTemplate SQL:select count(*) from `t_organization` where ( create_user_id = 1 )
2026-10-04 15:44:34.805 TRACE_ID DEBUG http-nio-8888-exec-6 JDBCTemplate SQL:select count(*) from `t_organization` where ( create_user_id = 1 )
2026-10-04 15:47:12.442 TRACE_ID DEBUG http-nio-8888-exec-10 CookieUtility get cookie Authorization
2026-10-04 15:47:12.453 TRACE_ID DEBUG http-nio-8888-exec-10 JDBCTemplate SQL:select `id`,`name`,`full_base_package_name`,`frontend_name`,`chinese_name`,`i18n`,`description`,`module_prefix`,`architectures`,`config`,`wrap_with_parent`,`scaffold`,`create_user_name`,`create_user_id`,`modified_user_id`,`modified_user_name`,`gmt_create`,`gmt_modified`,`deleted`,`status` from `t_project_config` where id=1
2026-10-04 15:47:12.457 TRACE_ID DEBUG http-nio-8888-exec-10 JDBCTemplate SQL:select * from `t_table_config` where ( project_id = 1  AND create_user_id = 1  AND status = ENABLE ) order by id DESC limit 0,10
2026-10-04 15:49:00.699 TRACE_ID DEBUG http-nio-8888-exec-2 CookieUtility get cookie Authorization
2026-10-04 15:49:00.703 TRACE_ID DEBUG http-nio-8888-exec-2 JDBCTemplate SQL:select `id`,`name`,`full_base_package_name`,`frontend_name`,`chinese_name`,`i18n`,`description`,`module_prefix`,`architectures`,`config`,`wrap_with_parent`,`scaffold`,`create_user_name`,`create_user_id`,`modified_user_id`,`modified_user_name`,`gmt_create`,`gmt_modified`,`deleted`,`status` from `t_project_config` where id=1
2026-10-04 15:49:00.707 TRACE_ID DEBUG http-nio-8888-exec-2 JDBCTemplate SQL:select * from `t_table_config` where ( project_id = 1  AND create_user_id = 1  AND status = ENABLE ) order by id DESC limit 0,10
2026-10-04 15:49:02.229 TRACE_ID DEBUG http-nio-8888-exec-4 CookieUtility get cookie Authorization
2026-10-04 15:49:02.230 TRACE_ID DEBUG http-nio-8888-exec-4 JDBCTemplate SQL:select `id`,`name`,`full_base_package_name`,`frontend_name`,`chinese_name`,`i18n`,`description`,`module_prefix`,`architectures`,`config`,`wrap_with_parent`,`scaffold`,`create_user_name`,`create_user_id`,`modified_user_id`,`modified_user_name`,`gmt_create`,`gmt_modified`,`deleted`,`status` from `t_project_config` where id=1
2026-10-04 15:49:02.233 TRACE_ID DEBUG http-nio-8888-exec-4 JDBCTemplate SQL:select * from `t_table_config` where ( project_id = 1  AND create_user_id = 1  AND status = ENABLE ) order by id DESC limit 0,10
2026-10-04 15:50:07.359 TRACE_ID DEBUG http-nio-8888-exec-5 CookieUtility get cookie Authorization
2026-10-04 15:50:07.365 TRACE_ID DEBUG http-nio-8888-exec-5 JDBCTemplate SQL:select `id`,`name`,`full_base_package_name`,`frontend_name`,`chinese_name`,`i18n`,`description`,`module_prefix`,`architectures`,`config`,`wrap_with_parent`,`scaffold`,`create_user_name`,`create_user_id`,`modified_user_id`,`modified_user_name`,`gmt_create`,`gmt_modified`,`deleted`,`status` from `t_project_config` where id=1
2026-10-04 15:50:07.368 TRACE_ID DEBUG http-nio-8888-exec-5 JDBCTemplate SQL:select * from `t_table_config` where ( project_id = 1  AND create_user_id = 1  AND status = ENABLE ) order by id DESC limit 0,10
2026-10-04 15:51:18.644 TRACE_ID DEBUG http-nio-8888-exec-7 CookieUtility get cookie Authorization
2026-10-04 15:51:18.657 TRACE_ID DEBUG http-nio-8888-exec-7 JDBCTemplate SQL:select `id`,`name`,`full_base_package_name`,`frontend_name`,`chinese_name`,`i18n`,`description`,`module_prefix`,`architectures`,`config`,`wrap_with_parent`,`scaffold`,`create_user_name`,`create_user_id`,`modified_user_id`,`modified_user_name`,`gmt_create`,`gmt_modified`,`deleted`,`status` from `t_project_config` where id=1
2026-10-04 15:51:18.672 TRACE_ID DEBUG http-nio-8888-exec-7 JDBCTemplate SQL:select * from `t_table_config` where ( project_id = 1  AND create_user_id = 1  AND status = ENABLE ) order by id DESC limit 0,10
2026-10-04 15:55:37.909 TRACE_ID DEBUG http-nio-8888-exec-1 CookieUtility get cookie Authorization
2026-10-04 15:55:37.922 TRACE_ID DEBUG http-nio-8888-exec-1 JDBCTemplate SQL:select `id`,`name`,`full_base_package_name`,`frontend_name`,`chinese_name`,`i18n`,`description`,`module_prefix`,`architectures`,`config`,`wrap_with_parent`,`scaffold`,`create_user_name`,`create_user_id`,`modified_user_id`,`modified_user_name`,`gmt_create`,`gmt_modified`,`deleted`,`status` from `t_project_config` where id=1
2026-10-04 15:55:37.967 TRACE_ID DEBUG http-nio-8888-exec-1 JDBCTemplate SQL:select * from `t_table_config` where ( project_id = 1  AND create_user_id = 1  AND status = ENABLE ) order by id DESC limit 0,10
2026-10-04 15:56:27.821 TRACE_ID DEBUG http-nio-8888-exec-4 CookieUtility get cookie Authorization
2026-10-04 15:56:27.843 TRACE_ID DEBUG http-nio-8888-exec-4 JDBCTemplate SQL:select `id`,`name`,`full_base_package_name`,`frontend_name`,`chinese_name`,`i18n`,`description`,`module_prefix`,`architectures`,`config`,`wrap_with_parent`,`scaffold`,`create_user_name`,`create_user_id`,`modified_user_id`,`modified_user_name`,`gmt_create`,`gmt_modified`,`deleted`,`status` from `t_project_config` where id=1
2026-10-04 15:56:27.858 TRACE_ID DEBUG http-nio-8888-exec-4 JDBCTemplate SQL:select * from `t_table_config` where ( project_id = 1  AND create_user_id = 1  AND status = ENABLE ) order by id DESC limit 0,10
2026-10-04 15:58:30.299 TRACE_ID DEBUG http-nio-8888-exec-5 CookieUtility get cookie Authorization
2026-10-04 15:58:30.318 TRACE_ID DEBUG http-nio-8888-exec-5 JDBCTemplate SQL:update `t_table_config` set 
`project_id`=1,
`description`=,
`locked`=false,
`checkable`=0,
`row_menu`=998,
`column_filter`=999,
`status_command`=true,
`column_configs`=[{"allowNull":true,"cellType":1,"chineseName":"","columnType":1,"controlType":4,"datasourceParams":"","datasourceType":1,"defaultHidden":false,"defaultValue":"","enableHidden":true,"headerType":1,"javaType":"java.lang.Long","number":true,"placeholder":"","propertyName":"id","searchType":1,"showInEdit":true,"showInList":true,"showInSearch":false,"sort":0},{"allowNull":false,"cellType":1,"chineseName":"租户ID","columnType":1,"controlType":1,"datasourceParams":"","datasourceType":1,"defaultHidden":false,"defaultValue":"","enableHidden":true,"headerType":1,"javaType":"java.lang.Long","number":true,"placeholder":"","propertyName":"tenantId","searchType":1,"showInEdit":true,"showInList":true,"showInSearch":false,"sort":1,"validateType":"digital"},{"allowNull":false,"cellType":1,"chineseName":"部门级别","columnType":1,"controlType":1,"datasourceParams":"","datasourceType":1,"defaultHidden":false,"defaultValue":"","enableHidden":true,"headerType":1,"javaType":"java.lang.Integer","number":true,"placeholder":"","propertyName":"level","searchType":1,"showInEdit":true,"showInList":true,"showInSearch":false,"sort":2,"validateType":"digital"},{"allowNull":false,"cellType":1,"chineseName":"父部门ID","columnType":1,"controlType":7,"datasourceParams":"t_organization","datasourceType":3,"defaultHidden":false,"defaultValue":"","enableHidden":true,"headerType":1,"javaType":"java.lang.Long","number":true,"placeholder":"-1","propertyName":"parentId","searchType":1,"showInEdit":true,"showInList":true,"showInSearch":false,"sort":3,"validateType":"digital"},{"allowNull":false,"cellType":1,"chineseName":"部门编码","columnType":1,"controlType":1,"datasourceParams":"","datasourceType":1,"defaultHidden":false,"defaultValue":"","enableHidden":true,"headerType":1,"javaType":"java.lang.String","number":false,"placeholder":"","propertyName":"code","searchType":1,"showInEdit":true,"showInList":true,"showInSearch":false,"sort":4,"validateType":"string"},{"allowNull":false,"cellType":1,"chineseName":"部门名称","columnType":1,"controlType":1,"datasourceParams":"","datasourceType":1,"defaultHidden":false,"defaultValue":"","enableHidden":true,"headerType":1,"javaType":"java.lang.String","number":false,"placeholder":"","propertyName":"name","searchType":1,"showInEdit":true,"showInList":true,"showInSearch":false,"sort":5,"validateType":"string"},{"allowNull":false,"cellType":1,"chineseName":"负责人","columnType":1,"controlType":1,"datasourceParams":"","datasourceType":1,"defaultHidden":false,"defaultValue":"","enableHidden":true,"headerType":1,"javaType":"java.lang.String","number":false,"placeholder":"","propertyName":"manager","searchType":1,"showInEdit":true,"showInList":true,"showInSearch":false,"sort":6,"validateType":"string"},{"allowNull":false,"cellType":1,"chineseName":"部门电话","columnType":1,"controlType":1,"datasourceParams":"","datasourceType":1,"defaultHidden":false,"defaultValue":"","enableHidden":true,"headerType":1,"javaType":"java.lang.String","number":false,"placeholder":"","propertyName":"telephone","searchType":1,"showInEdit":true,"showInList":true,"showInSearch":false,"sort":7,"validateType":"mobile"},{"allowNull":false,"cellType":1,"chineseName":"排序","columnType":1,"controlType":1,"datasourceParams":"","datasourceType":1,"defaultHidden":false,"defaultValue":"","enableHidden":true,"headerType":1,"javaType":"java.lang.Integer","number":true,"placeholder":"","propertyName":"sort","searchType":1,"showInEdit":true,"showInList":true,"showInSearch":false,"sort":8,"validateType":"digital"}],
`page_size`=10,
`only_access_self`=true,
`modified_user_id`=1,
`modified_user_name`=mock-user,
`gmt_modified`=1791100710314,
`deleted`=false where id=44
2026-10-04 15:58:50.460 TRACE_ID DEBUG http-nio-8888-exec-9 CookieUtility get cookie Authorization
2026-10-04 15:58:50.463 TRACE_ID DEBUG http-nio-8888-exec-9 JDBCTemplate SQL:select `id`,`name`,`full_base_package_name`,`frontend_name`,`chinese_name`,`i18n`,`description`,`module_prefix`,`architectures`,`config`,`wrap_with_parent`,`scaffold`,`create_user_name`,`create_user_id`,`modified_user_id`,`modified_user_name`,`gmt_create`,`gmt_modified`,`deleted`,`status` from `t_project_config` where id=1
2026-10-04 15:58:50.467 TRACE_ID DEBUG http-nio-8888-exec-9 JDBCTemplate SQL:select * from `t_table_config` where ( project_id = 1  AND create_user_id = 1  AND status = ENABLE ) order by id DESC limit 0,10
2026-10-04 16:04:40.113 TRACE_ID DEBUG http-nio-8888-exec-10 CookieUtility get cookie Authorization
2026-10-04 16:04:45.323 TRACE_ID DEBUG http-nio-8888-exec-10 JDBCTemplate SQL:insert into `t_organization`(
`tenant_id`,
`level`,
`parent_id`,
`code`,
`name`,
`manager`,
`telephone`,
`sort`,
`create_user_name`,
`create_user_id`,
`modified_user_id`,
`modified_user_name`,
`gmt_create`,
`gmt_modified`,
`deleted`,
`status`)values(
0,
0,
0,
001,
集团总部,
张立志,
13518572928,
0,
mock-user,
1,
1,
mock-user,
1791101085319,
1791101085319,
false,
ENABLE)
2026-10-04 16:05:02.957 TRACE_ID DEBUG http-nio-8888-exec-2 CookieUtility get cookie Authorization
2026-10-04 16:05:02.964 TRACE_ID DEBUG http-nio-8888-exec-2 JDBCTemplate SQL:insert into `t_organization`(
`tenant_id`,
`level`,
`parent_id`,
`code`,
`name`,
`manager`,
`telephone`,
`sort`,
`create_user_name`,
`create_user_id`,
`modified_user_id`,
`modified_user_name`,
`gmt_create`,
`gmt_modified`,
`deleted`,
`status`)values(
0,
0,
0,
001,
集团总部,
张立志,
13518572928,
0,
mock-user,
1,
1,
mock-user,
1791101102961,
1791101102961,
false,
ENABLE)
2026-10-04 16:05:30.414 TRACE_ID DEBUG http-nio-8888-exec-3 CookieUtility get cookie Authorization
2026-10-04 16:05:30.437 TRACE_ID DEBUG http-nio-8888-exec-3 JDBCTemplate SQL:insert into `t_organization`(
`tenant_id`,
`level`,
`parent_id`,
`code`,
`name`,
`manager`,
`telephone`,
`sort`,
`create_user_name`,
`create_user_id`,
`modified_user_id`,
`modified_user_name`,
`gmt_create`,
`gmt_modified`,
`deleted`,
`status`)values(
0,
0,
345,
001,
集团总部,
张立志,
13518572928,
0,
mock-user,
1,
1,
mock-user,
1791101130428,
1791101130428,
false,
ENABLE)
2026-10-04 16:06:00.285 TRACE_ID DEBUG http-nio-8888-exec-8 CookieUtility get cookie Authorization
2026-10-04 16:06:00.293 TRACE_ID DEBUG http-nio-8888-exec-8 JDBCTemplate SQL:insert into `t_organization`(
`tenant_id`,
`level`,
`parent_id`,
`code`,
`name`,
`manager`,
`telephone`,
`sort`,
`create_user_name`,
`create_user_id`,
`modified_user_id`,
`modified_user_name`,
`gmt_create`,
`gmt_modified`,
`deleted`,
`status`)values(
0,
0,
345,
001,
集团总部,
张立志,
13518572928,
0,
mock-user,
1,
1,
mock-user,
1791101160291,
1791101160291,
false,
ENABLE)
2026-10-04 16:06:40.091 TRACE_ID DEBUG http-nio-8888-exec-10 CookieUtility get cookie Authorization
2026-10-04 16:06:40.136 TRACE_ID DEBUG http-nio-8888-exec-10 JDBCTemplate SQL:insert into `t_organization`(
`tenant_id`,
`level`,
`parent_id`,
`code`,
`name`,
`manager`,
`telephone`,
`sort`,
`create_user_name`,
`create_user_id`,
`modified_user_id`,
`modified_user_name`,
`gmt_create`,
`gmt_modified`,
`deleted`,
`status`)values(
0,
0,
0,
001,
集团总部,
张立志,
13518572928,
0,
mock-user,
1,
1,
mock-user,
1791101200101,
1791101200101,
false,
ENABLE)
2026-10-04 16:06:40.314 TRACE_ID DEBUG http-nio-8888-exec-1 CookieUtility get cookie Authorization
2026-10-04 16:06:40.335 TRACE_ID DEBUG http-nio-8888-exec-1 JDBCTemplate SQL:select count(*) from `t_organization` where ( create_user_id = 1 )
2026-10-04 16:06:40.366 TRACE_ID DEBUG http-nio-8888-exec-1 JDBCTemplate SQL:select * from `t_organization` where ( create_user_id = 1 ) order by id DESC limit 0,10
2026-10-04 16:07:17.872 TRACE_ID DEBUG http-nio-8888-exec-4 CookieUtility get cookie Authorization
2026-10-04 16:07:17.879 TRACE_ID DEBUG http-nio-8888-exec-4 JDBCTemplate SQL:insert into `t_organization`(
`tenant_id`,
`level`,
`parent_id`,
`code`,
`name`,
`manager`,
`telephone`,
`sort`,
`create_user_name`,
`create_user_id`,
`modified_user_id`,
`modified_user_name`,
`gmt_create`,
`gmt_modified`,
`deleted`,
`status`)values(
0,
0,
1,
001001,
集团技术部,
张立志,
13581579282,
2,
mock-user,
1,
1,
mock-user,
1791101237876,
1791101237876,
false,
ENABLE)
2026-10-04 16:07:17.902 TRACE_ID DEBUG http-nio-8888-exec-6 CookieUtility get cookie Authorization
2026-10-04 16:07:17.903 TRACE_ID DEBUG http-nio-8888-exec-6 JDBCTemplate SQL:select count(*) from `t_organization` where ( create_user_id = 1 )
2026-10-04 16:07:17.905 TRACE_ID DEBUG http-nio-8888-exec-6 JDBCTemplate SQL:select * from `t_organization` where ( create_user_id = 1 ) order by id DESC limit 0,10
2026-10-04 16:08:38.266 TRACE_ID DEBUG http-nio-8888-exec-9 CookieUtility get cookie Authorization
2026-10-04 16:08:38.266 TRACE_ID DEBUG http-nio-8888-exec-10 CookieUtility get cookie Authorization
2026-10-04 16:08:38.278 TRACE_ID DEBUG Druid-ConnectionPool-Create-280804302 DruidCustomPasswordCallback DruidCustomPasswordCallback setProperties, passwordKey:mysql_sparrow_password, password:11111111
2026-10-04 16:08:38.279 TRACE_ID DEBUG http-nio-8888-exec-10 JDBCTemplate SQL:select count(*) from `t_organization` where ( create_user_id = 1 )
2026-10-04 16:08:38.288 TRACE_ID DEBUG http-nio-8888-exec-9 JDBCTemplate SQL:select count(*) from `t_organization` where ( create_user_id = 1 )
2026-10-04 16:08:38.290 TRACE_ID DEBUG http-nio-8888-exec-10 JDBCTemplate SQL:select * from `t_organization` where ( create_user_id = 1 ) order by id DESC limit 0,10
2026-10-04 16:08:38.292 TRACE_ID DEBUG http-nio-8888-exec-9 JDBCTemplate SQL:select * from `t_organization` where ( create_user_id = 1 ) order by id DESC limit 0,10
2026-10-04 16:09:00.752 TRACE_ID DEBUG http-nio-8888-exec-3 CookieUtility get cookie Authorization
2026-10-04 16:09:00.752 TRACE_ID DEBUG http-nio-8888-exec-4 CookieUtility get cookie Authorization
2026-10-04 16:09:00.787 TRACE_ID DEBUG http-nio-8888-exec-4 JDBCTemplate SQL:select count(*) from `t_organization` where ( create_user_id = 1 )
2026-10-04 16:09:00.787 TRACE_ID DEBUG http-nio-8888-exec-3 JDBCTemplate SQL:select count(*) from `t_organization` where ( create_user_id = 1 )
2026-10-04 16:09:00.790 TRACE_ID DEBUG http-nio-8888-exec-3 JDBCTemplate SQL:select * from `t_organization` where ( create_user_id = 1 ) order by id DESC limit 0,10
2026-10-04 16:09:00.792 TRACE_ID DEBUG http-nio-8888-exec-4 JDBCTemplate SQL:select * from `t_organization` where ( create_user_id = 1 ) order by id DESC limit 0,10
2026-10-04 16:10:01.402 TRACE_ID DEBUG main Application Running with Spring Boot v3.5.0, Spring v6.2.7
2026-10-04 16:10:02.539 TRACE_ID DEBUG main SparrowCorsFilter Filter 'corsFilter' configured for use
2026-10-04 16:10:02.540 TRACE_ID DEBUG main FlashFilter Filter 'flashFilter' configured for use
2026-10-04 16:10:02.921 TRACE_ID DEBUG main DruidCustomPasswordCallback DruidCustomPasswordCallback setProperties, passwordKey:mysql_sparrow_password, password:11111111
2026-10-04 16:10:03.027 TRACE_ID DEBUG main DruidCustomPasswordCallback DruidCustomPasswordCallback setProperties, passwordKey:mysql_sparrow_password, password:11111111
2026-10-04 16:10:03.033 TRACE_ID DEBUG main DruidCustomPasswordCallback DruidCustomPasswordCallback setProperties, passwordKey:mysql_sparrow_password, password:11111111
2026-10-04 16:10:03.037 TRACE_ID DEBUG main DruidCustomPasswordCallback DruidCustomPasswordCallback setProperties, passwordKey:mysql_sparrow_password, password:11111111
2026-10-04 16:10:03.040 TRACE_ID DEBUG main DruidCustomPasswordCallback DruidCustomPasswordCallback setProperties, passwordKey:mysql_sparrow_password, password:11111111
2026-10-04 16:10:03.044 TRACE_ID DEBUG main DruidCustomPasswordCallback DruidCustomPasswordCallback setProperties, passwordKey:mysql_sparrow_password, password:11111111
2026-10-04 16:10:03.047 TRACE_ID DEBUG main DruidCustomPasswordCallback DruidCustomPasswordCallback setProperties, passwordKey:mysql_sparrow_password, password:11111111
2026-10-04 16:10:03.052 TRACE_ID DEBUG main DruidCustomPasswordCallback DruidCustomPasswordCallback setProperties, passwordKey:mysql_sparrow_password, password:11111111
2026-10-04 16:10:14.345 TRACE_ID DEBUG http-nio-8888-exec-3 CookieUtility get cookie Authorization
2026-10-04 16:10:14.345 TRACE_ID DEBUG http-nio-8888-exec-4 CookieUtility get cookie Authorization
2026-10-04 16:10:14.494 TRACE_ID DEBUG http-nio-8888-exec-4 JDBCTemplate SQL:select count(*) from `t_organization` where ( create_user_id = 1 )
2026-10-04 16:10:14.494 TRACE_ID DEBUG http-nio-8888-exec-3 JDBCTemplate SQL:select count(*) from `t_organization` where ( create_user_id = 1 )
2026-10-04 16:10:14.510 TRACE_ID DEBUG http-nio-8888-exec-4 JDBCTemplate SQL:select * from `t_organization` where ( create_user_id = 1 ) order by id DESC limit 0,10
2026-10-04 16:10:14.510 TRACE_ID DEBUG http-nio-8888-exec-3 JDBCTemplate SQL:select * from `t_organization` where ( create_user_id = 1 ) order by id DESC limit 0,10
2026-10-04 16:10:17.963 TRACE_ID DEBUG http-nio-8888-exec-3 JDBCTemplate SQL:select * from `t_organization` where ( create_user_id = 1  AND status = ENABLE ) order by id DESC
2026-10-04 16:10:17.963 TRACE_ID DEBUG http-nio-8888-exec-4 JDBCTemplate SQL:select * from `t_organization` where ( create_user_id = 1  AND status = ENABLE ) order by id DESC
2026-10-04 16:11:00.642 TRACE_ID DEBUG http-nio-8888-exec-6 CookieUtility get cookie Authorization
2026-10-04 16:11:00.661 TRACE_ID DEBUG http-nio-8888-exec-6 JDBCTemplate SQL:insert into `t_organization`(
`tenant_id`,
`level`,
`parent_id`,
`code`,
`name`,
`manager`,
`telephone`,
`sort`,
`create_user_name`,
`create_user_id`,
`modified_user_id`,
`modified_user_name`,
`gmt_create`,
`gmt_modified`,
`deleted`,
`status`)values(
0,
0,
1,
001001001,
产品部,
张立志,
13581579282,
5,
mock-user,
1,
1,
mock-user,
1791101460657,
1791101460657,
false,
ENABLE)
2026-10-04 16:11:00.685 TRACE_ID DEBUG http-nio-8888-exec-8 CookieUtility get cookie Authorization
2026-10-04 16:11:00.688 TRACE_ID DEBUG http-nio-8888-exec-8 JDBCTemplate SQL:select count(*) from `t_organization` where ( create_user_id = 1 )
2026-10-04 16:11:00.692 TRACE_ID DEBUG http-nio-8888-exec-8 JDBCTemplate SQL:select * from `t_organization` where ( create_user_id = 1 ) order by id DESC limit 0,10
2026-10-04 16:11:00.694 TRACE_ID DEBUG http-nio-8888-exec-8 JDBCTemplate SQL:select * from `t_organization` where ( create_user_id = 1  AND status = ENABLE ) order by id DESC
2026-10-04 16:11:26.368 TRACE_ID DEBUG http-nio-8888-exec-2 CookieUtility get cookie Authorization
2026-10-04 16:11:26.371 TRACE_ID DEBUG http-nio-8888-exec-2 JDBCTemplate SQL:update `t_organization` set 
`tenant_id`=0,
`level`=0,
`parent_id`=2,
`code`=001001001,
`name`=产品部,
`manager`=张立志,
`telephone`=13581579282,
`sort`=5,
`modified_user_id`=1,
`modified_user_name`=mock-user,
`gmt_modified`=1791101486370,
`deleted`=false where id=3
2026-10-04 16:11:26.391 TRACE_ID DEBUG http-nio-8888-exec-4 CookieUtility get cookie Authorization
2026-10-04 16:11:26.392 TRACE_ID DEBUG http-nio-8888-exec-4 JDBCTemplate SQL:select count(*) from `t_organization` where ( create_user_id = 1 )
2026-10-04 16:11:26.394 TRACE_ID DEBUG http-nio-8888-exec-4 JDBCTemplate SQL:select * from `t_organization` where ( create_user_id = 1 ) order by id DESC limit 0,10
2026-10-04 16:11:26.396 TRACE_ID DEBUG http-nio-8888-exec-4 JDBCTemplate SQL:select * from `t_organization` where ( create_user_id = 1  AND status = ENABLE ) order by id DESC
2026-10-04 16:11:35.676 TRACE_ID DEBUG http-nio-8888-exec-6 CookieUtility get cookie Authorization
2026-10-04 16:11:35.676 TRACE_ID DEBUG http-nio-8888-exec-7 CookieUtility get cookie Authorization
2026-10-04 16:11:35.678 TRACE_ID DEBUG http-nio-8888-exec-6 JDBCTemplate SQL:select count(*) from `t_organization` where ( create_user_id = 1 )
2026-10-04 16:11:35.678 TRACE_ID DEBUG http-nio-8888-exec-7 JDBCTemplate SQL:select count(*) from `t_organization` where ( create_user_id = 1 )
2026-10-04 16:11:35.679 TRACE_ID DEBUG http-nio-8888-exec-6 JDBCTemplate SQL:select * from `t_organization` where ( create_user_id = 1 ) order by id DESC limit 0,10
2026-10-04 16:11:35.679 TRACE_ID DEBUG http-nio-8888-exec-7 JDBCTemplate SQL:select * from `t_organization` where ( create_user_id = 1 ) order by id DESC limit 0,10
2026-10-04 16:11:35.680 TRACE_ID DEBUG http-nio-8888-exec-6 JDBCTemplate SQL:select * from `t_organization` where ( create_user_id = 1  AND status = ENABLE ) order by id DESC
2026-10-04 16:11:35.680 TRACE_ID DEBUG http-nio-8888-exec-7 JDBCTemplate SQL:select * from `t_organization` where ( create_user_id = 1  AND status = ENABLE ) order by id DESC
2026-10-04 16:11:52.298 TRACE_ID DEBUG http-nio-8888-exec-10 CookieUtility get cookie Authorization
2026-10-04 16:11:52.298 TRACE_ID DEBUG http-nio-8888-exec-2 CookieUtility get cookie Authorization
2026-10-04 16:11:52.304 TRACE_ID DEBUG http-nio-8888-exec-2 JDBCTemplate SQL:select count(*) from `t_micro_service` where ( create_user_id = 1 )
2026-10-04 16:11:52.304 TRACE_ID DEBUG http-nio-8888-exec-10 JDBCTemplate SQL:select count(*) from `t_micro_service` where ( create_user_id = 1 )
2026-10-04 16:11:52.306 TRACE_ID DEBUG http-nio-8888-exec-2 JDBCTemplate SQL:select * from `t_micro_service` where ( create_user_id = 1 ) order by id DESC limit 0,10
2026-10-04 16:11:52.306 TRACE_ID DEBUG http-nio-8888-exec-10 JDBCTemplate SQL:select * from `t_micro_service` where ( create_user_id = 1 ) order by id DESC limit 0,10
2026-10-04 16:11:52.309 TRACE_ID DEBUG http-nio-8888-exec-2 JDBCTemplate SQL:select * from `t_app` where ( create_user_id = 1  AND status = ENABLE ) order by id DESC
2026-10-04 16:11:52.309 TRACE_ID DEBUG http-nio-8888-exec-10 JDBCTemplate SQL:select * from `t_app` where ( create_user_id = 1  AND status = ENABLE ) order by id DESC
2026-10-04 16:11:53.282 TRACE_ID DEBUG http-nio-8888-exec-3 CookieUtility get cookie Authorization
2026-10-04 16:11:53.282 TRACE_ID DEBUG http-nio-8888-exec-5 CookieUtility get cookie Authorization
2026-10-04 16:11:53.283 TRACE_ID DEBUG http-nio-8888-exec-3 JDBCTemplate SQL:select count(*) from `t_organization` where ( create_user_id = 1 )
2026-10-04 16:11:53.283 TRACE_ID DEBUG http-nio-8888-exec-5 JDBCTemplate SQL:select count(*) from `t_organization` where ( create_user_id = 1 )
2026-10-04 16:11:53.285 TRACE_ID DEBUG http-nio-8888-exec-5 JDBCTemplate SQL:select * from `t_organization` where ( create_user_id = 1 ) order by id DESC limit 0,10
2026-10-04 16:11:53.285 TRACE_ID DEBUG http-nio-8888-exec-3 JDBCTemplate SQL:select * from `t_organization` where ( create_user_id = 1 ) order by id DESC limit 0,10
2026-10-04 16:11:53.289 TRACE_ID DEBUG http-nio-8888-exec-5 JDBCTemplate SQL:select * from `t_organization` where ( create_user_id = 1  AND status = ENABLE ) order by id DESC
2026-10-04 16:11:53.297 TRACE_ID DEBUG http-nio-8888-exec-3 JDBCTemplate SQL:select * from `t_organization` where ( create_user_id = 1  AND status = ENABLE ) order by id DESC
2026-10-04 16:12:14.325 TRACE_ID DEBUG http-nio-8888-exec-8 CookieUtility get cookie Authorization
2026-10-04 16:12:14.325 TRACE_ID DEBUG http-nio-8888-exec-9 CookieUtility get cookie Authorization
2026-10-04 16:12:14.344 TRACE_ID DEBUG http-nio-8888-exec-8 JDBCTemplate SQL:select count(*) from `t_project_config` where ( create_user_id = 1 )
2026-10-04 16:12:14.344 TRACE_ID DEBUG http-nio-8888-exec-9 JDBCTemplate SQL:select count(*) from `t_project_config` where ( create_user_id = 1 )
2026-10-04 16:12:14.349 TRACE_ID DEBUG http-nio-8888-exec-9 JDBCTemplate SQL:select * from `t_project_config` where ( create_user_id = 1 ) order by id DESC limit 0,10
2026-10-04 16:12:14.350 TRACE_ID DEBUG http-nio-8888-exec-8 JDBCTemplate SQL:select * from `t_project_config` where ( create_user_id = 1 ) order by id DESC limit 0,10
2026-10-04 16:12:18.893 TRACE_ID DEBUG http-nio-8888-exec-1 CookieUtility get cookie Authorization
2026-10-04 16:12:18.893 TRACE_ID DEBUG http-nio-8888-exec-4 CookieUtility get cookie Authorization
2026-10-04 16:12:18.898 TRACE_ID DEBUG http-nio-8888-exec-1 JDBCTemplate SQL:select count(*) from `t_table_config` where ( project_id = 1  AND create_user_id = 1 )
2026-10-04 16:12:18.898 TRACE_ID DEBUG http-nio-8888-exec-4 JDBCTemplate SQL:select count(*) from `t_table_config` where ( project_id = 1  AND create_user_id = 1 )
2026-10-04 16:12:18.901 TRACE_ID DEBUG http-nio-8888-exec-1 JDBCTemplate SQL:select * from `t_table_config` where ( project_id = 1  AND create_user_id = 1 ) order by id DESC
2026-10-04 16:12:18.901 TRACE_ID DEBUG http-nio-8888-exec-4 JDBCTemplate SQL:select * from `t_table_config` where ( project_id = 1  AND create_user_id = 1 ) order by id DESC
2026-10-04 16:12:18.905 TRACE_ID DEBUG http-nio-8888-exec-1 JDBCTemplate SQL:select * from `t_project_config` where ( create_user_id = 1  AND status = ENABLE ) order by id DESC
2026-10-04 16:12:18.905 TRACE_ID DEBUG http-nio-8888-exec-4 JDBCTemplate SQL:select * from `t_project_config` where ( create_user_id = 1  AND status = ENABLE ) order by id DESC
2026-10-04 16:12:51.206 TRACE_ID DEBUG http-nio-8888-exec-3 CookieUtility get cookie Authorization
2026-10-04 16:12:51.217 TRACE_ID DEBUG http-nio-8888-exec-3 JDBCTemplate SQL:insert into `t_table_config`(
`project_id`,
`primary_key`,
`table_name`,
`class_name`,
`description`,
`locked`,
`checkable`,
`row_menu`,
`column_filter`,
`status_command`,
`column_configs`,
`source`,
`source_code`,
`page_size`,
`only_access_self`,
`create_user_name`,
`create_user_id`,
`modified_user_id`,
`modified_user_name`,
`gmt_create`,
`gmt_modified`,
`deleted`,
`status`)values(
1,
id,
t_position,
com.sparrow.security.po.Position,
,
false,
0,
998,
999,
true,
[{"allowNull":true,"cellType":1,"chineseName":"","columnType":1,"controlType":4,"datasourceParams":"","datasourceType":1,"defaultHidden":false,"defaultValue":"","enableHidden":true,"headerType":1,"javaType":"java.lang.Long","number":true,"placeholder":"","propertyName":"id","searchType":1,"showInEdit":true,"showInList":true,"showInSearch":false,"sort":0},{"allowNull":false,"cellType":1,"chineseName":"租户ID，0=全局，>0=租户私有","columnType":1,"controlType":1,"datasourceParams":"","datasourceType":1,"defaultHidden":false,"defaultValue":"0","enableHidden":true,"headerType":1,"javaType":"java.lang.Long","number":true,"placeholder":"","propertyName":"tenantId","searchType":1,"showInEdit":true,"showInList":true,"showInSearch":false,"sort":1,"validateType":"digital"},{"allowNull":false,"cellType":1,"chineseName":"所属部门ID","columnType":1,"controlType":1,"datasourceParams":"t_organization","datasourceType":3,"defaultHidden":false,"defaultValue":"0","enableHidden":true,"headerType":1,"javaType":"java.lang.Long","number":true,"placeholder":"","propertyName":"organizationId","searchType":1,"showInEdit":true,"showInList":true,"showInSearch":false,"sort":2,"validateType":"digital"},{"allowNull":false,"cellType":1,"chineseName":"岗位编码","columnType":1,"controlType":1,"datasourceParams":"","datasourceType":1,"defaultHidden":false,"defaultValue":"","enableHidden":true,"headerType":1,"javaType":"java.lang.String","number":false,"placeholder":"","propertyName":"code","searchType":1,"showInEdit":true,"showInList":true,"showInSearch":false,"sort":3,"validateType":"string"},{"allowNull":false,"cellType":1,"chineseName":"岗位名称","columnType":1,"controlType":1,"datasourceParams":"","datasourceType":1,"defaultHidden":false,"defaultValue":"","enableHidden":true,"headerType":1,"javaType":"java.lang.String","number":false,"placeholder":"","propertyName":"name","searchType":1,"showInEdit":true,"showInList":true,"showInSearch":false,"sort":4,"validateType":"string"},{"allowNull":false,"cellType":1,"chineseName":"排序","columnType":1,"controlType":1,"datasourceParams":"","datasourceType":1,"defaultHidden":false,"defaultValue":"0","enableHidden":true,"headerType":1,"javaType":"java.lang.Integer","number":true,"placeholder":"","propertyName":"sort","searchType":1,"showInEdit":true,"showInList":true,"showInSearch":false,"sort":5,"validateType":"digital"}],
1,
,
10,
true,
mock-user,
1,
1,
mock-user,
1791101571214,
1791101571214,
false,
ENABLE)
2026-10-04 16:12:51.228 TRACE_ID DEBUG http-nio-8888-exec-7 CookieUtility get cookie Authorization
2026-10-04 16:12:51.229 TRACE_ID DEBUG http-nio-8888-exec-7 JDBCTemplate SQL:select count(*) from `t_table_config` where ( project_id = 1  AND create_user_id = 1 )
2026-10-04 16:12:51.231 TRACE_ID DEBUG http-nio-8888-exec-7 JDBCTemplate SQL:select * from `t_table_config` where ( project_id = 1  AND create_user_id = 1 ) order by id DESC
2026-10-04 16:12:51.234 TRACE_ID DEBUG http-nio-8888-exec-7 JDBCTemplate SQL:select * from `t_project_config` where ( create_user_id = 1  AND status = ENABLE ) order by id DESC
2026-10-04 16:13:26.286 TRACE_ID DEBUG http-nio-8888-exec-2 CookieUtility get cookie Authorization
2026-10-04 16:13:26.294 TRACE_ID DEBUG http-nio-8888-exec-2 JDBCTemplate SQL:update `t_table_config` set 
`project_id`=1,
`description`=,
`locked`=false,
`checkable`=0,
`row_menu`=998,
`column_filter`=999,
`status_command`=true,
`column_configs`=[{"allowNull":true,"cellType":1,"chineseName":"","columnType":1,"controlType":4,"datasourceParams":"","datasourceType":1,"defaultHidden":false,"defaultValue":"","enableHidden":true,"headerType":1,"javaType":"java.lang.Long","number":true,"placeholder":"","propertyName":"id","searchType":1,"showInEdit":true,"showInList":true,"showInSearch":false,"sort":0},{"allowNull":false,"cellType":1,"chineseName":"租户ID","columnType":1,"controlType":1,"datasourceParams":"","datasourceType":1,"defaultHidden":false,"defaultValue":"0","enableHidden":true,"headerType":1,"javaType":"java.lang.Long","number":true,"placeholder":"","propertyName":"tenantId","searchType":1,"showInEdit":true,"showInList":true,"showInSearch":false,"sort":1,"validateType":"digital"},{"allowNull":false,"cellType":1,"chineseName":"所属部门ID","columnType":1,"controlType":"14","datasourceParams":"t_organization","datasourceType":3,"defaultHidden":false,"defaultValue":"0","enableHidden":true,"headerType":1,"javaType":"java.lang.Long","number":true,"placeholder":"","propertyName":"organizationId","searchType":1,"showInEdit":true,"showInList":true,"showInSearch":false,"sort":2,"validateType":"digital"},{"allowNull":false,"cellType":1,"chineseName":"岗位编码","columnType":1,"controlType":1,"datasourceParams":"","datasourceType":1,"defaultHidden":false,"defaultValue":"","enableHidden":true,"headerType":1,"javaType":"java.lang.String","number":false,"placeholder":"","propertyName":"code","searchType":1,"showInEdit":true,"showInList":true,"showInSearch":false,"sort":3,"validateType":"string"},{"allowNull":false,"cellType":1,"chineseName":"岗位名称","columnType":1,"controlType":1,"datasourceParams":"","datasourceType":1,"defaultHidden":false,"defaultValue":"","enableHidden":true,"headerType":1,"javaType":"java.lang.String","number":false,"placeholder":"","propertyName":"name","searchType":1,"showInEdit":true,"showInList":true,"showInSearch":false,"sort":4,"validateType":"string"},{"allowNull":false,"cellType":1,"chineseName":"排序","columnType":1,"controlType":1,"datasourceParams":"","datasourceType":1,"defaultHidden":false,"defaultValue":"0","enableHidden":true,"headerType":1,"javaType":"java.lang.Integer","number":true,"placeholder":"","propertyName":"sort","searchType":1,"showInEdit":true,"showInList":true,"showInSearch":false,"sort":5,"validateType":"digital"}],
`page_size`=10,
`only_access_self`=true,
`modified_user_id`=1,
`modified_user_name`=mock-user,
`gmt_modified`=1791101606293,
`deleted`=false where id=45
2026-10-04 16:13:37.194 TRACE_ID DEBUG http-nio-8888-exec-4 CookieUtility get cookie Authorization
2026-10-04 16:13:37.199 TRACE_ID DEBUG http-nio-8888-exec-4 JDBCTemplate SQL:select `id`,`name`,`full_base_package_name`,`frontend_name`,`chinese_name`,`i18n`,`description`,`module_prefix`,`architectures`,`config`,`wrap_with_parent`,`scaffold`,`create_user_name`,`create_user_id`,`modified_user_id`,`modified_user_name`,`gmt_create`,`gmt_modified`,`deleted`,`status` from `t_project_config` where id=1
2026-10-04 16:13:37.203 TRACE_ID DEBUG http-nio-8888-exec-4 JDBCTemplate SQL:select * from `t_table_config` where ( project_id = 1  AND create_user_id = 1  AND status = ENABLE ) order by id DESC limit 0,10
2026-10-04 16:13:39.097 TRACE_ID DEBUG http-nio-8888-exec-5 CookieUtility get cookie Authorization
2026-10-04 16:13:39.101 TRACE_ID DEBUG http-nio-8888-exec-5 JDBCTemplate SQL:select count(*) from `t_table_config` where ( project_id = 1  AND create_user_id = 1 )
2026-10-04 16:13:39.104 TRACE_ID DEBUG http-nio-8888-exec-5 JDBCTemplate SQL:select * from `t_table_config` where ( project_id = 1  AND create_user_id = 1 ) order by id DESC
2026-10-04 16:13:39.108 TRACE_ID DEBUG http-nio-8888-exec-5 JDBCTemplate SQL:select * from `t_project_config` where ( create_user_id = 1  AND status = ENABLE ) order by id DESC
2026-10-04 16:13:39.117 TRACE_ID DEBUG http-nio-8888-exec-6 CookieUtility get cookie Authorization
2026-10-04 16:13:39.119 TRACE_ID DEBUG http-nio-8888-exec-6 JDBCTemplate SQL:select count(*) from `t_organization` where ( create_user_id = 1 )
2026-10-04 16:13:39.120 TRACE_ID DEBUG http-nio-8888-exec-6 JDBCTemplate SQL:select * from `t_organization` where ( create_user_id = 1 ) order by id DESC limit 0,10
2026-10-04 16:13:39.122 TRACE_ID DEBUG http-nio-8888-exec-6 JDBCTemplate SQL:select * from `t_organization` where ( create_user_id = 1  AND status = ENABLE ) order by id DESC
2026-10-04 16:13:41.800 TRACE_ID DEBUG http-nio-8888-exec-7 CookieUtility get cookie Authorization
2026-10-04 16:13:41.800 TRACE_ID DEBUG http-nio-8888-exec-9 CookieUtility get cookie Authorization
2026-10-04 16:13:41.802 TRACE_ID DEBUG http-nio-8888-exec-7 JDBCTemplate SQL:select count(*) from `t_organization` where ( create_user_id = 1 )
2026-10-04 16:13:41.802 TRACE_ID DEBUG http-nio-8888-exec-9 JDBCTemplate SQL:select count(*) from `t_organization` where ( create_user_id = 1 )
2026-10-04 16:13:41.803 TRACE_ID DEBUG http-nio-8888-exec-7 JDBCTemplate SQL:select * from `t_organization` where ( create_user_id = 1 ) order by id DESC limit 0,10
2026-10-04 16:13:41.803 TRACE_ID DEBUG http-nio-8888-exec-9 JDBCTemplate SQL:select * from `t_organization` where ( create_user_id = 1 ) order by id DESC limit 0,10
2026-10-04 16:13:41.805 TRACE_ID DEBUG http-nio-8888-exec-7 JDBCTemplate SQL:select * from `t_organization` where ( create_user_id = 1  AND status = ENABLE ) order by id DESC
2026-10-04 16:13:41.805 TRACE_ID DEBUG http-nio-8888-exec-9 JDBCTemplate SQL:select * from `t_organization` where ( create_user_id = 1  AND status = ENABLE ) order by id DESC
2026-10-04 16:13:46.238 TRACE_ID DEBUG http-nio-8888-exec-4 CookieUtility get cookie Authorization
2026-10-04 16:13:46.238 TRACE_ID DEBUG http-nio-8888-exec-10 CookieUtility get cookie Authorization
2026-10-04 16:13:53.838 TRACE_ID DEBUG main Application Running with Spring Boot v3.5.0, Spring v6.2.7
2026-10-04 16:13:55.192 TRACE_ID DEBUG main SparrowCorsFilter Filter 'corsFilter' configured for use
2026-10-04 16:13:55.192 TRACE_ID DEBUG main FlashFilter Filter 'flashFilter' configured for use
2026-10-04 16:13:55.594 TRACE_ID DEBUG main DruidCustomPasswordCallback DruidCustomPasswordCallback setProperties, passwordKey:mysql_sparrow_password, password:11111111
2026-10-04 16:13:55.705 TRACE_ID DEBUG main DruidCustomPasswordCallback DruidCustomPasswordCallback setProperties, passwordKey:mysql_sparrow_password, password:11111111
2026-10-04 16:13:55.709 TRACE_ID DEBUG main DruidCustomPasswordCallback DruidCustomPasswordCallback setProperties, passwordKey:mysql_sparrow_password, password:11111111
2026-10-04 16:13:55.712 TRACE_ID DEBUG main DruidCustomPasswordCallback DruidCustomPasswordCallback setProperties, passwordKey:mysql_sparrow_password, password:11111111
2026-10-04 16:13:55.716 TRACE_ID DEBUG main DruidCustomPasswordCallback DruidCustomPasswordCallback setProperties, passwordKey:mysql_sparrow_password, password:11111111
2026-10-04 16:13:55.721 TRACE_ID DEBUG main DruidCustomPasswordCallback DruidCustomPasswordCallback setProperties, passwordKey:mysql_sparrow_password, password:11111111
2026-10-04 16:13:55.724 TRACE_ID DEBUG main DruidCustomPasswordCallback DruidCustomPasswordCallback setProperties, passwordKey:mysql_sparrow_password, password:11111111
2026-10-04 16:13:55.727 TRACE_ID DEBUG main DruidCustomPasswordCallback DruidCustomPasswordCallback setProperties, passwordKey:mysql_sparrow_password, password:11111111
2026-10-04 16:13:59.685 TRACE_ID DEBUG http-nio-8888-exec-4 CookieUtility get cookie Authorization
2026-10-04 16:13:59.685 TRACE_ID DEBUG http-nio-8888-exec-3 CookieUtility get cookie Authorization
2026-10-04 16:13:59.844 TRACE_ID DEBUG http-nio-8888-exec-4 JDBCTemplate SQL:select count(*) from `t_position` where ( create_user_id = 1 )
2026-10-04 16:13:59.844 TRACE_ID DEBUG http-nio-8888-exec-3 JDBCTemplate SQL:select count(*) from `t_position` where ( create_user_id = 1 )
2026-10-04 16:13:59.873 TRACE_ID DEBUG http-nio-8888-exec-3 JDBCTemplate SQL:select * from `t_organization` where ( create_user_id = 1  AND status = ENABLE ) order by id DESC
2026-10-04 16:13:59.874 TRACE_ID DEBUG http-nio-8888-exec-4 JDBCTemplate SQL:select * from `t_organization` where ( create_user_id = 1  AND status = ENABLE ) order by id DESC
2026-10-04 16:14:23.992 TRACE_ID DEBUG http-nio-8888-exec-6 CookieUtility get cookie Authorization
2026-10-04 16:14:24.013 TRACE_ID DEBUG http-nio-8888-exec-6 JDBCTemplate SQL:update `t_table_config` set 
`project_id`=1,
`description`=,
`locked`=false,
`checkable`=0,
`row_menu`=998,
`column_filter`=999,
`status_command`=true,
`column_configs`=[{"allowNull":true,"cellType":1,"chineseName":"","columnType":1,"controlType":4,"datasourceParams":"","datasourceType":1,"defaultHidden":false,"defaultValue":"","enableHidden":true,"headerType":1,"javaType":"java.lang.Long","number":true,"placeholder":"","propertyName":"id","searchType":1,"showInEdit":true,"showInList":true,"showInSearch":false,"sort":0},{"allowNull":false,"cellType":1,"chineseName":"租户ID","columnType":1,"controlType":1,"datasourceParams":"","datasourceType":1,"defaultHidden":false,"defaultValue":"0","enableHidden":true,"headerType":1,"javaType":"java.lang.Long","number":true,"placeholder":"","propertyName":"tenantId","searchType":1,"showInEdit":true,"showInList":true,"showInSearch":false,"sort":1,"validateType":"digital"},{"allowNull":false,"cellType":1,"chineseName":"所属部门ID","columnType":1,"controlType":"7","datasourceParams":"t_organization","datasourceType":3,"defaultHidden":false,"defaultValue":"0","enableHidden":true,"headerType":1,"javaType":"java.lang.Long","number":true,"placeholder":"","propertyName":"organizationId","searchType":1,"showInEdit":true,"showInList":true,"showInSearch":false,"sort":2,"validateType":"digital"},{"allowNull":false,"cellType":1,"chineseName":"岗位编码","columnType":1,"controlType":1,"datasourceParams":"","datasourceType":1,"defaultHidden":false,"defaultValue":"","enableHidden":true,"headerType":1,"javaType":"java.lang.String","number":false,"placeholder":"","propertyName":"code","searchType":1,"showInEdit":true,"showInList":true,"showInSearch":false,"sort":3,"validateType":"string"},{"allowNull":false,"cellType":1,"chineseName":"岗位名称","columnType":1,"controlType":1,"datasourceParams":"","datasourceType":1,"defaultHidden":false,"defaultValue":"","enableHidden":true,"headerType":1,"javaType":"java.lang.String","number":false,"placeholder":"","propertyName":"name","searchType":1,"showInEdit":true,"showInList":true,"showInSearch":false,"sort":4,"validateType":"string"},{"allowNull":false,"cellType":1,"chineseName":"排序","columnType":1,"controlType":1,"datasourceParams":"","datasourceType":1,"defaultHidden":false,"defaultValue":"0","enableHidden":true,"headerType":1,"javaType":"java.lang.Integer","number":true,"placeholder":"","propertyName":"sort","searchType":1,"showInEdit":true,"showInList":true,"showInSearch":false,"sort":5,"validateType":"digital"}],
`page_size`=10,
`only_access_self`=true,
`modified_user_id`=1,
`modified_user_name`=mock-user,
`gmt_modified`=1791101664008,
`deleted`=false where id=45
2026-10-04 16:14:28.099 TRACE_ID DEBUG http-nio-8888-exec-10 CookieUtility get cookie Authorization
2026-10-04 16:14:28.099 TRACE_ID DEBUG http-nio-8888-exec-9 CookieUtility get cookie Authorization
2026-10-04 16:14:28.102 TRACE_ID DEBUG http-nio-8888-exec-10 JDBCTemplate SQL:select count(*) from `t_position` where ( create_user_id = 1 )
2026-10-04 16:14:28.103 TRACE_ID DEBUG http-nio-8888-exec-9 JDBCTemplate SQL:select count(*) from `t_position` where ( create_user_id = 1 )
2026-10-04 16:14:28.106 TRACE_ID DEBUG http-nio-8888-exec-10 JDBCTemplate SQL:select * from `t_organization` where ( create_user_id = 1  AND status = ENABLE ) order by id DESC
2026-10-04 16:14:28.106 TRACE_ID DEBUG http-nio-8888-exec-9 JDBCTemplate SQL:select * from `t_organization` where ( create_user_id = 1  AND status = ENABLE ) order by id DESC
2026-10-04 16:14:34.228 TRACE_ID DEBUG http-nio-8888-exec-3 CookieUtility get cookie Authorization
2026-10-04 16:14:34.228 TRACE_ID DEBUG http-nio-8888-exec-4 CookieUtility get cookie Authorization
2026-10-04 16:14:34.230 TRACE_ID DEBUG http-nio-8888-exec-4 JDBCTemplate SQL:select count(*) from `t_position` where ( create_user_id = 1 )
2026-10-04 16:14:34.231 TRACE_ID DEBUG http-nio-8888-exec-3 JDBCTemplate SQL:select count(*) from `t_position` where ( create_user_id = 1 )
2026-10-04 16:14:34.232 TRACE_ID DEBUG http-nio-8888-exec-4 JDBCTemplate SQL:select * from `t_organization` where ( create_user_id = 1  AND status = ENABLE ) order by id DESC
2026-10-04 16:14:34.232 TRACE_ID DEBUG http-nio-8888-exec-3 JDBCTemplate SQL:select * from `t_organization` where ( create_user_id = 1  AND status = ENABLE ) order by id DESC
2026-10-04 16:14:46.172 TRACE_ID DEBUG http-nio-8888-exec-6 CookieUtility get cookie Authorization
2026-10-04 16:14:46.177 TRACE_ID DEBUG http-nio-8888-exec-6 JDBCTemplate SQL:update `t_table_config` set 
`project_id`=1,
`description`=,
`locked`=false,
`checkable`=0,
`row_menu`=998,
`column_filter`=999,
`status_command`=true,
`column_configs`=[{"allowNull":true,"cellType":1,"chineseName":"","columnType":1,"controlType":4,"datasourceParams":"","datasourceType":1,"defaultHidden":false,"defaultValue":"","enableHidden":true,"headerType":1,"javaType":"java.lang.Long","number":true,"placeholder":"","propertyName":"id","searchType":1,"showInEdit":true,"showInList":true,"showInSearch":false,"sort":0},{"allowNull":false,"cellType":1,"chineseName":"租户ID","columnType":1,"controlType":1,"datasourceParams":"","datasourceType":1,"defaultHidden":false,"defaultValue":"0","enableHidden":true,"headerType":1,"javaType":"java.lang.Long","number":true,"placeholder":"","propertyName":"tenantId","searchType":1,"showInEdit":true,"showInList":true,"showInSearch":false,"sort":1,"validateType":"digital"},{"allowNull":false,"cellType":1,"chineseName":"所属部门ID","columnType":1,"controlType":"7","datasourceParams":"t_organization","datasourceType":3,"defaultHidden":false,"defaultValue":"0","enableHidden":true,"headerType":1,"javaType":"java.lang.Long","number":true,"placeholder":"","propertyName":"organizationId","searchType":1,"showInEdit":true,"showInList":true,"showInSearch":false,"sort":2,"validateType":"digital"},{"allowNull":false,"cellType":1,"chineseName":"岗位编码","columnType":1,"controlType":1,"datasourceParams":"","datasourceType":1,"defaultHidden":false,"defaultValue":"","enableHidden":true,"headerType":1,"javaType":"java.lang.String","number":false,"placeholder":"","propertyName":"code","searchType":1,"showInEdit":true,"showInList":true,"showInSearch":false,"sort":3,"validateType":"string"},{"allowNull":false,"cellType":1,"chineseName":"岗位名称","columnType":1,"controlType":1,"datasourceParams":"","datasourceType":1,"defaultHidden":false,"defaultValue":"","enableHidden":true,"headerType":1,"javaType":"java.lang.String","number":false,"placeholder":"","propertyName":"name","searchType":1,"showInEdit":true,"showInList":true,"showInSearch":false,"sort":4,"validateType":"string"},{"allowNull":false,"cellType":1,"chineseName":"排序","columnType":1,"controlType":1,"datasourceParams":"","datasourceType":1,"defaultHidden":false,"defaultValue":"0","enableHidden":true,"headerType":1,"javaType":"java.lang.Integer","number":true,"placeholder":"","propertyName":"sort","searchType":1,"showInEdit":true,"showInList":true,"showInSearch":false,"sort":5,"validateType":"digital"}],
`page_size`=10,
`only_access_self`=true,
`modified_user_id`=1,
`modified_user_name`=mock-user,
`gmt_modified`=1791101686175,
`deleted`=false where id=45
2026-10-04 16:14:53.576 TRACE_ID DEBUG http-nio-8888-exec-7 CookieUtility get cookie Authorization
2026-10-04 16:14:53.585 TRACE_ID DEBUG http-nio-8888-exec-7 JDBCTemplate SQL:select `id`,`name`,`full_base_package_name`,`frontend_name`,`chinese_name`,`i18n`,`description`,`module_prefix`,`architectures`,`config`,`wrap_with_parent`,`scaffold`,`create_user_name`,`create_user_id`,`modified_user_id`,`modified_user_name`,`gmt_create`,`gmt_modified`,`deleted`,`status` from `t_project_config` where id=1
2026-10-04 16:14:53.598 TRACE_ID DEBUG http-nio-8888-exec-7 JDBCTemplate SQL:select * from `t_table_config` where ( project_id = 1  AND create_user_id = 1  AND status = ENABLE ) order by id DESC limit 0,10
2026-10-04 16:14:55.252 TRACE_ID DEBUG http-nio-8888-exec-1 CookieUtility get cookie Authorization
2026-10-04 16:14:55.252 TRACE_ID DEBUG http-nio-8888-exec-2 CookieUtility get cookie Authorization
2026-10-04 16:14:55.256 TRACE_ID DEBUG http-nio-8888-exec-2 JDBCTemplate SQL:select count(*) from `t_position` where ( create_user_id = 1 )
2026-10-04 16:14:55.257 TRACE_ID DEBUG http-nio-8888-exec-1 JDBCTemplate SQL:select count(*) from `t_table_config` where ( project_id = 1  AND create_user_id = 1 )
2026-10-04 16:14:55.259 TRACE_ID DEBUG http-nio-8888-exec-1 JDBCTemplate SQL:select * from `t_table_config` where ( project_id = 1  AND create_user_id = 1 ) order by id DESC
2026-10-04 16:14:55.265 TRACE_ID DEBUG http-nio-8888-exec-1 JDBCTemplate SQL:select * from `t_project_config` where ( create_user_id = 1  AND status = ENABLE ) order by id DESC
2026-10-04 16:14:55.272 TRACE_ID DEBUG http-nio-8888-exec-2 JDBCTemplate SQL:select * from `t_organization` where ( create_user_id = 1  AND status = ENABLE ) order by id DESC
2026-10-04 16:14:59.661 TRACE_ID DEBUG http-nio-8888-exec-3 CookieUtility get cookie Authorization
2026-10-04 16:14:59.661 TRACE_ID DEBUG http-nio-8888-exec-4 CookieUtility get cookie Authorization
2026-10-04 16:14:59.674 TRACE_ID DEBUG http-nio-8888-exec-3 JDBCTemplate SQL:select count(*) from `t_position` where ( create_user_id = 1 )
2026-10-04 16:14:59.674 TRACE_ID DEBUG http-nio-8888-exec-4 JDBCTemplate SQL:select count(*) from `t_position` where ( create_user_id = 1 )
2026-10-04 16:14:59.681 TRACE_ID DEBUG http-nio-8888-exec-4 JDBCTemplate SQL:select * from `t_organization` where ( create_user_id = 1  AND status = ENABLE ) order by id DESC
2026-10-04 16:14:59.681 TRACE_ID DEBUG http-nio-8888-exec-3 JDBCTemplate SQL:select * from `t_organization` where ( create_user_id = 1  AND status = ENABLE ) order by id DESC
2026-10-04 16:15:24.098 TRACE_ID DEBUG http-nio-8888-exec-6 CookieUtility get cookie Authorization
2026-10-04 16:15:24.112 TRACE_ID DEBUG http-nio-8888-exec-6 JDBCTemplate SQL:insert into `t_position`(
`tenant_id`,
`organization_id`,
`code`,
`name`,
`sort`,
`create_user_name`,
`create_user_id`,
`modified_user_id`,
`modified_user_name`,
`gmt_create`,
`gmt_modified`,
`deleted`,
`status`)values(
0,
2,
001,
初级工程师,
0,
mock-user,
1,
1,
mock-user,
1791101724110,
1791101724110,
false,
ENABLE)
2026-10-04 16:15:46.567 TRACE_ID DEBUG http-nio-8888-exec-7 CookieUtility get cookie Authorization
2026-10-04 16:15:46.576 TRACE_ID DEBUG http-nio-8888-exec-7 JDBCTemplate SQL:insert into `t_position`(
`tenant_id`,
`organization_id`,
`code`,
`name`,
`sort`,
`create_user_name`,
`create_user_id`,
`modified_user_id`,
`modified_user_name`,
`gmt_create`,
`gmt_modified`,
`deleted`,
`status`)values(
0,
3,
001,
初级工程师,
0,
mock-user,
1,
1,
mock-user,
1791101746574,
1791101746574,
false,
ENABLE)
2026-10-04 16:15:46.608 TRACE_ID DEBUG http-nio-8888-exec-10 CookieUtility get cookie Authorization
2026-10-04 16:15:46.611 TRACE_ID DEBUG http-nio-8888-exec-10 JDBCTemplate SQL:select count(*) from `t_position` where ( create_user_id = 1 )
2026-10-04 16:15:46.615 TRACE_ID DEBUG http-nio-8888-exec-10 JDBCTemplate SQL:select * from `t_position` where ( create_user_id = 1 ) order by id DESC limit 0,10
2026-10-04 16:15:46.618 TRACE_ID DEBUG http-nio-8888-exec-10 JDBCTemplate SQL:select * from `t_organization` where ( create_user_id = 1  AND status = ENABLE ) order by id DESC
2026-10-04 16:16:01.119 TRACE_ID DEBUG http-nio-8888-exec-4 CookieUtility get cookie Authorization
2026-10-04 16:16:01.121 TRACE_ID DEBUG http-nio-8888-exec-4 JDBCTemplate SQL:insert into `t_position`(
`tenant_id`,
`organization_id`,
`code`,
`name`,
`sort`,
`create_user_name`,
`create_user_id`,
`modified_user_id`,
`modified_user_name`,
`gmt_create`,
`gmt_modified`,
`deleted`,
`status`)values(
0,
2,
001,
技术总监,
0,
mock-user,
1,
1,
mock-user,
1791101761121,
1791101761121,
false,
ENABLE)
2026-10-04 16:16:01.142 TRACE_ID DEBUG http-nio-8888-exec-5 CookieUtility get cookie Authorization
2026-10-04 16:16:01.143 TRACE_ID DEBUG http-nio-8888-exec-5 JDBCTemplate SQL:select count(*) from `t_position` where ( create_user_id = 1 )
2026-10-04 16:16:01.145 TRACE_ID DEBUG http-nio-8888-exec-5 JDBCTemplate SQL:select * from `t_position` where ( create_user_id = 1 ) order by id DESC limit 0,10
2026-10-04 16:16:01.151 TRACE_ID DEBUG http-nio-8888-exec-5 JDBCTemplate SQL:select * from `t_organization` where ( create_user_id = 1  AND status = ENABLE ) order by id DESC
2026-10-04 17:58:09.801 TRACE_ID DEBUG main Application Running with Spring Boot v3.5.0, Spring v6.2.7
2026-10-04 17:58:11.144 TRACE_ID DEBUG main SparrowCorsFilter Filter 'corsFilter' configured for use
2026-10-04 17:58:11.144 TRACE_ID DEBUG main FlashFilter Filter 'flashFilter' configured for use
2026-10-04 17:58:11.579 TRACE_ID DEBUG main DruidCustomPasswordCallback DruidCustomPasswordCallback setProperties, passwordKey:mysql_sparrow_password, password:11111111
2026-10-04 17:58:11.725 TRACE_ID DEBUG main DruidCustomPasswordCallback DruidCustomPasswordCallback setProperties, passwordKey:mysql_sparrow_password, password:11111111
2026-10-04 17:58:11.730 TRACE_ID DEBUG main DruidCustomPasswordCallback DruidCustomPasswordCallback setProperties, passwordKey:mysql_sparrow_password, password:11111111
2026-10-04 17:58:11.733 TRACE_ID DEBUG main DruidCustomPasswordCallback DruidCustomPasswordCallback setProperties, passwordKey:mysql_sparrow_password, password:11111111
2026-10-04 17:58:11.737 TRACE_ID DEBUG main DruidCustomPasswordCallback DruidCustomPasswordCallback setProperties, passwordKey:mysql_sparrow_password, password:11111111
2026-10-04 17:58:11.741 TRACE_ID DEBUG main DruidCustomPasswordCallback DruidCustomPasswordCallback setProperties, passwordKey:mysql_sparrow_password, password:11111111
2026-10-04 17:58:11.745 TRACE_ID DEBUG main DruidCustomPasswordCallback DruidCustomPasswordCallback setProperties, passwordKey:mysql_sparrow_password, password:11111111
2026-10-04 17:58:11.748 TRACE_ID DEBUG main DruidCustomPasswordCallback DruidCustomPasswordCallback setProperties, passwordKey:mysql_sparrow_password, password:11111111
2026-10-04 18:04:48.709 TRACE_ID DEBUG http-nio-8888-exec-8 CookieUtility get cookie Authorization
2026-10-04 18:04:48.709 TRACE_ID DEBUG http-nio-8888-exec-6 CookieUtility get cookie Authorization
2026-10-04 18:04:48.709 TRACE_ID DEBUG http-nio-8888-exec-5 CookieUtility get cookie Authorization
2026-10-04 18:04:48.709 TRACE_ID DEBUG http-nio-8888-exec-7 CookieUtility get cookie Authorization
2026-10-04 18:04:48.990 TRACE_ID DEBUG http-nio-8888-exec-6 JDBCTemplate SQL:select count(*) from `t_table_config` where ( project_id = 1  AND create_user_id = 1 )
2026-10-04 18:04:48.990 TRACE_ID DEBUG http-nio-8888-exec-5 JDBCTemplate SQL:select count(*) from `t_project_config` where ( create_user_id = 1 )
2026-10-04 18:04:48.990 TRACE_ID DEBUG http-nio-8888-exec-8 JDBCTemplate SQL:select count(*) from `t_project_config` where ( create_user_id = 1 )
2026-10-04 18:04:48.990 TRACE_ID DEBUG http-nio-8888-exec-7 JDBCTemplate SQL:select count(*) from `t_table_config` where ( project_id = 1  AND create_user_id = 1 )
2026-10-04 18:04:49.056 TRACE_ID DEBUG http-nio-8888-exec-7 JDBCTemplate SQL:select * from `t_table_config` where ( project_id = 1  AND create_user_id = 1 ) order by id DESC
2026-10-04 18:04:49.056 TRACE_ID DEBUG http-nio-8888-exec-6 JDBCTemplate SQL:select * from `t_table_config` where ( project_id = 1  AND create_user_id = 1 ) order by id DESC
2026-10-04 18:04:49.057 TRACE_ID DEBUG http-nio-8888-exec-8 JDBCTemplate SQL:select * from `t_project_config` where ( create_user_id = 1 ) order by id DESC limit 0,10
2026-10-04 18:04:49.057 TRACE_ID DEBUG http-nio-8888-exec-5 JDBCTemplate SQL:select * from `t_project_config` where ( create_user_id = 1 ) order by id DESC limit 0,10
2026-10-04 18:04:49.068 TRACE_ID DEBUG http-nio-8888-exec-6 JDBCTemplate SQL:select * from `t_project_config` where ( create_user_id = 1  AND status = ENABLE ) order by id DESC
2026-10-04 18:04:49.068 TRACE_ID DEBUG http-nio-8888-exec-7 JDBCTemplate SQL:select * from `t_project_config` where ( create_user_id = 1  AND status = ENABLE ) order by id DESC
2026-10-04 18:04:53.394 TRACE_ID DEBUG http-nio-8888-exec-10 CookieUtility get cookie Authorization
2026-10-04 18:04:53.394 TRACE_ID DEBUG http-nio-8888-exec-9 CookieUtility get cookie Authorization
2026-10-04 18:04:53.421 TRACE_ID DEBUG http-nio-8888-exec-10 JDBCTemplate SQL:select count(*) from `t_table_config` where ( project_id = 1  AND create_user_id = 1 )
2026-10-04 18:04:53.422 TRACE_ID DEBUG http-nio-8888-exec-9 JDBCTemplate SQL:select count(*) from `t_table_config` where ( project_id = 1  AND create_user_id = 1 )
2026-10-04 18:04:53.426 TRACE_ID DEBUG http-nio-8888-exec-9 JDBCTemplate SQL:select * from `t_table_config` where ( project_id = 1  AND create_user_id = 1 ) order by id DESC
2026-10-04 18:04:53.426 TRACE_ID DEBUG http-nio-8888-exec-10 JDBCTemplate SQL:select * from `t_table_config` where ( project_id = 1  AND create_user_id = 1 ) order by id DESC
2026-10-04 18:04:53.430 TRACE_ID DEBUG http-nio-8888-exec-9 JDBCTemplate SQL:select * from `t_project_config` where ( create_user_id = 1  AND status = ENABLE ) order by id DESC
2026-10-04 18:04:53.430 TRACE_ID DEBUG http-nio-8888-exec-10 JDBCTemplate SQL:select * from `t_project_config` where ( create_user_id = 1  AND status = ENABLE ) order by id DESC
2026-10-04 18:04:59.711 TRACE_ID DEBUG http-nio-8888-exec-1 CookieUtility get cookie Authorization
2026-10-04 18:04:59.718 TRACE_ID DEBUG http-nio-8888-exec-1 JDBCTemplate SQL:select `id`,`name`,`full_base_package_name`,`frontend_name`,`chinese_name`,`i18n`,`description`,`module_prefix`,`architectures`,`config`,`wrap_with_parent`,`scaffold`,`create_user_name`,`create_user_id`,`modified_user_id`,`modified_user_name`,`gmt_create`,`gmt_modified`,`deleted`,`status` from `t_project_config` where id=1
2026-10-04 18:04:59.723 TRACE_ID DEBUG http-nio-8888-exec-1 JDBCTemplate SQL:select * from `t_table_config` where ( project_id = 1  AND create_user_id = 1  AND status = ENABLE ) order by id DESC limit 0,10
2026-10-04 18:07:04.670 TRACE_ID DEBUG http-nio-8888-exec-7 CookieUtility get cookie Authorization
2026-10-04 18:07:04.683 TRACE_ID DEBUG http-nio-8888-exec-7 JDBCTemplate SQL:select `id`,`name`,`full_base_package_name`,`frontend_name`,`chinese_name`,`i18n`,`description`,`module_prefix`,`architectures`,`config`,`wrap_with_parent`,`scaffold`,`create_user_name`,`create_user_id`,`modified_user_id`,`modified_user_name`,`gmt_create`,`gmt_modified`,`deleted`,`status` from `t_project_config` where id=1
2026-10-04 18:07:04.725 TRACE_ID DEBUG http-nio-8888-exec-7 JDBCTemplate SQL:select * from `t_table_config` where ( project_id = 1  AND create_user_id = 1  AND status = ENABLE ) order by id DESC limit 0,10
2026-10-04 18:08:48.414 TRACE_ID DEBUG main Application Running with Spring Boot v3.5.0, Spring v6.2.7
2026-10-04 18:08:49.835 TRACE_ID DEBUG main SparrowCorsFilter Filter 'corsFilter' configured for use
2026-10-04 18:08:49.835 TRACE_ID DEBUG main FlashFilter Filter 'flashFilter' configured for use
2026-10-04 18:08:50.266 TRACE_ID DEBUG main DruidCustomPasswordCallback DruidCustomPasswordCallback setProperties, passwordKey:mysql_sparrow_password, password:11111111
2026-10-04 18:08:50.413 TRACE_ID DEBUG main DruidCustomPasswordCallback DruidCustomPasswordCallback setProperties, passwordKey:mysql_sparrow_password, password:11111111
2026-10-04 18:08:50.417 TRACE_ID DEBUG main DruidCustomPasswordCallback DruidCustomPasswordCallback setProperties, passwordKey:mysql_sparrow_password, password:11111111
2026-10-04 18:08:50.420 TRACE_ID DEBUG main DruidCustomPasswordCallback DruidCustomPasswordCallback setProperties, passwordKey:mysql_sparrow_password, password:11111111
2026-10-04 18:08:50.424 TRACE_ID DEBUG main DruidCustomPasswordCallback DruidCustomPasswordCallback setProperties, passwordKey:mysql_sparrow_password, password:11111111
2026-10-04 18:08:50.432 TRACE_ID DEBUG main DruidCustomPasswordCallback DruidCustomPasswordCallback setProperties, passwordKey:mysql_sparrow_password, password:11111111
2026-10-04 18:08:50.436 TRACE_ID DEBUG main DruidCustomPasswordCallback DruidCustomPasswordCallback setProperties, passwordKey:mysql_sparrow_password, password:11111111
2026-10-04 18:08:50.438 TRACE_ID DEBUG main DruidCustomPasswordCallback DruidCustomPasswordCallback setProperties, passwordKey:mysql_sparrow_password, password:11111111
2026-10-04 18:09:10.769 TRACE_ID DEBUG http-nio-8888-exec-3 CookieUtility get cookie Authorization
2026-10-04 18:09:10.769 TRACE_ID DEBUG http-nio-8888-exec-4 CookieUtility get cookie Authorization
2026-10-04 18:09:10.981 TRACE_ID DEBUG http-nio-8888-exec-4 JDBCTemplate SQL:select count(*) from `t_project_config` where ( create_user_id = 1 )
2026-10-04 18:09:10.981 TRACE_ID DEBUG http-nio-8888-exec-3 JDBCTemplate SQL:select count(*) from `t_project_config` where ( create_user_id = 1 )
2026-10-04 18:09:11.009 TRACE_ID DEBUG http-nio-8888-exec-4 JDBCTemplate SQL:select * from `t_project_config` where ( create_user_id = 1 ) order by id DESC limit 0,10
2026-10-04 18:09:11.010 TRACE_ID DEBUG http-nio-8888-exec-3 JDBCTemplate SQL:select * from `t_project_config` where ( create_user_id = 1 ) order by id DESC limit 0,10
2026-10-04 18:09:27.800 TRACE_ID DEBUG http-nio-8888-exec-6 CookieUtility get cookie Authorization
2026-10-04 18:09:27.823 TRACE_ID DEBUG http-nio-8888-exec-6 JDBCTemplate SQL:update `t_project_config` set 
`name`=sparrow-security,
`full_base_package_name`=com.sparrow.security.admin,
`frontend_name`=sparrow-admin,
`chinese_name`=权限管理系统,
`i18n`=true,
`description`=权限管理系统,
`module_prefix`=security,
`architectures`=,
`config`=,
`wrap_with_parent`=true,
`scaffold`=sparrrow-example,
`modified_user_id`=1,
`modified_user_name`=mock-user,
`gmt_modified`=1791108567819,
`deleted`=false where id=1
2026-10-04 18:09:27.863 TRACE_ID DEBUG http-nio-8888-exec-8 CookieUtility get cookie Authorization
2026-10-04 18:09:27.868 TRACE_ID DEBUG http-nio-8888-exec-8 JDBCTemplate SQL:select count(*) from `t_project_config` where ( create_user_id = 1 )
2026-10-04 18:09:27.872 TRACE_ID DEBUG http-nio-8888-exec-8 JDBCTemplate SQL:select * from `t_project_config` where ( create_user_id = 1 ) order by id DESC limit 0,10
2026-10-04 18:09:30.046 TRACE_ID DEBUG http-nio-8888-exec-2 CookieUtility get cookie Authorization
2026-10-04 18:09:30.049 TRACE_ID DEBUG http-nio-8888-exec-1 CookieUtility get cookie Authorization
2026-10-04 18:09:30.063 TRACE_ID DEBUG http-nio-8888-exec-2 JDBCTemplate SQL:select count(*) from `t_table_config` where ( project_id = 1  AND create_user_id = 1 )
2026-10-04 18:09:30.074 TRACE_ID DEBUG http-nio-8888-exec-2 JDBCTemplate SQL:select * from `t_table_config` where ( project_id = 1  AND create_user_id = 1 ) order by id DESC
2026-10-04 18:09:30.072 TRACE_ID DEBUG http-nio-8888-exec-1 JDBCTemplate SQL:select count(*) from `t_table_config` where ( project_id = 1  AND create_user_id = 1 )
2026-10-04 18:09:30.079 TRACE_ID DEBUG http-nio-8888-exec-1 JDBCTemplate SQL:select * from `t_table_config` where ( project_id = 1  AND create_user_id = 1 ) order by id DESC
2026-10-04 18:09:30.085 TRACE_ID DEBUG http-nio-8888-exec-2 JDBCTemplate SQL:select * from `t_project_config` where ( create_user_id = 1  AND status = ENABLE ) order by id DESC
2026-10-04 18:09:30.087 TRACE_ID DEBUG http-nio-8888-exec-1 JDBCTemplate SQL:select * from `t_project_config` where ( create_user_id = 1  AND status = ENABLE ) order by id DESC
2026-10-04 18:09:33.274 TRACE_ID DEBUG http-nio-8888-exec-3 CookieUtility get cookie Authorization
2026-10-04 18:09:33.278 TRACE_ID DEBUG http-nio-8888-exec-3 JDBCTemplate SQL:select `id`,`name`,`full_base_package_name`,`frontend_name`,`chinese_name`,`i18n`,`description`,`module_prefix`,`architectures`,`config`,`wrap_with_parent`,`scaffold`,`create_user_name`,`create_user_id`,`modified_user_id`,`modified_user_name`,`gmt_create`,`gmt_modified`,`deleted`,`status` from `t_project_config` where id=1
2026-10-04 18:09:33.281 TRACE_ID DEBUG http-nio-8888-exec-3 JDBCTemplate SQL:select * from `t_table_config` where ( project_id = 1  AND create_user_id = 1  AND status = ENABLE ) order by id DESC limit 0,10
2026-10-04 18:09:34.278 TRACE_ID DEBUG http-nio-8888-exec-5 CookieUtility get cookie Authorization
2026-10-04 18:09:34.280 TRACE_ID DEBUG http-nio-8888-exec-5 JDBCTemplate SQL:select count(*) from `t_table_config` where ( project_id = 1  AND create_user_id = 1 )
2026-10-04 18:09:34.283 TRACE_ID DEBUG http-nio-8888-exec-5 JDBCTemplate SQL:select * from `t_table_config` where ( project_id = 1  AND create_user_id = 1 ) order by id DESC
2026-10-04 18:09:34.286 TRACE_ID DEBUG http-nio-8888-exec-5 JDBCTemplate SQL:select * from `t_project_config` where ( create_user_id = 1  AND status = ENABLE ) order by id DESC
2026-10-04 18:09:35.356 TRACE_ID DEBUG http-nio-8888-exec-8 CookieUtility get cookie Authorization
2026-10-04 18:09:35.356 TRACE_ID DEBUG http-nio-8888-exec-9 CookieUtility get cookie Authorization
2026-10-04 18:09:35.358 TRACE_ID DEBUG http-nio-8888-exec-9 JDBCTemplate SQL:select count(*) from `t_position` where ( create_user_id = 1 )
2026-10-04 18:09:35.359 TRACE_ID DEBUG http-nio-8888-exec-8 JDBCTemplate SQL:select count(*) from `t_position` where ( create_user_id = 1 )
2026-10-04 18:09:35.361 TRACE_ID DEBUG http-nio-8888-exec-9 JDBCTemplate SQL:select * from `t_position` where ( create_user_id = 1 ) order by id DESC limit 0,10
2026-10-04 18:09:35.368 TRACE_ID DEBUG http-nio-8888-exec-9 JDBCTemplate SQL:select * from `t_organization` where ( create_user_id = 1  AND status = ENABLE ) order by id DESC
2026-10-04 18:09:35.372 TRACE_ID DEBUG http-nio-8888-exec-8 JDBCTemplate SQL:select * from `t_position` where ( create_user_id = 1 ) order by id DESC limit 0,10
2026-10-04 18:09:35.379 TRACE_ID DEBUG http-nio-8888-exec-8 JDBCTemplate SQL:select * from `t_organization` where ( create_user_id = 1  AND status = ENABLE ) order by id DESC
2026-10-04 18:09:57.687 TRACE_ID DEBUG http-nio-8888-exec-10 CookieUtility get cookie Authorization
2026-10-04 18:09:57.691 TRACE_ID DEBUG http-nio-8888-exec-1 CookieUtility get cookie Authorization
2026-10-04 18:09:57.758 TRACE_ID DEBUG http-nio-8888-exec-1 JDBCTemplate SQL:select count(*) from `t_app` where ( create_user_id = 1 )
2026-10-04 18:09:57.759 TRACE_ID DEBUG http-nio-8888-exec-10 JDBCTemplate SQL:select count(*) from `t_app` where ( create_user_id = 1 )
2026-10-04 18:09:57.766 TRACE_ID DEBUG http-nio-8888-exec-10 JDBCTemplate SQL:select * from `t_app` where ( create_user_id = 1 ) order by id DESC limit 0,10
2026-10-04 18:09:57.768 TRACE_ID DEBUG http-nio-8888-exec-1 JDBCTemplate SQL:select * from `t_app` where ( create_user_id = 1 ) order by id DESC limit 0,10
2026-10-04 18:10:12.255 TRACE_ID DEBUG http-nio-8888-exec-4 CookieUtility get cookie Authorization
2026-10-04 18:10:12.264 TRACE_ID DEBUG http-nio-8888-exec-4 JDBCTemplate SQL:select count(*) from `t_app` where ( create_user_id = 1  AND status = ENABLE )
2026-10-04 18:10:12.269 TRACE_ID DEBUG http-nio-8888-exec-4 JDBCTemplate SQL:select * from `t_app` where ( create_user_id = 1  AND status = ENABLE ) order by id DESC
2026-10-04 18:10:14.976 TRACE_ID DEBUG http-nio-8888-exec-3 CookieUtility get cookie Authorization
2026-10-04 18:10:14.977 TRACE_ID DEBUG http-nio-8888-exec-3 JDBCTemplate SQL:select count(*) from `t_app` where ( create_user_id = 1  AND status = DISABLE )
2026-10-04 18:22:29.553 TRACE_ID DEBUG http-nio-8888-exec-8 CookieUtility get cookie Authorization
2026-10-04 18:22:29.553 TRACE_ID DEBUG http-nio-8888-exec-6 CookieUtility get cookie Authorization
2026-10-04 18:22:29.568 TRACE_ID DEBUG http-nio-8888-exec-8 JDBCTemplate SQL:select count(*) from `t_app` where ( create_user_id = 1 )
2026-10-04 18:22:29.568 TRACE_ID DEBUG http-nio-8888-exec-6 JDBCTemplate SQL:select count(*) from `t_app` where ( create_user_id = 1 )
2026-10-04 18:22:29.613 TRACE_ID DEBUG http-nio-8888-exec-8 JDBCTemplate SQL:select * from `t_app` where ( create_user_id = 1 ) order by id DESC limit 0,10
2026-10-04 18:22:29.613 TRACE_ID DEBUG http-nio-8888-exec-6 JDBCTemplate SQL:select * from `t_app` where ( create_user_id = 1 ) order by id DESC limit 0,10
2026-10-04 18:22:29.943 TRACE_ID DEBUG http-nio-8888-exec-2 CookieUtility get cookie Authorization
2026-10-04 18:22:29.943 TRACE_ID DEBUG http-nio-8888-exec-4 CookieUtility get cookie Authorization
2026-10-04 18:22:29.944 TRACE_ID DEBUG http-nio-8888-exec-4 JDBCTemplate SQL:select count(*) from `t_position` where ( create_user_id = 1 )
2026-10-04 18:22:29.945 TRACE_ID DEBUG http-nio-8888-exec-2 JDBCTemplate SQL:select count(*) from `t_position` where ( create_user_id = 1 )
2026-10-04 18:22:29.946 TRACE_ID DEBUG http-nio-8888-exec-4 JDBCTemplate SQL:select * from `t_position` where ( create_user_id = 1 ) order by id DESC limit 0,10
2026-10-04 18:22:29.946 TRACE_ID DEBUG http-nio-8888-exec-2 JDBCTemplate SQL:select * from `t_position` where ( create_user_id = 1 ) order by id DESC limit 0,10
2026-10-04 18:22:29.948 TRACE_ID DEBUG http-nio-8888-exec-4 JDBCTemplate SQL:select * from `t_organization` where ( create_user_id = 1  AND status = ENABLE ) order by id DESC
2026-10-04 18:22:29.948 TRACE_ID DEBUG http-nio-8888-exec-2 JDBCTemplate SQL:select * from `t_organization` where ( create_user_id = 1  AND status = ENABLE ) order by id DESC
2026-10-04 18:22:35.753 TRACE_ID DEBUG http-nio-8888-exec-5 CookieUtility get cookie Authorization
2026-10-04 18:22:35.753 TRACE_ID DEBUG http-nio-8888-exec-3 CookieUtility get cookie Authorization
2026-10-04 18:22:35.785 TRACE_ID DEBUG http-nio-8888-exec-5 JDBCTemplate SQL:select count(*) from `t_app` where ( create_user_id = 1 )
2026-10-04 18:22:35.785 TRACE_ID DEBUG http-nio-8888-exec-3 JDBCTemplate SQL:select count(*) from `t_position` where ( create_user_id = 1 )
2026-10-04 18:22:35.790 TRACE_ID DEBUG http-nio-8888-exec-3 JDBCTemplate SQL:select * from `t_position` where ( create_user_id = 1 ) order by id DESC limit 0,10
2026-10-04 18:22:35.790 TRACE_ID DEBUG http-nio-8888-exec-5 JDBCTemplate SQL:select * from `t_app` where ( create_user_id = 1 ) order by id DESC limit 0,10
2026-10-04 18:22:35.793 TRACE_ID DEBUG http-nio-8888-exec-3 JDBCTemplate SQL:select * from `t_organization` where ( create_user_id = 1  AND status = ENABLE ) order by id DESC
2026-10-04 18:22:41.580 TRACE_ID DEBUG http-nio-8888-exec-8 CookieUtility get cookie Authorization
2026-10-04 18:22:41.582 TRACE_ID DEBUG http-nio-8888-exec-6 CookieUtility get cookie Authorization
2026-10-04 18:22:41.591 TRACE_ID DEBUG http-nio-8888-exec-6 JDBCTemplate SQL:select count(*) from `t_app` where ( create_user_id = 1 )
2026-10-04 18:22:41.591 TRACE_ID DEBUG http-nio-8888-exec-8 JDBCTemplate SQL:select count(*) from `t_position` where ( create_user_id = 1 )
2026-10-04 18:22:41.594 TRACE_ID DEBUG http-nio-8888-exec-8 JDBCTemplate SQL:select * from `t_position` where ( create_user_id = 1 ) order by id DESC limit 0,10
2026-10-04 18:22:41.594 TRACE_ID DEBUG http-nio-8888-exec-6 JDBCTemplate SQL:select * from `t_app` where ( create_user_id = 1 ) order by id DESC limit 0,10
2026-10-04 18:22:41.596 TRACE_ID DEBUG http-nio-8888-exec-8 JDBCTemplate SQL:select * from `t_organization` where ( create_user_id = 1  AND status = ENABLE ) order by id DESC
2026-10-04 18:28:35.430 TRACE_ID DEBUG http-nio-8888-exec-5 CookieUtility get cookie Authorization
2026-10-04 18:28:35.430 TRACE_ID DEBUG http-nio-8888-exec-3 CookieUtility get cookie Authorization
2026-10-04 18:28:35.443 TRACE_ID DEBUG http-nio-8888-exec-5 JDBCTemplate SQL:select count(*) from `t_position` where ( create_user_id = 1 )
2026-10-04 18:28:35.443 TRACE_ID DEBUG http-nio-8888-exec-3 JDBCTemplate SQL:select count(*) from `t_position` where ( create_user_id = 1 )
2026-10-04 18:28:35.447 TRACE_ID DEBUG http-nio-8888-exec-5 JDBCTemplate SQL:select * from `t_position` where ( create_user_id = 1 ) order by id DESC limit 0,10
2026-10-04 18:28:35.456 TRACE_ID DEBUG http-nio-8888-exec-3 JDBCTemplate SQL:select * from `t_position` where ( create_user_id = 1 ) order by id DESC limit 0,10
2026-10-04 18:28:35.457 TRACE_ID DEBUG http-nio-8888-exec-5 JDBCTemplate SQL:select * from `t_organization` where ( create_user_id = 1  AND status = ENABLE ) order by id DESC
2026-10-04 18:28:35.458 TRACE_ID DEBUG http-nio-8888-exec-3 JDBCTemplate SQL:select * from `t_organization` where ( create_user_id = 1  AND status = ENABLE ) order by id DESC
2026-10-04 18:28:46.251 TRACE_ID DEBUG http-nio-8888-exec-9 CookieUtility get cookie Authorization
2026-10-04 18:28:46.323 TRACE_ID DEBUG http-nio-8888-exec-9 JDBCTemplate SQL:select count(*) from `t_position` where ( create_user_id = 1 )
2026-10-04 18:28:46.328 TRACE_ID DEBUG http-nio-8888-exec-9 JDBCTemplate SQL:select * from `t_position` where ( create_user_id = 1 ) order by id DESC limit 0,10
2026-10-04 18:28:46.333 TRACE_ID DEBUG http-nio-8888-exec-9 JDBCTemplate SQL:select * from `t_organization` where ( create_user_id = 1  AND status = ENABLE ) order by id DESC
2026-10-04 18:28:50.715 TRACE_ID DEBUG http-nio-8888-exec-7 CookieUtility get cookie Authorization
2026-10-04 18:28:50.732 TRACE_ID DEBUG http-nio-8888-exec-7 JDBCTemplate SQL:select count(*) from `t_position` where ( create_user_id = 1 )
2026-10-04 18:28:50.737 TRACE_ID DEBUG http-nio-8888-exec-7 JDBCTemplate SQL:select * from `t_position` where ( create_user_id = 1 ) order by id DESC limit 0,10
2026-10-04 18:28:50.752 TRACE_ID DEBUG http-nio-8888-exec-7 JDBCTemplate SQL:select * from `t_organization` where ( create_user_id = 1  AND status = ENABLE ) order by id DESC
2026-10-04 18:29:10.033 TRACE_ID DEBUG http-nio-8888-exec-6 CookieUtility get cookie Authorization
2026-10-04 18:29:10.051 TRACE_ID DEBUG http-nio-8888-exec-1 CookieUtility get cookie Authorization
2026-10-04 18:29:10.070 TRACE_ID DEBUG http-nio-8888-exec-1 JDBCTemplate SQL:select count(*) from `t_app` where ( create_user_id = 1 )
2026-10-04 18:29:10.072 TRACE_ID DEBUG http-nio-8888-exec-6 JDBCTemplate SQL:select count(*) from `t_app` where ( create_user_id = 1 )
2026-10-04 18:29:10.074 TRACE_ID DEBUG http-nio-8888-exec-6 JDBCTemplate SQL:select * from `t_app` where ( create_user_id = 1 ) order by id DESC limit 0,10
2026-10-04 18:29:10.075 TRACE_ID DEBUG http-nio-8888-exec-1 JDBCTemplate SQL:select * from `t_app` where ( create_user_id = 1 ) order by id DESC limit 0,10
2026-10-04 18:29:23.083 TRACE_ID DEBUG http-nio-8888-exec-5 CookieUtility get cookie Authorization
2026-10-04 18:29:23.083 TRACE_ID DEBUG http-nio-8888-exec-3 CookieUtility get cookie Authorization
2026-10-04 18:29:23.112 TRACE_ID DEBUG http-nio-8888-exec-3 JDBCTemplate SQL:select count(*) from `t_organization` where ( create_user_id = 1 )
2026-10-04 18:29:23.113 TRACE_ID DEBUG http-nio-8888-exec-5 JDBCTemplate SQL:select count(*) from `t_organization` where ( create_user_id = 1 )
2026-10-04 18:29:23.120 TRACE_ID DEBUG http-nio-8888-exec-3 JDBCTemplate SQL:select * from `t_organization` where ( create_user_id = 1 ) order by id DESC limit 0,10
2026-10-04 18:29:23.122 TRACE_ID DEBUG http-nio-8888-exec-5 JDBCTemplate SQL:select * from `t_organization` where ( create_user_id = 1 ) order by id DESC limit 0,10
2026-10-04 18:29:23.134 TRACE_ID DEBUG http-nio-8888-exec-5 JDBCTemplate SQL:select * from `t_organization` where ( create_user_id = 1  AND status = ENABLE ) order by id DESC
2026-10-04 18:29:23.134 TRACE_ID DEBUG http-nio-8888-exec-3 JDBCTemplate SQL:select * from `t_organization` where ( create_user_id = 1  AND status = ENABLE ) order by id DESC
2026-10-04 18:29:27.035 TRACE_ID DEBUG http-nio-8888-exec-8 CookieUtility get cookie Authorization
2026-10-04 18:29:27.036 TRACE_ID DEBUG http-nio-8888-exec-10 CookieUtility get cookie Authorization
2026-10-04 18:29:27.039 TRACE_ID DEBUG http-nio-8888-exec-10 JDBCTemplate SQL:select count(*) from `t_position` where ( create_user_id = 1 )
2026-10-04 18:29:27.040 TRACE_ID DEBUG http-nio-8888-exec-8 JDBCTemplate SQL:select count(*) from `t_position` where ( create_user_id = 1 )
2026-10-04 18:29:27.041 TRACE_ID DEBUG http-nio-8888-exec-10 JDBCTemplate SQL:select * from `t_position` where ( create_user_id = 1 ) order by id DESC limit 0,10
2026-10-04 18:29:27.041 TRACE_ID DEBUG http-nio-8888-exec-8 JDBCTemplate SQL:select * from `t_position` where ( create_user_id = 1 ) order by id DESC limit 0,10
2026-10-04 18:29:27.043 TRACE_ID DEBUG http-nio-8888-exec-10 JDBCTemplate SQL:select * from `t_organization` where ( create_user_id = 1  AND status = ENABLE ) order by id DESC
2026-10-04 18:29:27.043 TRACE_ID DEBUG http-nio-8888-exec-8 JDBCTemplate SQL:select * from `t_organization` where ( create_user_id = 1  AND status = ENABLE ) order by id DESC
2026-10-04 18:29:29.331 TRACE_ID DEBUG http-nio-8888-exec-2 CookieUtility get cookie Authorization
2026-10-04 18:29:29.331 TRACE_ID DEBUG http-nio-8888-exec-4 CookieUtility get cookie Authorization
2026-10-04 18:29:29.333 TRACE_ID DEBUG http-nio-8888-exec-4 JDBCTemplate SQL:select count(*) from `t_app` where ( create_user_id = 1 )
2026-10-04 18:29:29.333 TRACE_ID DEBUG http-nio-8888-exec-2 JDBCTemplate SQL:select count(*) from `t_app` where ( create_user_id = 1 )
2026-10-04 18:29:29.335 TRACE_ID DEBUG http-nio-8888-exec-4 JDBCTemplate SQL:select * from `t_app` where ( create_user_id = 1 ) order by id DESC limit 0,10
2026-10-04 18:29:29.335 TRACE_ID DEBUG http-nio-8888-exec-2 JDBCTemplate SQL:select * from `t_app` where ( create_user_id = 1 ) order by id DESC limit 0,10
2026-10-04 18:29:35.489 TRACE_ID DEBUG http-nio-8888-exec-9 CookieUtility get cookie Authorization
2026-10-04 18:29:35.489 TRACE_ID DEBUG http-nio-8888-exec-7 CookieUtility get cookie Authorization
2026-10-04 18:29:35.509 TRACE_ID DEBUG http-nio-8888-exec-7 JDBCTemplate SQL:select count(*) from `t_app` where ( create_user_id = 1 )
2026-10-04 18:29:35.509 TRACE_ID DEBUG http-nio-8888-exec-9 JDBCTemplate SQL:select count(*) from `t_app` where ( create_user_id = 1 )
2026-10-04 18:29:35.515 TRACE_ID DEBUG http-nio-8888-exec-7 JDBCTemplate SQL:select * from `t_app` where ( create_user_id = 1 ) order by id DESC limit 0,10
2026-10-04 18:29:35.515 TRACE_ID DEBUG http-nio-8888-exec-9 JDBCTemplate SQL:select * from `t_app` where ( create_user_id = 1 ) order by id DESC limit 0,10
2026-10-04 18:29:38.322 TRACE_ID DEBUG http-nio-8888-exec-6 CookieUtility get cookie Authorization
2026-10-04 18:29:38.322 TRACE_ID DEBUG http-nio-8888-exec-1 CookieUtility get cookie Authorization
2026-10-04 18:29:38.348 TRACE_ID DEBUG http-nio-8888-exec-1 JDBCTemplate SQL:select count(*) from `t_project_config` where ( create_user_id = 1 )
2026-10-04 18:29:38.348 TRACE_ID DEBUG http-nio-8888-exec-6 JDBCTemplate SQL:select count(*) from `t_project_config` where ( create_user_id = 1 )
2026-10-04 18:29:38.355 TRACE_ID DEBUG http-nio-8888-exec-6 JDBCTemplate SQL:select * from `t_project_config` where ( create_user_id = 1 ) order by id DESC limit 0,10
2026-10-04 18:29:38.355 TRACE_ID DEBUG http-nio-8888-exec-1 JDBCTemplate SQL:select * from `t_project_config` where ( create_user_id = 1 ) order by id DESC limit 0,10
2026-10-04 18:30:07.361 TRACE_ID DEBUG http-nio-8888-exec-3 CookieUtility get cookie Authorization
2026-10-04 18:30:07.361 TRACE_ID DEBUG http-nio-8888-exec-5 CookieUtility get cookie Authorization
2026-10-04 18:30:07.369 TRACE_ID DEBUG http-nio-8888-exec-5 JDBCTemplate SQL:select count(*) from `t_project_config` where ( create_user_id = 1 )
2026-10-04 18:30:07.369 TRACE_ID DEBUG http-nio-8888-exec-3 JDBCTemplate SQL:select count(*) from `t_project_config` where ( create_user_id = 1 )
2026-10-04 18:30:07.371 TRACE_ID DEBUG http-nio-8888-exec-3 JDBCTemplate SQL:select * from `t_project_config` where ( create_user_id = 1 ) order by id DESC limit 0,10
2026-10-04 18:30:07.372 TRACE_ID DEBUG http-nio-8888-exec-5 JDBCTemplate SQL:select * from `t_project_config` where ( create_user_id = 1 ) order by id DESC limit 0,10
2026-10-04 18:33:52.727 TRACE_ID DEBUG http-nio-8888-exec-1 CookieUtility get cookie Authorization
2026-10-04 18:33:52.727 TRACE_ID DEBUG http-nio-8888-exec-6 CookieUtility get cookie Authorization
2026-10-04 18:33:52.740 TRACE_ID DEBUG http-nio-8888-exec-1 JDBCTemplate SQL:select count(*) from `t_project_config` where ( create_user_id = 1 )
2026-10-04 18:33:52.740 TRACE_ID DEBUG http-nio-8888-exec-6 JDBCTemplate SQL:select count(*) from `t_project_config` where ( create_user_id = 1 )
2026-10-04 18:33:52.780 TRACE_ID DEBUG http-nio-8888-exec-6 JDBCTemplate SQL:select * from `t_project_config` where ( create_user_id = 1 ) order by id DESC limit 0,10
2026-10-04 18:33:52.780 TRACE_ID DEBUG http-nio-8888-exec-1 JDBCTemplate SQL:select * from `t_project_config` where ( create_user_id = 1 ) order by id DESC limit 0,10
2026-10-04 18:33:53.468 TRACE_ID DEBUG http-nio-8888-exec-3 CookieUtility get cookie Authorization
2026-10-04 18:33:53.468 TRACE_ID DEBUG http-nio-8888-exec-5 CookieUtility get cookie Authorization
2026-10-04 18:33:53.469 TRACE_ID DEBUG http-nio-8888-exec-3 JDBCTemplate SQL:select count(*) from `t_position` where ( create_user_id = 1 )
2026-10-04 18:33:53.469 TRACE_ID DEBUG http-nio-8888-exec-5 JDBCTemplate SQL:select count(*) from `t_position` where ( create_user_id = 1 )
2026-10-04 18:33:53.470 TRACE_ID DEBUG http-nio-8888-exec-3 JDBCTemplate SQL:select * from `t_position` where ( create_user_id = 1 ) order by id DESC limit 0,10
2026-10-04 18:33:53.470 TRACE_ID DEBUG http-nio-8888-exec-5 JDBCTemplate SQL:select * from `t_position` where ( create_user_id = 1 ) order by id DESC limit 0,10
2026-10-04 18:33:53.471 TRACE_ID DEBUG http-nio-8888-exec-5 JDBCTemplate SQL:select * from `t_organization` where ( create_user_id = 1  AND status = ENABLE ) order by id DESC
2026-10-04 18:33:53.472 TRACE_ID DEBUG http-nio-8888-exec-3 JDBCTemplate SQL:select * from `t_organization` where ( create_user_id = 1  AND status = ENABLE ) order by id DESC
2026-10-04 18:34:06.873 TRACE_ID DEBUG http-nio-8888-exec-7 CookieUtility get cookie Authorization
2026-10-04 18:34:06.892 TRACE_ID DEBUG http-nio-8888-exec-8 CookieUtility get cookie Authorization
2026-10-04 18:34:06.905 TRACE_ID DEBUG http-nio-8888-exec-8 JDBCTemplate SQL:select count(*) from `t_position` where ( create_user_id = 1 )
2026-10-04 18:34:06.905 TRACE_ID DEBUG http-nio-8888-exec-7 JDBCTemplate SQL:select count(*) from `t_project_config` where ( create_user_id = 1 )
2026-10-04 18:34:06.909 TRACE_ID DEBUG http-nio-8888-exec-8 JDBCTemplate SQL:select * from `t_position` where ( create_user_id = 1 ) order by id DESC limit 0,10
2026-10-04 18:34:06.909 TRACE_ID DEBUG http-nio-8888-exec-7 JDBCTemplate SQL:select * from `t_project_config` where ( create_user_id = 1 ) order by id DESC limit 0,10
2026-10-04 18:34:06.912 TRACE_ID DEBUG http-nio-8888-exec-8 JDBCTemplate SQL:select * from `t_organization` where ( create_user_id = 1  AND status = ENABLE ) order by id DESC
2026-10-04 18:34:10.120 TRACE_ID DEBUG http-nio-8888-exec-6 CookieUtility get cookie Authorization
2026-10-04 18:34:10.123 TRACE_ID DEBUG http-nio-8888-exec-1 CookieUtility get cookie Authorization
2026-10-04 18:34:10.156 TRACE_ID DEBUG http-nio-8888-exec-6 JDBCTemplate SQL:select count(*) from `t_position` where ( create_user_id = 1 )
2026-10-04 18:34:10.158 TRACE_ID DEBUG http-nio-8888-exec-1 JDBCTemplate SQL:select count(*) from `t_project_config` where ( create_user_id = 1 )
2026-10-04 18:34:10.159 TRACE_ID DEBUG http-nio-8888-exec-6 JDBCTemplate SQL:select * from `t_position` where ( create_user_id = 1 ) order by id DESC limit 0,10
2026-10-04 18:34:10.160 TRACE_ID DEBUG http-nio-8888-exec-1 JDBCTemplate SQL:select * from `t_project_config` where ( create_user_id = 1 ) order by id DESC limit 0,10
2026-10-04 18:34:10.162 TRACE_ID DEBUG http-nio-8888-exec-6 JDBCTemplate SQL:select * from `t_organization` where ( create_user_id = 1  AND status = ENABLE ) order by id DESC
2026-10-04 18:34:29.739 TRACE_ID DEBUG http-nio-8888-exec-5 CookieUtility get cookie Authorization
2026-10-04 18:34:29.739 TRACE_ID DEBUG http-nio-8888-exec-3 CookieUtility get cookie Authorization
2026-10-04 18:34:29.747 TRACE_ID DEBUG http-nio-8888-exec-5 JDBCTemplate SQL:select count(*) from `t_project_config` where ( create_user_id = 1 )
2026-10-04 18:34:29.747 TRACE_ID DEBUG http-nio-8888-exec-3 JDBCTemplate SQL:select count(*) from `t_project_config` where ( create_user_id = 1 )
2026-10-04 18:34:29.749 TRACE_ID DEBUG http-nio-8888-exec-3 JDBCTemplate SQL:select * from `t_project_config` where ( create_user_id = 1 ) order by id DESC limit 0,10
2026-10-04 18:34:29.749 TRACE_ID DEBUG http-nio-8888-exec-5 JDBCTemplate SQL:select * from `t_project_config` where ( create_user_id = 1 ) order by id DESC limit 0,10
2026-10-04 18:34:36.590 TRACE_ID DEBUG http-nio-8888-exec-7 CookieUtility get cookie Authorization
2026-10-04 18:34:36.605 TRACE_ID DEBUG http-nio-8888-exec-8 CookieUtility get cookie Authorization
2026-10-04 18:34:36.613 TRACE_ID DEBUG http-nio-8888-exec-7 JDBCTemplate SQL:select count(*) from `t_app` where ( create_user_id = 1 )
2026-10-04 18:34:36.618 TRACE_ID DEBUG http-nio-8888-exec-8 JDBCTemplate SQL:select count(*) from `t_app` where ( create_user_id = 1 )
2026-10-04 18:34:36.621 TRACE_ID DEBUG http-nio-8888-exec-7 JDBCTemplate SQL:select * from `t_app` where ( create_user_id = 1 ) order by id DESC limit 0,10
2026-10-04 18:34:36.625 TRACE_ID DEBUG http-nio-8888-exec-8 JDBCTemplate SQL:select * from `t_app` where ( create_user_id = 1 ) order by id DESC limit 0,10
2026-10-04 18:34:40.164 TRACE_ID DEBUG http-nio-8888-exec-1 CookieUtility get cookie Authorization
2026-10-04 18:34:40.164 TRACE_ID DEBUG http-nio-8888-exec-6 CookieUtility get cookie Authorization
2026-10-04 18:34:40.165 TRACE_ID DEBUG http-nio-8888-exec-1 JDBCTemplate SQL:select count(*) from `t_app` where ( create_user_id = 1 )
2026-10-04 18:34:40.165 TRACE_ID DEBUG http-nio-8888-exec-6 JDBCTemplate SQL:select count(*) from `t_app` where ( create_user_id = 1 )
2026-10-04 18:34:40.166 TRACE_ID DEBUG http-nio-8888-exec-1 JDBCTemplate SQL:select * from `t_app` where ( create_user_id = 1 ) order by id DESC limit 0,10
2026-10-04 18:34:40.166 TRACE_ID DEBUG http-nio-8888-exec-6 JDBCTemplate SQL:select * from `t_app` where ( create_user_id = 1 ) order by id DESC limit 0,10
2026-10-04 18:34:52.146 TRACE_ID DEBUG http-nio-8888-exec-3 CookieUtility get cookie Authorization
2026-10-04 18:34:52.146 TRACE_ID DEBUG http-nio-8888-exec-5 CookieUtility get cookie Authorization
2026-10-04 18:34:52.168 TRACE_ID DEBUG http-nio-8888-exec-5 JDBCTemplate SQL:select count(*) from `t_organization` where ( create_user_id = 1 )
2026-10-04 18:34:52.169 TRACE_ID DEBUG http-nio-8888-exec-3 JDBCTemplate SQL:select count(*) from `t_organization` where ( create_user_id = 1 )
2026-10-04 18:34:52.173 TRACE_ID DEBUG http-nio-8888-exec-3 JDBCTemplate SQL:select * from `t_organization` where ( create_user_id = 1 ) order by id DESC limit 0,10
2026-10-04 18:34:52.173 TRACE_ID DEBUG http-nio-8888-exec-5 JDBCTemplate SQL:select * from `t_organization` where ( create_user_id = 1 ) order by id DESC limit 0,10
2026-10-04 18:34:52.181 TRACE_ID DEBUG http-nio-8888-exec-5 JDBCTemplate SQL:select * from `t_organization` where ( create_user_id = 1  AND status = ENABLE ) order by id DESC
2026-10-04 18:34:52.181 TRACE_ID DEBUG http-nio-8888-exec-3 JDBCTemplate SQL:select * from `t_organization` where ( create_user_id = 1  AND status = ENABLE ) order by id DESC
2026-10-04 18:34:53.340 TRACE_ID DEBUG http-nio-8888-exec-7 CookieUtility get cookie Authorization
2026-10-04 18:34:53.341 TRACE_ID DEBUG http-nio-8888-exec-8 CookieUtility get cookie Authorization
2026-10-04 18:34:53.343 TRACE_ID DEBUG http-nio-8888-exec-8 JDBCTemplate SQL:select count(*) from `t_position` where ( create_user_id = 1 )
2026-10-04 18:34:53.343 TRACE_ID DEBUG http-nio-8888-exec-7 JDBCTemplate SQL:select count(*) from `t_position` where ( create_user_id = 1 )
2026-10-04 18:34:53.346 TRACE_ID DEBUG http-nio-8888-exec-8 JDBCTemplate SQL:select * from `t_position` where ( create_user_id = 1 ) order by id DESC limit 0,10
2026-10-04 18:34:53.346 TRACE_ID DEBUG http-nio-8888-exec-7 JDBCTemplate SQL:select * from `t_position` where ( create_user_id = 1 ) order by id DESC limit 0,10
2026-10-04 18:34:53.349 TRACE_ID DEBUG http-nio-8888-exec-8 JDBCTemplate SQL:select * from `t_organization` where ( create_user_id = 1  AND status = ENABLE ) order by id DESC
2026-10-04 18:34:53.349 TRACE_ID DEBUG http-nio-8888-exec-7 JDBCTemplate SQL:select * from `t_organization` where ( create_user_id = 1  AND status = ENABLE ) order by id DESC
2026-10-04 18:34:57.326 TRACE_ID DEBUG http-nio-8888-exec-6 CookieUtility get cookie Authorization
2026-10-04 18:34:57.326 TRACE_ID DEBUG http-nio-8888-exec-1 CookieUtility get cookie Authorization
2026-10-04 18:34:57.337 TRACE_ID DEBUG http-nio-8888-exec-6 JDBCTemplate SQL:select count(*) from `t_position` where ( create_user_id = 1 )
2026-10-04 18:34:57.337 TRACE_ID DEBUG http-nio-8888-exec-1 JDBCTemplate SQL:select count(*) from `t_position` where ( create_user_id = 1 )
2026-10-04 18:34:57.341 TRACE_ID DEBUG http-nio-8888-exec-6 JDBCTemplate SQL:select * from `t_position` where ( create_user_id = 1 ) order by id DESC limit 0,10
2026-10-04 18:34:57.342 TRACE_ID DEBUG http-nio-8888-exec-1 JDBCTemplate SQL:select * from `t_position` where ( create_user_id = 1 ) order by id DESC limit 0,10
2026-10-04 18:34:57.347 TRACE_ID DEBUG http-nio-8888-exec-6 JDBCTemplate SQL:select * from `t_organization` where ( create_user_id = 1  AND status = ENABLE ) order by id DESC
2026-10-04 18:34:57.347 TRACE_ID DEBUG http-nio-8888-exec-1 JDBCTemplate SQL:select * from `t_organization` where ( create_user_id = 1  AND status = ENABLE ) order by id DESC
2026-10-04 18:34:58.394 TRACE_ID DEBUG http-nio-8888-exec-5 CookieUtility get cookie Authorization
2026-10-04 18:34:58.396 TRACE_ID DEBUG http-nio-8888-exec-3 CookieUtility get cookie Authorization
2026-10-04 18:34:58.397 TRACE_ID DEBUG http-nio-8888-exec-5 JDBCTemplate SQL:select count(*) from `t_app` where ( create_user_id = 1 )
2026-10-04 18:34:58.397 TRACE_ID DEBUG http-nio-8888-exec-3 JDBCTemplate SQL:select count(*) from `t_app` where ( create_user_id = 1 )
2026-10-04 18:34:58.399 TRACE_ID DEBUG http-nio-8888-exec-5 JDBCTemplate SQL:select * from `t_app` where ( create_user_id = 1 ) order by id DESC limit 0,10
2026-10-04 18:34:58.399 TRACE_ID DEBUG http-nio-8888-exec-3 JDBCTemplate SQL:select * from `t_app` where ( create_user_id = 1 ) order by id DESC limit 0,10
2026-10-04 18:35:00.469 TRACE_ID DEBUG http-nio-8888-exec-8 CookieUtility get cookie Authorization
2026-10-04 18:35:00.469 TRACE_ID DEBUG http-nio-8888-exec-7 CookieUtility get cookie Authorization
2026-10-04 18:35:00.471 TRACE_ID DEBUG http-nio-8888-exec-8 JDBCTemplate SQL:select count(*) from `t_project_config` where ( create_user_id = 1 )
2026-10-04 18:35:00.471 TRACE_ID DEBUG http-nio-8888-exec-7 JDBCTemplate SQL:select count(*) from `t_project_config` where ( create_user_id = 1 )
2026-10-04 18:35:00.472 TRACE_ID DEBUG http-nio-8888-exec-8 JDBCTemplate SQL:select * from `t_project_config` where ( create_user_id = 1 ) order by id DESC limit 0,10
2026-10-04 18:35:00.473 TRACE_ID DEBUG http-nio-8888-exec-7 JDBCTemplate SQL:select * from `t_project_config` where ( create_user_id = 1 ) order by id DESC limit 0,10
2026-10-04 18:35:03.937 TRACE_ID DEBUG http-nio-8888-exec-6 CookieUtility get cookie Authorization
2026-10-04 18:35:03.938 TRACE_ID DEBUG http-nio-8888-exec-2 CookieUtility get cookie Authorization
2026-10-04 18:35:03.939 TRACE_ID DEBUG http-nio-8888-exec-6 JDBCTemplate SQL:select count(*) from `t_table_config` where ( project_id = 1  AND create_user_id = 1 )
2026-10-04 18:35:03.941 TRACE_ID DEBUG http-nio-8888-exec-2 JDBCTemplate SQL:select count(*) from `t_table_config` where ( project_id = 1  AND create_user_id = 1 )
2026-10-04 18:35:03.942 TRACE_ID DEBUG http-nio-8888-exec-6 JDBCTemplate SQL:select * from `t_table_config` where ( project_id = 1  AND create_user_id = 1 ) order by id DESC
2026-10-04 18:35:03.942 TRACE_ID DEBUG http-nio-8888-exec-2 JDBCTemplate SQL:select * from `t_table_config` where ( project_id = 1  AND create_user_id = 1 ) order by id DESC
2026-10-04 18:35:03.946 TRACE_ID DEBUG http-nio-8888-exec-6 JDBCTemplate SQL:select * from `t_project_config` where ( create_user_id = 1  AND status = ENABLE ) order by id DESC
2026-10-04 18:35:03.946 TRACE_ID DEBUG http-nio-8888-exec-2 JDBCTemplate SQL:select * from `t_project_config` where ( create_user_id = 1  AND status = ENABLE ) order by id DESC
2026-10-04 18:35:08.972 TRACE_ID DEBUG http-nio-8888-exec-3 CookieUtility get cookie Authorization
2026-10-04 18:35:08.981 TRACE_ID DEBUG http-nio-8888-exec-3 JDBCTemplate SQL:select `id`,`name`,`full_base_package_name`,`frontend_name`,`chinese_name`,`i18n`,`description`,`module_prefix`,`architectures`,`config`,`wrap_with_parent`,`scaffold`,`create_user_name`,`create_user_id`,`modified_user_id`,`modified_user_name`,`gmt_create`,`gmt_modified`,`deleted`,`status` from `t_project_config` where id=1
2026-10-04 18:35:08.988 TRACE_ID DEBUG http-nio-8888-exec-3 JDBCTemplate SQL:select * from `t_table_config` where ( project_id = 1  AND create_user_id = 1  AND status = ENABLE ) order by id DESC limit 0,10
2026-10-04 18:36:59.876 TRACE_ID DEBUG http-nio-8888-exec-1 CookieUtility get cookie Authorization
2026-10-04 18:36:59.876 TRACE_ID DEBUG http-nio-8888-exec-4 CookieUtility get cookie Authorization
2026-10-04 18:36:59.899 TRACE_ID DEBUG http-nio-8888-exec-1 JDBCTemplate SQL:select count(*) from `t_micro_service` where ( create_user_id = 1 )
2026-10-04 18:36:59.899 TRACE_ID DEBUG http-nio-8888-exec-4 JDBCTemplate SQL:select count(*) from `t_micro_service` where ( create_user_id = 1 )
2026-10-04 18:36:59.939 TRACE_ID DEBUG http-nio-8888-exec-1 JDBCTemplate SQL:select * from `t_micro_service` where ( create_user_id = 1 ) order by id DESC limit 0,10
2026-10-04 18:36:59.939 TRACE_ID DEBUG http-nio-8888-exec-4 JDBCTemplate SQL:select * from `t_micro_service` where ( create_user_id = 1 ) order by id DESC limit 0,10
2026-10-04 18:36:59.944 TRACE_ID DEBUG http-nio-8888-exec-4 JDBCTemplate SQL:select * from `t_app` where ( create_user_id = 1  AND status = ENABLE ) order by id DESC
2026-10-04 18:36:59.944 TRACE_ID DEBUG http-nio-8888-exec-1 JDBCTemplate SQL:select * from `t_app` where ( create_user_id = 1  AND status = ENABLE ) order by id DESC
2026-10-04 18:37:03.394 TRACE_ID DEBUG http-nio-8888-exec-5 CookieUtility get cookie Authorization
2026-10-04 18:37:03.394 TRACE_ID DEBUG http-nio-8888-exec-3 CookieUtility get cookie Authorization
2026-10-04 18:37:03.395 TRACE_ID DEBUG http-nio-8888-exec-5 JDBCTemplate SQL:select count(*) from `t_organization` where ( create_user_id = 1 )
2026-10-04 18:37:03.395 TRACE_ID DEBUG http-nio-8888-exec-3 JDBCTemplate SQL:select count(*) from `t_organization` where ( create_user_id = 1 )
2026-10-04 18:37:03.396 TRACE_ID DEBUG http-nio-8888-exec-5 JDBCTemplate SQL:select * from `t_organization` where ( create_user_id = 1 ) order by id DESC limit 0,10
2026-10-04 18:37:03.397 TRACE_ID DEBUG http-nio-8888-exec-3 JDBCTemplate SQL:select * from `t_organization` where ( create_user_id = 1 ) order by id DESC limit 0,10
2026-10-04 18:37:03.398 TRACE_ID DEBUG http-nio-8888-exec-5 JDBCTemplate SQL:select * from `t_organization` where ( create_user_id = 1  AND status = ENABLE ) order by id DESC
2026-10-04 18:37:03.398 TRACE_ID DEBUG http-nio-8888-exec-3 JDBCTemplate SQL:select * from `t_organization` where ( create_user_id = 1  AND status = ENABLE ) order by id DESC
2026-10-04 18:37:04.816 TRACE_ID DEBUG http-nio-8888-exec-4 CookieUtility get cookie Authorization
2026-10-04 18:37:04.816 TRACE_ID DEBUG http-nio-8888-exec-1 CookieUtility get cookie Authorization
2026-10-04 18:37:04.818 TRACE_ID DEBUG http-nio-8888-exec-4 JDBCTemplate SQL:select count(*) from `t_position` where ( create_user_id = 1 )
2026-10-04 18:37:04.818 TRACE_ID DEBUG http-nio-8888-exec-1 JDBCTemplate SQL:select count(*) from `t_position` where ( create_user_id = 1 )
2026-10-04 18:37:04.819 TRACE_ID DEBUG http-nio-8888-exec-4 JDBCTemplate SQL:select * from `t_position` where ( create_user_id = 1 ) order by id DESC limit 0,10
2026-10-04 18:37:04.819 TRACE_ID DEBUG http-nio-8888-exec-1 JDBCTemplate SQL:select * from `t_position` where ( create_user_id = 1 ) order by id DESC limit 0,10
2026-10-04 18:37:04.823 TRACE_ID DEBUG http-nio-8888-exec-4 JDBCTemplate SQL:select * from `t_organization` where ( create_user_id = 1  AND status = ENABLE ) order by id DESC
2026-10-04 18:37:04.823 TRACE_ID DEBUG http-nio-8888-exec-1 JDBCTemplate SQL:select * from `t_organization` where ( create_user_id = 1  AND status = ENABLE ) order by id DESC
2026-10-04 18:37:06.384 TRACE_ID DEBUG http-nio-8888-exec-10 CookieUtility get cookie Authorization
2026-10-04 18:37:06.385 TRACE_ID DEBUG http-nio-8888-exec-9 CookieUtility get cookie Authorization
2026-10-04 18:37:06.386 TRACE_ID DEBUG http-nio-8888-exec-10 JDBCTemplate SQL:select count(*) from `t_app` where ( create_user_id = 1 )
2026-10-04 18:37:06.386 TRACE_ID DEBUG http-nio-8888-exec-9 JDBCTemplate SQL:select count(*) from `t_app` where ( create_user_id = 1 )
2026-10-04 18:37:06.387 TRACE_ID DEBUG http-nio-8888-exec-9 JDBCTemplate SQL:select * from `t_app` where ( create_user_id = 1 ) order by id DESC limit 0,10
2026-10-04 18:37:06.387 TRACE_ID DEBUG http-nio-8888-exec-10 JDBCTemplate SQL:select * from `t_app` where ( create_user_id = 1 ) order by id DESC limit 0,10
2026-10-04 20:02:00.784 TRACE_ID DEBUG http-nio-8888-exec-4 CookieUtility get cookie Authorization
2026-10-04 20:02:00.784 TRACE_ID DEBUG http-nio-8888-exec-1 CookieUtility get cookie Authorization
2026-10-04 20:02:01.012 TRACE_ID DEBUG Druid-ConnectionPool-Create-237953864 DruidCustomPasswordCallback DruidCustomPasswordCallback setProperties, passwordKey:mysql_sparrow_password, password:11111111
2026-10-04 20:02:01.318 TRACE_ID DEBUG Druid-ConnectionPool-Create-237953864 DruidCustomPasswordCallback DruidCustomPasswordCallback setProperties, passwordKey:mysql_sparrow_password, password:11111111
2026-10-04 20:02:01.319 TRACE_ID DEBUG http-nio-8888-exec-1 JDBCTemplate SQL:select count(*) from `t_project_config` where ( create_user_id = 1 )
2026-10-04 20:02:01.335 TRACE_ID DEBUG http-nio-8888-exec-4 JDBCTemplate SQL:select count(*) from `t_project_config` where ( create_user_id = 1 )
2026-10-04 20:02:01.417 TRACE_ID DEBUG http-nio-8888-exec-1 JDBCTemplate SQL:select * from `t_project_config` where ( create_user_id = 1 ) order by id DESC limit 0,10
2026-10-04 20:02:01.417 TRACE_ID DEBUG http-nio-8888-exec-4 JDBCTemplate SQL:select * from `t_project_config` where ( create_user_id = 1 ) order by id DESC limit 0,10
2026-10-04 20:02:15.780 TRACE_ID DEBUG http-nio-8888-exec-5 CookieUtility get cookie Authorization
2026-10-04 20:02:15.781 TRACE_ID DEBUG http-nio-8888-exec-3 CookieUtility get cookie Authorization
2026-10-04 20:02:15.787 TRACE_ID DEBUG http-nio-8888-exec-5 JDBCTemplate SQL:select count(*) from `t_table_config` where ( project_id = 1  AND create_user_id = 1 )
2026-10-04 20:02:15.787 TRACE_ID DEBUG http-nio-8888-exec-3 JDBCTemplate SQL:select count(*) from `t_table_config` where ( project_id = 1  AND create_user_id = 1 )
2026-10-04 20:02:15.798 TRACE_ID DEBUG http-nio-8888-exec-3 JDBCTemplate SQL:select * from `t_table_config` where ( project_id = 1  AND create_user_id = 1 ) order by id DESC
2026-10-04 20:02:15.805 TRACE_ID DEBUG http-nio-8888-exec-5 JDBCTemplate SQL:select * from `t_table_config` where ( project_id = 1  AND create_user_id = 1 ) order by id DESC
2026-10-04 20:02:15.808 TRACE_ID DEBUG http-nio-8888-exec-3 JDBCTemplate SQL:select * from `t_project_config` where ( create_user_id = 1  AND status = ENABLE ) order by id DESC
2026-10-04 20:02:15.811 TRACE_ID DEBUG http-nio-8888-exec-5 JDBCTemplate SQL:select * from `t_project_config` where ( create_user_id = 1  AND status = ENABLE ) order by id DESC
2026-10-04 20:03:00.212 TRACE_ID DEBUG http-nio-8888-exec-7 CookieUtility get cookie Authorization
2026-10-04 20:03:00.239 TRACE_ID DEBUG http-nio-8888-exec-7 JDBCTemplate SQL:insert into `t_table_config`(
`project_id`,
`primary_key`,
`table_name`,
`class_name`,
`description`,
`locked`,
`checkable`,
`row_menu`,
`column_filter`,
`status_command`,
`column_configs`,
`source`,
`source_code`,
`page_size`,
`only_access_self`,
`create_user_name`,
`create_user_id`,
`modified_user_id`,
`modified_user_name`,
`gmt_create`,
`gmt_modified`,
`deleted`,
`status`)values(
1,
id,
t_admin_user,
com.sparrow.security.po.AdminUser,
,
false,
0,
998,
999,
true,
[{"allowNull":true,"cellType":1,"chineseName":"","columnType":1,"controlType":4,"datasourceParams":"","datasourceType":1,"defaultHidden":false,"defaultValue":"","enableHidden":true,"headerType":1,"javaType":"java.lang.Long","number":true,"placeholder":"","propertyName":"id","searchType":1,"showInEdit":true,"showInList":true,"showInSearch":false,"sort":0},{"allowNull":false,"cellType":1,"chineseName":"租户ID，0=全局，>0=租户私有","columnType":1,"controlType":1,"datasourceParams":"","datasourceType":1,"defaultHidden":false,"defaultValue":"0","enableHidden":true,"headerType":1,"javaType":"java.lang.Long","number":true,"placeholder":"","propertyName":"tenantId","searchType":1,"showInEdit":true,"showInList":true,"showInSearch":false,"sort":1,"validateType":"digital"},{"allowNull":false,"cellType":1,"chineseName":"Passport用户ID","columnType":1,"controlType":1,"datasourceParams":"","datasourceType":1,"defaultHidden":false,"defaultValue":"0","enableHidden":true,"headerType":1,"javaType":"java.lang.Long","number":true,"placeholder":"","propertyName":"userId","searchType":1,"showInEdit":true,"showInList":true,"showInSearch":false,"sort":2,"validateType":"digital"},{"allowNull":false,"cellType":1,"chineseName":"所属部门ID","columnType":1,"controlType":1,"datasourceParams":"t_organization","datasourceType":3,"defaultHidden":false,"defaultValue":"0","enableHidden":true,"headerType":1,"javaType":"java.lang.Long","number":true,"placeholder":"","propertyName":"organizationId","searchType":1,"showInEdit":true,"showInList":true,"showInSearch":false,"sort":3,"validateType":"digital"},{"allowNull":false,"cellType":1,"chineseName":"全职岗位ID","columnType":1,"controlType":1,"datasourceParams":"t_position","datasourceType":3,"defaultHidden":false,"defaultValue":"0","enableHidden":true,"headerType":1,"javaType":"java.lang.Long","number":true,"placeholder":"","propertyName":"positionId","searchType":1,"showInEdit":true,"showInList":true,"showInSearch":false,"sort":4,"validateType":"digital"}],
1,
,
10,
true,
mock-user,
1,
1,
mock-user,
1791115380236,
1791115380236,
false,
ENABLE)
2026-10-04 20:03:00.282 TRACE_ID DEBUG http-nio-8888-exec-4 CookieUtility get cookie Authorization
2026-10-04 20:03:00.283 TRACE_ID DEBUG http-nio-8888-exec-4 JDBCTemplate SQL:select count(*) from `t_table_config` where ( project_id = 1  AND create_user_id = 1 )
2026-10-04 20:03:00.284 TRACE_ID DEBUG http-nio-8888-exec-4 JDBCTemplate SQL:select * from `t_table_config` where ( project_id = 1  AND create_user_id = 1 ) order by id DESC
2026-10-04 20:03:00.288 TRACE_ID DEBUG http-nio-8888-exec-4 JDBCTemplate SQL:select * from `t_project_config` where ( create_user_id = 1  AND status = ENABLE ) order by id DESC
2026-10-04 20:04:39.666 TRACE_ID DEBUG http-nio-8888-exec-5 CookieUtility get cookie Authorization
2026-10-04 20:04:39.695 TRACE_ID DEBUG http-nio-8888-exec-5 JDBCTemplate SQL:update `t_table_config` set 
`project_id`=1,
`description`=,
`locked`=false,
`checkable`=0,
`row_menu`=998,
`column_filter`=999,
`status_command`=true,
`column_configs`=[{"allowNull":true,"cellType":1,"chineseName":"","columnType":1,"controlType":4,"datasourceParams":"","datasourceType":1,"defaultHidden":false,"defaultValue":"","enableHidden":true,"headerType":1,"javaType":"java.lang.Long","number":true,"placeholder":"","propertyName":"id","searchType":1,"showInEdit":true,"showInList":true,"showInSearch":false,"sort":0},{"allowNull":false,"cellType":1,"chineseName":"租户ID","columnType":1,"controlType":1,"datasourceParams":"","datasourceType":1,"defaultHidden":false,"defaultValue":"0","enableHidden":true,"headerType":1,"javaType":"java.lang.Long","number":true,"placeholder":"","propertyName":"tenantId","searchType":1,"showInEdit":true,"showInList":true,"showInSearch":false,"sort":1,"validateType":"digital"},{"allowNull":false,"cellType":1,"chineseName":"Passport用户ID","columnType":1,"controlType":1,"datasourceParams":"","datasourceType":1,"defaultHidden":false,"defaultValue":"0","enableHidden":true,"headerType":1,"javaType":"java.lang.Long","number":true,"placeholder":"","propertyName":"userId","searchType":1,"showInEdit":true,"showInList":true,"showInSearch":false,"sort":2,"validateType":"digital"},{"allowNull":false,"cellType":1,"chineseName":"所属部门ID","columnType":1,"controlType":"7","datasourceParams":"t_organization","datasourceType":3,"defaultHidden":false,"defaultValue":"0","enableHidden":true,"headerType":1,"javaType":"java.lang.Long","number":true,"placeholder":"","propertyName":"organizationId","searchType":1,"showInEdit":true,"showInList":true,"showInSearch":false,"sort":3,"validateType":"digital"},{"allowNull":false,"cellType":1,"chineseName":"全职岗位ID","columnType":1,"controlType":"7","datasourceParams":"t_position","datasourceType":3,"defaultHidden":false,"defaultValue":"0","enableHidden":true,"headerType":1,"javaType":"java.lang.Long","number":true,"placeholder":"","propertyName":"positionId","searchType":1,"showInEdit":true,"showInList":true,"showInSearch":false,"sort":4,"validateType":"digital"}],
`page_size`=10,
`only_access_self`=true,
`modified_user_id`=1,
`modified_user_name`=mock-user,
`gmt_modified`=1791115479693,
`deleted`=false where id=46
2026-10-04 20:04:50.811 TRACE_ID DEBUG http-nio-8888-exec-9 CookieUtility get cookie Authorization
2026-10-04 20:04:50.812 TRACE_ID DEBUG http-nio-8888-exec-9 JDBCTemplate SQL:select `id`,`name`,`full_base_package_name`,`frontend_name`,`chinese_name`,`i18n`,`description`,`module_prefix`,`architectures`,`config`,`wrap_with_parent`,`scaffold`,`create_user_name`,`create_user_id`,`modified_user_id`,`modified_user_name`,`gmt_create`,`gmt_modified`,`deleted`,`status` from `t_project_config` where id=1
2026-10-04 20:04:50.816 TRACE_ID DEBUG http-nio-8888-exec-9 JDBCTemplate SQL:select * from `t_table_config` where ( project_id = 1  AND create_user_id = 1  AND status = ENABLE ) order by id DESC limit 0,10
2026-10-04 20:05:05.147 TRACE_ID DEBUG http-nio-8888-exec-1 CookieUtility get cookie Authorization
2026-10-04 20:05:05.148 TRACE_ID DEBUG http-nio-8888-exec-7 CookieUtility get cookie Authorization
2026-10-04 20:05:29.436 TRACE_ID DEBUG main Application Running with Spring Boot v3.5.0, Spring v6.2.7
2026-10-04 20:05:30.757 TRACE_ID DEBUG main SparrowCorsFilter Filter 'corsFilter' configured for use
2026-10-04 20:05:30.757 TRACE_ID DEBUG main FlashFilter Filter 'flashFilter' configured for use
2026-10-04 20:05:31.155 TRACE_ID DEBUG main DruidCustomPasswordCallback DruidCustomPasswordCallback setProperties, passwordKey:mysql_sparrow_password, password:11111111
2026-10-04 20:05:31.271 TRACE_ID DEBUG main DruidCustomPasswordCallback DruidCustomPasswordCallback setProperties, passwordKey:mysql_sparrow_password, password:11111111
2026-10-04 20:05:31.278 TRACE_ID DEBUG main DruidCustomPasswordCallback DruidCustomPasswordCallback setProperties, passwordKey:mysql_sparrow_password, password:11111111
2026-10-04 20:05:31.286 TRACE_ID DEBUG main DruidCustomPasswordCallback DruidCustomPasswordCallback setProperties, passwordKey:mysql_sparrow_password, password:11111111
2026-10-04 20:05:31.293 TRACE_ID DEBUG main DruidCustomPasswordCallback DruidCustomPasswordCallback setProperties, passwordKey:mysql_sparrow_password, password:11111111
2026-10-04 20:05:31.298 TRACE_ID DEBUG main DruidCustomPasswordCallback DruidCustomPasswordCallback setProperties, passwordKey:mysql_sparrow_password, password:11111111
2026-10-04 20:05:31.306 TRACE_ID DEBUG main DruidCustomPasswordCallback DruidCustomPasswordCallback setProperties, passwordKey:mysql_sparrow_password, password:11111111
2026-10-04 20:05:31.309 TRACE_ID DEBUG main DruidCustomPasswordCallback DruidCustomPasswordCallback setProperties, passwordKey:mysql_sparrow_password, password:11111111
2026-10-04 20:05:41.356 TRACE_ID DEBUG http-nio-8888-exec-4 CookieUtility get cookie Authorization
2026-10-04 20:05:41.356 TRACE_ID DEBUG http-nio-8888-exec-3 CookieUtility get cookie Authorization
2026-10-04 20:05:41.547 TRACE_ID DEBUG http-nio-8888-exec-3 JDBCTemplate SQL:select count(*) from `t_admin_user` where ( create_user_id = 1 )
2026-10-04 20:05:41.549 TRACE_ID DEBUG http-nio-8888-exec-4 JDBCTemplate SQL:select count(*) from `t_admin_user` where ( create_user_id = 1 )
2026-10-04 20:05:41.603 TRACE_ID DEBUG http-nio-8888-exec-4 JDBCTemplate SQL:select * from `t_organization` where ( create_user_id = 1  AND status = ENABLE ) order by id DESC
2026-10-04 20:05:41.604 TRACE_ID DEBUG http-nio-8888-exec-3 JDBCTemplate SQL:select * from `t_organization` where ( create_user_id = 1  AND status = ENABLE ) order by id DESC
2026-10-04 20:05:41.613 TRACE_ID DEBUG http-nio-8888-exec-4 JDBCTemplate SQL:select * from `t_position` where ( create_user_id = 1  AND status = ENABLE ) order by id DESC
2026-10-04 20:05:41.613 TRACE_ID DEBUG http-nio-8888-exec-3 JDBCTemplate SQL:select * from `t_position` where ( create_user_id = 1  AND status = ENABLE ) order by id DESC
2026-10-04 20:05:54.714 TRACE_ID DEBUG http-nio-8888-exec-6 CookieUtility get cookie Authorization
2026-10-04 20:05:54.720 TRACE_ID DEBUG http-nio-8888-exec-6 JDBCTemplate SQL:insert into `t_admin_user`(
`tenant_id`,
`user_id`,
`organization_id`,
`position_id`,
`create_user_name`,
`create_user_id`,
`modified_user_id`,
`modified_user_name`,
`gmt_create`,
`gmt_modified`,
`deleted`,
`status`)values(
0,
53,
2,
1,
mock-user,
1,
1,
mock-user,
1791115554719,
1791115554719,
false,
ENABLE)
2026-10-04 20:06:19.966 TRACE_ID DEBUG http-nio-8888-exec-8 CookieUtility get cookie Authorization
2026-10-04 20:06:19.977 TRACE_ID DEBUG http-nio-8888-exec-8 JDBCTemplate SQL:insert into `t_admin_user`(
`tenant_id`,
`user_id`,
`organization_id`,
`position_id`,
`create_user_name`,
`create_user_id`,
`modified_user_id`,
`modified_user_name`,
`gmt_create`,
`gmt_modified`,
`deleted`,
`status`)values(
0,
53,
3,
2,
mock-user,
1,
1,
mock-user,
1791115579970,
1791115579970,
false,
ENABLE)
2026-10-04 20:06:43.104 TRACE_ID DEBUG http-nio-8888-exec-1 CookieUtility get cookie Authorization
2026-10-04 20:06:43.106 TRACE_ID DEBUG http-nio-8888-exec-1 JDBCTemplate SQL:insert into `t_admin_user`(
`tenant_id`,
`user_id`,
`organization_id`,
`position_id`,
`create_user_name`,
`create_user_id`,
`modified_user_id`,
`modified_user_name`,
`gmt_create`,
`gmt_modified`,
`deleted`,
`status`)values(
0,
53,
3,
2,
mock-user,
1,
1,
mock-user,
1791115603106,
1791115603106,
false,
ENABLE)
2026-10-04 20:06:43.134 TRACE_ID DEBUG http-nio-8888-exec-3 CookieUtility get cookie Authorization
2026-10-04 20:06:43.140 TRACE_ID DEBUG http-nio-8888-exec-3 JDBCTemplate SQL:select count(*) from `t_admin_user` where ( create_user_id = 1 )
2026-10-04 20:06:43.149 TRACE_ID DEBUG http-nio-8888-exec-3 JDBCTemplate SQL:select * from `t_admin_user` where ( create_user_id = 1 ) order by id DESC limit 0,10
2026-10-04 20:06:43.159 TRACE_ID DEBUG http-nio-8888-exec-3 JDBCTemplate SQL:select * from `t_organization` where ( create_user_id = 1  AND status = ENABLE ) order by id DESC
2026-10-04 20:06:43.163 TRACE_ID DEBUG http-nio-8888-exec-3 JDBCTemplate SQL:select * from `t_position` where ( create_user_id = 1  AND status = ENABLE ) order by id DESC
2026-10-04 20:07:23.944 TRACE_ID DEBUG http-nio-8888-exec-5 CookieUtility get cookie Authorization
2026-10-04 20:07:23.961 TRACE_ID DEBUG http-nio-8888-exec-5 JDBCTemplate SQL:insert into `t_table_config`(
`project_id`,
`primary_key`,
`table_name`,
`class_name`,
`description`,
`locked`,
`checkable`,
`row_menu`,
`column_filter`,
`status_command`,
`column_configs`,
`source`,
`source_code`,
`page_size`,
`only_access_self`,
`create_user_name`,
`create_user_id`,
`modified_user_id`,
`modified_user_name`,
`gmt_create`,
`gmt_modified`,
`deleted`,
`status`)values(
1,
id,
t_role,
com.sparrow.security.po.Role,
,
false,
0,
998,
999,
true,
[{"allowNull":true,"cellType":1,"chineseName":"","columnType":1,"controlType":4,"datasourceParams":"","datasourceType":1,"defaultHidden":false,"defaultValue":"","enableHidden":true,"headerType":1,"javaType":"java.lang.Long","number":true,"placeholder":"","propertyName":"id","searchType":1,"showInEdit":true,"showInList":true,"showInSearch":false,"sort":0},{"allowNull":false,"cellType":1,"chineseName":"租户ID，0=全局，>0=租户私有","columnType":1,"controlType":1,"datasourceParams":"","datasourceType":1,"defaultHidden":false,"defaultValue":"0","enableHidden":true,"headerType":1,"javaType":"java.lang.Long","number":true,"placeholder":"","propertyName":"tenantId","searchType":1,"showInEdit":true,"showInList":true,"showInSearch":false,"sort":1,"validateType":"digital"},{"allowNull":false,"cellType":1,"chineseName":"角色编码","columnType":1,"controlType":1,"datasourceParams":"","datasourceType":1,"defaultHidden":false,"defaultValue":"","enableHidden":true,"headerType":1,"javaType":"java.lang.String","number":false,"placeholder":"","propertyName":"code","searchType":1,"showInEdit":true,"showInList":true,"showInSearch":false,"sort":2,"validateType":"string"},{"allowNull":false,"cellType":1,"chineseName":"角色名称","columnType":1,"controlType":1,"datasourceParams":"","datasourceType":1,"defaultHidden":false,"defaultValue":"","enableHidden":true,"headerType":1,"javaType":"java.lang.String","number":false,"placeholder":"","propertyName":"name","searchType":1,"showInEdit":true,"showInList":true,"showInSearch":false,"sort":3,"validateType":"string"},{"allowNull":false,"cellType":1,"chineseName":"角色优先级，越大越优先","columnType":1,"controlType":1,"datasourceParams":"","datasourceType":1,"defaultHidden":false,"defaultValue":"0","enableHidden":true,"headerType":1,"javaType":"java.lang.Integer","number":true,"placeholder":"","propertyName":"priority","searchType":1,"showInEdit":true,"showInList":true,"showInSearch":false,"sort":4,"validateType":"digital"}],
1,
,
10,
true,
mock-user,
1,
1,
mock-user,
1791115643958,
1791115643958,
false,
ENABLE)
2026-10-04 20:07:23.974 TRACE_ID DEBUG http-nio-8888-exec-7 CookieUtility get cookie Authorization
2026-10-04 20:07:23.976 TRACE_ID DEBUG http-nio-8888-exec-7 JDBCTemplate SQL:select count(*) from `t_table_config` where ( project_id = 1  AND create_user_id = 1 )
2026-10-04 20:07:23.978 TRACE_ID DEBUG http-nio-8888-exec-7 JDBCTemplate SQL:select * from `t_table_config` where ( project_id = 1  AND create_user_id = 1 ) order by id DESC
2026-10-04 20:07:23.985 TRACE_ID DEBUG http-nio-8888-exec-7 JDBCTemplate SQL:select * from `t_project_config` where ( create_user_id = 1  AND status = ENABLE ) order by id DESC
2026-10-04 20:08:04.102 TRACE_ID DEBUG http-nio-8888-exec-9 CookieUtility get cookie Authorization
2026-10-04 20:08:04.113 TRACE_ID DEBUG http-nio-8888-exec-9 JDBCTemplate SQL:update `t_table_config` set 
`project_id`=1,
`description`=,
`locked`=false,
`checkable`=0,
`row_menu`=998,
`column_filter`=999,
`status_command`=true,
`column_configs`=[{"allowNull":true,"cellType":1,"chineseName":"","columnType":1,"controlType":4,"datasourceParams":"","datasourceType":1,"defaultHidden":false,"defaultValue":"","enableHidden":true,"headerType":1,"javaType":"java.lang.Long","number":true,"placeholder":"","propertyName":"id","searchType":1,"showInEdit":true,"showInList":true,"showInSearch":false,"sort":0},{"allowNull":false,"cellType":1,"chineseName":"租户ID","columnType":1,"controlType":1,"datasourceParams":"","datasourceType":1,"defaultHidden":false,"defaultValue":"0","enableHidden":true,"headerType":1,"javaType":"java.lang.Long","number":true,"placeholder":"","propertyName":"tenantId","searchType":1,"showInEdit":true,"showInList":true,"showInSearch":false,"sort":1,"validateType":"digital"},{"allowNull":false,"cellType":1,"chineseName":"角色编码","columnType":1,"controlType":1,"datasourceParams":"","datasourceType":1,"defaultHidden":false,"defaultValue":"","enableHidden":true,"headerType":1,"javaType":"java.lang.String","number":false,"placeholder":"","propertyName":"code","searchType":1,"showInEdit":true,"showInList":true,"showInSearch":false,"sort":2,"validateType":"string"},{"allowNull":false,"cellType":1,"chineseName":"角色名称","columnType":1,"controlType":1,"datasourceParams":"","datasourceType":1,"defaultHidden":false,"defaultValue":"","enableHidden":true,"headerType":1,"javaType":"java.lang.String","number":false,"placeholder":"","propertyName":"name","searchType":1,"showInEdit":true,"showInList":true,"showInSearch":false,"sort":3,"validateType":"string"},{"allowNull":false,"cellType":1,"chineseName":"角色优先级，越大越优先","columnType":1,"controlType":1,"datasourceParams":"","datasourceType":1,"defaultHidden":false,"defaultValue":"0","enableHidden":true,"headerType":1,"javaType":"java.lang.Integer","number":true,"placeholder":"","propertyName":"priority","searchType":1,"showInEdit":true,"showInList":true,"showInSearch":false,"sort":4,"validateType":"digital"}],
`page_size`=10,
`only_access_self`=true,
`modified_user_id`=1,
`modified_user_name`=mock-user,
`gmt_modified`=1791115684111,
`deleted`=false where id=47
2026-10-04 20:08:09.272 TRACE_ID DEBUG http-nio-8888-exec-1 CookieUtility get cookie Authorization
2026-10-04 20:08:09.277 TRACE_ID DEBUG http-nio-8888-exec-1 JDBCTemplate SQL:select `id`,`name`,`full_base_package_name`,`frontend_name`,`chinese_name`,`i18n`,`description`,`module_prefix`,`architectures`,`config`,`wrap_with_parent`,`scaffold`,`create_user_name`,`create_user_id`,`modified_user_id`,`modified_user_name`,`gmt_create`,`gmt_modified`,`deleted`,`status` from `t_project_config` where id=1
2026-10-04 20:08:09.279 TRACE_ID DEBUG http-nio-8888-exec-1 JDBCTemplate SQL:select * from `t_table_config` where ( project_id = 1  AND create_user_id = 1  AND status = ENABLE ) order by id DESC limit 0,10
2026-10-04 20:08:10.527 TRACE_ID DEBUG http-nio-8888-exec-3 CookieUtility get cookie Authorization
2026-10-04 20:08:10.529 TRACE_ID DEBUG http-nio-8888-exec-3 JDBCTemplate SQL:select count(*) from `t_admin_user` where ( create_user_id = 1 )
2026-10-04 20:08:10.530 TRACE_ID DEBUG http-nio-8888-exec-3 JDBCTemplate SQL:select * from `t_admin_user` where ( create_user_id = 1 ) order by id DESC limit 0,10
2026-10-04 20:08:10.531 TRACE_ID DEBUG http-nio-8888-exec-3 JDBCTemplate SQL:select * from `t_organization` where ( create_user_id = 1  AND status = ENABLE ) order by id DESC
2026-10-04 20:08:10.532 TRACE_ID DEBUG http-nio-8888-exec-3 JDBCTemplate SQL:select * from `t_position` where ( create_user_id = 1  AND status = ENABLE ) order by id DESC
2026-10-04 20:09:22.498 TRACE_ID DEBUG http-nio-8888-exec-6 CookieUtility get cookie Authorization
2026-10-04 20:09:22.508 TRACE_ID DEBUG http-nio-8888-exec-6 JDBCTemplate SQL:insert into `t_table_config`(
`project_id`,
`primary_key`,
`table_name`,
`class_name`,
`description`,
`locked`,
`checkable`,
`row_menu`,
`column_filter`,
`status_command`,
`column_configs`,
`source`,
`source_code`,
`page_size`,
`only_access_self`,
`create_user_name`,
`create_user_id`,
`modified_user_id`,
`modified_user_name`,
`gmt_create`,
`gmt_modified`,
`deleted`,
`status`)values(
1,
id,
t_permission,
com.sparrow.security.po.Permission,
,
false,
0,
998,
999,
true,
[{"allowNull":true,"cellType":1,"chineseName":"","columnType":1,"controlType":4,"datasourceParams":"","datasourceType":1,"defaultHidden":false,"defaultValue":"","enableHidden":true,"headerType":1,"javaType":"java.lang.Long","number":true,"placeholder":"","propertyName":"id","searchType":1,"showInEdit":true,"showInList":true,"showInSearch":false,"sort":0},{"allowNull":false,"cellType":1,"chineseName":"租户ID，0=全局，>0=租户私有","columnType":1,"controlType":1,"datasourceParams":"","datasourceType":1,"defaultHidden":false,"defaultValue":"0","enableHidden":true,"headerType":1,"javaType":"java.lang.Long","number":true,"placeholder":"","propertyName":"tenantId","searchType":1,"showInEdit":true,"showInList":true,"showInSearch":false,"sort":1,"validateType":"digital"},{"allowNull":false,"cellType":1,"chineseName":"权限编码，如 order:create","columnType":1,"controlType":1,"datasourceParams":"","datasourceType":1,"defaultHidden":false,"defaultValue":"","enableHidden":true,"headerType":1,"javaType":"java.lang.String","number":false,"placeholder":"","propertyName":"permissionCode","searchType":1,"showInEdit":true,"showInList":true,"showInSearch":false,"sort":2,"validateType":"string"},{"allowNull":false,"cellType":1,"chineseName":"权限/菜单名称","columnType":1,"controlType":1,"datasourceParams":"","datasourceType":1,"defaultHidden":false,"defaultValue":"","enableHidden":true,"headerType":1,"javaType":"java.lang.String","number":false,"placeholder":"","propertyName":"permissionName","searchType":1,"showInEdit":true,"showInList":true,"showInSearch":false,"sort":3,"validateType":"string"},{"allowNull":false,"cellType":1,"chineseName":"1菜单 2页面 3事件","columnType":1,"controlType":1,"datasourceParams":"permissionType","datasourceType":4,"defaultHidden":false,"defaultValue":"0","enableHidden":true,"headerType":1,"javaType":"java.lang.Integer","number":true,"placeholder":"","propertyName":"permissionType","searchType":1,"showInEdit":true,"showInList":true,"showInSearch":false,"sort":4,"validateType":"digital"},{"allowNull":false,"cellType":1,"chineseName":"APP ID","columnType":1,"controlType":1,"datasourceParams":"t_app","datasourceType":4,"defaultHidden":false,"defaultValue":"0","enableHidden":true,"headerType":1,"javaType":"java.lang.Long","number":true,"placeholder":"","propertyName":"appId","searchType":1,"showInEdit":true,"showInList":true,"showInSearch":false,"sort":5,"validateType":"digital"},{"allowNull":false,"cellType":1,"chineseName":"所属微服务ID","columnType":1,"controlType":1,"datasourceParams":"t_micro_service","datasourceType":4,"defaultHidden":false,"defaultValue":"0","enableHidden":true,"headerType":1,"javaType":"java.lang.Long","number":true,"placeholder":"","propertyName":"microServiceId","searchType":1,"showInEdit":true,"showInList":true,"showInSearch":false,"sort":6,"validateType":"digital"},{"allowNull":false,"cellType":1,"chineseName":"父节点ID","columnType":1,"controlType":1,"datasourceParams":"t_permission","datasourceType":4,"defaultHidden":false,"defaultValue":"0","enableHidden":true,"headerType":1,"javaType":"java.lang.Long","number":true,"placeholder":"","propertyName":"parentId","searchType":1,"showInEdit":true,"showInList":true,"showInSearch":false,"sort":7,"validateType":"digital"},{"allowNull":false,"cellType":1,"chineseName":"操作：view/create/update/delete/export","columnType":1,"controlType":1,"datasourceParams":"","datasourceType":1,"defaultHidden":false,"defaultValue":"","enableHidden":true,"headerType":1,"javaType":"java.lang.String","number":false,"placeholder":"","propertyName":"operation","searchType":1,"showInEdit":true,"showInList":true,"showInSearch":false,"sort":8,"validateType":"string"},{"allowNull":false,"cellType":1,"chineseName":"对象/资源域：order/user/report","columnType":1,"controlType":1,"datasourceParams":"","datasourceType":1,"defaultHidden":false,"defaultValue":"","enableHidden":true,"headerType":1,"javaType":"java.lang.String","number":false,"placeholder":"","propertyName":"object","searchType":1,"showInEdit":true,"showInList":true,"showInSearch":false,"sort":9,"validateType":"string"},{"allowNull":false,"cellType":1,"chineseName":"菜单/页面跳转地址","columnType":1,"controlType":1,"datasourceParams":"","datasourceType":1,"defaultHidden":false,"defaultValue":"","enableHidden":true,"headerType":1,"javaType":"java.lang.String","number":false,"placeholder":"","propertyName":"url","searchType":1,"showInEdit":true,"showInList":true,"showInSearch":false,"sort":10,"validateType":"string"},{"allowNull":false,"cellType":1,"chineseName":"HTTP方法，API用","columnType":1,"controlType":1,"datasourceParams":"","datasourceType":1,"defaultHidden":false,"defaultValue":"","enableHidden":true,"headerType":1,"javaType":"java.lang.String","number":false,"placeholder":"","propertyName":"method","searchType":1,"showInEdit":true,"showInList":true,"showInSearch":false,"sort":11,"validateType":"string"},{"allowNull":false,"cellType":1,"chineseName":"菜单图标","columnType":1,"controlType":1,"datasourceParams":"","datasourceType":1,"defaultHidden":false,"defaultValue":"","enableHidden":true,"headerType":1,"javaType":"java.lang.String","number":false,"placeholder":"","propertyName":"icon","searchType":1,"showInEdit":true,"showInList":true,"showInSearch":false,"sort":12,"validateType":"string"},{"allowNull":false,"cellType":1,"chineseName":"打开方式 _blank/_self","columnType":1,"controlType":1,"datasourceParams":"","datasourceType":1,"defaultHidden":false,"defaultValue":"","enableHidden":true,"headerType":1,"javaType":"java.lang.String","number":false,"placeholder":"","propertyName":"openType","searchType":1,"showInEdit":true,"showInList":true,"showInSearch":false,"sort":13,"validateType":"string"},{"allowNull":false,"cellType":1,"chineseName":"排序","columnType":1,"controlType":1,"datasourceParams":"","datasourceType":1,"defaultHidden":false,"defaultValue":"0","enableHidden":true,"headerType":1,"javaType":"java.lang.Integer","number":true,"placeholder":"","propertyName":"sort","searchType":1,"showInEdit":true,"showInList":true,"showInSearch":false,"sort":14,"validateType":"digital"}],
1,
,
10,
true,
mock-user,
1,
1,
mock-user,
1791115762505,
1791115762505,
false,
ENABLE)
2026-10-04 20:09:22.519 TRACE_ID DEBUG http-nio-8888-exec-8 CookieUtility get cookie Authorization
2026-10-04 20:09:22.520 TRACE_ID DEBUG http-nio-8888-exec-8 JDBCTemplate SQL:select count(*) from `t_table_config` where ( project_id = 1  AND create_user_id = 1 )
2026-10-04 20:09:22.522 TRACE_ID DEBUG http-nio-8888-exec-8 JDBCTemplate SQL:select * from `t_table_config` where ( project_id = 1  AND create_user_id = 1 ) order by id DESC
2026-10-04 20:09:22.525 TRACE_ID DEBUG http-nio-8888-exec-8 JDBCTemplate SQL:select * from `t_project_config` where ( create_user_id = 1  AND status = ENABLE ) order by id DESC
2026-10-04 20:11:24.400 TRACE_ID DEBUG http-nio-8888-exec-1 CookieUtility get cookie Authorization
2026-10-04 20:11:24.404 TRACE_ID DEBUG http-nio-8888-exec-1 JDBCTemplate SQL:update `t_table_config` set 
`project_id`=1,
`description`=,
`locked`=false,
`checkable`=0,
`row_menu`=998,
`column_filter`=999,
`status_command`=true,
`column_configs`=[{"allowNull":true,"cellType":1,"chineseName":"","columnType":1,"controlType":4,"datasourceParams":"","datasourceType":1,"defaultHidden":false,"defaultValue":"","enableHidden":true,"headerType":1,"javaType":"java.lang.Long","number":true,"placeholder":"","propertyName":"id","searchType":1,"showInEdit":true,"showInList":true,"showInSearch":false,"sort":0},{"allowNull":false,"cellType":1,"chineseName":"租户ID，0=全局，>0=租户私有","columnType":1,"controlType":1,"datasourceParams":"","datasourceType":1,"defaultHidden":false,"defaultValue":"0","enableHidden":true,"headerType":1,"javaType":"java.lang.Long","number":true,"placeholder":"","propertyName":"tenantId","searchType":1,"showInEdit":true,"showInList":true,"showInSearch":false,"sort":1,"validateType":"digital"},{"allowNull":false,"cellType":1,"chineseName":"权限编码，如 order:create","columnType":1,"controlType":1,"datasourceParams":"","datasourceType":1,"defaultHidden":false,"defaultValue":"","enableHidden":true,"headerType":1,"javaType":"java.lang.String","number":false,"placeholder":"","propertyName":"permissionCode","searchType":1,"showInEdit":true,"showInList":true,"showInSearch":false,"sort":2,"validateType":"string"},{"allowNull":false,"cellType":1,"chineseName":"权限/菜单名称","columnType":1,"controlType":1,"datasourceParams":"","datasourceType":1,"defaultHidden":false,"defaultValue":"","enableHidden":true,"headerType":1,"javaType":"java.lang.String","number":false,"placeholder":"","propertyName":"permissionName","searchType":1,"showInEdit":true,"showInList":true,"showInSearch":false,"sort":3,"validateType":"string"},{"allowNull":false,"cellType":1,"chineseName":"1菜单 2页面 3事件","columnType":1,"controlType":"7","datasourceParams":"permissionType","datasourceType":4,"defaultHidden":false,"defaultValue":"0","enableHidden":true,"headerType":1,"javaType":"java.lang.Integer","number":true,"placeholder":"","propertyName":"permissionType","searchType":1,"showInEdit":true,"showInList":true,"showInSearch":false,"sort":4,"validateType":"digital"},{"allowNull":false,"cellType":1,"chineseName":"APP ID","columnType":1,"controlType":1,"datasourceParams":"t_app","datasourceType":4,"defaultHidden":false,"defaultValue":"0","enableHidden":true,"headerType":1,"javaType":"java.lang.Long","number":true,"placeholder":"","propertyName":"appId","searchType":1,"showInEdit":true,"showInList":true,"showInSearch":false,"sort":5,"validateType":"digital"},{"allowNull":false,"cellType":1,"chineseName":"所属微服务ID","columnType":1,"controlType":"7","datasourceParams":"t_micro_service","datasourceType":4,"defaultHidden":false,"defaultValue":"0","enableHidden":true,"headerType":1,"javaType":"java.lang.Long","number":true,"placeholder":"","propertyName":"microServiceId","searchType":1,"showInEdit":true,"showInList":true,"showInSearch":false,"sort":6,"validateType":"digital"},{"allowNull":false,"cellType":1,"chineseName":"父节点ID","columnType":1,"controlType":"7","datasourceParams":"t_permission","datasourceType":4,"defaultHidden":false,"defaultValue":"0","enableHidden":true,"headerType":1,"javaType":"java.lang.Long","number":true,"placeholder":"","propertyName":"parentId","searchType":1,"showInEdit":true,"showInList":true,"showInSearch":false,"sort":7,"validateType":"digital"},{"allowNull":false,"cellType":1,"chineseName":"操作","columnType":1,"controlType":1,"datasourceParams":"","datasourceType":1,"defaultHidden":false,"defaultValue":"","enableHidden":true,"headerType":1,"javaType":"java.lang.String","number":false,"placeholder":"","propertyName":"operation","searchType":1,"showInEdit":true,"showInList":true,"showInSearch":false,"sort":8,"validateType":"string"},{"allowNull":false,"cellType":1,"chineseName":"对象/资源","columnType":1,"controlType":1,"datasourceParams":"","datasourceType":1,"defaultHidden":false,"defaultValue":"","enableHidden":true,"headerType":1,"javaType":"java.lang.String","number":false,"placeholder":"","propertyName":"object","searchType":1,"showInEdit":true,"showInList":true,"showInSearch":false,"sort":9,"validateType":"string"},{"allowNull":false,"cellType":1,"chineseName":"菜单/页面跳转地址","columnType":1,"controlType":1,"datasourceParams":"","datasourceType":1,"defaultHidden":false,"defaultValue":"","enableHidden":true,"headerType":1,"javaType":"java.lang.String","number":false,"placeholder":"","propertyName":"url","searchType":1,"showInEdit":true,"showInList":true,"showInSearch":false,"sort":10,"validateType":"string"},{"allowNull":false,"cellType":1,"chineseName":"HTTP方法，API用","columnType":1,"controlType":1,"datasourceParams":"","datasourceType":1,"defaultHidden":false,"defaultValue":"","enableHidden":true,"headerType":1,"javaType":"java.lang.String","number":false,"placeholder":"","propertyName":"method","searchType":1,"showInEdit":true,"showInList":true,"showInSearch":false,"sort":11,"validateType":"string"},{"allowNull":false,"cellType":"7","chineseName":"菜单图标","columnType":1,"controlType":"15","datasourceParams":"","datasourceType":1,"defaultHidden":false,"defaultValue":"","enableHidden":true,"headerType":1,"javaType":"java.lang.String","number":false,"placeholder":"","propertyName":"icon","searchType":1,"showInEdit":true,"showInList":true,"showInSearch":false,"sort":12,"validateType":"string"},{"allowNull":false,"cellType":1,"chineseName":"打开方式","columnType":1,"controlType":1,"datasourceParams":"","datasourceType":1,"defaultHidden":false,"defaultValue":"","enableHidden":true,"headerType":1,"javaType":"java.lang.String","number":false,"placeholder":"","propertyName":"openType","searchType":1,"showInEdit":true,"showInList":true,"showInSearch":false,"sort":13,"validateType":"string"},{"allowNull":false,"cellType":1,"chineseName":"排序","columnType":1,"controlType":1,"datasourceParams":"","datasourceType":1,"defaultHidden":false,"defaultValue":"0","enableHidden":true,"headerType":1,"javaType":"java.lang.Integer","number":true,"placeholder":"","propertyName":"sort","searchType":1,"showInEdit":true,"showInList":true,"showInSearch":false,"sort":14,"validateType":"digital"}],
`page_size`=10,
`only_access_self`=true,
`modified_user_id`=1,
`modified_user_name`=mock-user,
`gmt_modified`=1791115884402,
`deleted`=false where id=48
2026-10-04 20:25:13.766 TRACE_ID DEBUG http-nio-8888-exec-5 CookieUtility get cookie Authorization
2026-10-04 20:25:13.766 TRACE_ID DEBUG http-nio-8888-exec-6 CookieUtility get cookie Authorization
2026-10-04 20:25:13.776 TRACE_ID DEBUG Druid-ConnectionPool-Create-715029325 DruidCustomPasswordCallback DruidCustomPasswordCallback setProperties, passwordKey:mysql_sparrow_password, password:11111111
2026-10-04 20:25:13.776 TRACE_ID DEBUG http-nio-8888-exec-5 JDBCTemplate SQL:select count(*) from `t_admin_user` where ( create_user_id = 1 )
2026-10-04 20:25:13.781 TRACE_ID DEBUG http-nio-8888-exec-6 JDBCTemplate SQL:select count(*) from `t_admin_user` where ( create_user_id = 1 )
2026-10-04 20:25:13.784 TRACE_ID DEBUG http-nio-8888-exec-5 JDBCTemplate SQL:select * from `t_admin_user` where ( create_user_id = 1 ) order by id DESC limit 0,10
2026-10-04 20:25:13.785 TRACE_ID DEBUG http-nio-8888-exec-6 JDBCTemplate SQL:select * from `t_admin_user` where ( create_user_id = 1 ) order by id DESC limit 0,10
2026-10-04 20:25:13.787 TRACE_ID DEBUG http-nio-8888-exec-5 JDBCTemplate SQL:select * from `t_organization` where ( create_user_id = 1  AND status = ENABLE ) order by id DESC
2026-10-04 20:25:13.788 TRACE_ID DEBUG http-nio-8888-exec-6 JDBCTemplate SQL:select * from `t_organization` where ( create_user_id = 1  AND status = ENABLE ) order by id DESC
2026-10-04 20:25:13.789 TRACE_ID DEBUG http-nio-8888-exec-5 JDBCTemplate SQL:select * from `t_position` where ( create_user_id = 1  AND status = ENABLE ) order by id DESC
2026-10-04 20:25:13.790 TRACE_ID DEBUG http-nio-8888-exec-6 JDBCTemplate SQL:select * from `t_position` where ( create_user_id = 1  AND status = ENABLE ) order by id DESC
2026-10-04 20:26:28.475 TRACE_ID DEBUG http-nio-8888-exec-2 CookieUtility get cookie Authorization
2026-10-04 20:26:28.475 TRACE_ID DEBUG http-nio-8888-exec-1 CookieUtility get cookie Authorization
2026-10-04 20:26:28.493 TRACE_ID DEBUG http-nio-8888-exec-2 JDBCTemplate SQL:select count(*) from `t_admin_user` where ( create_user_id = 1 )
2026-10-04 20:26:28.493 TRACE_ID DEBUG http-nio-8888-exec-1 JDBCTemplate SQL:select count(*) from `t_admin_user` where ( create_user_id = 1 )
2026-10-04 20:26:28.495 TRACE_ID DEBUG http-nio-8888-exec-2 JDBCTemplate SQL:select * from `t_admin_user` where ( create_user_id = 1 ) order by id DESC limit 0,10
2026-10-04 20:26:28.495 TRACE_ID DEBUG http-nio-8888-exec-1 JDBCTemplate SQL:select * from `t_admin_user` where ( create_user_id = 1 ) order by id DESC limit 0,10
2026-10-04 20:26:28.498 TRACE_ID DEBUG http-nio-8888-exec-2 JDBCTemplate SQL:select * from `t_organization` where ( create_user_id = 1  AND status = ENABLE ) order by id DESC
2026-10-04 20:26:28.498 TRACE_ID DEBUG http-nio-8888-exec-1 JDBCTemplate SQL:select * from `t_organization` where ( create_user_id = 1  AND status = ENABLE ) order by id DESC
2026-10-04 20:26:28.499 TRACE_ID DEBUG http-nio-8888-exec-2 JDBCTemplate SQL:select * from `t_position` where ( create_user_id = 1  AND status = ENABLE ) order by id DESC
2026-10-04 20:26:28.500 TRACE_ID DEBUG http-nio-8888-exec-1 JDBCTemplate SQL:select * from `t_position` where ( create_user_id = 1  AND status = ENABLE ) order by id DESC
2026-10-04 20:26:29.330 TRACE_ID DEBUG http-nio-8888-exec-4 CookieUtility get cookie Authorization
2026-10-04 20:26:29.330 TRACE_ID DEBUG http-nio-8888-exec-3 CookieUtility get cookie Authorization
2026-10-04 20:26:29.331 TRACE_ID DEBUG http-nio-8888-exec-4 JDBCTemplate SQL:select count(*) from `t_admin_user` where ( create_user_id = 1 )
2026-10-04 20:26:29.331 TRACE_ID DEBUG http-nio-8888-exec-3 JDBCTemplate SQL:select count(*) from `t_admin_user` where ( create_user_id = 1 )
2026-10-04 20:26:29.332 TRACE_ID DEBUG http-nio-8888-exec-3 JDBCTemplate SQL:select * from `t_admin_user` where ( create_user_id = 1 ) order by id DESC limit 0,10
2026-10-04 20:26:29.332 TRACE_ID DEBUG http-nio-8888-exec-4 JDBCTemplate SQL:select * from `t_admin_user` where ( create_user_id = 1 ) order by id DESC limit 0,10
2026-10-04 20:26:29.333 TRACE_ID DEBUG http-nio-8888-exec-4 JDBCTemplate SQL:select * from `t_organization` where ( create_user_id = 1  AND status = ENABLE ) order by id DESC
2026-10-04 20:26:29.333 TRACE_ID DEBUG http-nio-8888-exec-3 JDBCTemplate SQL:select * from `t_organization` where ( create_user_id = 1  AND status = ENABLE ) order by id DESC
2026-10-04 20:26:29.334 TRACE_ID DEBUG http-nio-8888-exec-3 JDBCTemplate SQL:select * from `t_position` where ( create_user_id = 1  AND status = ENABLE ) order by id DESC
2026-10-04 20:26:29.334 TRACE_ID DEBUG http-nio-8888-exec-4 JDBCTemplate SQL:select * from `t_position` where ( create_user_id = 1  AND status = ENABLE ) order by id DESC
2026-10-04 20:27:35.489 TRACE_ID DEBUG http-nio-8888-exec-9 CookieUtility get cookie Authorization
2026-10-04 20:27:35.489 TRACE_ID DEBUG http-nio-8888-exec-10 CookieUtility get cookie Authorization
2026-10-04 20:27:35.500 TRACE_ID DEBUG http-nio-8888-exec-10 JDBCTemplate SQL:select count(*) from `t_admin_user` where ( create_user_id = 1 )
2026-10-04 20:27:35.500 TRACE_ID DEBUG http-nio-8888-exec-9 JDBCTemplate SQL:select count(*) from `t_admin_user` where ( create_user_id = 1 )
2026-10-04 20:27:35.502 TRACE_ID DEBUG http-nio-8888-exec-10 JDBCTemplate SQL:select * from `t_admin_user` where ( create_user_id = 1 ) order by id DESC limit 0,10
2026-10-04 20:27:35.503 TRACE_ID DEBUG http-nio-8888-exec-9 JDBCTemplate SQL:select * from `t_admin_user` where ( create_user_id = 1 ) order by id DESC limit 0,10
2026-10-04 20:27:35.504 TRACE_ID DEBUG http-nio-8888-exec-10 JDBCTemplate SQL:select * from `t_organization` where ( create_user_id = 1  AND status = ENABLE ) order by id DESC
2026-10-04 20:27:35.504 TRACE_ID DEBUG http-nio-8888-exec-9 JDBCTemplate SQL:select * from `t_organization` where ( create_user_id = 1  AND status = ENABLE ) order by id DESC
2026-10-04 20:27:35.505 TRACE_ID DEBUG http-nio-8888-exec-10 JDBCTemplate SQL:select * from `t_position` where ( create_user_id = 1  AND status = ENABLE ) order by id DESC
2026-10-04 20:27:35.505 TRACE_ID DEBUG http-nio-8888-exec-9 JDBCTemplate SQL:select * from `t_position` where ( create_user_id = 1  AND status = ENABLE ) order by id DESC
2026-10-04 20:29:52.634 TRACE_ID DEBUG main Application Running with Spring Boot v3.5.0, Spring v6.2.7
2026-10-04 20:29:54.027 TRACE_ID DEBUG main SparrowCorsFilter Filter 'corsFilter' configured for use
2026-10-04 20:29:54.027 TRACE_ID DEBUG main FlashFilter Filter 'flashFilter' configured for use
2026-10-04 20:29:54.626 TRACE_ID DEBUG main DruidCustomPasswordCallback DruidCustomPasswordCallback setProperties, passwordKey:mysql_sparrow_password, password:11111111
2026-10-04 20:29:54.959 TRACE_ID DEBUG main DruidCustomPasswordCallback DruidCustomPasswordCallback setProperties, passwordKey:mysql_sparrow_password, password:11111111
2026-10-04 20:29:54.962 TRACE_ID DEBUG main DruidCustomPasswordCallback DruidCustomPasswordCallback setProperties, passwordKey:mysql_sparrow_password, password:11111111
2026-10-04 20:29:54.966 TRACE_ID DEBUG main DruidCustomPasswordCallback DruidCustomPasswordCallback setProperties, passwordKey:mysql_sparrow_password, password:11111111
2026-10-04 20:29:54.969 TRACE_ID DEBUG main DruidCustomPasswordCallback DruidCustomPasswordCallback setProperties, passwordKey:mysql_sparrow_password, password:11111111
2026-10-04 20:29:54.973 TRACE_ID DEBUG main DruidCustomPasswordCallback DruidCustomPasswordCallback setProperties, passwordKey:mysql_sparrow_password, password:11111111
2026-10-04 20:29:54.979 TRACE_ID DEBUG main DruidCustomPasswordCallback DruidCustomPasswordCallback setProperties, passwordKey:mysql_sparrow_password, password:11111111
2026-10-04 20:29:54.989 TRACE_ID DEBUG main DruidCustomPasswordCallback DruidCustomPasswordCallback setProperties, passwordKey:mysql_sparrow_password, password:11111111
2026-10-04 20:30:06.070 TRACE_ID DEBUG http-nio-8888-exec-2 CookieUtility get cookie Authorization
2026-10-04 20:30:06.225 TRACE_ID DEBUG http-nio-8888-exec-2 JDBCTemplate SQL:update `t_table_config` set 
`project_id`=1,
`description`=,
`locked`=false,
`checkable`=0,
`row_menu`=998,
`column_filter`=999,
`status_command`=true,
`column_configs`=[{"allowNull":true,"cellType":1,"chineseName":"","columnType":1,"controlType":4,"datasourceParams":"","datasourceType":1,"defaultHidden":false,"defaultValue":"","enableHidden":true,"headerType":1,"javaType":"java.lang.Long","number":true,"placeholder":"","propertyName":"id","searchType":1,"showInEdit":true,"showInList":true,"showInSearch":false,"sort":0},{"allowNull":false,"cellType":1,"chineseName":"租户ID，0=全局，>0=租户私有","columnType":1,"controlType":1,"datasourceParams":"","datasourceType":1,"defaultHidden":false,"defaultValue":"0","enableHidden":true,"headerType":1,"javaType":"java.lang.Long","number":true,"placeholder":"","propertyName":"tenantId","searchType":1,"showInEdit":true,"showInList":true,"showInSearch":false,"sort":1,"validateType":"digital"},{"allowNull":false,"cellType":1,"chineseName":"权限编码，如 order:create","columnType":1,"controlType":1,"datasourceParams":"","datasourceType":1,"defaultHidden":false,"defaultValue":"","enableHidden":true,"headerType":1,"javaType":"java.lang.String","number":false,"placeholder":"","propertyName":"permissionCode","searchType":1,"showInEdit":true,"showInList":true,"showInSearch":false,"sort":2,"validateType":"string"},{"allowNull":false,"cellType":1,"chineseName":"权限/菜单名称","columnType":1,"controlType":1,"datasourceParams":"","datasourceType":1,"defaultHidden":false,"defaultValue":"","enableHidden":true,"headerType":1,"javaType":"java.lang.String","number":false,"placeholder":"","propertyName":"permissionName","searchType":1,"showInEdit":true,"showInList":true,"showInSearch":false,"sort":3,"validateType":"string"},{"allowNull":false,"cellType":1,"chineseName":"1菜单 2页面 3事件","columnType":1,"controlType":"7","datasourceParams":"permissionType","datasourceType":4,"defaultHidden":false,"defaultValue":"0","enableHidden":true,"headerType":1,"javaType":"java.lang.Integer","number":true,"placeholder":"","propertyName":"permissionType","searchType":1,"showInEdit":true,"showInList":true,"showInSearch":false,"sort":4,"validateType":"digital"},{"allowNull":false,"cellType":1,"chineseName":"APP ID","columnType":1,"controlType":1,"datasourceParams":"t_app","datasourceType":4,"defaultHidden":false,"defaultValue":"0","enableHidden":true,"headerType":1,"javaType":"java.lang.Long","number":true,"placeholder":"","propertyName":"appId","searchType":1,"showInEdit":true,"showInList":true,"showInSearch":false,"sort":5,"validateType":"digital"},{"allowNull":false,"cellType":1,"chineseName":"所属微服务ID","columnType":1,"controlType":"7","datasourceParams":"t_micro_service","datasourceType":4,"defaultHidden":false,"defaultValue":"0","enableHidden":true,"headerType":1,"javaType":"java.lang.Long","number":true,"placeholder":"","propertyName":"microServiceId","searchType":1,"showInEdit":true,"showInList":true,"showInSearch":false,"sort":6,"validateType":"digital"},{"allowNull":false,"cellType":1,"chineseName":"父节点ID","columnType":1,"controlType":"7","datasourceParams":"t_permission","datasourceType":4,"defaultHidden":false,"defaultValue":"0","enableHidden":true,"headerType":1,"javaType":"java.lang.Long","number":true,"placeholder":"","propertyName":"parentId","searchType":1,"showInEdit":true,"showInList":true,"showInSearch":false,"sort":7,"validateType":"digital"},{"allowNull":false,"cellType":1,"chineseName":"操作","columnType":1,"controlType":1,"datasourceParams":"","datasourceType":1,"defaultHidden":false,"defaultValue":"","enableHidden":true,"headerType":1,"javaType":"java.lang.String","number":false,"placeholder":"","propertyName":"operation","searchType":1,"showInEdit":true,"showInList":true,"showInSearch":false,"sort":8,"validateType":"string"},{"allowNull":false,"cellType":1,"chineseName":"对象/资源","columnType":1,"controlType":1,"datasourceParams":"","datasourceType":1,"defaultHidden":false,"defaultValue":"","enableHidden":true,"headerType":1,"javaType":"java.lang.String","number":false,"placeholder":"","propertyName":"object","searchType":1,"showInEdit":true,"showInList":true,"showInSearch":false,"sort":9,"validateType":"string"},{"allowNull":false,"cellType":1,"chineseName":"菜单/页面跳转地址","columnType":1,"controlType":1,"datasourceParams":"","datasourceType":1,"defaultHidden":false,"defaultValue":"","enableHidden":true,"headerType":1,"javaType":"java.lang.String","number":false,"placeholder":"","propertyName":"url","searchType":1,"showInEdit":true,"showInList":true,"showInSearch":false,"sort":10,"validateType":"string"},{"allowNull":false,"cellType":1,"chineseName":"HTTP方法，API用","columnType":1,"controlType":1,"datasourceParams":"","datasourceType":1,"defaultHidden":false,"defaultValue":"","enableHidden":true,"headerType":1,"javaType":"java.lang.String","number":false,"placeholder":"","propertyName":"method","searchType":1,"showInEdit":true,"showInList":true,"showInSearch":false,"sort":11,"validateType":"string"},{"allowNull":false,"cellType":"7","chineseName":"菜单图标","columnType":1,"controlType":"15","datasourceParams":"","datasourceType":1,"defaultHidden":false,"defaultValue":"","enableHidden":true,"headerType":1,"javaType":"java.lang.String","number":false,"placeholder":"","propertyName":"icon","searchType":1,"showInEdit":true,"showInList":true,"showInSearch":false,"sort":12,"validateType":"string"},{"allowNull":false,"cellType":1,"chineseName":"打开方式","columnType":1,"controlType":1,"datasourceParams":"","datasourceType":1,"defaultHidden":false,"defaultValue":"","enableHidden":true,"headerType":1,"javaType":"java.lang.String","number":false,"placeholder":"","propertyName":"openType","searchType":1,"showInEdit":true,"showInList":true,"showInSearch":false,"sort":13,"validateType":"string"},{"allowNull":false,"cellType":1,"chineseName":"排序","columnType":1,"controlType":1,"datasourceParams":"","datasourceType":1,"defaultHidden":false,"defaultValue":"0","enableHidden":true,"headerType":1,"javaType":"java.lang.Integer","number":true,"placeholder":"","propertyName":"sort","searchType":1,"showInEdit":true,"showInList":true,"showInSearch":false,"sort":14,"validateType":"digital"}],
`page_size`=10,
`only_access_self`=true,
`modified_user_id`=1,
`modified_user_name`=mock-user,
`gmt_modified`=1791117006203,
`deleted`=false where id=48
2026-10-04 20:30:13.525 TRACE_ID DEBUG http-nio-8888-exec-4 CookieUtility get cookie Authorization
2026-10-04 20:30:13.532 TRACE_ID DEBUG http-nio-8888-exec-4 JDBCTemplate SQL:select `id`,`name`,`full_base_package_name`,`frontend_name`,`chinese_name`,`i18n`,`description`,`module_prefix`,`architectures`,`config`,`wrap_with_parent`,`scaffold`,`create_user_name`,`create_user_id`,`modified_user_id`,`modified_user_name`,`gmt_create`,`gmt_modified`,`deleted`,`status` from `t_project_config` where id=1
2026-10-04 20:30:13.546 TRACE_ID DEBUG http-nio-8888-exec-4 JDBCTemplate SQL:select * from `t_table_config` where ( project_id = 1  AND create_user_id = 1  AND status = ENABLE ) order by id DESC limit 0,10
2026-10-04 20:30:15.686 TRACE_ID DEBUG http-nio-8888-exec-6 CookieUtility get cookie Authorization
2026-10-04 20:30:15.690 TRACE_ID DEBUG http-nio-8888-exec-6 JDBCTemplate SQL:select count(*) from `t_admin_user` where ( create_user_id = 1 )
2026-10-04 20:30:15.701 TRACE_ID DEBUG http-nio-8888-exec-6 JDBCTemplate SQL:select * from `t_admin_user` where ( create_user_id = 1 ) order by id DESC limit 0,10
2026-10-04 20:30:15.704 TRACE_ID DEBUG http-nio-8888-exec-6 JDBCTemplate SQL:select * from `t_organization` where ( create_user_id = 1  AND status = ENABLE ) order by id DESC
2026-10-04 20:30:15.707 TRACE_ID DEBUG http-nio-8888-exec-6 JDBCTemplate SQL:select * from `t_position` where ( create_user_id = 1  AND status = ENABLE ) order by id DESC
2026-10-04 20:36:10.748 TRACE_ID DEBUG http-nio-8888-exec-9 CookieUtility get cookie Authorization
2026-10-04 20:36:10.775 TRACE_ID DEBUG http-nio-8888-exec-9 JDBCTemplate SQL:insert into `t_table_config`(
`project_id`,
`primary_key`,
`table_name`,
`class_name`,
`description`,
`locked`,
`checkable`,
`row_menu`,
`column_filter`,
`status_command`,
`column_configs`,
`source`,
`source_code`,
`page_size`,
`only_access_self`,
`create_user_name`,
`create_user_id`,
`modified_user_id`,
`modified_user_name`,
`gmt_create`,
`gmt_modified`,
`deleted`,
`status`)values(
1,
id,
t_user_group,
com.sparrow.security.po.UserGroup,
,
false,
0,
998,
999,
true,
[{"allowNull":true,"cellType":1,"chineseName":"","columnType":1,"controlType":4,"datasourceParams":"","datasourceType":1,"defaultHidden":false,"defaultValue":"","enableHidden":true,"headerType":1,"javaType":"java.lang.Long","number":true,"placeholder":"","propertyName":"id","searchType":1,"showInEdit":true,"showInList":true,"showInSearch":false,"sort":0},{"allowNull":false,"cellType":1,"chineseName":"租户ID，0=全局，>0=租户私有","columnType":1,"controlType":1,"datasourceParams":"","datasourceType":1,"defaultHidden":false,"defaultValue":"0","enableHidden":true,"headerType":1,"javaType":"java.lang.Long","number":true,"placeholder":"","propertyName":"tenantId","searchType":1,"showInEdit":true,"showInList":true,"showInSearch":false,"sort":1,"validateType":"digital"},{"allowNull":false,"cellType":1,"chineseName":"用户组编码","columnType":1,"controlType":1,"datasourceParams":"","datasourceType":1,"defaultHidden":false,"defaultValue":"","enableHidden":true,"headerType":1,"javaType":"java.lang.String","number":false,"placeholder":"","propertyName":"code","searchType":1,"showInEdit":true,"showInList":true,"showInSearch":false,"sort":2,"validateType":"string"},{"allowNull":false,"cellType":1,"chineseName":"用户组名称","columnType":1,"controlType":1,"datasourceParams":"","datasourceType":1,"defaultHidden":false,"defaultValue":"","enableHidden":true,"headerType":1,"javaType":"java.lang.String","number":false,"placeholder":"","propertyName":"name","searchType":1,"showInEdit":true,"showInList":true,"showInSearch":false,"sort":3,"validateType":"string"},{"allowNull":false,"cellType":1,"chineseName":"排序","columnType":1,"controlType":1,"datasourceParams":"","datasourceType":1,"defaultHidden":false,"defaultValue":"0","enableHidden":true,"headerType":1,"javaType":"java.lang.Integer","number":true,"placeholder":"","propertyName":"sort","searchType":1,"showInEdit":true,"showInList":true,"showInSearch":false,"sort":4,"validateType":"digital"},{"allowNull":false,"cellType":1,"chineseName":"备注","columnType":1,"controlType":6,"datasourceParams":"","datasourceType":1,"defaultHidden":true,"defaultValue":"","enableHidden":false,"headerType":1,"javaType":"java.lang.String","number":false,"placeholder":"","propertyName":"remark","searchType":1,"showInEdit":true,"showInList":false,"showInSearch":false,"sort":5,"validateType":"string"}],
1,
,
10,
true,
mock-user,
1,
1,
mock-user,
1791117370767,
1791117370767,
false,
ENABLE)
2026-10-04 20:36:10.793 TRACE_ID DEBUG http-nio-8888-exec-1 CookieUtility get cookie Authorization
2026-10-04 20:36:10.798 TRACE_ID DEBUG http-nio-8888-exec-1 JDBCTemplate SQL:select count(*) from `t_table_config` where ( project_id = 1  AND create_user_id = 1 )
2026-10-04 20:36:10.801 TRACE_ID DEBUG http-nio-8888-exec-1 JDBCTemplate SQL:select * from `t_table_config` where ( project_id = 1  AND create_user_id = 1 ) order by id DESC
2026-10-04 20:36:10.806 TRACE_ID DEBUG http-nio-8888-exec-1 JDBCTemplate SQL:select * from `t_project_config` where ( create_user_id = 1  AND status = ENABLE ) order by id DESC
2026-10-04 20:36:42.509 TRACE_ID DEBUG http-nio-8888-exec-3 CookieUtility get cookie Authorization
2026-10-04 20:36:42.511 TRACE_ID DEBUG http-nio-8888-exec-3 JDBCTemplate SQL:update `t_table_config` set 
`project_id`=1,
`description`=,
`locked`=false,
`checkable`=0,
`row_menu`=998,
`column_filter`=999,
`status_command`=true,
`column_configs`=[{"allowNull":true,"cellType":1,"chineseName":"","columnType":1,"controlType":4,"datasourceParams":"","datasourceType":1,"defaultHidden":false,"defaultValue":"","enableHidden":true,"headerType":1,"javaType":"java.lang.Long","number":true,"placeholder":"","propertyName":"id","searchType":1,"showInEdit":true,"showInList":true,"showInSearch":false,"sort":0},{"allowNull":false,"cellType":1,"chineseName":"租户ID","columnType":1,"controlType":1,"datasourceParams":"","datasourceType":1,"defaultHidden":false,"defaultValue":"0","enableHidden":true,"headerType":1,"javaType":"java.lang.Long","number":true,"placeholder":"","propertyName":"tenantId","searchType":1,"showInEdit":true,"showInList":true,"showInSearch":false,"sort":1,"validateType":"digital"},{"allowNull":false,"cellType":1,"chineseName":"用户组编码","columnType":1,"controlType":1,"datasourceParams":"","datasourceType":1,"defaultHidden":false,"defaultValue":"","enableHidden":true,"headerType":1,"javaType":"java.lang.String","number":false,"placeholder":"","propertyName":"code","searchType":1,"showInEdit":true,"showInList":true,"showInSearch":false,"sort":2,"validateType":"string"},{"allowNull":false,"cellType":1,"chineseName":"用户组名称","columnType":1,"controlType":1,"datasourceParams":"","datasourceType":1,"defaultHidden":false,"defaultValue":"","enableHidden":true,"headerType":1,"javaType":"java.lang.String","number":false,"placeholder":"","propertyName":"name","searchType":1,"showInEdit":true,"showInList":true,"showInSearch":false,"sort":3,"validateType":"string"},{"allowNull":false,"cellType":1,"chineseName":"排序","columnType":1,"controlType":1,"datasourceParams":"","datasourceType":1,"defaultHidden":false,"defaultValue":"0","enableHidden":true,"headerType":1,"javaType":"java.lang.Integer","number":true,"placeholder":"","propertyName":"sort","searchType":1,"showInEdit":true,"showInList":true,"showInSearch":false,"sort":4,"validateType":"digital"},{"allowNull":false,"cellType":1,"chineseName":"备注","columnType":1,"controlType":6,"datasourceParams":"","datasourceType":1,"defaultHidden":true,"defaultValue":"","enableHidden":false,"headerType":1,"javaType":"java.lang.String","number":false,"placeholder":"","propertyName":"remark","searchType":1,"showInEdit":true,"showInList":false,"showInSearch":false,"sort":5,"validateType":"string"}],
`page_size`=10,
`only_access_self`=true,
`modified_user_id`=1,
`modified_user_name`=mock-user,
`gmt_modified`=1791117402510,
`deleted`=false where id=49
2026-10-04 20:40:17.212 TRACE_ID DEBUG http-nio-8888-exec-7 CookieUtility get cookie Authorization
2026-10-04 20:40:17.212 TRACE_ID DEBUG http-nio-8888-exec-8 CookieUtility get cookie Authorization
2026-10-04 20:40:17.226 TRACE_ID DEBUG http-nio-8888-exec-8 JDBCTemplate SQL:select count(*) from `t_app` where ( create_user_id = 1 )
2026-10-04 20:40:17.226 TRACE_ID DEBUG http-nio-8888-exec-7 JDBCTemplate SQL:select count(*) from `t_app` where ( create_user_id = 1 )
2026-10-04 20:40:17.230 TRACE_ID DEBUG http-nio-8888-exec-8 JDBCTemplate SQL:select * from `t_app` where ( create_user_id = 1 ) order by id DESC limit 0,10
2026-10-04 20:40:17.230 TRACE_ID DEBUG http-nio-8888-exec-7 JDBCTemplate SQL:select * from `t_app` where ( create_user_id = 1 ) order by id DESC limit 0,10
2026-10-04 20:40:18.730 TRACE_ID DEBUG http-nio-8888-exec-1 CookieUtility get cookie Authorization
2026-10-04 20:40:18.732 TRACE_ID DEBUG http-nio-8888-exec-2 CookieUtility get cookie Authorization
2026-10-04 20:40:18.736 TRACE_ID DEBUG http-nio-8888-exec-2 JDBCTemplate SQL:select count(*) from `t_micro_service` where ( create_user_id = 1 )
2026-10-04 20:40:18.736 TRACE_ID DEBUG http-nio-8888-exec-1 JDBCTemplate SQL:select count(*) from `t_micro_service` where ( create_user_id = 1 )
2026-10-04 20:40:18.738 TRACE_ID DEBUG http-nio-8888-exec-2 JDBCTemplate SQL:select * from `t_micro_service` where ( create_user_id = 1 ) order by id DESC limit 0,10
2026-10-04 20:40:18.739 TRACE_ID DEBUG http-nio-8888-exec-1 JDBCTemplate SQL:select * from `t_micro_service` where ( create_user_id = 1 ) order by id DESC limit 0,10
2026-10-04 20:40:18.743 TRACE_ID DEBUG http-nio-8888-exec-2 JDBCTemplate SQL:select * from `t_app` where ( create_user_id = 1  AND status = ENABLE ) order by id DESC
2026-10-04 20:40:18.744 TRACE_ID DEBUG http-nio-8888-exec-1 JDBCTemplate SQL:select * from `t_app` where ( create_user_id = 1  AND status = ENABLE ) order by id DESC
2026-10-04 20:40:20.279 TRACE_ID DEBUG http-nio-8888-exec-6 CookieUtility get cookie Authorization
2026-10-04 20:40:20.279 TRACE_ID DEBUG http-nio-8888-exec-5 CookieUtility get cookie Authorization
2026-10-04 20:40:20.281 TRACE_ID DEBUG http-nio-8888-exec-6 JDBCTemplate SQL:select count(*) from `t_organization` where ( create_user_id = 1 )
2026-10-04 20:40:20.281 TRACE_ID DEBUG http-nio-8888-exec-5 JDBCTemplate SQL:select count(*) from `t_organization` where ( create_user_id = 1 )
2026-10-04 20:40:20.283 TRACE_ID DEBUG http-nio-8888-exec-5 JDBCTemplate SQL:select * from `t_organization` where ( create_user_id = 1 ) order by id DESC limit 0,10
2026-10-04 20:40:20.283 TRACE_ID DEBUG http-nio-8888-exec-6 JDBCTemplate SQL:select * from `t_organization` where ( create_user_id = 1 ) order by id DESC limit 0,10
2026-10-04 20:40:20.285 TRACE_ID DEBUG http-nio-8888-exec-5 JDBCTemplate SQL:select * from `t_organization` where ( create_user_id = 1  AND status = ENABLE ) order by id DESC
2026-10-04 20:40:20.285 TRACE_ID DEBUG http-nio-8888-exec-6 JDBCTemplate SQL:select * from `t_organization` where ( create_user_id = 1  AND status = ENABLE ) order by id DESC
2026-10-04 20:40:21.650 TRACE_ID DEBUG http-nio-8888-exec-10 CookieUtility get cookie Authorization
2026-10-04 20:40:21.650 TRACE_ID DEBUG http-nio-8888-exec-9 CookieUtility get cookie Authorization
2026-10-04 20:40:21.652 TRACE_ID DEBUG http-nio-8888-exec-10 JDBCTemplate SQL:select count(*) from `t_position` where ( create_user_id = 1 )
2026-10-04 20:40:21.652 TRACE_ID DEBUG http-nio-8888-exec-9 JDBCTemplate SQL:select count(*) from `t_position` where ( create_user_id = 1 )
2026-10-04 20:40:21.655 TRACE_ID DEBUG http-nio-8888-exec-9 JDBCTemplate SQL:select * from `t_position` where ( create_user_id = 1 ) order by id DESC limit 0,10
2026-10-04 20:40:21.655 TRACE_ID DEBUG http-nio-8888-exec-10 JDBCTemplate SQL:select * from `t_position` where ( create_user_id = 1 ) order by id DESC limit 0,10
2026-10-04 20:40:21.657 TRACE_ID DEBUG http-nio-8888-exec-9 JDBCTemplate SQL:select * from `t_organization` where ( create_user_id = 1  AND status = ENABLE ) order by id DESC
2026-10-04 20:40:21.657 TRACE_ID DEBUG http-nio-8888-exec-10 JDBCTemplate SQL:select * from `t_organization` where ( create_user_id = 1  AND status = ENABLE ) order by id DESC
2026-10-04 20:40:31.711 TRACE_ID DEBUG http-nio-8888-exec-4 CookieUtility get cookie Authorization
2026-10-04 20:40:31.711 TRACE_ID DEBUG http-nio-8888-exec-3 CookieUtility get cookie Authorization
2026-10-04 20:40:31.756 TRACE_ID DEBUG http-nio-8888-exec-3 JDBCTemplate SQL:select count(*) from `t_project_config` where ( create_user_id = 1 )
2026-10-04 20:40:31.760 TRACE_ID DEBUG http-nio-8888-exec-4 JDBCTemplate SQL:select count(*) from `t_project_config` where ( create_user_id = 1 )
2026-10-04 20:40:31.763 TRACE_ID DEBUG http-nio-8888-exec-3 JDBCTemplate SQL:select * from `t_project_config` where ( create_user_id = 1 ) order by id DESC limit 0,10
2026-10-04 20:40:31.763 TRACE_ID DEBUG http-nio-8888-exec-4 JDBCTemplate SQL:select * from `t_project_config` where ( create_user_id = 1 ) order by id DESC limit 0,10
2026-10-04 20:40:37.359 TRACE_ID DEBUG http-nio-8888-exec-7 CookieUtility get cookie Authorization
2026-10-04 20:40:37.360 TRACE_ID DEBUG http-nio-8888-exec-8 CookieUtility get cookie Authorization
2026-10-04 20:40:37.362 TRACE_ID DEBUG http-nio-8888-exec-7 JDBCTemplate SQL:select count(*) from `t_app` where ( create_user_id = 1 )
2026-10-04 20:40:37.362 TRACE_ID DEBUG http-nio-8888-exec-8 JDBCTemplate SQL:select count(*) from `t_app` where ( create_user_id = 1 )
2026-10-04 20:40:37.363 TRACE_ID DEBUG http-nio-8888-exec-7 JDBCTemplate SQL:select * from `t_app` where ( create_user_id = 1 ) order by id DESC limit 0,10
2026-10-04 20:40:37.364 TRACE_ID DEBUG http-nio-8888-exec-8 JDBCTemplate SQL:select * from `t_app` where ( create_user_id = 1 ) order by id DESC limit 0,10
2026-10-04 20:40:38.365 TRACE_ID DEBUG http-nio-8888-exec-2 CookieUtility get cookie Authorization
2026-10-04 20:40:38.365 TRACE_ID DEBUG http-nio-8888-exec-1 CookieUtility get cookie Authorization
2026-10-04 20:40:38.367 TRACE_ID DEBUG http-nio-8888-exec-2 JDBCTemplate SQL:select count(*) from `t_micro_service` where ( create_user_id = 1 )
2026-10-04 20:40:38.367 TRACE_ID DEBUG http-nio-8888-exec-1 JDBCTemplate SQL:select count(*) from `t_micro_service` where ( create_user_id = 1 )
2026-10-04 20:40:38.369 TRACE_ID DEBUG http-nio-8888-exec-2 JDBCTemplate SQL:select * from `t_micro_service` where ( create_user_id = 1 ) order by id DESC limit 0,10
2026-10-04 20:40:38.369 TRACE_ID DEBUG http-nio-8888-exec-1 JDBCTemplate SQL:select * from `t_micro_service` where ( create_user_id = 1 ) order by id DESC limit 0,10
2026-10-04 20:40:38.370 TRACE_ID DEBUG http-nio-8888-exec-2 JDBCTemplate SQL:select * from `t_app` where ( create_user_id = 1  AND status = ENABLE ) order by id DESC
2026-10-04 20:40:38.370 TRACE_ID DEBUG http-nio-8888-exec-1 JDBCTemplate SQL:select * from `t_app` where ( create_user_id = 1  AND status = ENABLE ) order by id DESC
2026-10-04 20:41:42.919 TRACE_ID DEBUG http-nio-8888-exec-8 CookieUtility get cookie Authorization
2026-10-04 20:41:42.919 TRACE_ID DEBUG http-nio-8888-exec-7 CookieUtility get cookie Authorization
2026-10-04 20:41:42.938 TRACE_ID DEBUG http-nio-8888-exec-8 JDBCTemplate SQL:select count(*) from `t_project_config` where ( create_user_id = 1 )
2026-10-04 20:41:42.938 TRACE_ID DEBUG http-nio-8888-exec-7 JDBCTemplate SQL:select count(*) from `t_project_config` where ( create_user_id = 1 )
2026-10-04 20:41:42.941 TRACE_ID DEBUG http-nio-8888-exec-7 JDBCTemplate SQL:select * from `t_project_config` where ( create_user_id = 1 ) order by id DESC limit 0,10
2026-10-04 20:41:42.942 TRACE_ID DEBUG http-nio-8888-exec-8 JDBCTemplate SQL:select * from `t_project_config` where ( create_user_id = 1 ) order by id DESC limit 0,10
2026-10-04 20:41:46.302 TRACE_ID DEBUG http-nio-8888-exec-2 CookieUtility get cookie Authorization
2026-10-04 20:41:46.303 TRACE_ID DEBUG http-nio-8888-exec-1 CookieUtility get cookie Authorization
2026-10-04 20:41:46.307 TRACE_ID DEBUG http-nio-8888-exec-1 JDBCTemplate SQL:select count(*) from `t_table_config` where ( project_id = 1  AND create_user_id = 1 )
2026-10-04 20:41:46.307 TRACE_ID DEBUG http-nio-8888-exec-2 JDBCTemplate SQL:select count(*) from `t_table_config` where ( project_id = 1  AND create_user_id = 1 )
2026-10-04 20:41:46.311 TRACE_ID DEBUG http-nio-8888-exec-2 JDBCTemplate SQL:select * from `t_table_config` where ( project_id = 1  AND create_user_id = 1 ) order by id DESC
2026-10-04 20:41:46.311 TRACE_ID DEBUG http-nio-8888-exec-1 JDBCTemplate SQL:select * from `t_table_config` where ( project_id = 1  AND create_user_id = 1 ) order by id DESC
2026-10-04 20:41:46.314 TRACE_ID DEBUG http-nio-8888-exec-1 JDBCTemplate SQL:select * from `t_project_config` where ( create_user_id = 1  AND status = ENABLE ) order by id DESC
2026-10-04 20:41:46.315 TRACE_ID DEBUG http-nio-8888-exec-2 JDBCTemplate SQL:select * from `t_project_config` where ( create_user_id = 1  AND status = ENABLE ) order by id DESC
2026-10-04 20:41:50.887 TRACE_ID DEBUG http-nio-8888-exec-4 CookieUtility get cookie Authorization
2026-10-04 20:41:50.888 TRACE_ID DEBUG http-nio-8888-exec-4 JDBCTemplate SQL:select `id`,`name`,`full_base_package_name`,`frontend_name`,`chinese_name`,`i18n`,`description`,`module_prefix`,`architectures`,`config`,`wrap_with_parent`,`scaffold`,`create_user_name`,`create_user_id`,`modified_user_id`,`modified_user_name`,`gmt_create`,`gmt_modified`,`deleted`,`status` from `t_project_config` where id=1
2026-10-04 20:41:50.890 TRACE_ID DEBUG http-nio-8888-exec-4 JDBCTemplate SQL:select * from `t_table_config` where ( project_id = 1  AND create_user_id = 1  AND status = ENABLE ) order by id DESC limit 0,10
2026-10-04 20:41:57.955 TRACE_ID DEBUG http-nio-8888-exec-6 CookieUtility get cookie Authorization
2026-10-04 20:41:57.979 TRACE_ID DEBUG http-nio-8888-exec-6 JDBCTemplate SQL:select count(*) from `t_table_config` where ( project_id = 1  AND create_user_id = 1 )
2026-10-04 20:41:57.982 TRACE_ID DEBUG http-nio-8888-exec-6 JDBCTemplate SQL:select * from `t_table_config` where ( project_id = 1  AND create_user_id = 1 ) order by id DESC
2026-10-04 20:41:57.985 TRACE_ID DEBUG http-nio-8888-exec-6 JDBCTemplate SQL:select * from `t_project_config` where ( create_user_id = 1  AND status = ENABLE ) order by id DESC
2026-10-04 20:43:57.568 TRACE_ID DEBUG http-nio-8888-exec-10 CookieUtility get cookie Authorization
2026-10-04 20:43:57.577 TRACE_ID DEBUG http-nio-8888-exec-10 JDBCTemplate SQL:select count(*) from `t_table_config` where ( project_id = 1  AND create_user_id = 1 )
2026-10-04 20:43:57.581 TRACE_ID DEBUG http-nio-8888-exec-10 JDBCTemplate SQL:select * from `t_table_config` where ( project_id = 1  AND create_user_id = 1 ) order by id DESC
2026-10-04 20:43:57.585 TRACE_ID DEBUG http-nio-8888-exec-10 JDBCTemplate SQL:select * from `t_project_config` where ( create_user_id = 1  AND status = ENABLE ) order by id DESC
2026-10-04 20:43:58.644 TRACE_ID DEBUG http-nio-8888-exec-1 CookieUtility get cookie Authorization
2026-10-04 20:43:58.645 TRACE_ID DEBUG http-nio-8888-exec-1 JDBCTemplate SQL:select count(*) from `t_table_config` where ( project_id = 1  AND create_user_id = 1 )
2026-10-04 20:43:58.646 TRACE_ID DEBUG http-nio-8888-exec-1 JDBCTemplate SQL:select * from `t_table_config` where ( project_id = 1  AND create_user_id = 1 ) order by id DESC
2026-10-04 20:43:58.648 TRACE_ID DEBUG http-nio-8888-exec-1 JDBCTemplate SQL:select * from `t_project_config` where ( create_user_id = 1  AND status = ENABLE ) order by id DESC
2026-10-04 20:44:10.004 TRACE_ID DEBUG http-nio-8888-exec-5 CookieUtility get cookie Authorization
2026-10-04 20:44:10.004 TRACE_ID DEBUG http-nio-8888-exec-4 CookieUtility get cookie Authorization
2026-10-04 20:44:10.022 TRACE_ID DEBUG http-nio-8888-exec-4 JDBCTemplate SQL:select count(*) from `t_admin_user` where ( create_user_id = 1 )
2026-10-04 20:44:10.027 TRACE_ID DEBUG http-nio-8888-exec-5 JDBCTemplate SQL:select count(*) from `t_admin_user` where ( create_user_id = 1 )
2026-10-04 20:44:10.029 TRACE_ID DEBUG http-nio-8888-exec-4 JDBCTemplate SQL:select * from `t_admin_user` where ( create_user_id = 1 ) order by id DESC limit 0,10
2026-10-04 20:44:10.029 TRACE_ID DEBUG http-nio-8888-exec-5 JDBCTemplate SQL:select * from `t_admin_user` where ( create_user_id = 1 ) order by id DESC limit 0,10
2026-10-04 20:44:10.031 TRACE_ID DEBUG http-nio-8888-exec-4 JDBCTemplate SQL:select * from `t_organization` where ( create_user_id = 1  AND status = ENABLE ) order by id DESC
2026-10-04 20:44:10.031 TRACE_ID DEBUG http-nio-8888-exec-5 JDBCTemplate SQL:select * from `t_organization` where ( create_user_id = 1  AND status = ENABLE ) order by id DESC
2026-10-04 20:44:10.033 TRACE_ID DEBUG http-nio-8888-exec-4 JDBCTemplate SQL:select * from `t_position` where ( create_user_id = 1  AND status = ENABLE ) order by id DESC
2026-10-04 20:44:10.033 TRACE_ID DEBUG http-nio-8888-exec-5 JDBCTemplate SQL:select * from `t_position` where ( create_user_id = 1  AND status = ENABLE ) order by id DESC
2026-10-04 20:44:12.721 TRACE_ID DEBUG http-nio-8888-exec-9 CookieUtility get cookie Authorization
2026-10-04 20:44:12.721 TRACE_ID DEBUG http-nio-8888-exec-8 CookieUtility get cookie Authorization
2026-10-04 20:44:15.275 TRACE_ID DEBUG http-nio-8888-exec-3 CookieUtility get cookie Authorization
2026-10-04 20:44:15.276 TRACE_ID DEBUG http-nio-8888-exec-2 CookieUtility get cookie Authorization
2026-10-04 20:44:15.285 TRACE_ID DEBUG http-nio-8888-exec-3 JDBCTemplate SQL:select count(*) from `t_role` where ( create_user_id = 1 )
2026-10-04 20:44:15.285 TRACE_ID DEBUG http-nio-8888-exec-2 JDBCTemplate SQL:select count(*) from `t_role` where ( create_user_id = 1 )
2026-10-04 20:44:16.517 TRACE_ID DEBUG http-nio-8888-exec-7 CookieUtility get cookie Authorization
2026-10-04 20:44:16.517 TRACE_ID DEBUG http-nio-8888-exec-6 CookieUtility get cookie Authorization
2026-10-04 20:44:29.959 TRACE_ID DEBUG main Application Running with Spring Boot v3.5.0, Spring v6.2.7
2026-10-04 20:44:31.396 TRACE_ID DEBUG main SparrowCorsFilter Filter 'corsFilter' configured for use
2026-10-04 20:44:31.396 TRACE_ID DEBUG main FlashFilter Filter 'flashFilter' configured for use
2026-10-04 20:44:32.064 TRACE_ID DEBUG main DruidCustomPasswordCallback DruidCustomPasswordCallback setProperties, passwordKey:mysql_sparrow_password, password:11111111
2026-10-04 20:44:32.211 TRACE_ID DEBUG main DruidCustomPasswordCallback DruidCustomPasswordCallback setProperties, passwordKey:mysql_sparrow_password, password:11111111
2026-10-04 20:44:32.215 TRACE_ID DEBUG main DruidCustomPasswordCallback DruidCustomPasswordCallback setProperties, passwordKey:mysql_sparrow_password, password:11111111
2026-10-04 20:44:32.219 TRACE_ID DEBUG main DruidCustomPasswordCallback DruidCustomPasswordCallback setProperties, passwordKey:mysql_sparrow_password, password:11111111
2026-10-04 20:44:32.222 TRACE_ID DEBUG main DruidCustomPasswordCallback DruidCustomPasswordCallback setProperties, passwordKey:mysql_sparrow_password, password:11111111
2026-10-04 20:44:32.224 TRACE_ID DEBUG main DruidCustomPasswordCallback DruidCustomPasswordCallback setProperties, passwordKey:mysql_sparrow_password, password:11111111
2026-10-04 20:44:32.227 TRACE_ID DEBUG main DruidCustomPasswordCallback DruidCustomPasswordCallback setProperties, passwordKey:mysql_sparrow_password, password:11111111
2026-10-04 20:44:32.230 TRACE_ID DEBUG main DruidCustomPasswordCallback DruidCustomPasswordCallback setProperties, passwordKey:mysql_sparrow_password, password:11111111
2026-10-04 20:44:35.433 TRACE_ID DEBUG http-nio-8888-exec-1 CookieUtility get cookie Authorization
2026-10-04 20:44:35.434 TRACE_ID DEBUG http-nio-8888-exec-4 CookieUtility get cookie Authorization
2026-10-04 20:44:35.592 TRACE_ID DEBUG http-nio-8888-exec-1 JDBCTemplate SQL:select count(*) from `t_role` where ( create_user_id = 1 )
2026-10-04 20:44:35.592 TRACE_ID DEBUG http-nio-8888-exec-4 JDBCTemplate SQL:select count(*) from `t_role` where ( create_user_id = 1 )
2026-10-04 20:44:37.406 TRACE_ID DEBUG http-nio-8888-exec-7 CookieUtility get cookie Authorization
2026-10-04 20:44:37.406 TRACE_ID DEBUG http-nio-8888-exec-8 CookieUtility get cookie Authorization
2026-10-04 20:44:37.410 TRACE_ID DEBUG http-nio-8888-exec-8 JDBCTemplate SQL:select count(*) from `t_permission` where ( create_user_id = 1 )
2026-10-04 20:44:37.410 TRACE_ID DEBUG http-nio-8888-exec-7 JDBCTemplate SQL:select count(*) from `t_permission` where ( create_user_id = 1 )
2026-10-04 20:44:46.843 TRACE_ID DEBUG http-nio-8888-exec-3 CookieUtility get cookie Authorization
2026-10-04 20:44:46.843 TRACE_ID DEBUG http-nio-8888-exec-2 CookieUtility get cookie Authorization
2026-10-04 20:44:46.856 TRACE_ID DEBUG http-nio-8888-exec-3 JDBCTemplate SQL:select count(*) from `t_micro_service` where ( create_user_id = 1 )
2026-10-04 20:44:46.856 TRACE_ID DEBUG http-nio-8888-exec-2 JDBCTemplate SQL:select count(*) from `t_micro_service` where ( create_user_id = 1 )
2026-10-04 20:44:46.861 TRACE_ID DEBUG http-nio-8888-exec-2 JDBCTemplate SQL:select * from `t_micro_service` where ( create_user_id = 1 ) order by id DESC limit 0,10
2026-10-04 20:44:46.861 TRACE_ID DEBUG http-nio-8888-exec-3 JDBCTemplate SQL:select * from `t_micro_service` where ( create_user_id = 1 ) order by id DESC limit 0,10
2026-10-04 20:44:46.869 TRACE_ID DEBUG http-nio-8888-exec-3 JDBCTemplate SQL:select * from `t_app` where ( create_user_id = 1  AND status = ENABLE ) order by id DESC
2026-10-04 20:44:46.869 TRACE_ID DEBUG http-nio-8888-exec-2 JDBCTemplate SQL:select * from `t_app` where ( create_user_id = 1  AND status = ENABLE ) order by id DESC
2026-10-04 20:45:45.639 TRACE_ID DEBUG http-nio-8888-exec-7 CookieUtility get cookie Authorization
2026-10-04 20:45:45.640 TRACE_ID DEBUG http-nio-8888-exec-8 CookieUtility get cookie Authorization
2026-10-04 20:45:45.654 TRACE_ID DEBUG http-nio-8888-exec-8 JDBCTemplate SQL:select count(*) from `t_admin_user` where ( create_user_id = 1 )
2026-10-04 20:45:45.654 TRACE_ID DEBUG http-nio-8888-exec-7 JDBCTemplate SQL:select count(*) from `t_admin_user` where ( create_user_id = 1 )
2026-10-04 20:45:45.658 TRACE_ID DEBUG http-nio-8888-exec-8 JDBCTemplate SQL:select * from `t_admin_user` where ( create_user_id = 1 ) order by id DESC limit 0,10
2026-10-04 20:45:45.658 TRACE_ID DEBUG http-nio-8888-exec-7 JDBCTemplate SQL:select * from `t_admin_user` where ( create_user_id = 1 ) order by id DESC limit 0,10
2026-10-04 20:45:45.661 TRACE_ID DEBUG http-nio-8888-exec-7 JDBCTemplate SQL:select * from `t_organization` where ( create_user_id = 1  AND status = ENABLE ) order by id DESC
2026-10-04 20:45:45.661 TRACE_ID DEBUG http-nio-8888-exec-8 JDBCTemplate SQL:select * from `t_organization` where ( create_user_id = 1  AND status = ENABLE ) order by id DESC
2026-10-04 20:45:45.664 TRACE_ID DEBUG http-nio-8888-exec-7 JDBCTemplate SQL:select * from `t_position` where ( create_user_id = 1  AND status = ENABLE ) order by id DESC
2026-10-04 20:45:45.664 TRACE_ID DEBUG http-nio-8888-exec-8 JDBCTemplate SQL:select * from `t_position` where ( create_user_id = 1  AND status = ENABLE ) order by id DESC
2026-10-04 20:45:47.098 TRACE_ID DEBUG http-nio-8888-exec-9 CookieUtility get cookie Authorization
2026-10-04 20:45:47.099 TRACE_ID DEBUG http-nio-8888-exec-3 CookieUtility get cookie Authorization
2026-10-04 20:45:47.100 TRACE_ID DEBUG http-nio-8888-exec-9 JDBCTemplate SQL:select count(*) from `t_user_group` where ( create_user_id = 1 )
2026-10-04 20:45:47.101 TRACE_ID DEBUG http-nio-8888-exec-3 JDBCTemplate SQL:select count(*) from `t_user_group` where ( create_user_id = 1 )
2026-10-04 20:45:48.574 TRACE_ID DEBUG http-nio-8888-exec-5 CookieUtility get cookie Authorization
2026-10-04 20:45:48.574 TRACE_ID DEBUG http-nio-8888-exec-6 CookieUtility get cookie Authorization
2026-10-04 20:45:48.576 TRACE_ID DEBUG http-nio-8888-exec-5 JDBCTemplate SQL:select count(*) from `t_role` where ( create_user_id = 1 )
2026-10-04 20:45:48.576 TRACE_ID DEBUG http-nio-8888-exec-6 JDBCTemplate SQL:select count(*) from `t_role` where ( create_user_id = 1 )
2026-10-04 20:45:49.862 TRACE_ID DEBUG http-nio-8888-exec-10 CookieUtility get cookie Authorization
2026-10-04 20:45:49.862 TRACE_ID DEBUG http-nio-8888-exec-2 CookieUtility get cookie Authorization
2026-10-04 20:45:49.863 TRACE_ID DEBUG http-nio-8888-exec-2 JDBCTemplate SQL:select count(*) from `t_permission` where ( create_user_id = 1 )
2026-10-04 20:45:49.863 TRACE_ID DEBUG http-nio-8888-exec-10 JDBCTemplate SQL:select count(*) from `t_permission` where ( create_user_id = 1 )
2026-10-04 20:45:57.947 TRACE_ID DEBUG http-nio-8888-exec-1 CookieUtility get cookie Authorization
2026-10-04 20:45:57.947 TRACE_ID DEBUG http-nio-8888-exec-4 CookieUtility get cookie Authorization
2026-10-04 20:45:57.954 TRACE_ID DEBUG http-nio-8888-exec-1 JDBCTemplate SQL:select count(*) from `t_project_config` where ( create_user_id = 1 )
2026-10-04 20:45:57.955 TRACE_ID DEBUG http-nio-8888-exec-4 JDBCTemplate SQL:select count(*) from `t_project_config` where ( create_user_id = 1 )
2026-10-04 20:45:57.957 TRACE_ID DEBUG http-nio-8888-exec-4 JDBCTemplate SQL:select * from `t_project_config` where ( create_user_id = 1 ) order by id DESC limit 0,10
2026-10-04 20:45:57.957 TRACE_ID DEBUG http-nio-8888-exec-1 JDBCTemplate SQL:select * from `t_project_config` where ( create_user_id = 1 ) order by id DESC limit 0,10
2026-10-04 20:46:01.494 TRACE_ID DEBUG http-nio-8888-exec-7 CookieUtility get cookie Authorization
2026-10-04 20:46:01.494 TRACE_ID DEBUG http-nio-8888-exec-8 CookieUtility get cookie Authorization
2026-10-04 20:46:01.521 TRACE_ID DEBUG http-nio-8888-exec-8 JDBCTemplate SQL:select count(*) from `t_table_config` where ( project_id = 1  AND create_user_id = 1 )
2026-10-04 20:46:01.521 TRACE_ID DEBUG http-nio-8888-exec-7 JDBCTemplate SQL:select count(*) from `t_table_config` where ( project_id = 1  AND create_user_id = 1 )
2026-10-04 20:46:01.524 TRACE_ID DEBUG http-nio-8888-exec-8 JDBCTemplate SQL:select * from `t_table_config` where ( project_id = 1  AND create_user_id = 1 ) order by id DESC
2026-10-04 20:46:01.524 TRACE_ID DEBUG http-nio-8888-exec-7 JDBCTemplate SQL:select * from `t_table_config` where ( project_id = 1  AND create_user_id = 1 ) order by id DESC
2026-10-04 20:46:01.530 TRACE_ID DEBUG http-nio-8888-exec-8 JDBCTemplate SQL:select * from `t_project_config` where ( create_user_id = 1  AND status = ENABLE ) order by id DESC
2026-10-04 20:46:01.530 TRACE_ID DEBUG http-nio-8888-exec-7 JDBCTemplate SQL:select * from `t_project_config` where ( create_user_id = 1  AND status = ENABLE ) order by id DESC
2026-10-04 20:47:18.048 TRACE_ID DEBUG http-nio-8888-exec-9 CookieUtility get cookie Authorization
2026-10-04 20:47:18.067 TRACE_ID DEBUG http-nio-8888-exec-9 JDBCTemplate SQL:update `t_table_config` set 
`project_id`=1,
`description`=,
`locked`=false,
`checkable`=0,
`row_menu`=998,
`column_filter`=999,
`status_command`=true,
`column_configs`=[{"allowNull":true,"cellType":1,"chineseName":"","columnType":1,"controlType":4,"datasourceParams":"","datasourceType":1,"defaultHidden":false,"defaultValue":"","enableHidden":true,"headerType":1,"javaType":"java.lang.Long","number":true,"placeholder":"","propertyName":"id","searchType":1,"showInEdit":true,"showInList":true,"showInSearch":false,"sort":0},{"allowNull":false,"cellType":1,"chineseName":"租户ID","columnType":1,"controlType":1,"datasourceParams":"","datasourceType":1,"defaultHidden":false,"defaultValue":"0","enableHidden":true,"headerType":1,"javaType":"java.lang.Long","number":true,"placeholder":"","propertyName":"tenantId","searchType":1,"showInEdit":true,"showInList":true,"showInSearch":false,"sort":1,"validateType":"digital"},{"allowNull":false,"cellType":1,"chineseName":"权限编码","columnType":1,"controlType":1,"datasourceParams":"","datasourceType":1,"defaultHidden":false,"defaultValue":"","enableHidden":true,"headerType":1,"javaType":"java.lang.String","number":false,"placeholder":"","propertyName":"permissionCode","searchType":1,"showInEdit":true,"showInList":true,"showInSearch":false,"sort":2,"validateType":"string"},{"allowNull":false,"cellType":1,"chineseName":"权限/菜单名称","columnType":1,"controlType":1,"datasourceParams":"","datasourceType":1,"defaultHidden":false,"defaultValue":"","enableHidden":true,"headerType":1,"javaType":"java.lang.String","number":false,"placeholder":"","propertyName":"permissionName","searchType":1,"showInEdit":true,"showInList":true,"showInSearch":false,"sort":3,"validateType":"string"},{"allowNull":false,"cellType":1,"chineseName":"类型","columnType":1,"controlType":7,"datasourceParams":"permissionType","datasourceType":4,"defaultHidden":false,"defaultValue":"0","enableHidden":true,"headerType":1,"javaType":"java.lang.Integer","number":true,"placeholder":"","propertyName":"permissionType","searchType":1,"showInEdit":true,"showInList":true,"showInSearch":false,"sort":4,"validateType":"digital"},{"allowNull":false,"cellType":1,"chineseName":"APP ID","columnType":1,"controlType":"7","datasourceParams":"t_app","datasourceType":4,"defaultHidden":false,"defaultValue":"0","enableHidden":true,"headerType":1,"javaType":"java.lang.Long","number":true,"placeholder":"","propertyName":"appId","searchType":1,"showInEdit":true,"showInList":true,"showInSearch":false,"sort":5,"validateType":"digital"},{"allowNull":false,"cellType":1,"chineseName":"所属微服务ID","columnType":1,"controlType":7,"datasourceParams":"t_micro_service","datasourceType":4,"defaultHidden":false,"defaultValue":"0","enableHidden":true,"headerType":1,"javaType":"java.lang.Long","number":true,"placeholder":"","propertyName":"microServiceId","searchType":1,"showInEdit":true,"showInList":true,"showInSearch":false,"sort":6,"validateType":"digital"},{"allowNull":false,"cellType":1,"chineseName":"父节点ID","columnType":1,"controlType":7,"datasourceParams":"t_permission","datasourceType":4,"defaultHidden":false,"defaultValue":"0","enableHidden":true,"headerType":1,"javaType":"java.lang.Long","number":true,"placeholder":"","propertyName":"parentId","searchType":1,"showInEdit":true,"showInList":true,"showInSearch":false,"sort":7,"validateType":"digital"},{"allowNull":false,"cellType":1,"chineseName":"操作","columnType":1,"controlType":1,"datasourceParams":"","datasourceType":1,"defaultHidden":false,"defaultValue":"","enableHidden":true,"headerType":1,"javaType":"java.lang.String","number":false,"placeholder":"","propertyName":"operation","searchType":1,"showInEdit":true,"showInList":true,"showInSearch":false,"sort":8,"validateType":"string"},{"allowNull":false,"cellType":1,"chineseName":"对象/资源","columnType":1,"controlType":1,"datasourceParams":"","datasourceType":1,"defaultHidden":false,"defaultValue":"","enableHidden":true,"headerType":1,"javaType":"java.lang.String","number":false,"placeholder":"","propertyName":"object","searchType":1,"showInEdit":true,"showInList":true,"showInSearch":false,"sort":9,"validateType":"string"},{"allowNull":false,"cellType":1,"chineseName":"菜单/页面跳转地址","columnType":1,"controlType":1,"datasourceParams":"","datasourceType":1,"defaultHidden":false,"defaultValue":"","enableHidden":true,"headerType":1,"javaType":"java.lang.String","number":false,"placeholder":"","propertyName":"url","searchType":1,"showInEdit":true,"showInList":true,"showInSearch":false,"sort":10,"validateType":"string"},{"allowNull":false,"cellType":1,"chineseName":"HTTP方法，API用","columnType":1,"controlType":1,"datasourceParams":"","datasourceType":1,"defaultHidden":false,"defaultValue":"","enableHidden":true,"headerType":1,"javaType":"java.lang.String","number":false,"placeholder":"","propertyName":"method","searchType":1,"showInEdit":true,"showInList":true,"showInSearch":false,"sort":11,"validateType":"string"},{"allowNull":false,"cellType":"1","chineseName":"菜单图标","columnType":1,"controlType":"1","datasourceParams":"permission_icon","datasourceType":5,"defaultHidden":false,"defaultValue":"","enableHidden":true,"headerType":1,"javaType":"java.lang.String","number":false,"placeholder":"","propertyName":"icon","searchType":1,"showInEdit":true,"showInList":true,"showInSearch":false,"sort":12,"validateType":"string"},{"allowNull":false,"cellType":1,"chineseName":"打开方式","columnType":1,"controlType":1,"datasourceParams":"","datasourceType":1,"defaultHidden":false,"defaultValue":"","enableHidden":true,"headerType":1,"javaType":"java.lang.String","number":false,"placeholder":"","propertyName":"openType","searchType":1,"showInEdit":true,"showInList":true,"showInSearch":false,"sort":13,"validateType":"string"},{"allowNull":false,"cellType":1,"chineseName":"排序","columnType":1,"controlType":1,"datasourceParams":"","datasourceType":1,"defaultHidden":false,"defaultValue":"0","enableHidden":true,"headerType":1,"javaType":"java.lang.Integer","number":true,"placeholder":"","propertyName":"sort","searchType":1,"showInEdit":true,"showInList":true,"showInSearch":false,"sort":14,"validateType":"digital"}],
`page_size`=10,
`only_access_self`=true,
`modified_user_id`=1,
`modified_user_name`=mock-user,
`gmt_modified`=1791118038062,
`deleted`=false where id=48
2026-10-04 20:47:27.046 TRACE_ID DEBUG http-nio-8888-exec-4 CookieUtility get cookie Authorization
2026-10-04 20:47:27.053 TRACE_ID DEBUG http-nio-8888-exec-4 JDBCTemplate SQL:select `id`,`name`,`full_base_package_name`,`frontend_name`,`chinese_name`,`i18n`,`description`,`module_prefix`,`architectures`,`config`,`wrap_with_parent`,`scaffold`,`create_user_name`,`create_user_id`,`modified_user_id`,`modified_user_name`,`gmt_create`,`gmt_modified`,`deleted`,`status` from `t_project_config` where id=1
2026-10-04 20:47:27.056 TRACE_ID DEBUG http-nio-8888-exec-4 JDBCTemplate SQL:select * from `t_table_config` where ( project_id = 1  AND create_user_id = 1  AND status = ENABLE ) order by id DESC limit 0,10
2026-10-04 20:47:27.670 TRACE_ID DEBUG http-nio-8888-exec-6 CookieUtility get cookie Authorization
2026-10-04 20:47:27.671 TRACE_ID DEBUG http-nio-8888-exec-6 JDBCTemplate SQL:select count(*) from `t_permission` where ( create_user_id = 1 )
2026-10-04 20:47:34.519 TRACE_ID DEBUG http-nio-8888-exec-8 CookieUtility get cookie Authorization
2026-10-04 20:47:34.530 TRACE_ID DEBUG http-nio-8888-exec-8 JDBCTemplate SQL:select count(*) from `t_table_config` where ( project_id = 1  AND create_user_id = 1 )
2026-10-04 20:47:34.535 TRACE_ID DEBUG http-nio-8888-exec-8 JDBCTemplate SQL:select * from `t_table_config` where ( project_id = 1  AND create_user_id = 1 ) order by id DESC
2026-10-04 20:47:34.539 TRACE_ID DEBUG http-nio-8888-exec-8 JDBCTemplate SQL:select * from `t_project_config` where ( create_user_id = 1  AND status = ENABLE ) order by id DESC
2026-10-04 20:47:34.599 TRACE_ID DEBUG http-nio-8888-exec-10 CookieUtility get cookie Authorization
2026-10-04 20:47:34.601 TRACE_ID DEBUG http-nio-8888-exec-10 JDBCTemplate SQL:select count(*) from `t_permission` where ( create_user_id = 1 )
2026-10-04 20:47:41.455 TRACE_ID DEBUG http-nio-8888-exec-9 CookieUtility get cookie Authorization
2026-10-04 20:47:41.455 TRACE_ID DEBUG http-nio-8888-exec-1 CookieUtility get cookie Authorization
2026-10-04 20:47:41.479 TRACE_ID DEBUG http-nio-8888-exec-9 JDBCTemplate SQL:select count(*) from `t_app` where ( create_user_id = 1 )
2026-10-04 20:47:41.479 TRACE_ID DEBUG http-nio-8888-exec-1 JDBCTemplate SQL:select count(*) from `t_app` where ( create_user_id = 1 )
2026-10-04 20:47:41.481 TRACE_ID DEBUG http-nio-8888-exec-1 JDBCTemplate SQL:select * from `t_app` where ( create_user_id = 1 ) order by id DESC limit 0,10
2026-10-04 20:47:41.482 TRACE_ID DEBUG http-nio-8888-exec-9 JDBCTemplate SQL:select * from `t_app` where ( create_user_id = 1 ) order by id DESC limit 0,10
2026-10-04 20:47:42.843 TRACE_ID DEBUG http-nio-8888-exec-5 CookieUtility get cookie Authorization
2026-10-04 20:47:42.843 TRACE_ID DEBUG http-nio-8888-exec-8 CookieUtility get cookie Authorization
2026-10-04 20:47:42.845 TRACE_ID DEBUG http-nio-8888-exec-5 JDBCTemplate SQL:select count(*) from `t_micro_service` where ( create_user_id = 1 )
2026-10-04 20:47:42.846 TRACE_ID DEBUG http-nio-8888-exec-8 JDBCTemplate SQL:select count(*) from `t_micro_service` where ( create_user_id = 1 )
2026-10-04 20:47:42.847 TRACE_ID DEBUG http-nio-8888-exec-5 JDBCTemplate SQL:select * from `t_micro_service` where ( create_user_id = 1 ) order by id DESC limit 0,10
2026-10-04 20:47:42.847 TRACE_ID DEBUG http-nio-8888-exec-8 JDBCTemplate SQL:select * from `t_micro_service` where ( create_user_id = 1 ) order by id DESC limit 0,10
2026-10-04 20:47:42.849 TRACE_ID DEBUG http-nio-8888-exec-5 JDBCTemplate SQL:select * from `t_app` where ( create_user_id = 1  AND status = ENABLE ) order by id DESC
2026-10-04 20:47:42.849 TRACE_ID DEBUG http-nio-8888-exec-8 JDBCTemplate SQL:select * from `t_app` where ( create_user_id = 1  AND status = ENABLE ) order by id DESC
2026-10-04 20:47:44.011 TRACE_ID DEBUG http-nio-8888-exec-2 CookieUtility get cookie Authorization
2026-10-04 20:47:44.011 TRACE_ID DEBUG http-nio-8888-exec-3 CookieUtility get cookie Authorization
2026-10-04 20:47:44.018 TRACE_ID DEBUG http-nio-8888-exec-2 JDBCTemplate SQL:select count(*) from `t_organization` where ( create_user_id = 1 )
2026-10-04 20:47:44.019 TRACE_ID DEBUG http-nio-8888-exec-3 JDBCTemplate SQL:select count(*) from `t_organization` where ( create_user_id = 1 )
2026-10-04 20:47:44.026 TRACE_ID DEBUG http-nio-8888-exec-2 JDBCTemplate SQL:select * from `t_organization` where ( create_user_id = 1 ) order by id DESC limit 0,10
2026-10-04 20:47:44.027 TRACE_ID DEBUG http-nio-8888-exec-3 JDBCTemplate SQL:select * from `t_organization` where ( create_user_id = 1 ) order by id DESC limit 0,10
2026-10-04 20:47:44.033 TRACE_ID DEBUG http-nio-8888-exec-2 JDBCTemplate SQL:select * from `t_organization` where ( create_user_id = 1  AND status = ENABLE ) order by id DESC
2026-10-04 20:47:44.034 TRACE_ID DEBUG http-nio-8888-exec-3 JDBCTemplate SQL:select * from `t_organization` where ( create_user_id = 1  AND status = ENABLE ) order by id DESC
2026-10-04 20:47:45.226 TRACE_ID DEBUG http-nio-8888-exec-6 CookieUtility get cookie Authorization
2026-10-04 20:47:45.226 TRACE_ID DEBUG http-nio-8888-exec-4 CookieUtility get cookie Authorization
2026-10-04 20:47:45.230 TRACE_ID DEBUG http-nio-8888-exec-4 JDBCTemplate SQL:select count(*) from `t_position` where ( create_user_id = 1 )
2026-10-04 20:47:45.230 TRACE_ID DEBUG http-nio-8888-exec-6 JDBCTemplate SQL:select count(*) from `t_position` where ( create_user_id = 1 )
2026-10-04 20:47:45.232 TRACE_ID DEBUG http-nio-8888-exec-4 JDBCTemplate SQL:select * from `t_position` where ( create_user_id = 1 ) order by id DESC limit 0,10
2026-10-04 20:47:45.232 TRACE_ID DEBUG http-nio-8888-exec-6 JDBCTemplate SQL:select * from `t_position` where ( create_user_id = 1 ) order by id DESC limit 0,10
2026-10-04 20:47:45.235 TRACE_ID DEBUG http-nio-8888-exec-4 JDBCTemplate SQL:select * from `t_organization` where ( create_user_id = 1  AND status = ENABLE ) order by id DESC
2026-10-04 20:47:45.235 TRACE_ID DEBUG http-nio-8888-exec-6 JDBCTemplate SQL:select * from `t_organization` where ( create_user_id = 1  AND status = ENABLE ) order by id DESC
2026-10-04 20:47:46.211 TRACE_ID DEBUG http-nio-8888-exec-7 CookieUtility get cookie Authorization
2026-10-04 20:47:46.212 TRACE_ID DEBUG http-nio-8888-exec-10 CookieUtility get cookie Authorization
2026-10-04 20:47:46.212 TRACE_ID DEBUG http-nio-8888-exec-7 JDBCTemplate SQL:select count(*) from `t_admin_user` where ( create_user_id = 1 )
2026-10-04 20:47:46.213 TRACE_ID DEBUG http-nio-8888-exec-10 JDBCTemplate SQL:select count(*) from `t_admin_user` where ( create_user_id = 1 )
2026-10-04 20:47:46.214 TRACE_ID DEBUG http-nio-8888-exec-7 JDBCTemplate SQL:select * from `t_admin_user` where ( create_user_id = 1 ) order by id DESC limit 0,10
2026-10-04 20:47:46.214 TRACE_ID DEBUG http-nio-8888-exec-10 JDBCTemplate SQL:select * from `t_admin_user` where ( create_user_id = 1 ) order by id DESC limit 0,10
2026-10-04 20:47:46.215 TRACE_ID DEBUG http-nio-8888-exec-7 JDBCTemplate SQL:select * from `t_organization` where ( create_user_id = 1  AND status = ENABLE ) order by id DESC
2026-10-04 20:47:46.215 TRACE_ID DEBUG http-nio-8888-exec-10 JDBCTemplate SQL:select * from `t_organization` where ( create_user_id = 1  AND status = ENABLE ) order by id DESC
2026-10-04 20:47:46.215 TRACE_ID DEBUG http-nio-8888-exec-7 JDBCTemplate SQL:select * from `t_position` where ( create_user_id = 1  AND status = ENABLE ) order by id DESC
2026-10-04 20:47:46.215 TRACE_ID DEBUG http-nio-8888-exec-10 JDBCTemplate SQL:select * from `t_position` where ( create_user_id = 1  AND status = ENABLE ) order by id DESC
2026-10-04 20:47:47.356 TRACE_ID DEBUG http-nio-8888-exec-9 CookieUtility get cookie Authorization
2026-10-04 20:47:47.356 TRACE_ID DEBUG http-nio-8888-exec-1 CookieUtility get cookie Authorization
2026-10-04 20:47:47.357 TRACE_ID DEBUG http-nio-8888-exec-9 JDBCTemplate SQL:select count(*) from `t_user_group` where ( create_user_id = 1 )
2026-10-04 20:47:47.357 TRACE_ID DEBUG http-nio-8888-exec-1 JDBCTemplate SQL:select count(*) from `t_user_group` where ( create_user_id = 1 )
2026-10-04 20:47:48.502 TRACE_ID DEBUG http-nio-8888-exec-8 CookieUtility get cookie Authorization
2026-10-04 20:47:48.502 TRACE_ID DEBUG http-nio-8888-exec-5 CookieUtility get cookie Authorization
2026-10-04 20:47:48.503 TRACE_ID DEBUG http-nio-8888-exec-5 JDBCTemplate SQL:select count(*) from `t_role` where ( create_user_id = 1 )
2026-10-04 20:47:48.503 TRACE_ID DEBUG http-nio-8888-exec-8 JDBCTemplate SQL:select count(*) from `t_role` where ( create_user_id = 1 )
2026-10-04 20:47:49.492 TRACE_ID DEBUG http-nio-8888-exec-3 CookieUtility get cookie Authorization
2026-10-04 20:47:49.492 TRACE_ID DEBUG http-nio-8888-exec-2 CookieUtility get cookie Authorization
2026-10-04 20:47:49.493 TRACE_ID DEBUG http-nio-8888-exec-2 JDBCTemplate SQL:select count(*) from `t_permission` where ( create_user_id = 1 )
2026-10-04 20:47:49.493 TRACE_ID DEBUG http-nio-8888-exec-3 JDBCTemplate SQL:select count(*) from `t_permission` where ( create_user_id = 1 )
2026-10-04 20:47:50.293 TRACE_ID DEBUG http-nio-8888-exec-1 CookieUtility get cookie Authorization
2026-10-04 20:47:50.293 TRACE_ID DEBUG http-nio-8888-exec-9 CookieUtility get cookie Authorization
2026-10-04 20:47:50.294 TRACE_ID DEBUG http-nio-8888-exec-1 JDBCTemplate SQL:select count(*) from `t_user_group` where ( create_user_id = 1 )
2026-10-04 20:47:50.294 TRACE_ID DEBUG http-nio-8888-exec-9 JDBCTemplate SQL:select count(*) from `t_user_group` where ( create_user_id = 1 )
2026-10-04 20:48:16.062 TRACE_ID DEBUG http-nio-8888-exec-6 CookieUtility get cookie Authorization
2026-10-04 20:48:16.073 TRACE_ID DEBUG http-nio-8888-exec-6 JDBCTemplate SQL:insert into `t_user_group`(
`tenant_id`,
`code`,
`name`,
`sort`,
`remark`,
`create_user_name`,
`create_user_id`,
`modified_user_id`,
`modified_user_name`,
`gmt_create`,
`gmt_modified`,
`deleted`,
`status`)values(
0,
001,
技术岗,
0,
无,
mock-user,
1,
1,
mock-user,
1791118096070,
1791118096070,
false,
ENABLE)
2026-10-04 20:48:34.554 TRACE_ID DEBUG http-nio-8888-exec-7 CookieUtility get cookie Authorization
2026-10-04 20:48:34.554 TRACE_ID DEBUG http-nio-8888-exec-10 CookieUtility get cookie Authorization
2026-10-04 20:48:34.567 TRACE_ID DEBUG http-nio-8888-exec-10 JDBCTemplate SQL:select count(*) from `t_app` where ( create_user_id = 1 )
2026-10-04 20:48:34.567 TRACE_ID DEBUG http-nio-8888-exec-7 JDBCTemplate SQL:select count(*) from `t_app` where ( create_user_id = 1 )
2026-10-04 20:48:34.570 TRACE_ID DEBUG http-nio-8888-exec-10 JDBCTemplate SQL:select * from `t_app` where ( create_user_id = 1 ) order by id DESC limit 0,10
2026-10-04 20:48:34.570 TRACE_ID DEBUG http-nio-8888-exec-7 JDBCTemplate SQL:select * from `t_app` where ( create_user_id = 1 ) order by id DESC limit 0,10
2026-10-04 20:48:35.358 TRACE_ID DEBUG http-nio-8888-exec-1 CookieUtility get cookie Authorization
2026-10-04 20:48:35.359 TRACE_ID DEBUG http-nio-8888-exec-1 JDBCTemplate SQL:select count(*) from `t_micro_service` where ( create_user_id = 1 )
2026-10-04 20:48:35.359 TRACE_ID DEBUG http-nio-8888-exec-9 CookieUtility get cookie Authorization
2026-10-04 20:48:35.361 TRACE_ID DEBUG http-nio-8888-exec-1 JDBCTemplate SQL:select * from `t_micro_service` where ( create_user_id = 1 ) order by id DESC limit 0,10
2026-10-04 20:48:35.361 TRACE_ID DEBUG http-nio-8888-exec-9 JDBCTemplate SQL:select count(*) from `t_micro_service` where ( create_user_id = 1 )
2026-10-04 20:48:35.362 TRACE_ID DEBUG http-nio-8888-exec-9 JDBCTemplate SQL:select * from `t_micro_service` where ( create_user_id = 1 ) order by id DESC limit 0,10
2026-10-04 20:48:35.363 TRACE_ID DEBUG http-nio-8888-exec-1 JDBCTemplate SQL:select * from `t_app` where ( create_user_id = 1  AND status = ENABLE ) order by id DESC
2026-10-04 20:48:35.363 TRACE_ID DEBUG http-nio-8888-exec-9 JDBCTemplate SQL:select * from `t_app` where ( create_user_id = 1  AND status = ENABLE ) order by id DESC
2026-10-04 20:48:41.645 TRACE_ID DEBUG http-nio-8888-exec-5 CookieUtility get cookie Authorization
2026-10-04 20:48:41.646 TRACE_ID DEBUG http-nio-8888-exec-8 CookieUtility get cookie Authorization
2026-10-04 20:48:41.660 TRACE_ID DEBUG http-nio-8888-exec-8 JDBCTemplate SQL:select count(*) from `t_organization` where ( create_user_id = 1 )
2026-10-04 20:48:41.674 TRACE_ID DEBUG http-nio-8888-exec-5 JDBCTemplate SQL:select count(*) from `t_organization` where ( create_user_id = 1 )
2026-10-04 20:48:41.675 TRACE_ID DEBUG http-nio-8888-exec-8 JDBCTemplate SQL:select * from `t_organization` where ( create_user_id = 1 ) order by id DESC limit 0,10
2026-10-04 20:48:41.676 TRACE_ID DEBUG http-nio-8888-exec-5 JDBCTemplate SQL:select * from `t_organization` where ( create_user_id = 1 ) order by id DESC limit 0,10
2026-10-04 20:48:41.680 TRACE_ID DEBUG http-nio-8888-exec-8 JDBCTemplate SQL:select * from `t_organization` where ( create_user_id = 1  AND status = ENABLE ) order by id DESC
2026-10-04 20:48:41.682 TRACE_ID DEBUG http-nio-8888-exec-5 JDBCTemplate SQL:select * from `t_organization` where ( create_user_id = 1  AND status = ENABLE ) order by id DESC
2026-10-04 20:48:43.047 TRACE_ID DEBUG http-nio-8888-exec-3 CookieUtility get cookie Authorization
2026-10-04 20:48:43.047 TRACE_ID DEBUG http-nio-8888-exec-2 CookieUtility get cookie Authorization
2026-10-04 20:48:43.052 TRACE_ID DEBUG http-nio-8888-exec-2 JDBCTemplate SQL:select count(*) from `t_position` where ( create_user_id = 1 )
2026-10-04 20:48:43.055 TRACE_ID DEBUG http-nio-8888-exec-3 JDBCTemplate SQL:select count(*) from `t_position` where ( create_user_id = 1 )
2026-10-04 20:48:43.058 TRACE_ID DEBUG http-nio-8888-exec-3 JDBCTemplate SQL:select * from `t_position` where ( create_user_id = 1 ) order by id DESC limit 0,10
2026-10-04 20:48:43.058 TRACE_ID DEBUG http-nio-8888-exec-2 JDBCTemplate SQL:select * from `t_position` where ( create_user_id = 1 ) order by id DESC limit 0,10
2026-10-04 20:48:43.061 TRACE_ID DEBUG http-nio-8888-exec-2 JDBCTemplate SQL:select * from `t_organization` where ( create_user_id = 1  AND status = ENABLE ) order by id DESC
2026-10-04 20:48:43.062 TRACE_ID DEBUG http-nio-8888-exec-3 JDBCTemplate SQL:select * from `t_organization` where ( create_user_id = 1  AND status = ENABLE ) order by id DESC
2026-10-04 20:48:44.977 TRACE_ID DEBUG http-nio-8888-exec-6 CookieUtility get cookie Authorization
2026-10-04 20:48:44.977 TRACE_ID DEBUG http-nio-8888-exec-4 CookieUtility get cookie Authorization
2026-10-04 20:48:44.984 TRACE_ID DEBUG http-nio-8888-exec-4 JDBCTemplate SQL:select count(*) from `t_admin_user` where ( create_user_id = 1 )
2026-10-04 20:48:44.984 TRACE_ID DEBUG http-nio-8888-exec-6 JDBCTemplate SQL:select count(*) from `t_admin_user` where ( create_user_id = 1 )
2026-10-04 20:48:45.032 TRACE_ID DEBUG http-nio-8888-exec-4 JDBCTemplate SQL:select * from `t_admin_user` where ( create_user_id = 1 ) order by id DESC limit 0,10
2026-10-04 20:48:45.033 TRACE_ID DEBUG http-nio-8888-exec-6 JDBCTemplate SQL:select * from `t_admin_user` where ( create_user_id = 1 ) order by id DESC limit 0,10
2026-10-04 20:48:45.041 TRACE_ID DEBUG http-nio-8888-exec-6 JDBCTemplate SQL:select * from `t_organization` where ( create_user_id = 1  AND status = ENABLE ) order by id DESC
2026-10-04 20:48:45.042 TRACE_ID DEBUG http-nio-8888-exec-4 JDBCTemplate SQL:select * from `t_organization` where ( create_user_id = 1  AND status = ENABLE ) order by id DESC
2026-10-04 20:48:45.050 TRACE_ID DEBUG http-nio-8888-exec-6 JDBCTemplate SQL:select * from `t_position` where ( create_user_id = 1  AND status = ENABLE ) order by id DESC
2026-10-04 20:48:45.050 TRACE_ID DEBUG http-nio-8888-exec-4 JDBCTemplate SQL:select * from `t_position` where ( create_user_id = 1  AND status = ENABLE ) order by id DESC
2026-10-04 20:48:46.246 TRACE_ID DEBUG http-nio-8888-exec-7 CookieUtility get cookie Authorization
2026-10-04 20:48:46.246 TRACE_ID DEBUG http-nio-8888-exec-10 CookieUtility get cookie Authorization
2026-10-04 20:48:46.247 TRACE_ID DEBUG http-nio-8888-exec-7 JDBCTemplate SQL:select count(*) from `t_user_group` where ( create_user_id = 1 )
2026-10-04 20:48:46.247 TRACE_ID DEBUG http-nio-8888-exec-10 JDBCTemplate SQL:select count(*) from `t_user_group` where ( create_user_id = 1 )
2026-10-04 20:48:49.005 TRACE_ID DEBUG http-nio-8888-exec-2 CookieUtility get cookie Authorization
2026-10-04 20:48:49.005 TRACE_ID DEBUG http-nio-8888-exec-3 CookieUtility get cookie Authorization
2026-10-04 20:48:49.011 TRACE_ID DEBUG http-nio-8888-exec-2 JDBCTemplate SQL:select count(*) from `t_user_group` where ( create_user_id = 1 )
2026-10-04 20:48:49.011 TRACE_ID DEBUG http-nio-8888-exec-3 JDBCTemplate SQL:select count(*) from `t_user_group` where ( create_user_id = 1 )
2026-10-04 20:48:52.309 TRACE_ID DEBUG http-nio-8888-exec-4 CookieUtility get cookie Authorization
2026-10-04 20:48:52.309 TRACE_ID DEBUG http-nio-8888-exec-6 CookieUtility get cookie Authorization
2026-10-04 20:48:52.313 TRACE_ID DEBUG http-nio-8888-exec-4 JDBCTemplate SQL:select count(*) from `t_role` where ( create_user_id = 1 )
2026-10-04 20:48:52.316 TRACE_ID DEBUG http-nio-8888-exec-6 JDBCTemplate SQL:select count(*) from `t_role` where ( create_user_id = 1 )
2026-10-04 20:48:53.547 TRACE_ID DEBUG http-nio-8888-exec-7 CookieUtility get cookie Authorization
2026-10-04 20:48:53.547 TRACE_ID DEBUG http-nio-8888-exec-10 CookieUtility get cookie Authorization
2026-10-04 20:48:53.550 TRACE_ID DEBUG http-nio-8888-exec-10 JDBCTemplate SQL:select count(*) from `t_permission` where ( create_user_id = 1 )
2026-10-04 20:48:53.550 TRACE_ID DEBUG http-nio-8888-exec-7 JDBCTemplate SQL:select count(*) from `t_permission` where ( create_user_id = 1 )
2026-10-04 20:48:55.085 TRACE_ID DEBUG http-nio-8888-exec-1 CookieUtility get cookie Authorization
2026-10-04 20:48:55.085 TRACE_ID DEBUG http-nio-8888-exec-9 CookieUtility get cookie Authorization
2026-10-04 20:48:55.086 TRACE_ID DEBUG http-nio-8888-exec-1 JDBCTemplate SQL:select count(*) from `t_position` where ( create_user_id = 1 )
2026-10-04 20:48:55.087 TRACE_ID DEBUG http-nio-8888-exec-9 JDBCTemplate SQL:select count(*) from `t_position` where ( create_user_id = 1 )
2026-10-04 20:48:55.088 TRACE_ID DEBUG http-nio-8888-exec-1 JDBCTemplate SQL:select * from `t_position` where ( create_user_id = 1 ) order by id DESC limit 0,10
2026-10-04 20:48:55.088 TRACE_ID DEBUG http-nio-8888-exec-9 JDBCTemplate SQL:select * from `t_position` where ( create_user_id = 1 ) order by id DESC limit 0,10
2026-10-04 20:48:55.089 TRACE_ID DEBUG http-nio-8888-exec-1 JDBCTemplate SQL:select * from `t_organization` where ( create_user_id = 1  AND status = ENABLE ) order by id DESC
2026-10-04 20:48:55.089 TRACE_ID DEBUG http-nio-8888-exec-9 JDBCTemplate SQL:select * from `t_organization` where ( create_user_id = 1  AND status = ENABLE ) order by id DESC
2026-10-04 20:48:56.277 TRACE_ID DEBUG http-nio-8888-exec-5 CookieUtility get cookie Authorization
2026-10-04 20:48:56.277 TRACE_ID DEBUG http-nio-8888-exec-8 CookieUtility get cookie Authorization
2026-10-04 20:48:56.279 TRACE_ID DEBUG http-nio-8888-exec-8 JDBCTemplate SQL:select count(*) from `t_organization` where ( create_user_id = 1 )
2026-10-04 20:48:56.279 TRACE_ID DEBUG http-nio-8888-exec-5 JDBCTemplate SQL:select count(*) from `t_organization` where ( create_user_id = 1 )
2026-10-04 20:48:56.280 TRACE_ID DEBUG http-nio-8888-exec-8 JDBCTemplate SQL:select * from `t_organization` where ( create_user_id = 1 ) order by id DESC limit 0,10
2026-10-04 20:48:56.280 TRACE_ID DEBUG http-nio-8888-exec-5 JDBCTemplate SQL:select * from `t_organization` where ( create_user_id = 1 ) order by id DESC limit 0,10
2026-10-04 20:48:56.282 TRACE_ID DEBUG http-nio-8888-exec-5 JDBCTemplate SQL:select * from `t_organization` where ( create_user_id = 1  AND status = ENABLE ) order by id DESC
2026-10-04 20:48:56.282 TRACE_ID DEBUG http-nio-8888-exec-8 JDBCTemplate SQL:select * from `t_organization` where ( create_user_id = 1  AND status = ENABLE ) order by id DESC
2026-10-04 20:48:57.248 TRACE_ID DEBUG http-nio-8888-exec-3 CookieUtility get cookie Authorization
2026-10-04 20:48:57.248 TRACE_ID DEBUG http-nio-8888-exec-2 CookieUtility get cookie Authorization
2026-10-04 20:48:57.250 TRACE_ID DEBUG http-nio-8888-exec-2 JDBCTemplate SQL:select count(*) from `t_micro_service` where ( create_user_id = 1 )
2026-10-04 20:48:57.250 TRACE_ID DEBUG http-nio-8888-exec-3 JDBCTemplate SQL:select count(*) from `t_micro_service` where ( create_user_id = 1 )
2026-10-04 20:48:57.251 TRACE_ID DEBUG http-nio-8888-exec-2 JDBCTemplate SQL:select * from `t_micro_service` where ( create_user_id = 1 ) order by id DESC limit 0,10
2026-10-04 20:48:57.252 TRACE_ID DEBUG http-nio-8888-exec-3 JDBCTemplate SQL:select * from `t_micro_service` where ( create_user_id = 1 ) order by id DESC limit 0,10
2026-10-04 20:48:57.253 TRACE_ID DEBUG http-nio-8888-exec-3 JDBCTemplate SQL:select * from `t_app` where ( create_user_id = 1  AND status = ENABLE ) order by id DESC
2026-10-04 20:48:57.253 TRACE_ID DEBUG http-nio-8888-exec-2 JDBCTemplate SQL:select * from `t_app` where ( create_user_id = 1  AND status = ENABLE ) order by id DESC
2026-10-04 20:48:58.229 TRACE_ID DEBUG http-nio-8888-exec-4 CookieUtility get cookie Authorization
2026-10-04 20:48:58.230 TRACE_ID DEBUG http-nio-8888-exec-6 CookieUtility get cookie Authorization
2026-10-04 20:48:58.231 TRACE_ID DEBUG http-nio-8888-exec-6 JDBCTemplate SQL:select count(*) from `t_app` where ( create_user_id = 1 )
2026-10-04 20:48:58.231 TRACE_ID DEBUG http-nio-8888-exec-4 JDBCTemplate SQL:select count(*) from `t_app` where ( create_user_id = 1 )
2026-10-04 20:48:58.232 TRACE_ID DEBUG http-nio-8888-exec-4 JDBCTemplate SQL:select * from `t_app` where ( create_user_id = 1 ) order by id DESC limit 0,10
2026-10-04 20:48:58.233 TRACE_ID DEBUG http-nio-8888-exec-6 JDBCTemplate SQL:select * from `t_app` where ( create_user_id = 1 ) order by id DESC limit 0,10
2026-10-04 20:49:00.523 TRACE_ID DEBUG http-nio-8888-exec-7 CookieUtility get cookie Authorization
2026-10-04 20:49:00.523 TRACE_ID DEBUG http-nio-8888-exec-10 CookieUtility get cookie Authorization
2026-10-04 20:49:00.525 TRACE_ID DEBUG http-nio-8888-exec-7 JDBCTemplate SQL:select count(*) from `t_admin_user` where ( create_user_id = 1 )
2026-10-04 20:49:00.525 TRACE_ID DEBUG http-nio-8888-exec-10 JDBCTemplate SQL:select count(*) from `t_admin_user` where ( create_user_id = 1 )
2026-10-04 20:49:00.526 TRACE_ID DEBUG http-nio-8888-exec-10 JDBCTemplate SQL:select * from `t_admin_user` where ( create_user_id = 1 ) order by id DESC limit 0,10
2026-10-04 20:49:00.526 TRACE_ID DEBUG http-nio-8888-exec-7 JDBCTemplate SQL:select * from `t_admin_user` where ( create_user_id = 1 ) order by id DESC limit 0,10
2026-10-04 20:49:00.528 TRACE_ID DEBUG http-nio-8888-exec-10 JDBCTemplate SQL:select * from `t_organization` where ( create_user_id = 1  AND status = ENABLE ) order by id DESC
2026-10-04 20:49:00.528 TRACE_ID DEBUG http-nio-8888-exec-7 JDBCTemplate SQL:select * from `t_organization` where ( create_user_id = 1  AND status = ENABLE ) order by id DESC
2026-10-04 20:49:00.529 TRACE_ID DEBUG http-nio-8888-exec-10 JDBCTemplate SQL:select * from `t_position` where ( create_user_id = 1  AND status = ENABLE ) order by id DESC
2026-10-04 20:49:00.529 TRACE_ID DEBUG http-nio-8888-exec-7 JDBCTemplate SQL:select * from `t_position` where ( create_user_id = 1  AND status = ENABLE ) order by id DESC
2026-10-04 20:49:01.504 TRACE_ID DEBUG http-nio-8888-exec-1 CookieUtility get cookie Authorization
2026-10-04 20:49:01.504 TRACE_ID DEBUG http-nio-8888-exec-9 CookieUtility get cookie Authorization
2026-10-04 20:49:01.505 TRACE_ID DEBUG http-nio-8888-exec-1 JDBCTemplate SQL:select count(*) from `t_user_group` where ( create_user_id = 1 )
2026-10-04 20:49:01.505 TRACE_ID DEBUG http-nio-8888-exec-9 JDBCTemplate SQL:select count(*) from `t_user_group` where ( create_user_id = 1 )
2026-10-04 20:49:04.362 TRACE_ID DEBUG http-nio-8888-exec-5 CookieUtility get cookie Authorization
2026-10-04 20:49:04.364 TRACE_ID DEBUG http-nio-8888-exec-8 CookieUtility get cookie Authorization
2026-10-04 20:49:04.368 TRACE_ID DEBUG http-nio-8888-exec-8 JDBCTemplate SQL:select count(*) from `t_role` where ( create_user_id = 1 )
2026-10-04 20:49:04.369 TRACE_ID DEBUG http-nio-8888-exec-5 JDBCTemplate SQL:select count(*) from `t_role` where ( create_user_id = 1 )
2026-10-04 20:49:06.621 TRACE_ID DEBUG http-nio-8888-exec-2 CookieUtility get cookie Authorization
2026-10-04 20:49:06.621 TRACE_ID DEBUG http-nio-8888-exec-3 CookieUtility get cookie Authorization
2026-10-04 20:49:06.623 TRACE_ID DEBUG http-nio-8888-exec-2 JDBCTemplate SQL:select count(*) from `t_permission` where ( create_user_id = 1 )
2026-10-04 20:49:06.623 TRACE_ID DEBUG http-nio-8888-exec-3 JDBCTemplate SQL:select count(*) from `t_permission` where ( create_user_id = 1 )
2026-10-04 20:49:10.556 TRACE_ID DEBUG http-nio-8888-exec-4 CookieUtility get cookie Authorization
2026-10-04 20:49:10.555 TRACE_ID DEBUG http-nio-8888-exec-6 CookieUtility get cookie Authorization
2026-10-04 20:49:10.558 TRACE_ID DEBUG http-nio-8888-exec-6 JDBCTemplate SQL:select count(*) from `t_project_config` where ( create_user_id = 1 )
2026-10-04 20:49:10.559 TRACE_ID DEBUG http-nio-8888-exec-4 JDBCTemplate SQL:select count(*) from `t_project_config` where ( create_user_id = 1 )
2026-10-04 20:49:10.562 TRACE_ID DEBUG http-nio-8888-exec-6 JDBCTemplate SQL:select * from `t_project_config` where ( create_user_id = 1 ) order by id DESC limit 0,10
2026-10-04 20:49:10.562 TRACE_ID DEBUG http-nio-8888-exec-4 JDBCTemplate SQL:select * from `t_project_config` where ( create_user_id = 1 ) order by id DESC limit 0,10
2026-10-04 20:49:15.607 TRACE_ID DEBUG http-nio-8888-exec-10 CookieUtility get cookie Authorization
2026-10-04 20:49:15.607 TRACE_ID DEBUG http-nio-8888-exec-7 CookieUtility get cookie Authorization
2026-10-04 20:49:15.611 TRACE_ID DEBUG http-nio-8888-exec-10 JDBCTemplate SQL:select count(*) from `t_project_config` where ( create_user_id = 1 )
2026-10-04 20:49:15.612 TRACE_ID DEBUG http-nio-8888-exec-7 JDBCTemplate SQL:select count(*) from `t_project_config` where ( create_user_id = 1 )
2026-10-04 20:49:15.612 TRACE_ID DEBUG http-nio-8888-exec-10 JDBCTemplate SQL:select * from `t_project_config` where ( create_user_id = 1 ) order by id DESC limit 0,10
2026-10-04 20:49:15.613 TRACE_ID DEBUG http-nio-8888-exec-7 JDBCTemplate SQL:select * from `t_project_config` where ( create_user_id = 1 ) order by id DESC limit 0,10
2026-10-04 20:49:18.137 TRACE_ID DEBUG http-nio-8888-exec-1 CookieUtility get cookie Authorization
2026-10-04 20:49:18.138 TRACE_ID DEBUG http-nio-8888-exec-9 CookieUtility get cookie Authorization
2026-10-04 20:49:18.139 TRACE_ID DEBUG http-nio-8888-exec-1 JDBCTemplate SQL:select count(*) from `t_permission` where ( create_user_id = 1 )
2026-10-04 20:49:18.139 TRACE_ID DEBUG http-nio-8888-exec-9 JDBCTemplate SQL:select count(*) from `t_permission` where ( create_user_id = 1 )
2026-10-04 20:49:19.234 TRACE_ID DEBUG http-nio-8888-exec-5 CookieUtility get cookie Authorization
2026-10-04 20:49:19.235 TRACE_ID DEBUG http-nio-8888-exec-8 CookieUtility get cookie Authorization
2026-10-04 20:49:19.236 TRACE_ID DEBUG http-nio-8888-exec-8 JDBCTemplate SQL:select count(*) from `t_role` where ( create_user_id = 1 )
2026-10-04 20:49:19.236 TRACE_ID DEBUG http-nio-8888-exec-5 JDBCTemplate SQL:select count(*) from `t_role` where ( create_user_id = 1 )
2026-10-04 20:49:20.154 TRACE_ID DEBUG http-nio-8888-exec-2 CookieUtility get cookie Authorization
2026-10-04 20:49:20.154 TRACE_ID DEBUG http-nio-8888-exec-3 CookieUtility get cookie Authorization
2026-10-04 20:49:20.155 TRACE_ID DEBUG http-nio-8888-exec-2 JDBCTemplate SQL:select count(*) from `t_user_group` where ( create_user_id = 1 )
2026-10-04 20:49:20.155 TRACE_ID DEBUG http-nio-8888-exec-3 JDBCTemplate SQL:select count(*) from `t_user_group` where ( create_user_id = 1 )
2026-10-04 20:49:21.517 TRACE_ID DEBUG http-nio-8888-exec-4 CookieUtility get cookie Authorization
2026-10-04 20:49:21.518 TRACE_ID DEBUG http-nio-8888-exec-6 CookieUtility get cookie Authorization
2026-10-04 20:49:21.520 TRACE_ID DEBUG http-nio-8888-exec-6 JDBCTemplate SQL:select count(*) from `t_admin_user` where ( create_user_id = 1 )
2026-10-04 20:49:21.521 TRACE_ID DEBUG http-nio-8888-exec-4 JDBCTemplate SQL:select count(*) from `t_admin_user` where ( create_user_id = 1 )
2026-10-04 20:49:21.524 TRACE_ID DEBUG http-nio-8888-exec-6 JDBCTemplate SQL:select * from `t_admin_user` where ( create_user_id = 1 ) order by id DESC limit 0,10
2026-10-04 20:49:21.524 TRACE_ID DEBUG http-nio-8888-exec-4 JDBCTemplate SQL:select * from `t_admin_user` where ( create_user_id = 1 ) order by id DESC limit 0,10
2026-10-04 20:49:21.526 TRACE_ID DEBUG http-nio-8888-exec-4 JDBCTemplate SQL:select * from `t_organization` where ( create_user_id = 1  AND status = ENABLE ) order by id DESC
2026-10-04 20:49:21.526 TRACE_ID DEBUG http-nio-8888-exec-6 JDBCTemplate SQL:select * from `t_organization` where ( create_user_id = 1  AND status = ENABLE ) order by id DESC
2026-10-04 20:49:21.529 TRACE_ID DEBUG http-nio-8888-exec-6 JDBCTemplate SQL:select * from `t_position` where ( create_user_id = 1  AND status = ENABLE ) order by id DESC
2026-10-04 20:49:21.529 TRACE_ID DEBUG http-nio-8888-exec-4 JDBCTemplate SQL:select * from `t_position` where ( create_user_id = 1  AND status = ENABLE ) order by id DESC
2026-10-04 20:49:23.111 TRACE_ID DEBUG http-nio-8888-exec-7 CookieUtility get cookie Authorization
2026-10-04 20:49:23.111 TRACE_ID DEBUG http-nio-8888-exec-10 CookieUtility get cookie Authorization
2026-10-04 20:49:23.112 TRACE_ID DEBUG http-nio-8888-exec-10 JDBCTemplate SQL:select count(*) from `t_app` where ( create_user_id = 1 )
2026-10-04 20:49:23.113 TRACE_ID DEBUG http-nio-8888-exec-7 JDBCTemplate SQL:select count(*) from `t_app` where ( create_user_id = 1 )
2026-10-04 20:49:23.114 TRACE_ID DEBUG http-nio-8888-exec-7 JDBCTemplate SQL:select * from `t_app` where ( create_user_id = 1 ) order by id DESC limit 0,10
2026-10-04 20:49:23.114 TRACE_ID DEBUG http-nio-8888-exec-10 JDBCTemplate SQL:select * from `t_app` where ( create_user_id = 1 ) order by id DESC limit 0,10
2026-10-04 20:49:24.794 TRACE_ID DEBUG http-nio-8888-exec-9 CookieUtility get cookie Authorization
2026-10-04 20:49:24.794 TRACE_ID DEBUG http-nio-8888-exec-1 CookieUtility get cookie Authorization
2026-10-04 20:49:24.801 TRACE_ID DEBUG http-nio-8888-exec-9 JDBCTemplate SQL:select count(*) from `t_micro_service` where ( create_user_id = 1 )
2026-10-04 20:49:24.801 TRACE_ID DEBUG http-nio-8888-exec-1 JDBCTemplate SQL:select count(*) from `t_micro_service` where ( create_user_id = 1 )
2026-10-04 20:49:24.803 TRACE_ID DEBUG http-nio-8888-exec-1 JDBCTemplate SQL:select * from `t_micro_service` where ( create_user_id = 1 ) order by id DESC limit 0,10
2026-10-04 20:49:24.803 TRACE_ID DEBUG http-nio-8888-exec-9 JDBCTemplate SQL:select * from `t_micro_service` where ( create_user_id = 1 ) order by id DESC limit 0,10
2026-10-04 20:49:24.805 TRACE_ID DEBUG http-nio-8888-exec-1 JDBCTemplate SQL:select * from `t_app` where ( create_user_id = 1  AND status = ENABLE ) order by id DESC
2026-10-04 20:49:24.805 TRACE_ID DEBUG http-nio-8888-exec-9 JDBCTemplate SQL:select * from `t_app` where ( create_user_id = 1  AND status = ENABLE ) order by id DESC
2026-10-04 20:49:26.196 TRACE_ID DEBUG http-nio-8888-exec-8 CookieUtility get cookie Authorization
2026-10-04 20:49:26.196 TRACE_ID DEBUG http-nio-8888-exec-5 CookieUtility get cookie Authorization
2026-10-04 20:49:26.197 TRACE_ID DEBUG http-nio-8888-exec-8 JDBCTemplate SQL:select count(*) from `t_organization` where ( create_user_id = 1 )
2026-10-04 20:49:26.197 TRACE_ID DEBUG http-nio-8888-exec-5 JDBCTemplate SQL:select count(*) from `t_organization` where ( create_user_id = 1 )
2026-10-04 20:49:26.198 TRACE_ID DEBUG http-nio-8888-exec-5 JDBCTemplate SQL:select * from `t_organization` where ( create_user_id = 1 ) order by id DESC limit 0,10
2026-10-04 20:49:26.198 TRACE_ID DEBUG http-nio-8888-exec-8 JDBCTemplate SQL:select * from `t_organization` where ( create_user_id = 1 ) order by id DESC limit 0,10
2026-10-04 20:49:26.200 TRACE_ID DEBUG http-nio-8888-exec-5 JDBCTemplate SQL:select * from `t_organization` where ( create_user_id = 1  AND status = ENABLE ) order by id DESC
2026-10-04 20:49:26.200 TRACE_ID DEBUG http-nio-8888-exec-8 JDBCTemplate SQL:select * from `t_organization` where ( create_user_id = 1  AND status = ENABLE ) order by id DESC
2026-10-04 20:49:27.581 TRACE_ID DEBUG http-nio-8888-exec-2 CookieUtility get cookie Authorization
2026-10-04 20:49:27.581 TRACE_ID DEBUG http-nio-8888-exec-3 CookieUtility get cookie Authorization
2026-10-04 20:49:27.582 TRACE_ID DEBUG http-nio-8888-exec-3 JDBCTemplate SQL:select count(*) from `t_position` where ( create_user_id = 1 )
2026-10-04 20:49:27.582 TRACE_ID DEBUG http-nio-8888-exec-2 JDBCTemplate SQL:select count(*) from `t_position` where ( create_user_id = 1 )
2026-10-04 20:49:27.583 TRACE_ID DEBUG http-nio-8888-exec-3 JDBCTemplate SQL:select * from `t_position` where ( create_user_id = 1 ) order by id DESC limit 0,10
2026-10-04 20:49:27.583 TRACE_ID DEBUG http-nio-8888-exec-2 JDBCTemplate SQL:select * from `t_position` where ( create_user_id = 1 ) order by id DESC limit 0,10
2026-10-04 20:49:27.585 TRACE_ID DEBUG http-nio-8888-exec-3 JDBCTemplate SQL:select * from `t_organization` where ( create_user_id = 1  AND status = ENABLE ) order by id DESC
2026-10-04 20:49:27.585 TRACE_ID DEBUG http-nio-8888-exec-2 JDBCTemplate SQL:select * from `t_organization` where ( create_user_id = 1  AND status = ENABLE ) order by id DESC
2026-10-04 20:49:34.949 TRACE_ID DEBUG http-nio-8888-exec-6 CookieUtility get cookie Authorization
2026-10-04 20:49:34.949 TRACE_ID DEBUG http-nio-8888-exec-4 CookieUtility get cookie Authorization
2026-10-04 20:49:34.961 TRACE_ID DEBUG http-nio-8888-exec-6 JDBCTemplate SQL:select count(*) from `t_app` where ( create_user_id = 1 )
2026-10-04 20:49:34.962 TRACE_ID DEBUG http-nio-8888-exec-4 JDBCTemplate SQL:select count(*) from `t_app` where ( create_user_id = 1 )
2026-10-04 20:49:34.965 TRACE_ID DEBUG http-nio-8888-exec-6 JDBCTemplate SQL:select * from `t_app` where ( create_user_id = 1 ) order by id DESC limit 0,10
2026-10-04 20:49:34.965 TRACE_ID DEBUG http-nio-8888-exec-4 JDBCTemplate SQL:select * from `t_app` where ( create_user_id = 1 ) order by id DESC limit 0,10
2026-10-04 20:49:36.018 TRACE_ID DEBUG http-nio-8888-exec-7 CookieUtility get cookie Authorization
2026-10-04 20:49:36.018 TRACE_ID DEBUG http-nio-8888-exec-10 CookieUtility get cookie Authorization
2026-10-04 20:49:36.020 TRACE_ID DEBUG http-nio-8888-exec-10 JDBCTemplate SQL:select count(*) from `t_permission` where ( create_user_id = 1 )
2026-10-04 20:49:36.020 TRACE_ID DEBUG http-nio-8888-exec-7 JDBCTemplate SQL:select count(*) from `t_permission` where ( create_user_id = 1 )
2026-10-04 20:49:39.811 TRACE_ID DEBUG http-nio-8888-exec-2 CookieUtility get cookie Authorization
2026-10-04 20:49:39.811 TRACE_ID DEBUG http-nio-8888-exec-3 CookieUtility get cookie Authorization
2026-10-04 20:49:39.812 TRACE_ID DEBUG http-nio-8888-exec-2 JDBCTemplate SQL:select count(*) from `t_permission` where ( create_user_id = 1 )
2026-10-04 20:49:39.812 TRACE_ID DEBUG http-nio-8888-exec-3 JDBCTemplate SQL:select count(*) from `t_permission` where ( create_user_id = 1 )
2026-10-04 20:50:10.298 TRACE_ID DEBUG http-nio-8888-exec-6 CookieUtility get cookie Authorization
2026-10-04 20:50:10.298 TRACE_ID DEBUG http-nio-8888-exec-4 CookieUtility get cookie Authorization
2026-10-04 20:50:10.308 TRACE_ID DEBUG http-nio-8888-exec-4 JDBCTemplate SQL:select count(*) from `t_role` where ( create_user_id = 1 )
2026-10-04 20:50:10.308 TRACE_ID DEBUG http-nio-8888-exec-6 JDBCTemplate SQL:select count(*) from `t_role` where ( create_user_id = 1 )
2026-10-04 20:50:17.509 TRACE_ID DEBUG http-nio-8888-exec-7 CookieUtility get cookie Authorization
2026-10-04 20:50:17.509 TRACE_ID DEBUG http-nio-8888-exec-10 CookieUtility get cookie Authorization
2026-10-04 20:50:17.513 TRACE_ID DEBUG http-nio-8888-exec-10 JDBCTemplate SQL:select count(*) from `t_user_group` where ( create_user_id = 1 )
2026-10-04 20:50:17.513 TRACE_ID DEBUG http-nio-8888-exec-7 JDBCTemplate SQL:select count(*) from `t_user_group` where ( create_user_id = 1 )
2026-10-04 20:50:24.909 TRACE_ID DEBUG http-nio-8888-exec-9 CookieUtility get cookie Authorization
2026-10-04 20:50:24.909 TRACE_ID DEBUG http-nio-8888-exec-1 CookieUtility get cookie Authorization
2026-10-04 20:50:24.918 TRACE_ID DEBUG http-nio-8888-exec-9 JDBCTemplate SQL:select count(*) from `t_permission` where ( create_user_id = 1 )
2026-10-04 20:50:24.918 TRACE_ID DEBUG http-nio-8888-exec-1 JDBCTemplate SQL:select count(*) from `t_permission` where ( create_user_id = 1 )
2026-10-04 20:50:36.966 TRACE_ID DEBUG http-nio-8888-exec-8 CookieUtility get cookie Authorization
2026-10-04 20:50:36.966 TRACE_ID DEBUG http-nio-8888-exec-5 CookieUtility get cookie Authorization
2026-10-04 20:50:36.969 TRACE_ID DEBUG http-nio-8888-exec-5 JDBCTemplate SQL:select count(*) from `t_project_config` where ( create_user_id = 1 )
2026-10-04 20:50:36.970 TRACE_ID DEBUG http-nio-8888-exec-8 JDBCTemplate SQL:select count(*) from `t_project_config` where ( create_user_id = 1 )
2026-10-04 20:50:36.973 TRACE_ID DEBUG http-nio-8888-exec-5 JDBCTemplate SQL:select * from `t_project_config` where ( create_user_id = 1 ) order by id DESC limit 0,10
2026-10-04 20:50:36.973 TRACE_ID DEBUG http-nio-8888-exec-8 JDBCTemplate SQL:select * from `t_project_config` where ( create_user_id = 1 ) order by id DESC limit 0,10
2026-10-04 20:50:40.429 TRACE_ID DEBUG http-nio-8888-exec-2 CookieUtility get cookie Authorization
2026-10-04 20:50:40.429 TRACE_ID DEBUG http-nio-8888-exec-3 CookieUtility get cookie Authorization
2026-10-04 20:50:40.430 TRACE_ID DEBUG http-nio-8888-exec-3 JDBCTemplate SQL:select count(*) from `t_table_config` where ( project_id = 1  AND create_user_id = 1 )
2026-10-04 20:50:40.431 TRACE_ID DEBUG http-nio-8888-exec-2 JDBCTemplate SQL:select count(*) from `t_table_config` where ( project_id = 1  AND create_user_id = 1 )
2026-10-04 20:50:40.435 TRACE_ID DEBUG http-nio-8888-exec-2 JDBCTemplate SQL:select * from `t_table_config` where ( project_id = 1  AND create_user_id = 1 ) order by id DESC
2026-10-04 20:50:40.435 TRACE_ID DEBUG http-nio-8888-exec-3 JDBCTemplate SQL:select * from `t_table_config` where ( project_id = 1  AND create_user_id = 1 ) order by id DESC
2026-10-04 20:50:40.437 TRACE_ID DEBUG http-nio-8888-exec-2 JDBCTemplate SQL:select * from `t_project_config` where ( create_user_id = 1  AND status = ENABLE ) order by id DESC
2026-10-04 20:50:40.437 TRACE_ID DEBUG http-nio-8888-exec-3 JDBCTemplate SQL:select * from `t_project_config` where ( create_user_id = 1  AND status = ENABLE ) order by id DESC
2026-10-04 20:51:13.599 TRACE_ID DEBUG http-nio-8888-exec-9 CookieUtility get cookie Authorization
2026-10-04 20:51:13.608 TRACE_ID DEBUG http-nio-8888-exec-9 JDBCTemplate SQL:update `t_table_config` set 
`project_id`=1,
`description`=,
`locked`=false,
`checkable`=0,
`row_menu`=998,
`column_filter`=999,
`status_command`=true,
`column_configs`=[{"allowNull":true,"cellType":1,"chineseName":"","columnType":1,"controlType":4,"datasourceParams":"","datasourceType":1,"defaultHidden":false,"defaultValue":"","enableHidden":true,"headerType":1,"javaType":"java.lang.Long","number":true,"placeholder":"","propertyName":"id","searchType":1,"showInEdit":true,"showInList":true,"showInSearch":false,"sort":0},{"allowNull":false,"cellType":1,"chineseName":"租户ID","columnType":1,"controlType":1,"datasourceParams":"","datasourceType":1,"defaultHidden":false,"defaultValue":"0","enableHidden":true,"headerType":1,"javaType":"java.lang.Long","number":true,"placeholder":"","propertyName":"tenantId","searchType":1,"showInEdit":true,"showInList":true,"showInSearch":false,"sort":1,"validateType":"digital"},{"allowNull":false,"cellType":1,"chineseName":"权限编码","columnType":1,"controlType":1,"datasourceParams":"","datasourceType":1,"defaultHidden":false,"defaultValue":"","enableHidden":true,"headerType":1,"javaType":"java.lang.String","number":false,"placeholder":"","propertyName":"permissionCode","searchType":1,"showInEdit":true,"showInList":true,"showInSearch":false,"sort":2,"validateType":"string"},{"allowNull":false,"cellType":1,"chineseName":"权限/菜单名称","columnType":1,"controlType":1,"datasourceParams":"","datasourceType":1,"defaultHidden":false,"defaultValue":"","enableHidden":true,"headerType":1,"javaType":"java.lang.String","number":false,"placeholder":"","propertyName":"permissionName","searchType":1,"showInEdit":true,"showInList":true,"showInSearch":false,"sort":3,"validateType":"string"},{"allowNull":false,"cellType":1,"chineseName":"类型","columnType":1,"controlType":7,"datasourceParams":"permissionType","datasourceType":4,"defaultHidden":false,"defaultValue":"0","enableHidden":true,"headerType":1,"javaType":"java.lang.Integer","number":true,"placeholder":"","propertyName":"permissionType","searchType":1,"showInEdit":true,"showInList":true,"showInSearch":false,"sort":4,"validateType":"digital"},{"allowNull":false,"cellType":1,"chineseName":"APP ID","columnType":1,"controlType":7,"datasourceParams":"t_app","datasourceType":4,"defaultHidden":false,"defaultValue":"0","enableHidden":true,"headerType":1,"javaType":"java.lang.Long","number":true,"placeholder":"","propertyName":"appId","searchType":1,"showInEdit":true,"showInList":true,"showInSearch":false,"sort":5,"validateType":"digital"},{"allowNull":false,"cellType":1,"chineseName":"所属微服务ID","columnType":1,"controlType":7,"datasourceParams":"t_micro_service","datasourceType":4,"defaultHidden":false,"defaultValue":"0","enableHidden":true,"headerType":1,"javaType":"java.lang.Long","number":true,"placeholder":"","propertyName":"microServiceId","searchType":1,"showInEdit":true,"showInList":true,"showInSearch":false,"sort":6,"validateType":"digital"},{"allowNull":false,"cellType":1,"chineseName":"父节点ID","columnType":1,"controlType":7,"datasourceParams":"t_permission","datasourceType":4,"defaultHidden":false,"defaultValue":"0","enableHidden":true,"headerType":1,"javaType":"java.lang.Long","number":true,"placeholder":"","propertyName":"parentId","searchType":1,"showInEdit":true,"showInList":true,"showInSearch":false,"sort":7,"validateType":"digital"},{"allowNull":false,"cellType":1,"chineseName":"操作","columnType":1,"controlType":1,"datasourceParams":"","datasourceType":1,"defaultHidden":false,"defaultValue":"","enableHidden":true,"headerType":1,"javaType":"java.lang.String","number":false,"placeholder":"","propertyName":"operation","searchType":1,"showInEdit":true,"showInList":true,"showInSearch":false,"sort":8,"validateType":"string"},{"allowNull":false,"cellType":1,"chineseName":"对象/资源","columnType":1,"controlType":1,"datasourceParams":"","datasourceType":1,"defaultHidden":false,"defaultValue":"","enableHidden":true,"headerType":1,"javaType":"java.lang.String","number":false,"placeholder":"","propertyName":"object","searchType":1,"showInEdit":true,"showInList":true,"showInSearch":false,"sort":9,"validateType":"string"},{"allowNull":false,"cellType":1,"chineseName":"菜单/页面跳转地址","columnType":1,"controlType":1,"datasourceParams":"","datasourceType":1,"defaultHidden":false,"defaultValue":"","enableHidden":true,"headerType":1,"javaType":"java.lang.String","number":false,"placeholder":"","propertyName":"url","searchType":1,"showInEdit":true,"showInList":true,"showInSearch":false,"sort":10,"validateType":"string"},{"allowNull":false,"cellType":1,"chineseName":"HTTP方法","columnType":1,"controlType":1,"datasourceParams":"","datasourceType":1,"defaultHidden":false,"defaultValue":"","enableHidden":true,"headerType":1,"javaType":"java.lang.String","number":false,"placeholder":"","propertyName":"method","searchType":1,"showInEdit":true,"showInList":true,"showInSearch":false,"sort":11,"validateType":"string"},{"allowNull":false,"cellType":1,"chineseName":"菜单图标","columnType":1,"controlType":1,"datasourceParams":"permission_icon","datasourceType":5,"defaultHidden":false,"defaultValue":"","enableHidden":true,"headerType":1,"javaType":"java.lang.String","number":false,"placeholder":"","propertyName":"icon","searchType":1,"showInEdit":true,"showInList":true,"showInSearch":false,"sort":12,"validateType":"string"},{"allowNull":false,"cellType":1,"chineseName":"打开方式","columnType":1,"controlType":1,"datasourceParams":"","datasourceType":1,"defaultHidden":false,"defaultValue":"","enableHidden":true,"headerType":1,"javaType":"java.lang.String","number":false,"placeholder":"","propertyName":"openType","searchType":1,"showInEdit":true,"showInList":true,"showInSearch":false,"sort":13,"validateType":"string"},{"allowNull":false,"cellType":1,"chineseName":"排序","columnType":1,"controlType":1,"datasourceParams":"","datasourceType":1,"defaultHidden":false,"defaultValue":"0","enableHidden":true,"headerType":1,"javaType":"java.lang.Integer","number":true,"placeholder":"","propertyName":"sort","searchType":1,"showInEdit":true,"showInList":true,"showInSearch":false,"sort":14,"validateType":"digital"}],
`page_size`=10,
`only_access_self`=true,
`modified_user_id`=1,
`modified_user_name`=mock-user,
`gmt_modified`=1791118273605,
`deleted`=false where id=48
2026-10-04 20:51:23.073 TRACE_ID DEBUG http-nio-8888-exec-4 CookieUtility get cookie Authorization
2026-10-04 20:51:23.077 TRACE_ID DEBUG http-nio-8888-exec-4 JDBCTemplate SQL:select `id`,`name`,`full_base_package_name`,`frontend_name`,`chinese_name`,`i18n`,`description`,`module_prefix`,`architectures`,`config`,`wrap_with_parent`,`scaffold`,`create_user_name`,`create_user_id`,`modified_user_id`,`modified_user_name`,`gmt_create`,`gmt_modified`,`deleted`,`status` from `t_project_config` where id=1
2026-10-04 20:51:23.083 TRACE_ID DEBUG http-nio-8888-exec-4 JDBCTemplate SQL:select * from `t_table_config` where ( project_id = 1  AND create_user_id = 1  AND status = ENABLE ) order by id DESC limit 0,10
2026-10-04 20:51:23.377 TRACE_ID DEBUG http-nio-8888-exec-5 CookieUtility get cookie Authorization
2026-10-04 20:51:23.379 TRACE_ID DEBUG http-nio-8888-exec-5 JDBCTemplate SQL:select count(*) from `t_permission` where ( create_user_id = 1 )
2026-10-04 20:51:25.068 TRACE_ID DEBUG http-nio-8888-exec-10 CookieUtility get cookie Authorization
2026-10-04 20:51:25.088 TRACE_ID DEBUG http-nio-8888-exec-10 JDBCTemplate SQL:select count(*) from `t_permission` where ( create_user_id = 1 )
2026-10-04 20:51:25.099 TRACE_ID DEBUG http-nio-8888-exec-2 CookieUtility get cookie Authorization
2026-10-04 20:51:25.101 TRACE_ID DEBUG http-nio-8888-exec-2 JDBCTemplate SQL:select count(*) from `t_table_config` where ( project_id = 1  AND create_user_id = 1 )
2026-10-04 20:51:25.121 TRACE_ID DEBUG http-nio-8888-exec-2 JDBCTemplate SQL:select * from `t_table_config` where ( project_id = 1  AND create_user_id = 1 ) order by id DESC
2026-10-04 20:51:25.128 TRACE_ID DEBUG http-nio-8888-exec-2 JDBCTemplate SQL:select * from `t_project_config` where ( create_user_id = 1  AND status = ENABLE ) order by id DESC
2026-10-04 20:51:30.157 TRACE_ID DEBUG http-nio-8888-exec-6 CookieUtility get cookie Authorization
2026-10-04 20:51:30.157 TRACE_ID DEBUG http-nio-8888-exec-9 CookieUtility get cookie Authorization
2026-10-04 20:51:30.160 TRACE_ID DEBUG http-nio-8888-exec-6 JDBCTemplate SQL:select count(*) from `t_permission` where ( create_user_id = 1 )
2026-10-04 20:51:30.160 TRACE_ID DEBUG http-nio-8888-exec-9 JDBCTemplate SQL:select count(*) from `t_permission` where ( create_user_id = 1 )
2026-10-04 20:51:55.744 TRACE_ID DEBUG http-nio-8888-exec-5 CookieUtility get cookie Authorization
2026-10-04 20:51:55.744 TRACE_ID DEBUG http-nio-8888-exec-7 CookieUtility get cookie Authorization
2026-10-04 20:51:55.757 TRACE_ID DEBUG http-nio-8888-exec-7 JDBCTemplate SQL:select count(*) from `t_permission` where ( create_user_id = 1 )
2026-10-04 20:51:55.757 TRACE_ID DEBUG http-nio-8888-exec-5 JDBCTemplate SQL:select count(*) from `t_permission` where ( create_user_id = 1 )
2026-10-04 20:55:13.318 TRACE_ID DEBUG http-nio-8888-exec-6 CookieUtility get cookie Authorization
2026-10-04 20:55:13.318 TRACE_ID DEBUG http-nio-8888-exec-9 CookieUtility get cookie Authorization
2026-10-04 20:55:13.328 TRACE_ID DEBUG http-nio-8888-exec-6 JDBCTemplate SQL:select count(*) from `t_table_config` where ( project_id = 1  AND create_user_id = 1 )
2026-10-04 20:55:13.328 TRACE_ID DEBUG http-nio-8888-exec-9 JDBCTemplate SQL:select count(*) from `t_table_config` where ( project_id = 1  AND create_user_id = 1 )
2026-10-04 20:55:13.361 TRACE_ID DEBUG http-nio-8888-exec-6 JDBCTemplate SQL:select * from `t_table_config` where ( project_id = 1  AND create_user_id = 1 ) order by id DESC
2026-10-04 20:55:13.361 TRACE_ID DEBUG http-nio-8888-exec-9 JDBCTemplate SQL:select * from `t_table_config` where ( project_id = 1  AND create_user_id = 1 ) order by id DESC
2026-10-04 20:55:13.366 TRACE_ID DEBUG http-nio-8888-exec-6 JDBCTemplate SQL:select * from `t_project_config` where ( create_user_id = 1  AND status = ENABLE ) order by id DESC
2026-10-04 20:55:13.366 TRACE_ID DEBUG http-nio-8888-exec-9 JDBCTemplate SQL:select * from `t_project_config` where ( create_user_id = 1  AND status = ENABLE ) order by id DESC
2026-10-04 20:55:33.906 TRACE_ID DEBUG http-nio-8888-exec-4 CookieUtility get cookie Authorization
2026-10-04 20:55:33.909 TRACE_ID DEBUG http-nio-8888-exec-4 JDBCTemplate SQL:DELETE FROM `t_table_config` where id  =48
2026-10-04 20:55:47.279 TRACE_ID DEBUG http-nio-8888-exec-10 CookieUtility get cookie Authorization
2026-10-04 20:55:47.279 TRACE_ID DEBUG http-nio-8888-exec-2 CookieUtility get cookie Authorization
2026-10-04 20:55:47.287 TRACE_ID DEBUG http-nio-8888-exec-10 JDBCTemplate SQL:select count(*) from `t_table_config` where ( project_id = 1  AND create_user_id = 1 )
2026-10-04 20:55:47.287 TRACE_ID DEBUG http-nio-8888-exec-2 JDBCTemplate SQL:select count(*) from `t_table_config` where ( project_id = 1  AND create_user_id = 1 )
2026-10-04 20:55:47.290 TRACE_ID DEBUG http-nio-8888-exec-2 JDBCTemplate SQL:select * from `t_table_config` where ( project_id = 1  AND create_user_id = 1 ) order by id DESC
2026-10-04 20:55:47.290 TRACE_ID DEBUG http-nio-8888-exec-10 JDBCTemplate SQL:select * from `t_table_config` where ( project_id = 1  AND create_user_id = 1 ) order by id DESC
2026-10-04 20:55:47.293 TRACE_ID DEBUG http-nio-8888-exec-2 JDBCTemplate SQL:select * from `t_project_config` where ( create_user_id = 1  AND status = ENABLE ) order by id DESC
2026-10-04 20:55:47.294 TRACE_ID DEBUG http-nio-8888-exec-10 JDBCTemplate SQL:select * from `t_project_config` where ( create_user_id = 1  AND status = ENABLE ) order by id DESC
2026-10-04 20:56:15.687 TRACE_ID DEBUG http-nio-8888-exec-3 CookieUtility get cookie Authorization
2026-10-04 20:56:15.692 TRACE_ID DEBUG http-nio-8888-exec-3 JDBCTemplate SQL:insert into `t_table_config`(
`project_id`,
`primary_key`,
`table_name`,
`class_name`,
`description`,
`locked`,
`checkable`,
`row_menu`,
`column_filter`,
`status_command`,
`column_configs`,
`source`,
`source_code`,
`page_size`,
`only_access_self`,
`create_user_name`,
`create_user_id`,
`modified_user_id`,
`modified_user_name`,
`gmt_create`,
`gmt_modified`,
`deleted`,
`status`)values(
1,
id,
t_permission,
com.sparrow.security.po.Permission,
,
false,
0,
998,
999,
true,
[{"allowNull":true,"cellType":1,"chineseName":"","columnType":1,"controlType":4,"datasourceParams":"","datasourceType":1,"defaultHidden":false,"defaultValue":"","enableHidden":true,"headerType":1,"javaType":"java.lang.Long","number":true,"placeholder":"","propertyName":"id","searchType":1,"showInEdit":true,"showInList":true,"showInSearch":false,"sort":0},{"allowNull":false,"cellType":1,"chineseName":"租户ID，0=全局，>0=租户私有","columnType":1,"controlType":1,"datasourceParams":"","datasourceType":1,"defaultHidden":false,"defaultValue":"0","enableHidden":true,"headerType":1,"javaType":"java.lang.Long","number":true,"placeholder":"","propertyName":"tenantId","searchType":1,"showInEdit":true,"showInList":true,"showInSearch":false,"sort":1,"validateType":"digital"},{"allowNull":false,"cellType":1,"chineseName":"权限编码，如 order:create","columnType":1,"controlType":1,"datasourceParams":"","datasourceType":1,"defaultHidden":false,"defaultValue":"","enableHidden":true,"headerType":1,"javaType":"java.lang.String","number":false,"placeholder":"","propertyName":"permissionCode","searchType":1,"showInEdit":true,"showInList":true,"showInSearch":false,"sort":2,"validateType":"string"},{"allowNull":false,"cellType":1,"chineseName":"权限/菜单名称","columnType":1,"controlType":1,"datasourceParams":"","datasourceType":1,"defaultHidden":false,"defaultValue":"","enableHidden":true,"headerType":1,"javaType":"java.lang.String","number":false,"placeholder":"","propertyName":"permissionName","searchType":1,"showInEdit":true,"showInList":true,"showInSearch":false,"sort":3,"validateType":"string"},{"allowNull":false,"cellType":1,"chineseName":"1菜单 2页面 3事件","columnType":1,"controlType":1,"datasourceParams":"permissionType","datasourceType":4,"defaultHidden":false,"defaultValue":"0","enableHidden":true,"headerType":1,"javaType":"java.lang.Integer","number":true,"placeholder":"","propertyName":"permissionType","searchType":1,"showInEdit":true,"showInList":true,"showInSearch":false,"sort":4,"validateType":"digital"},{"allowNull":false,"cellType":1,"chineseName":"APP ID","columnType":1,"controlType":1,"datasourceParams":"t_app","datasourceType":4,"defaultHidden":false,"defaultValue":"0","enableHidden":true,"headerType":1,"javaType":"java.lang.Long","number":true,"placeholder":"","propertyName":"appId","searchType":1,"showInEdit":true,"showInList":true,"showInSearch":false,"sort":5,"validateType":"digital"},{"allowNull":false,"cellType":1,"chineseName":"所属微服务ID","columnType":1,"controlType":1,"datasourceParams":"t_micro_service","datasourceType":4,"defaultHidden":false,"defaultValue":"0","enableHidden":true,"headerType":1,"javaType":"java.lang.Long","number":true,"placeholder":"","propertyName":"microServiceId","searchType":1,"showInEdit":true,"showInList":true,"showInSearch":false,"sort":6,"validateType":"digital"},{"allowNull":false,"cellType":1,"chineseName":"父节点ID","columnType":1,"controlType":1,"datasourceParams":"t_permission","datasourceType":4,"defaultHidden":false,"defaultValue":"0","enableHidden":true,"headerType":1,"javaType":"java.lang.Long","number":true,"placeholder":"","propertyName":"parentId","searchType":1,"showInEdit":true,"showInList":true,"showInSearch":false,"sort":7,"validateType":"digital"},{"allowNull":false,"cellType":1,"chineseName":"操作：view/create/update/delete/export","columnType":1,"controlType":1,"datasourceParams":"","datasourceType":1,"defaultHidden":false,"defaultValue":"","enableHidden":true,"headerType":1,"javaType":"java.lang.String","number":false,"placeholder":"","propertyName":"operation","searchType":1,"showInEdit":true,"showInList":true,"showInSearch":false,"sort":8,"validateType":"string"},{"allowNull":false,"cellType":1,"chineseName":"对象/资源域：order/user/report","columnType":1,"controlType":1,"datasourceParams":"","datasourceType":1,"defaultHidden":false,"defaultValue":"","enableHidden":true,"headerType":1,"javaType":"java.lang.String","number":false,"placeholder":"","propertyName":"object","searchType":1,"showInEdit":true,"showInList":true,"showInSearch":false,"sort":9,"validateType":"string"},{"allowNull":false,"cellType":1,"chineseName":"菜单/页面跳转地址","columnType":1,"controlType":1,"datasourceParams":"","datasourceType":1,"defaultHidden":false,"defaultValue":"","enableHidden":true,"headerType":1,"javaType":"java.lang.String","number":false,"placeholder":"","propertyName":"url","searchType":1,"showInEdit":true,"showInList":true,"showInSearch":false,"sort":10,"validateType":"string"},{"allowNull":false,"cellType":1,"chineseName":"HTTP方法，API用","columnType":1,"controlType":1,"datasourceParams":"","datasourceType":1,"defaultHidden":false,"defaultValue":"","enableHidden":true,"headerType":1,"javaType":"java.lang.String","number":false,"placeholder":"","propertyName":"method","searchType":1,"showInEdit":true,"showInList":true,"showInSearch":false,"sort":11,"validateType":"string"},{"allowNull":false,"cellType":1,"chineseName":"菜单图标","columnType":1,"controlType":1,"datasourceParams":"permission_icon","datasourceType":5,"defaultHidden":false,"defaultValue":"","enableHidden":true,"headerType":1,"javaType":"java.lang.String","number":false,"placeholder":"","propertyName":"icon","searchType":1,"showInEdit":true,"showInList":true,"showInSearch":false,"sort":12,"validateType":"string"},{"allowNull":false,"cellType":1,"chineseName":"打开方式 _blank/_self","columnType":1,"controlType":1,"datasourceParams":"","datasourceType":1,"defaultHidden":false,"defaultValue":"","enableHidden":true,"headerType":1,"javaType":"java.lang.String","number":false,"placeholder":"","propertyName":"openType","searchType":1,"showInEdit":true,"showInList":true,"showInSearch":false,"sort":13,"validateType":"string"},{"allowNull":false,"cellType":1,"chineseName":"排序","columnType":1,"controlType":1,"datasourceParams":"","datasourceType":1,"defaultHidden":false,"defaultValue":"0","enableHidden":true,"headerType":1,"javaType":"java.lang.Integer","number":true,"placeholder":"","propertyName":"sort","searchType":1,"showInEdit":true,"showInList":true,"showInSearch":false,"sort":14,"validateType":"digital"}],
1,
,
10,
true,
mock-user,
1,
1,
mock-user,
1791118575690,
1791118575690,
false,
ENABLE)
2026-10-04 20:56:15.718 TRACE_ID DEBUG http-nio-8888-exec-9 CookieUtility get cookie Authorization
2026-10-04 20:56:15.719 TRACE_ID DEBUG http-nio-8888-exec-9 JDBCTemplate SQL:select count(*) from `t_table_config` where ( project_id = 1  AND create_user_id = 1 )
2026-10-04 20:56:15.720 TRACE_ID DEBUG http-nio-8888-exec-9 JDBCTemplate SQL:select * from `t_table_config` where ( project_id = 1  AND create_user_id = 1 ) order by id DESC
2026-10-04 20:56:15.722 TRACE_ID DEBUG http-nio-8888-exec-9 JDBCTemplate SQL:select * from `t_project_config` where ( create_user_id = 1  AND status = ENABLE ) order by id DESC
2026-10-04 20:57:02.647 TRACE_ID DEBUG main Application Running with Spring Boot v3.5.0, Spring v6.2.7
2026-10-04 20:57:03.946 TRACE_ID DEBUG main SparrowCorsFilter Filter 'corsFilter' configured for use
2026-10-04 20:57:03.946 TRACE_ID DEBUG main FlashFilter Filter 'flashFilter' configured for use
2026-10-04 20:57:04.400 TRACE_ID DEBUG main DruidCustomPasswordCallback DruidCustomPasswordCallback setProperties, passwordKey:mysql_sparrow_password, password:11111111
2026-10-04 20:57:04.530 TRACE_ID DEBUG main DruidCustomPasswordCallback DruidCustomPasswordCallback setProperties, passwordKey:mysql_sparrow_password, password:11111111
2026-10-04 20:57:04.543 TRACE_ID DEBUG main DruidCustomPasswordCallback DruidCustomPasswordCallback setProperties, passwordKey:mysql_sparrow_password, password:11111111
2026-10-04 20:57:04.549 TRACE_ID DEBUG main DruidCustomPasswordCallback DruidCustomPasswordCallback setProperties, passwordKey:mysql_sparrow_password, password:11111111
2026-10-04 20:57:04.553 TRACE_ID DEBUG main DruidCustomPasswordCallback DruidCustomPasswordCallback setProperties, passwordKey:mysql_sparrow_password, password:11111111
2026-10-04 20:57:04.558 TRACE_ID DEBUG main DruidCustomPasswordCallback DruidCustomPasswordCallback setProperties, passwordKey:mysql_sparrow_password, password:11111111
2026-10-04 20:57:04.563 TRACE_ID DEBUG main DruidCustomPasswordCallback DruidCustomPasswordCallback setProperties, passwordKey:mysql_sparrow_password, password:11111111
2026-10-04 20:57:04.568 TRACE_ID DEBUG main DruidCustomPasswordCallback DruidCustomPasswordCallback setProperties, passwordKey:mysql_sparrow_password, password:11111111
2026-10-04 20:57:11.458 TRACE_ID DEBUG http-nio-8888-exec-2 CookieUtility get cookie Authorization
2026-10-04 20:57:11.565 TRACE_ID DEBUG http-nio-8888-exec-2 JDBCTemplate SQL:DELETE FROM `t_table_config` where id  =50
2026-10-04 20:57:14.983 TRACE_ID DEBUG http-nio-8888-exec-6 CookieUtility get cookie Authorization
2026-10-04 20:57:14.983 TRACE_ID DEBUG http-nio-8888-exec-5 CookieUtility get cookie Authorization
2026-10-04 20:57:14.999 TRACE_ID DEBUG http-nio-8888-exec-6 JDBCTemplate SQL:select count(*) from `t_table_config` where ( project_id = 1  AND create_user_id = 1 )
2026-10-04 20:57:14.999 TRACE_ID DEBUG http-nio-8888-exec-5 JDBCTemplate SQL:select count(*) from `t_table_config` where ( project_id = 1  AND create_user_id = 1 )
2026-10-04 20:57:15.004 TRACE_ID DEBUG http-nio-8888-exec-6 JDBCTemplate SQL:select * from `t_table_config` where ( project_id = 1  AND create_user_id = 1 ) order by id DESC
2026-10-04 20:57:15.004 TRACE_ID DEBUG http-nio-8888-exec-5 JDBCTemplate SQL:select * from `t_table_config` where ( project_id = 1  AND create_user_id = 1 ) order by id DESC
2026-10-04 20:57:15.013 TRACE_ID DEBUG http-nio-8888-exec-6 JDBCTemplate SQL:select * from `t_project_config` where ( create_user_id = 1  AND status = ENABLE ) order by id DESC
2026-10-04 20:57:15.013 TRACE_ID DEBUG http-nio-8888-exec-5 JDBCTemplate SQL:select * from `t_project_config` where ( create_user_id = 1  AND status = ENABLE ) order by id DESC
2026-10-04 20:57:34.753 TRACE_ID DEBUG http-nio-8888-exec-8 CookieUtility get cookie Authorization
2026-10-04 20:57:34.771 TRACE_ID DEBUG http-nio-8888-exec-8 JDBCTemplate SQL:insert into `t_table_config`(
`project_id`,
`primary_key`,
`table_name`,
`class_name`,
`description`,
`locked`,
`checkable`,
`row_menu`,
`column_filter`,
`status_command`,
`column_configs`,
`source`,
`source_code`,
`page_size`,
`only_access_self`,
`create_user_name`,
`create_user_id`,
`modified_user_id`,
`modified_user_name`,
`gmt_create`,
`gmt_modified`,
`deleted`,
`status`)values(
1,
id,
t_permission,
com.sparrow.security.po.Permission,
,
false,
0,
998,
999,
true,
[{"allowNull":true,"cellType":1,"chineseName":"","columnType":1,"controlType":4,"datasourceParams":"","datasourceType":1,"defaultHidden":false,"defaultValue":"","enableHidden":true,"headerType":1,"javaType":"java.lang.Long","number":true,"placeholder":"","propertyName":"id","searchType":1,"showInEdit":true,"showInList":true,"showInSearch":false,"sort":0},{"allowNull":false,"cellType":1,"chineseName":"租户ID，0=全局，>0=租户私有","columnType":1,"controlType":1,"datasourceParams":"","datasourceType":1,"defaultHidden":false,"defaultValue":"0","enableHidden":true,"headerType":1,"javaType":"java.lang.Long","number":true,"placeholder":"","propertyName":"tenantId","searchType":1,"showInEdit":true,"showInList":true,"showInSearch":false,"sort":1,"validateType":"digital"},{"allowNull":false,"cellType":1,"chineseName":"权限编码，如 order:create","columnType":1,"controlType":1,"datasourceParams":"","datasourceType":1,"defaultHidden":false,"defaultValue":"","enableHidden":true,"headerType":1,"javaType":"java.lang.String","number":false,"placeholder":"","propertyName":"permissionCode","searchType":1,"showInEdit":true,"showInList":true,"showInSearch":false,"sort":2,"validateType":"string"},{"allowNull":false,"cellType":1,"chineseName":"权限/菜单名称","columnType":1,"controlType":1,"datasourceParams":"","datasourceType":1,"defaultHidden":false,"defaultValue":"","enableHidden":true,"headerType":1,"javaType":"java.lang.String","number":false,"placeholder":"","propertyName":"permissionName","searchType":1,"showInEdit":true,"showInList":true,"showInSearch":false,"sort":3,"validateType":"string"},{"allowNull":false,"cellType":1,"chineseName":"1菜单 2页面 3事件","columnType":1,"controlType":1,"datasourceParams":"permissionType","datasourceType":4,"defaultHidden":false,"defaultValue":"0","enableHidden":true,"headerType":1,"javaType":"java.lang.Integer","number":true,"placeholder":"","propertyName":"permissionType","searchType":1,"showInEdit":true,"showInList":true,"showInSearch":false,"sort":4,"validateType":"digital"},{"allowNull":false,"cellType":1,"chineseName":"APP ID","columnType":1,"controlType":1,"datasourceParams":"t_app","datasourceType":3,"defaultHidden":false,"defaultValue":"0","enableHidden":true,"headerType":1,"javaType":"java.lang.Long","number":true,"placeholder":"","propertyName":"appId","searchType":1,"showInEdit":true,"showInList":true,"showInSearch":false,"sort":5,"validateType":"digital"},{"allowNull":false,"cellType":1,"chineseName":"所属微服务ID","columnType":1,"controlType":1,"datasourceParams":"t_micro_service","datasourceType":3,"defaultHidden":false,"defaultValue":"0","enableHidden":true,"headerType":1,"javaType":"java.lang.Long","number":true,"placeholder":"","propertyName":"microServiceId","searchType":1,"showInEdit":true,"showInList":true,"showInSearch":false,"sort":6,"validateType":"digital"},{"allowNull":false,"cellType":1,"chineseName":"父节点ID","columnType":1,"controlType":1,"datasourceParams":"t_permission","datasourceType":3,"defaultHidden":false,"defaultValue":"0","enableHidden":true,"headerType":1,"javaType":"java.lang.Long","number":true,"placeholder":"","propertyName":"parentId","searchType":1,"showInEdit":true,"showInList":true,"showInSearch":false,"sort":7,"validateType":"digital"},{"allowNull":false,"cellType":1,"chineseName":"操作：view/create/update/delete/export","columnType":1,"controlType":1,"datasourceParams":"","datasourceType":1,"defaultHidden":false,"defaultValue":"","enableHidden":true,"headerType":1,"javaType":"java.lang.String","number":false,"placeholder":"","propertyName":"operation","searchType":1,"showInEdit":true,"showInList":true,"showInSearch":false,"sort":8,"validateType":"string"},{"allowNull":false,"cellType":1,"chineseName":"对象/资源域：order/user/report","columnType":1,"controlType":1,"datasourceParams":"","datasourceType":1,"defaultHidden":false,"defaultValue":"","enableHidden":true,"headerType":1,"javaType":"java.lang.String","number":false,"placeholder":"","propertyName":"object","searchType":1,"showInEdit":true,"showInList":true,"showInSearch":false,"sort":9,"validateType":"string"},{"allowNull":false,"cellType":1,"chineseName":"菜单/页面跳转地址","columnType":1,"controlType":1,"datasourceParams":"","datasourceType":1,"defaultHidden":false,"defaultValue":"","enableHidden":true,"headerType":1,"javaType":"java.lang.String","number":false,"placeholder":"","propertyName":"url","searchType":1,"showInEdit":true,"showInList":true,"showInSearch":false,"sort":10,"validateType":"string"},{"allowNull":false,"cellType":1,"chineseName":"HTTP方法，API用","columnType":1,"controlType":1,"datasourceParams":"","datasourceType":1,"defaultHidden":false,"defaultValue":"","enableHidden":true,"headerType":1,"javaType":"java.lang.String","number":false,"placeholder":"","propertyName":"method","searchType":1,"showInEdit":true,"showInList":true,"showInSearch":false,"sort":11,"validateType":"string"},{"allowNull":false,"cellType":1,"chineseName":"菜单图标","columnType":1,"controlType":1,"datasourceParams":"","datasourceType":1,"defaultHidden":false,"defaultValue":"","enableHidden":true,"headerType":1,"javaType":"java.lang.String","number":false,"placeholder":"","propertyName":"icon","searchType":1,"showInEdit":true,"showInList":true,"showInSearch":false,"sort":12,"validateType":"string"},{"allowNull":false,"cellType":1,"chineseName":"打开方式 _blank/_self","columnType":1,"controlType":1,"datasourceParams":"","datasourceType":1,"defaultHidden":false,"defaultValue":"","enableHidden":true,"headerType":1,"javaType":"java.lang.String","number":false,"placeholder":"","propertyName":"openType","searchType":1,"showInEdit":true,"showInList":true,"showInSearch":false,"sort":13,"validateType":"string"},{"allowNull":false,"cellType":1,"chineseName":"排序","columnType":1,"controlType":1,"datasourceParams":"","datasourceType":1,"defaultHidden":false,"defaultValue":"0","enableHidden":true,"headerType":1,"javaType":"java.lang.Integer","number":true,"placeholder":"","propertyName":"sort","searchType":1,"showInEdit":true,"showInList":true,"showInSearch":false,"sort":14,"validateType":"digital"}],
1,
,
10,
true,
mock-user,
1,
1,
mock-user,
1791118654763,
1791118654763,
false,
ENABLE)
2026-10-04 20:57:34.783 TRACE_ID DEBUG http-nio-8888-exec-10 CookieUtility get cookie Authorization
2026-10-04 20:57:34.784 TRACE_ID DEBUG http-nio-8888-exec-10 JDBCTemplate SQL:select count(*) from `t_table_config` where ( project_id = 1  AND create_user_id = 1 )
2026-10-04 20:57:34.786 TRACE_ID DEBUG http-nio-8888-exec-10 JDBCTemplate SQL:select * from `t_table_config` where ( project_id = 1  AND create_user_id = 1 ) order by id DESC
2026-10-04 20:57:34.789 TRACE_ID DEBUG http-nio-8888-exec-10 JDBCTemplate SQL:select * from `t_project_config` where ( create_user_id = 1  AND status = ENABLE ) order by id DESC
2026-10-04 20:59:14.252 TRACE_ID DEBUG http-nio-8888-exec-4 CookieUtility get cookie Authorization
2026-10-04 20:59:14.273 TRACE_ID DEBUG http-nio-8888-exec-4 JDBCTemplate SQL:update `t_table_config` set 
`project_id`=1,
`description`=,
`locked`=false,
`checkable`=0,
`row_menu`=998,
`column_filter`=999,
`status_command`=true,
`column_configs`=[{"allowNull":true,"cellType":1,"chineseName":"","columnType":1,"controlType":4,"datasourceParams":"","datasourceType":1,"defaultHidden":false,"defaultValue":"","enableHidden":true,"headerType":1,"javaType":"java.lang.Long","number":true,"placeholder":"","propertyName":"id","searchType":1,"showInEdit":true,"showInList":true,"showInSearch":false,"sort":0},{"allowNull":false,"cellType":1,"chineseName":"租户ID","columnType":1,"controlType":1,"datasourceParams":"","datasourceType":1,"defaultHidden":false,"defaultValue":"0","enableHidden":true,"headerType":1,"javaType":"java.lang.Long","number":true,"placeholder":"","propertyName":"tenantId","searchType":1,"showInEdit":true,"showInList":true,"showInSearch":false,"sort":1,"validateType":"digital"},{"allowNull":false,"cellType":1,"chineseName":"权限编码","columnType":1,"controlType":1,"datasourceParams":"","datasourceType":1,"defaultHidden":false,"defaultValue":"","enableHidden":true,"headerType":1,"javaType":"java.lang.String","number":false,"placeholder":"","propertyName":"permissionCode","searchType":1,"showInEdit":true,"showInList":true,"showInSearch":false,"sort":2,"validateType":"string"},{"allowNull":false,"cellType":1,"chineseName":"权限/菜单名称","columnType":1,"controlType":1,"datasourceParams":"","datasourceType":1,"defaultHidden":false,"defaultValue":"","enableHidden":true,"headerType":1,"javaType":"java.lang.String","number":false,"placeholder":"","propertyName":"permissionName","searchType":1,"showInEdit":true,"showInList":true,"showInSearch":false,"sort":3,"validateType":"string"},{"allowNull":false,"cellType":1,"chineseName":"类型","columnType":1,"controlType":"7","datasourceParams":"permissionType","datasourceType":4,"defaultHidden":false,"defaultValue":"0","enableHidden":true,"headerType":1,"javaType":"java.lang.Integer","number":true,"placeholder":"","propertyName":"permissionType","searchType":1,"showInEdit":true,"showInList":true,"showInSearch":false,"sort":4,"validateType":"digital"},{"allowNull":false,"cellType":1,"chineseName":"APP ID","columnType":1,"controlType":"7","datasourceParams":"t_app","datasourceType":3,"defaultHidden":false,"defaultValue":"0","enableHidden":true,"headerType":1,"javaType":"java.lang.Long","number":true,"placeholder":"","propertyName":"appId","searchType":1,"showInEdit":true,"showInList":true,"showInSearch":false,"sort":5,"validateType":"digital"},{"allowNull":false,"cellType":1,"chineseName":"所属微服务ID","columnType":1,"controlType":"7","datasourceParams":"t_micro_service","datasourceType":3,"defaultHidden":false,"defaultValue":"0","enableHidden":true,"headerType":1,"javaType":"java.lang.Long","number":true,"placeholder":"","propertyName":"microServiceId","searchType":1,"showInEdit":true,"showInList":true,"showInSearch":false,"sort":6,"validateType":"digital"},{"allowNull":false,"cellType":1,"chineseName":"父节点ID","columnType":1,"controlType":"7","datasourceParams":"t_permission","datasourceType":3,"defaultHidden":false,"defaultValue":"0","enableHidden":true,"headerType":1,"javaType":"java.lang.Long","number":true,"placeholder":"","propertyName":"parentId","searchType":1,"showInEdit":true,"showInList":true,"showInSearch":false,"sort":7,"validateType":"digital"},{"allowNull":false,"cellType":1,"chineseName":"操作","columnType":1,"controlType":1,"datasourceParams":"","datasourceType":1,"defaultHidden":false,"defaultValue":"","enableHidden":true,"headerType":1,"javaType":"java.lang.String","number":false,"placeholder":"","propertyName":"operation","searchType":1,"showInEdit":true,"showInList":true,"showInSearch":false,"sort":8,"validateType":"string"},{"allowNull":false,"cellType":1,"chineseName":"对象/资源域","columnType":1,"controlType":1,"datasourceParams":"","datasourceType":1,"defaultHidden":false,"defaultValue":"","enableHidden":true,"headerType":1,"javaType":"java.lang.String","number":false,"placeholder":"","propertyName":"object","searchType":1,"showInEdit":true,"showInList":true,"showInSearch":false,"sort":9,"validateType":"string"},{"allowNull":false,"cellType":1,"chineseName":"菜单/页面跳转地址","columnType":1,"controlType":1,"datasourceParams":"","datasourceType":1,"defaultHidden":false,"defaultValue":"","enableHidden":true,"headerType":1,"javaType":"java.lang.String","number":false,"placeholder":"","propertyName":"url","searchType":1,"showInEdit":true,"showInList":true,"showInSearch":false,"sort":10,"validateType":"string"},{"allowNull":false,"cellType":1,"chineseName":"HTTP方法","columnType":1,"controlType":1,"datasourceParams":"","datasourceType":1,"defaultHidden":false,"defaultValue":"","enableHidden":true,"headerType":1,"javaType":"java.lang.String","number":false,"placeholder":"","propertyName":"method","searchType":1,"showInEdit":true,"showInList":true,"showInSearch":false,"sort":11,"validateType":"string"},{"allowNull":false,"cellType":1,"chineseName":"菜单图标","columnType":1,"controlType":1,"datasourceParams":"","datasourceType":1,"defaultHidden":false,"defaultValue":"","enableHidden":true,"headerType":1,"javaType":"java.lang.String","number":false,"placeholder":"","propertyName":"icon","searchType":1,"showInEdit":true,"showInList":true,"showInSearch":false,"sort":12,"validateType":"string"},{"allowNull":false,"cellType":1,"chineseName":"打开方式 ","columnType":1,"controlType":1,"datasourceParams":"","datasourceType":1,"defaultHidden":false,"defaultValue":"","enableHidden":true,"headerType":1,"javaType":"java.lang.String","number":false,"placeholder":"","propertyName":"openType","searchType":1,"showInEdit":true,"showInList":true,"showInSearch":false,"sort":13,"validateType":"string"},{"allowNull":false,"cellType":1,"chineseName":"排序","columnType":1,"controlType":1,"datasourceParams":"","datasourceType":1,"defaultHidden":false,"defaultValue":"0","enableHidden":true,"headerType":1,"javaType":"java.lang.Integer","number":true,"placeholder":"","propertyName":"sort","searchType":1,"showInEdit":true,"showInList":true,"showInSearch":false,"sort":14,"validateType":"digital"}],
`page_size`=10,
`only_access_self`=true,
`modified_user_id`=1,
`modified_user_name`=mock-user,
`gmt_modified`=1791118754270,
`deleted`=false where id=51
2026-10-04 20:59:20.916 TRACE_ID DEBUG http-nio-8888-exec-6 CookieUtility get cookie Authorization
2026-10-04 20:59:20.920 TRACE_ID DEBUG http-nio-8888-exec-6 JDBCTemplate SQL:select `id`,`name`,`full_base_package_name`,`frontend_name`,`chinese_name`,`i18n`,`description`,`module_prefix`,`architectures`,`config`,`wrap_with_parent`,`scaffold`,`create_user_name`,`create_user_id`,`modified_user_id`,`modified_user_name`,`gmt_create`,`gmt_modified`,`deleted`,`status` from `t_project_config` where id=1
2026-10-04 20:59:20.926 TRACE_ID DEBUG http-nio-8888-exec-6 JDBCTemplate SQL:select * from `t_table_config` where ( project_id = 1  AND create_user_id = 1  AND status = ENABLE ) order by id DESC limit 0,10
2026-10-04 20:59:21.433 TRACE_ID DEBUG http-nio-8888-exec-8 CookieUtility get cookie Authorization
2026-10-04 20:59:21.441 TRACE_ID DEBUG http-nio-8888-exec-8 JDBCTemplate SQL:select count(*) from `t_permission` where ( create_user_id = 1 )
2026-10-04 20:59:23.114 TRACE_ID DEBUG http-nio-8888-exec-10 CookieUtility get cookie Authorization
2026-10-04 20:59:23.117 TRACE_ID DEBUG http-nio-8888-exec-10 JDBCTemplate SQL:select count(*) from `t_table_config` where ( project_id = 1  AND create_user_id = 1 )
2026-10-04 20:59:23.119 TRACE_ID DEBUG http-nio-8888-exec-10 JDBCTemplate SQL:select * from `t_table_config` where ( project_id = 1  AND create_user_id = 1 ) order by id DESC
2026-10-04 20:59:23.122 TRACE_ID DEBUG http-nio-8888-exec-10 JDBCTemplate SQL:select * from `t_project_config` where ( create_user_id = 1  AND status = ENABLE ) order by id DESC
2026-10-04 20:59:24.108 TRACE_ID DEBUG http-nio-8888-exec-2 CookieUtility get cookie Authorization
2026-10-04 20:59:24.116 TRACE_ID DEBUG http-nio-8888-exec-2 JDBCTemplate SQL:select count(*) from `t_permission` where ( create_user_id = 1 )
2026-10-04 20:59:36.981 TRACE_ID DEBUG http-nio-8888-exec-4 CookieUtility get cookie Authorization
2026-10-04 20:59:36.982 TRACE_ID DEBUG http-nio-8888-exec-5 CookieUtility get cookie Authorization
2026-10-04 20:59:36.991 TRACE_ID DEBUG http-nio-8888-exec-4 JDBCTemplate SQL:select count(*) from `t_permission` where ( create_user_id = 1 )
2026-10-04 20:59:36.993 TRACE_ID DEBUG http-nio-8888-exec-5 JDBCTemplate SQL:select count(*) from `t_permission` where ( create_user_id = 1 )
2026-10-04 21:00:03.531 TRACE_ID DEBUG main Application Running with Spring Boot v3.5.0, Spring v6.2.7
2026-10-04 21:00:04.876 TRACE_ID DEBUG main SparrowCorsFilter Filter 'corsFilter' configured for use
2026-10-04 21:00:04.877 TRACE_ID DEBUG main FlashFilter Filter 'flashFilter' configured for use
2026-10-04 21:00:05.307 TRACE_ID DEBUG main DruidCustomPasswordCallback DruidCustomPasswordCallback setProperties, passwordKey:mysql_sparrow_password, password:11111111
2026-10-04 21:00:05.411 TRACE_ID DEBUG main DruidCustomPasswordCallback DruidCustomPasswordCallback setProperties, passwordKey:mysql_sparrow_password, password:11111111
2026-10-04 21:00:05.414 TRACE_ID DEBUG main DruidCustomPasswordCallback DruidCustomPasswordCallback setProperties, passwordKey:mysql_sparrow_password, password:11111111
2026-10-04 21:00:05.418 TRACE_ID DEBUG main DruidCustomPasswordCallback DruidCustomPasswordCallback setProperties, passwordKey:mysql_sparrow_password, password:11111111
2026-10-04 21:00:05.421 TRACE_ID DEBUG main DruidCustomPasswordCallback DruidCustomPasswordCallback setProperties, passwordKey:mysql_sparrow_password, password:11111111
2026-10-04 21:00:05.428 TRACE_ID DEBUG main DruidCustomPasswordCallback DruidCustomPasswordCallback setProperties, passwordKey:mysql_sparrow_password, password:11111111
2026-10-04 21:00:05.430 TRACE_ID DEBUG main DruidCustomPasswordCallback DruidCustomPasswordCallback setProperties, passwordKey:mysql_sparrow_password, password:11111111
2026-10-04 21:00:05.435 TRACE_ID DEBUG main DruidCustomPasswordCallback DruidCustomPasswordCallback setProperties, passwordKey:mysql_sparrow_password, password:11111111
2026-10-04 21:00:11.787 TRACE_ID DEBUG http-nio-8888-exec-4 CookieUtility get cookie Authorization
2026-10-04 21:00:11.787 TRACE_ID DEBUG http-nio-8888-exec-3 CookieUtility get cookie Authorization
2026-10-04 21:00:11.932 TRACE_ID DEBUG http-nio-8888-exec-3 JDBCTemplate SQL:select count(*) from `t_permission` where ( create_user_id = 1 )
2026-10-04 21:00:11.932 TRACE_ID DEBUG http-nio-8888-exec-4 JDBCTemplate SQL:select count(*) from `t_permission` where ( create_user_id = 1 )
2026-10-04 21:00:11.945 TRACE_ID DEBUG http-nio-8888-exec-3 JDBCTemplate SQL:select * from `t_app` where ( create_user_id = 1  AND status = ENABLE ) order by id DESC
2026-10-04 21:00:11.945 TRACE_ID DEBUG http-nio-8888-exec-4 JDBCTemplate SQL:select * from `t_app` where ( create_user_id = 1  AND status = ENABLE ) order by id DESC
2026-10-04 21:00:11.951 TRACE_ID DEBUG http-nio-8888-exec-4 JDBCTemplate SQL:select * from `t_micro_service` where ( create_user_id = 1  AND status = ENABLE ) order by id DESC
2026-10-04 21:00:11.951 TRACE_ID DEBUG http-nio-8888-exec-3 JDBCTemplate SQL:select * from `t_micro_service` where ( create_user_id = 1  AND status = ENABLE ) order by id DESC
2026-10-04 21:00:11.954 TRACE_ID DEBUG http-nio-8888-exec-3 JDBCTemplate SQL:select * from `t_permission` where ( create_user_id = 1  AND status = ENABLE ) order by id DESC
2026-10-04 21:00:11.954 TRACE_ID DEBUG http-nio-8888-exec-4 JDBCTemplate SQL:select * from `t_permission` where ( create_user_id = 1  AND status = ENABLE ) order by id DESC
2026-10-04 21:30:03.215 TRACE_ID DEBUG main Application Running with Spring Boot v3.5.0, Spring v6.2.7
2026-10-04 21:30:04.427 TRACE_ID DEBUG main SparrowCorsFilter Filter 'corsFilter' configured for use
2026-10-04 21:30:04.427 TRACE_ID DEBUG main FlashFilter Filter 'flashFilter' configured for use
2026-10-04 21:30:04.844 TRACE_ID DEBUG main DruidCustomPasswordCallback DruidCustomPasswordCallback setProperties, passwordKey:mysql_sparrow_password, password:11111111
2026-10-04 21:30:04.966 TRACE_ID DEBUG main DruidCustomPasswordCallback DruidCustomPasswordCallback setProperties, passwordKey:mysql_sparrow_password, password:11111111
2026-10-04 21:30:04.969 TRACE_ID DEBUG main DruidCustomPasswordCallback DruidCustomPasswordCallback setProperties, passwordKey:mysql_sparrow_password, password:11111111
2026-10-04 21:30:04.973 TRACE_ID DEBUG main DruidCustomPasswordCallback DruidCustomPasswordCallback setProperties, passwordKey:mysql_sparrow_password, password:11111111
2026-10-04 21:30:04.984 TRACE_ID DEBUG main DruidCustomPasswordCallback DruidCustomPasswordCallback setProperties, passwordKey:mysql_sparrow_password, password:11111111
2026-10-04 21:30:04.988 TRACE_ID DEBUG main DruidCustomPasswordCallback DruidCustomPasswordCallback setProperties, passwordKey:mysql_sparrow_password, password:11111111
2026-10-04 21:30:04.992 TRACE_ID DEBUG main DruidCustomPasswordCallback DruidCustomPasswordCallback setProperties, passwordKey:mysql_sparrow_password, password:11111111
2026-10-04 21:30:04.997 TRACE_ID DEBUG main DruidCustomPasswordCallback DruidCustomPasswordCallback setProperties, passwordKey:mysql_sparrow_password, password:11111111
2026-10-04 21:30:15.212 TRACE_ID DEBUG http-nio-8888-exec-4 CookieUtility get cookie Authorization
2026-10-04 21:30:15.212 TRACE_ID DEBUG http-nio-8888-exec-3 CookieUtility get cookie Authorization
2026-10-04 21:30:15.391 TRACE_ID DEBUG http-nio-8888-exec-4 JDBCTemplate SQL:select count(*) from `t_permission` where ( create_user_id = 1 )
2026-10-04 21:30:15.391 TRACE_ID DEBUG http-nio-8888-exec-3 JDBCTemplate SQL:select count(*) from `t_permission` where ( create_user_id = 1 )
2026-10-04 21:30:15.426 TRACE_ID DEBUG http-nio-8888-exec-4 JDBCTemplate SQL:select * from `t_app` where ( create_user_id = 1  AND status = ENABLE ) order by id DESC
2026-10-04 21:30:15.426 TRACE_ID DEBUG http-nio-8888-exec-3 JDBCTemplate SQL:select * from `t_app` where ( create_user_id = 1  AND status = ENABLE ) order by id DESC
2026-10-04 21:30:15.445 TRACE_ID DEBUG http-nio-8888-exec-3 JDBCTemplate SQL:select * from `t_micro_service` where ( create_user_id = 1  AND status = ENABLE ) order by id DESC
2026-10-04 21:30:15.446 TRACE_ID DEBUG http-nio-8888-exec-4 JDBCTemplate SQL:select * from `t_micro_service` where ( create_user_id = 1  AND status = ENABLE ) order by id DESC
2026-10-04 21:30:15.449 TRACE_ID DEBUG http-nio-8888-exec-4 JDBCTemplate SQL:select * from `t_permission` where ( create_user_id = 1  AND status = ENABLE ) order by id DESC
2026-10-04 21:30:15.450 TRACE_ID DEBUG http-nio-8888-exec-3 JDBCTemplate SQL:select * from `t_permission` where ( create_user_id = 1  AND status = ENABLE ) order by id DESC
2026-10-04 21:30:29.984 TRACE_ID DEBUG http-nio-8888-exec-6 CookieUtility get cookie Authorization
2026-10-04 21:30:29.998 TRACE_ID DEBUG http-nio-8888-exec-6 JDBCTemplate SQL:DELETE FROM `t_table_config` where id  =51
2026-10-04 21:31:27.779 TRACE_ID DEBUG main Application Running with Spring Boot v3.5.0, Spring v6.2.7
2026-10-04 21:31:29.064 TRACE_ID DEBUG main SparrowCorsFilter Filter 'corsFilter' configured for use
2026-10-04 21:31:29.064 TRACE_ID DEBUG main FlashFilter Filter 'flashFilter' configured for use
2026-10-04 21:31:29.465 TRACE_ID DEBUG main DruidCustomPasswordCallback DruidCustomPasswordCallback setProperties, passwordKey:mysql_sparrow_password, password:11111111
2026-10-04 21:31:29.571 TRACE_ID DEBUG main DruidCustomPasswordCallback DruidCustomPasswordCallback setProperties, passwordKey:mysql_sparrow_password, password:11111111
2026-10-04 21:31:29.575 TRACE_ID DEBUG main DruidCustomPasswordCallback DruidCustomPasswordCallback setProperties, passwordKey:mysql_sparrow_password, password:11111111
2026-10-04 21:31:29.578 TRACE_ID DEBUG main DruidCustomPasswordCallback DruidCustomPasswordCallback setProperties, passwordKey:mysql_sparrow_password, password:11111111
2026-10-04 21:31:29.581 TRACE_ID DEBUG main DruidCustomPasswordCallback DruidCustomPasswordCallback setProperties, passwordKey:mysql_sparrow_password, password:11111111
2026-10-04 21:31:29.585 TRACE_ID DEBUG main DruidCustomPasswordCallback DruidCustomPasswordCallback setProperties, passwordKey:mysql_sparrow_password, password:11111111
2026-10-04 21:31:29.589 TRACE_ID DEBUG main DruidCustomPasswordCallback DruidCustomPasswordCallback setProperties, passwordKey:mysql_sparrow_password, password:11111111
2026-10-04 21:31:29.592 TRACE_ID DEBUG main DruidCustomPasswordCallback DruidCustomPasswordCallback setProperties, passwordKey:mysql_sparrow_password, password:11111111
2026-10-04 21:31:37.132 TRACE_ID DEBUG http-nio-8888-exec-2 CookieUtility get cookie Authorization
2026-10-04 21:31:37.253 TRACE_ID DEBUG http-nio-8888-exec-2 JDBCTemplate SQL:insert into `t_table_config`(
`project_id`,
`primary_key`,
`table_name`,
`class_name`,
`description`,
`locked`,
`checkable`,
`row_menu`,
`column_filter`,
`status_command`,
`column_configs`,
`source`,
`source_code`,
`page_size`,
`only_access_self`,
`create_user_name`,
`create_user_id`,
`modified_user_id`,
`modified_user_name`,
`gmt_create`,
`gmt_modified`,
`deleted`,
`status`)values(
1,
id,
t_permission,
com.sparrow.security.po.Permission,
,
false,
0,
998,
999,
true,
[{"allowNull":true,"cellType":1,"chineseName":"","columnType":1,"controlType":4,"datasourceParams":"","datasourceType":1,"defaultHidden":false,"defaultValue":"","enableHidden":true,"headerType":1,"javaType":"java.lang.Long","number":true,"placeholder":"","propertyName":"id","searchType":1,"showInEdit":true,"showInList":true,"showInSearch":false,"sort":0},{"allowNull":false,"cellType":1,"chineseName":"租户ID，0=全局，>0=租户私有","columnType":1,"controlType":1,"datasourceParams":"","datasourceType":1,"defaultHidden":false,"defaultValue":"0","enableHidden":true,"headerType":1,"javaType":"java.lang.Long","number":true,"placeholder":"","propertyName":"tenantId","searchType":1,"showInEdit":true,"showInList":true,"showInSearch":false,"sort":1,"validateType":"digital"},{"allowNull":false,"cellType":1,"chineseName":"权限编码，如 order:create","columnType":1,"controlType":1,"datasourceParams":"","datasourceType":1,"defaultHidden":false,"defaultValue":"","enableHidden":true,"headerType":1,"javaType":"java.lang.String","number":false,"placeholder":"","propertyName":"permissionCode","searchType":1,"showInEdit":true,"showInList":true,"showInSearch":false,"sort":2,"validateType":"string"},{"allowNull":false,"cellType":1,"chineseName":"权限/菜单名称","columnType":1,"controlType":1,"datasourceParams":"","datasourceType":1,"defaultHidden":false,"defaultValue":"","enableHidden":true,"headerType":1,"javaType":"java.lang.String","number":false,"placeholder":"","propertyName":"permissionName","searchType":1,"showInEdit":true,"showInList":true,"showInSearch":false,"sort":3,"validateType":"string"},{"allowNull":false,"cellType":1,"chineseName":"1菜单 2页面 3事件","columnType":1,"controlType":1,"datasourceParams":"permissionType","datasourceType":4,"defaultHidden":false,"defaultValue":"0","enableHidden":true,"headerType":1,"javaType":"java.lang.Integer","number":true,"placeholder":"","propertyName":"permissionType","searchType":1,"showInEdit":true,"showInList":true,"showInSearch":false,"sort":4,"validateType":"digital"},{"allowNull":false,"cellType":1,"chineseName":"APP ID","columnType":1,"controlType":1,"datasourceParams":"t_app","datasourceType":3,"defaultHidden":false,"defaultValue":"0","enableHidden":true,"headerType":1,"javaType":"java.lang.Long","number":true,"placeholder":"","propertyName":"appId","searchType":1,"showInEdit":true,"showInList":true,"showInSearch":false,"sort":5,"validateType":"digital"},{"allowNull":false,"cellType":1,"chineseName":"所属微服务ID","columnType":1,"controlType":1,"datasourceParams":"t_micro_service","datasourceType":3,"defaultHidden":false,"defaultValue":"0","enableHidden":true,"headerType":1,"javaType":"java.lang.Long","number":true,"placeholder":"","propertyName":"microServiceId","searchType":1,"showInEdit":true,"showInList":true,"showInSearch":false,"sort":6,"validateType":"digital"},{"allowNull":false,"cellType":1,"chineseName":"父节点ID","columnType":1,"controlType":1,"datasourceParams":"t_permission","datasourceType":3,"defaultHidden":false,"defaultValue":"0","enableHidden":true,"headerType":1,"javaType":"java.lang.Long","number":true,"placeholder":"","propertyName":"parentId","searchType":1,"showInEdit":true,"showInList":true,"showInSearch":false,"sort":7,"validateType":"digital"},{"allowNull":false,"cellType":1,"chineseName":"操作：view/create/update/delete/export","columnType":1,"controlType":1,"datasourceParams":"","datasourceType":1,"defaultHidden":false,"defaultValue":"","enableHidden":true,"headerType":1,"javaType":"java.lang.String","number":false,"placeholder":"","propertyName":"operation","searchType":1,"showInEdit":true,"showInList":true,"showInSearch":false,"sort":8,"validateType":"string"},{"allowNull":false,"cellType":1,"chineseName":"对象/资源域：order/user/report","columnType":1,"controlType":1,"datasourceParams":"","datasourceType":1,"defaultHidden":false,"defaultValue":"","enableHidden":true,"headerType":1,"javaType":"java.lang.String","number":false,"placeholder":"","propertyName":"object","searchType":1,"showInEdit":true,"showInList":true,"showInSearch":false,"sort":9,"validateType":"string"},{"allowNull":false,"cellType":1,"chineseName":"菜单/页面跳转地址","columnType":1,"controlType":1,"datasourceParams":"","datasourceType":1,"defaultHidden":false,"defaultValue":"","enableHidden":true,"headerType":1,"javaType":"java.lang.String","number":false,"placeholder":"","propertyName":"url","searchType":1,"showInEdit":true,"showInList":true,"showInSearch":false,"sort":10,"validateType":"string"},{"allowNull":false,"cellType":1,"chineseName":"HTTP方法，API用","columnType":1,"controlType":1,"datasourceParams":"httpMethod","datasourceType":4,"defaultHidden":false,"defaultValue":"","enableHidden":true,"headerType":1,"javaType":"java.lang.String","number":false,"placeholder":"","propertyName":"method","searchType":1,"showInEdit":true,"showInList":true,"showInSearch":false,"sort":11,"validateType":"string"},{"allowNull":false,"cellType":1,"chineseName":"菜单图标","columnType":1,"controlType":1,"datasourceParams":"","datasourceType":1,"defaultHidden":false,"defaultValue":"","enableHidden":true,"headerType":1,"javaType":"java.lang.String","number":false,"placeholder":"","propertyName":"icon","searchType":1,"showInEdit":true,"showInList":true,"showInSearch":false,"sort":12,"validateType":"string"},{"allowNull":false,"cellType":1,"chineseName":"Target","columnType":1,"controlType":1,"datasourceParams":"httpTarget","datasourceType":4,"defaultHidden":false,"defaultValue":"","enableHidden":true,"headerType":1,"javaType":"java.lang.String","number":false,"placeholder":"","propertyName":"target","searchType":1,"showInEdit":true,"showInList":true,"showInSearch":false,"sort":13,"validateType":"string"},{"allowNull":false,"cellType":1,"chineseName":"排序","columnType":1,"controlType":1,"datasourceParams":"","datasourceType":1,"defaultHidden":false,"defaultValue":"0","enableHidden":true,"headerType":1,"javaType":"java.lang.Integer","number":true,"placeholder":"","propertyName":"sort","searchType":1,"showInEdit":true,"showInList":true,"showInSearch":false,"sort":14,"validateType":"digital"}],
1,
,
10,
true,
mock-user,
1,
1,
mock-user,
1791120697241,
1791120697241,
false,
ENABLE)
2026-10-04 21:31:37.283 TRACE_ID DEBUG http-nio-8888-exec-4 CookieUtility get cookie Authorization
2026-10-04 21:31:37.287 TRACE_ID DEBUG http-nio-8888-exec-4 JDBCTemplate SQL:select count(*) from `t_table_config` where ( project_id = 1  AND create_user_id = 1 )
2026-10-04 21:31:37.291 TRACE_ID DEBUG http-nio-8888-exec-4 JDBCTemplate SQL:select * from `t_table_config` where ( project_id = 1  AND create_user_id = 1 ) order by id DESC
2026-10-04 21:31:37.297 TRACE_ID DEBUG http-nio-8888-exec-4 JDBCTemplate SQL:select * from `t_project_config` where ( create_user_id = 1  AND status = ENABLE ) order by id DESC
2026-10-04 21:43:52.684 TRACE_ID DEBUG main Application Running with Spring Boot v3.5.0, Spring v6.2.7
2026-10-04 21:43:53.878 TRACE_ID DEBUG main SparrowCorsFilter Filter 'corsFilter' configured for use
2026-10-04 21:43:53.878 TRACE_ID DEBUG main FlashFilter Filter 'flashFilter' configured for use
2026-10-04 21:43:54.279 TRACE_ID DEBUG main DruidCustomPasswordCallback DruidCustomPasswordCallback setProperties, passwordKey:mysql_sparrow_password, password:11111111
2026-10-04 21:43:54.385 TRACE_ID DEBUG main DruidCustomPasswordCallback DruidCustomPasswordCallback setProperties, passwordKey:mysql_sparrow_password, password:11111111
2026-10-04 21:43:54.390 TRACE_ID DEBUG main DruidCustomPasswordCallback DruidCustomPasswordCallback setProperties, passwordKey:mysql_sparrow_password, password:11111111
2026-10-04 21:43:54.397 TRACE_ID DEBUG main DruidCustomPasswordCallback DruidCustomPasswordCallback setProperties, passwordKey:mysql_sparrow_password, password:11111111
2026-10-04 21:43:54.402 TRACE_ID DEBUG main DruidCustomPasswordCallback DruidCustomPasswordCallback setProperties, passwordKey:mysql_sparrow_password, password:11111111
2026-10-04 21:43:54.406 TRACE_ID DEBUG main DruidCustomPasswordCallback DruidCustomPasswordCallback setProperties, passwordKey:mysql_sparrow_password, password:11111111
2026-10-04 21:43:54.409 TRACE_ID DEBUG main DruidCustomPasswordCallback DruidCustomPasswordCallback setProperties, passwordKey:mysql_sparrow_password, password:11111111
2026-10-04 21:43:54.412 TRACE_ID DEBUG main DruidCustomPasswordCallback DruidCustomPasswordCallback setProperties, passwordKey:mysql_sparrow_password, password:11111111
2026-10-04 21:44:03.425 TRACE_ID DEBUG http-nio-8888-exec-2 CookieUtility get cookie Authorization
2026-10-04 21:44:03.428 TRACE_ID DEBUG http-nio-8888-exec-3 CookieUtility get cookie Authorization
2026-10-04 21:44:03.723 TRACE_ID DEBUG http-nio-8888-exec-3 JDBCTemplate SQL:select count(*) from `t_table_config` where ( project_id = 1  AND create_user_id = 1 )
2026-10-04 21:44:03.723 TRACE_ID DEBUG http-nio-8888-exec-2 JDBCTemplate SQL:select count(*) from `t_table_config` where ( project_id = 1  AND create_user_id = 1 )
2026-10-04 21:44:03.739 TRACE_ID DEBUG http-nio-8888-exec-3 JDBCTemplate SQL:select * from `t_table_config` where ( project_id = 1  AND create_user_id = 1 ) order by id DESC
2026-10-04 21:44:03.739 TRACE_ID DEBUG http-nio-8888-exec-2 JDBCTemplate SQL:select * from `t_table_config` where ( project_id = 1  AND create_user_id = 1 ) order by id DESC
2026-10-04 21:44:03.767 TRACE_ID DEBUG http-nio-8888-exec-3 JDBCTemplate SQL:select * from `t_project_config` where ( create_user_id = 1  AND status = ENABLE ) order by id DESC
2026-10-04 21:44:03.767 TRACE_ID DEBUG http-nio-8888-exec-2 JDBCTemplate SQL:select * from `t_project_config` where ( create_user_id = 1  AND status = ENABLE ) order by id DESC
2026-10-04 21:44:06.291 TRACE_ID DEBUG http-nio-8888-exec-6 CookieUtility get cookie Authorization
2026-10-04 21:44:06.291 TRACE_ID DEBUG http-nio-8888-exec-7 CookieUtility get cookie Authorization
2026-10-04 21:44:06.302 TRACE_ID DEBUG http-nio-8888-exec-6 JDBCTemplate SQL:select count(*) from `t_permission` where ( create_user_id = 1 )
2026-10-04 21:44:06.302 TRACE_ID DEBUG http-nio-8888-exec-7 JDBCTemplate SQL:select count(*) from `t_permission` where ( create_user_id = 1 )
2026-10-04 21:44:06.321 TRACE_ID DEBUG http-nio-8888-exec-7 JDBCTemplate SQL:select * from `t_app` where ( create_user_id = 1  AND status = ENABLE ) order by id DESC
2026-10-04 21:44:06.321 TRACE_ID DEBUG http-nio-8888-exec-6 JDBCTemplate SQL:select * from `t_app` where ( create_user_id = 1  AND status = ENABLE ) order by id DESC
2026-10-04 21:44:06.325 TRACE_ID DEBUG http-nio-8888-exec-7 JDBCTemplate SQL:select * from `t_micro_service` where ( create_user_id = 1  AND status = ENABLE ) order by id DESC
2026-10-04 21:44:06.325 TRACE_ID DEBUG http-nio-8888-exec-6 JDBCTemplate SQL:select * from `t_micro_service` where ( create_user_id = 1  AND status = ENABLE ) order by id DESC
2026-10-04 21:44:06.327 TRACE_ID DEBUG http-nio-8888-exec-6 JDBCTemplate SQL:select * from `t_permission` where ( create_user_id = 1  AND status = ENABLE ) order by id DESC
2026-10-04 21:44:06.327 TRACE_ID DEBUG http-nio-8888-exec-7 JDBCTemplate SQL:select * from `t_permission` where ( create_user_id = 1  AND status = ENABLE ) order by id DESC
2026-10-04 21:44:17.514 TRACE_ID DEBUG http-nio-8888-exec-1 CookieUtility get cookie Authorization
2026-10-04 21:44:17.514 TRACE_ID DEBUG http-nio-8888-exec-10 CookieUtility get cookie Authorization
2026-10-04 21:44:17.524 TRACE_ID DEBUG http-nio-8888-exec-1 JDBCTemplate SQL:select count(*) from `t_project_config` where ( create_user_id = 1 )
2026-10-04 21:44:17.524 TRACE_ID DEBUG http-nio-8888-exec-10 JDBCTemplate SQL:select count(*) from `t_project_config` where ( create_user_id = 1 )
2026-10-04 21:44:17.525 TRACE_ID DEBUG http-nio-8888-exec-1 JDBCTemplate SQL:select * from `t_project_config` where ( create_user_id = 1 ) order by id DESC limit 0,10
2026-10-04 21:44:17.526 TRACE_ID DEBUG http-nio-8888-exec-10 JDBCTemplate SQL:select * from `t_project_config` where ( create_user_id = 1 ) order by id DESC limit 0,10
2026-10-04 21:44:20.888 TRACE_ID DEBUG http-nio-8888-exec-4 CookieUtility get cookie Authorization
2026-10-04 21:44:20.888 TRACE_ID DEBUG http-nio-8888-exec-5 CookieUtility get cookie Authorization
2026-10-04 21:44:20.891 TRACE_ID DEBUG http-nio-8888-exec-5 JDBCTemplate SQL:select count(*) from `t_table_config` where ( project_id = 1  AND create_user_id = 1 )
2026-10-04 21:44:20.892 TRACE_ID DEBUG http-nio-8888-exec-4 JDBCTemplate SQL:select count(*) from `t_table_config` where ( project_id = 1  AND create_user_id = 1 )
2026-10-04 21:44:20.893 TRACE_ID DEBUG http-nio-8888-exec-5 JDBCTemplate SQL:select * from `t_table_config` where ( project_id = 1  AND create_user_id = 1 ) order by id DESC
2026-10-04 21:44:20.893 TRACE_ID DEBUG http-nio-8888-exec-4 JDBCTemplate SQL:select * from `t_table_config` where ( project_id = 1  AND create_user_id = 1 ) order by id DESC
2026-10-04 21:44:20.897 TRACE_ID DEBUG http-nio-8888-exec-5 JDBCTemplate SQL:select * from `t_project_config` where ( create_user_id = 1  AND status = ENABLE ) order by id DESC
2026-10-04 21:44:20.897 TRACE_ID DEBUG http-nio-8888-exec-4 JDBCTemplate SQL:select * from `t_project_config` where ( create_user_id = 1  AND status = ENABLE ) order by id DESC
2026-10-04 21:44:45.936 TRACE_ID DEBUG http-nio-8888-exec-8 CookieUtility get cookie Authorization
2026-10-04 21:44:45.936 TRACE_ID DEBUG http-nio-8888-exec-9 CookieUtility get cookie Authorization
2026-10-04 21:44:45.944 TRACE_ID DEBUG http-nio-8888-exec-8 JDBCTemplate SQL:select count(*) from `t_project_config` where ( create_user_id = 1 )
2026-10-04 21:44:45.944 TRACE_ID DEBUG http-nio-8888-exec-9 JDBCTemplate SQL:select count(*) from `t_project_config` where ( create_user_id = 1 )
2026-10-04 21:44:45.947 TRACE_ID DEBUG http-nio-8888-exec-8 JDBCTemplate SQL:select * from `t_project_config` where ( create_user_id = 1 ) order by id DESC limit 0,10
2026-10-04 21:44:45.947 TRACE_ID DEBUG http-nio-8888-exec-9 JDBCTemplate SQL:select * from `t_project_config` where ( create_user_id = 1 ) order by id DESC limit 0,10
2026-10-04 21:44:46.952 TRACE_ID DEBUG http-nio-8888-exec-2 CookieUtility get cookie Authorization
2026-10-04 21:44:46.952 TRACE_ID DEBUG http-nio-8888-exec-3 CookieUtility get cookie Authorization
2026-10-04 21:44:46.953 TRACE_ID DEBUG http-nio-8888-exec-3 JDBCTemplate SQL:select count(*) from `t_table_config` where ( project_id = 1  AND create_user_id = 1 )
2026-10-04 21:44:46.953 TRACE_ID DEBUG http-nio-8888-exec-2 JDBCTemplate SQL:select count(*) from `t_table_config` where ( project_id = 1  AND create_user_id = 1 )
2026-10-04 21:44:46.955 TRACE_ID DEBUG http-nio-8888-exec-3 JDBCTemplate SQL:select * from `t_table_config` where ( project_id = 1  AND create_user_id = 1 ) order by id DESC
2026-10-04 21:44:46.955 TRACE_ID DEBUG http-nio-8888-exec-2 JDBCTemplate SQL:select * from `t_table_config` where ( project_id = 1  AND create_user_id = 1 ) order by id DESC
2026-10-04 21:44:46.958 TRACE_ID DEBUG http-nio-8888-exec-3 JDBCTemplate SQL:select * from `t_project_config` where ( create_user_id = 1  AND status = ENABLE ) order by id DESC
2026-10-04 21:44:46.958 TRACE_ID DEBUG http-nio-8888-exec-2 JDBCTemplate SQL:select * from `t_project_config` where ( create_user_id = 1  AND status = ENABLE ) order by id DESC
2026-10-04 21:44:57.246 TRACE_ID DEBUG http-nio-8888-exec-7 CookieUtility get cookie Authorization
2026-10-04 21:44:57.251 TRACE_ID DEBUG http-nio-8888-exec-7 JDBCTemplate SQL:DELETE FROM `t_table_config` where id  =52
2026-10-04 21:45:09.024 TRACE_ID DEBUG http-nio-8888-exec-9 CookieUtility get cookie Authorization
2026-10-04 21:45:09.042 TRACE_ID DEBUG http-nio-8888-exec-9 JDBCTemplate SQL:insert into `t_table_config`(
`project_id`,
`primary_key`,
`table_name`,
`class_name`,
`description`,
`locked`,
`checkable`,
`row_menu`,
`column_filter`,
`status_command`,
`column_configs`,
`source`,
`source_code`,
`page_size`,
`only_access_self`,
`create_user_name`,
`create_user_id`,
`modified_user_id`,
`modified_user_name`,
`gmt_create`,
`gmt_modified`,
`deleted`,
`status`)values(
1,
id,
t_permission,
com.sparrow.security.po.Permission,
,
false,
0,
998,
999,
true,
[{"allowNull":true,"cellType":1,"chineseName":"","columnType":1,"controlType":4,"datasourceParams":"","datasourceType":1,"defaultHidden":false,"defaultValue":"","enableHidden":true,"headerType":1,"javaType":"java.lang.Long","number":true,"placeholder":"","propertyName":"id","searchType":1,"showInEdit":true,"showInList":true,"showInSearch":false,"sort":0},{"allowNull":false,"cellType":1,"chineseName":"租户ID，0=全局，>0=租户私有","columnType":1,"controlType":1,"datasourceParams":"","datasourceType":1,"defaultHidden":false,"defaultValue":"0","enableHidden":true,"headerType":1,"javaType":"java.lang.Long","number":true,"placeholder":"","propertyName":"tenantId","searchType":1,"showInEdit":true,"showInList":true,"showInSearch":false,"sort":1,"validateType":"digital"},{"allowNull":false,"cellType":1,"chineseName":"权限编码，如 order:create","columnType":1,"controlType":1,"datasourceParams":"","datasourceType":1,"defaultHidden":false,"defaultValue":"","enableHidden":true,"headerType":1,"javaType":"java.lang.String","number":false,"placeholder":"","propertyName":"permissionCode","searchType":1,"showInEdit":true,"showInList":true,"showInSearch":false,"sort":2,"validateType":"string"},{"allowNull":false,"cellType":1,"chineseName":"权限/菜单名称","columnType":1,"controlType":1,"datasourceParams":"","datasourceType":1,"defaultHidden":false,"defaultValue":"","enableHidden":true,"headerType":1,"javaType":"java.lang.String","number":false,"placeholder":"","propertyName":"permissionName","searchType":1,"showInEdit":true,"showInList":true,"showInSearch":false,"sort":3,"validateType":"string"},{"allowNull":false,"cellType":1,"chineseName":"1菜单 2页面 3事件","columnType":1,"controlType":7,"datasourceParams":"permissionType","datasourceType":4,"defaultHidden":false,"defaultValue":"","enableHidden":true,"headerType":1,"javaType":"java.lang.Integer","number":true,"placeholder":"","propertyName":"permissionType","searchType":1,"showInEdit":true,"showInList":true,"showInSearch":false,"sort":4,"validateType":"digital"},{"allowNull":false,"cellType":1,"chineseName":"APP ID","columnType":1,"controlType":7,"datasourceParams":"t_app","datasourceType":3,"defaultHidden":false,"defaultValue":"","enableHidden":true,"headerType":1,"javaType":"java.lang.Long","number":true,"placeholder":"","propertyName":"appId","searchType":1,"showInEdit":true,"showInList":true,"showInSearch":false,"sort":5,"validateType":"digital"},{"allowNull":false,"cellType":1,"chineseName":"所属微服务ID","columnType":1,"controlType":7,"datasourceParams":"t_micro_service","datasourceType":3,"defaultHidden":false,"defaultValue":"","enableHidden":true,"headerType":1,"javaType":"java.lang.Long","number":true,"placeholder":"","propertyName":"microServiceId","searchType":1,"showInEdit":true,"showInList":true,"showInSearch":false,"sort":6,"validateType":"digital"},{"allowNull":false,"cellType":1,"chineseName":"父节点ID","columnType":1,"controlType":7,"datasourceParams":"t_permission","datasourceType":3,"defaultHidden":false,"defaultValue":"","enableHidden":true,"headerType":1,"javaType":"java.lang.Long","number":true,"placeholder":"","propertyName":"parentId","searchType":1,"showInEdit":true,"showInList":true,"showInSearch":false,"sort":7,"validateType":"digital"},{"allowNull":false,"cellType":1,"chineseName":"操作：view/create/update/delete/export","columnType":1,"controlType":1,"datasourceParams":"","datasourceType":1,"defaultHidden":false,"defaultValue":"","enableHidden":true,"headerType":1,"javaType":"java.lang.String","number":false,"placeholder":"","propertyName":"operation","searchType":1,"showInEdit":true,"showInList":true,"showInSearch":false,"sort":8,"validateType":"string"},{"allowNull":false,"cellType":1,"chineseName":"对象/资源域：order/user/report","columnType":1,"controlType":1,"datasourceParams":"","datasourceType":1,"defaultHidden":false,"defaultValue":"","enableHidden":true,"headerType":1,"javaType":"java.lang.String","number":false,"placeholder":"","propertyName":"object","searchType":1,"showInEdit":true,"showInList":true,"showInSearch":false,"sort":9,"validateType":"string"},{"allowNull":false,"cellType":1,"chineseName":"菜单/页面跳转地址","columnType":1,"controlType":1,"datasourceParams":"","datasourceType":1,"defaultHidden":false,"defaultValue":"","enableHidden":true,"headerType":1,"javaType":"java.lang.String","number":false,"placeholder":"","propertyName":"url","searchType":1,"showInEdit":true,"showInList":true,"showInSearch":false,"sort":10,"validateType":"string"},{"allowNull":false,"cellType":1,"chineseName":"HTTP方法，API用","columnType":1,"controlType":7,"datasourceParams":"httpMethod","datasourceType":4,"defaultHidden":false,"defaultValue":"","enableHidden":true,"headerType":1,"javaType":"java.lang.String","number":false,"placeholder":"","propertyName":"method","searchType":1,"showInEdit":true,"showInList":true,"showInSearch":false,"sort":11,"validateType":"string"},{"allowNull":false,"cellType":1,"chineseName":"菜单图标","columnType":1,"controlType":1,"datasourceParams":"","datasourceType":1,"defaultHidden":false,"defaultValue":"","enableHidden":true,"headerType":1,"javaType":"java.lang.String","number":false,"placeholder":"","propertyName":"icon","searchType":1,"showInEdit":true,"showInList":true,"showInSearch":false,"sort":12,"validateType":"string"},{"allowNull":false,"cellType":1,"chineseName":"Target","columnType":1,"controlType":7,"datasourceParams":"httpTarget","datasourceType":4,"defaultHidden":false,"defaultValue":"","enableHidden":true,"headerType":1,"javaType":"java.lang.String","number":false,"placeholder":"","propertyName":"target","searchType":1,"showInEdit":true,"showInList":true,"showInSearch":false,"sort":13,"validateType":"string"},{"allowNull":false,"cellType":1,"chineseName":"排序","columnType":1,"controlType":1,"datasourceParams":"","datasourceType":1,"defaultHidden":false,"defaultValue":"0","enableHidden":true,"headerType":1,"javaType":"java.lang.Integer","number":true,"placeholder":"","propertyName":"sort","searchType":1,"showInEdit":true,"showInList":true,"showInSearch":false,"sort":14,"validateType":"digital"}],
,
,
10,
true,
mock-user,
1,
1,
mock-user,
1791121509035,
1791121509035,
false,
ENABLE)
2026-10-04 21:46:00.908 TRACE_ID DEBUG http-nio-8888-exec-10 CookieUtility get cookie Authorization
2026-10-04 21:46:00.924 TRACE_ID DEBUG http-nio-8888-exec-10 JDBCTemplate SQL:insert into `t_table_config`(
`project_id`,
`primary_key`,
`table_name`,
`class_name`,
`description`,
`locked`,
`checkable`,
`row_menu`,
`column_filter`,
`status_command`,
`column_configs`,
`source`,
`source_code`,
`page_size`,
`only_access_self`,
`create_user_name`,
`create_user_id`,
`modified_user_id`,
`modified_user_name`,
`gmt_create`,
`gmt_modified`,
`deleted`,
`status`)values(
1,
id,
t_permission,
com.sparrow.security.po.Permission,
,
false,
0,
998,
999,
true,
[{"allowNull":true,"cellType":1,"chineseName":"","columnType":1,"controlType":4,"datasourceParams":"","datasourceType":1,"defaultHidden":false,"defaultValue":"","enableHidden":true,"headerType":1,"javaType":"java.lang.Long","number":true,"placeholder":"","propertyName":"id","searchType":1,"showInEdit":true,"showInList":true,"showInSearch":false,"sort":0},{"allowNull":false,"cellType":1,"chineseName":"租户ID，0=全局，>0=租户私有","columnType":1,"controlType":1,"datasourceParams":"","datasourceType":1,"defaultHidden":false,"defaultValue":"0","enableHidden":true,"headerType":1,"javaType":"java.lang.Long","number":true,"placeholder":"","propertyName":"tenantId","searchType":1,"showInEdit":true,"showInList":true,"showInSearch":false,"sort":1,"validateType":"digital"},{"allowNull":false,"cellType":1,"chineseName":"权限编码，如 order:create","columnType":1,"controlType":1,"datasourceParams":"","datasourceType":1,"defaultHidden":false,"defaultValue":"","enableHidden":true,"headerType":1,"javaType":"java.lang.String","number":false,"placeholder":"","propertyName":"permissionCode","searchType":1,"showInEdit":true,"showInList":true,"showInSearch":false,"sort":2,"validateType":"string"},{"allowNull":false,"cellType":1,"chineseName":"权限/菜单名称","columnType":1,"controlType":1,"datasourceParams":"","datasourceType":1,"defaultHidden":false,"defaultValue":"","enableHidden":true,"headerType":1,"javaType":"java.lang.String","number":false,"placeholder":"","propertyName":"permissionName","searchType":1,"showInEdit":true,"showInList":true,"showInSearch":false,"sort":3,"validateType":"string"},{"allowNull":false,"cellType":1,"chineseName":"1菜单 2页面 3事件","columnType":1,"controlType":7,"datasourceParams":"permissionType","datasourceType":4,"defaultHidden":false,"defaultValue":"","enableHidden":true,"headerType":1,"javaType":"java.lang.Integer","number":true,"placeholder":"","propertyName":"permissionType","searchType":1,"showInEdit":true,"showInList":true,"showInSearch":false,"sort":4,"validateType":"digital"},{"allowNull":false,"cellType":1,"chineseName":"APP ID","columnType":1,"controlType":7,"datasourceParams":"t_app","datasourceType":3,"defaultHidden":false,"defaultValue":"","enableHidden":true,"headerType":1,"javaType":"java.lang.Long","number":true,"placeholder":"","propertyName":"appId","searchType":1,"showInEdit":true,"showInList":true,"showInSearch":false,"sort":5,"validateType":"digital"},{"allowNull":false,"cellType":1,"chineseName":"所属微服务ID","columnType":1,"controlType":7,"datasourceParams":"t_micro_service","datasourceType":3,"defaultHidden":false,"defaultValue":"","enableHidden":true,"headerType":1,"javaType":"java.lang.Long","number":true,"placeholder":"","propertyName":"microServiceId","searchType":1,"showInEdit":true,"showInList":true,"showInSearch":false,"sort":6,"validateType":"digital"},{"allowNull":false,"cellType":1,"chineseName":"父节点ID","columnType":1,"controlType":7,"datasourceParams":"t_permission","datasourceType":3,"defaultHidden":false,"defaultValue":"","enableHidden":true,"headerType":1,"javaType":"java.lang.Long","number":true,"placeholder":"","propertyName":"parentId","searchType":1,"showInEdit":true,"showInList":true,"showInSearch":false,"sort":7,"validateType":"digital"},{"allowNull":false,"cellType":1,"chineseName":"操作：view/create/update/delete/export","columnType":1,"controlType":1,"datasourceParams":"","datasourceType":1,"defaultHidden":false,"defaultValue":"","enableHidden":true,"headerType":1,"javaType":"java.lang.String","number":false,"placeholder":"","propertyName":"operation","searchType":1,"showInEdit":true,"showInList":true,"showInSearch":false,"sort":8,"validateType":"string"},{"allowNull":false,"cellType":1,"chineseName":"对象/资源域：order/user/report","columnType":1,"controlType":1,"datasourceParams":"","datasourceType":1,"defaultHidden":false,"defaultValue":"","enableHidden":true,"headerType":1,"javaType":"java.lang.String","number":false,"placeholder":"","propertyName":"object","searchType":1,"showInEdit":true,"showInList":true,"showInSearch":false,"sort":9,"validateType":"string"},{"allowNull":false,"cellType":1,"chineseName":"菜单/页面跳转地址","columnType":1,"controlType":1,"datasourceParams":"","datasourceType":1,"defaultHidden":false,"defaultValue":"","enableHidden":true,"headerType":1,"javaType":"java.lang.String","number":false,"placeholder":"","propertyName":"url","searchType":1,"showInEdit":true,"showInList":true,"showInSearch":false,"sort":10,"validateType":"string"},{"allowNull":false,"cellType":1,"chineseName":"HTTP方法，API用","columnType":1,"controlType":7,"datasourceParams":"httpMethod","datasourceType":4,"defaultHidden":false,"defaultValue":"","enableHidden":true,"headerType":1,"javaType":"java.lang.String","number":false,"placeholder":"","propertyName":"method","searchType":1,"showInEdit":true,"showInList":true,"showInSearch":false,"sort":11,"validateType":"string"},{"allowNull":false,"cellType":1,"chineseName":"菜单图标","columnType":1,"controlType":1,"datasourceParams":"","datasourceType":1,"defaultHidden":false,"defaultValue":"","enableHidden":true,"headerType":1,"javaType":"java.lang.String","number":false,"placeholder":"","propertyName":"icon","searchType":1,"showInEdit":true,"showInList":true,"showInSearch":false,"sort":12,"validateType":"string"},{"allowNull":false,"cellType":1,"chineseName":"Target","columnType":1,"controlType":7,"datasourceParams":"httpTarget","datasourceType":4,"defaultHidden":false,"defaultValue":"","enableHidden":true,"headerType":1,"javaType":"java.lang.String","number":false,"placeholder":"","propertyName":"target","searchType":1,"showInEdit":true,"showInList":true,"showInSearch":false,"sort":13,"validateType":"string"},{"allowNull":false,"cellType":1,"chineseName":"排序","columnType":1,"controlType":1,"datasourceParams":"","datasourceType":1,"defaultHidden":false,"defaultValue":"0","enableHidden":true,"headerType":1,"javaType":"java.lang.Integer","number":true,"placeholder":"","propertyName":"sort","searchType":1,"showInEdit":true,"showInList":true,"showInSearch":false,"sort":14,"validateType":"digital"}],
,
,
10,
true,
mock-user,
1,
1,
mock-user,
1791121560916,
1791121560916,
false,
ENABLE)
2026-10-04 21:53:44.018 TRACE_ID DEBUG http-nio-8888-exec-5 CookieUtility get cookie Authorization
2026-10-04 21:53:44.036 TRACE_ID DEBUG http-nio-8888-exec-5 JDBCTemplate SQL:select count(*) from `t_table_config` where ( project_id = 1  AND create_user_id = 1 )
2026-10-04 21:53:44.043 TRACE_ID DEBUG http-nio-8888-exec-5 JDBCTemplate SQL:select * from `t_table_config` where ( project_id = 1  AND create_user_id = 1 ) order by id DESC
2026-10-04 21:53:44.053 TRACE_ID DEBUG http-nio-8888-exec-5 JDBCTemplate SQL:select * from `t_project_config` where ( create_user_id = 1  AND status = ENABLE ) order by id DESC
2026-10-04 21:53:56.457 TRACE_ID DEBUG http-nio-8888-exec-4 CookieUtility get cookie Authorization
2026-10-04 21:53:56.460 TRACE_ID DEBUG http-nio-8888-exec-7 CookieUtility get cookie Authorization
2026-10-04 21:53:56.470 TRACE_ID DEBUG http-nio-8888-exec-4 JDBCTemplate SQL:select count(*) from `t_table_config` where ( project_id = 1  AND create_user_id = 1 )
2026-10-04 21:53:56.470 TRACE_ID DEBUG http-nio-8888-exec-7 JDBCTemplate SQL:select count(*) from `t_permission` where ( create_user_id = 1 )
2026-10-04 21:53:56.474 TRACE_ID DEBUG http-nio-8888-exec-4 JDBCTemplate SQL:select * from `t_table_config` where ( project_id = 1  AND create_user_id = 1 ) order by id DESC
2026-10-04 21:53:56.479 TRACE_ID DEBUG http-nio-8888-exec-4 JDBCTemplate SQL:select * from `t_project_config` where ( create_user_id = 1  AND status = ENABLE ) order by id DESC
2026-10-04 21:53:56.479 TRACE_ID DEBUG http-nio-8888-exec-7 JDBCTemplate SQL:select * from `t_app` where ( create_user_id = 1  AND status = ENABLE ) order by id DESC
2026-10-04 21:53:56.481 TRACE_ID DEBUG http-nio-8888-exec-7 JDBCTemplate SQL:select * from `t_micro_service` where ( create_user_id = 1  AND status = ENABLE ) order by id DESC
2026-10-04 21:53:56.482 TRACE_ID DEBUG http-nio-8888-exec-7 JDBCTemplate SQL:select * from `t_permission` where ( create_user_id = 1  AND status = ENABLE ) order by id DESC
2026-10-04 21:55:28.488 TRACE_ID DEBUG http-nio-8888-exec-10 CookieUtility get cookie Authorization
2026-10-04 21:55:28.496 TRACE_ID DEBUG http-nio-8888-exec-10 JDBCTemplate SQL:select count(*) from `t_table_config` where ( project_id = 1  AND create_user_id = 1 )
2026-10-04 21:55:28.501 TRACE_ID DEBUG http-nio-8888-exec-10 JDBCTemplate SQL:select * from `t_table_config` where ( project_id = 1  AND create_user_id = 1 ) order by id DESC
2026-10-04 21:55:28.505 TRACE_ID DEBUG http-nio-8888-exec-10 JDBCTemplate SQL:select * from `t_project_config` where ( create_user_id = 1  AND status = ENABLE ) order by id DESC
2026-10-04 21:55:28.506 TRACE_ID DEBUG http-nio-8888-exec-3 CookieUtility get cookie Authorization
2026-10-04 21:55:28.508 TRACE_ID DEBUG http-nio-8888-exec-3 JDBCTemplate SQL:select count(*) from `t_permission` where ( create_user_id = 1 )
2026-10-04 21:55:28.513 TRACE_ID DEBUG http-nio-8888-exec-3 JDBCTemplate SQL:select * from `t_app` where ( create_user_id = 1  AND status = ENABLE ) order by id DESC
2026-10-04 21:55:28.516 TRACE_ID DEBUG http-nio-8888-exec-3 JDBCTemplate SQL:select * from `t_micro_service` where ( create_user_id = 1  AND status = ENABLE ) order by id DESC
2026-10-04 21:55:28.517 TRACE_ID DEBUG http-nio-8888-exec-3 JDBCTemplate SQL:select * from `t_permission` where ( create_user_id = 1  AND status = ENABLE ) order by id DESC
2026-10-04 21:56:43.725 TRACE_ID DEBUG http-nio-8888-exec-7 CookieUtility get cookie Authorization
2026-10-04 21:56:43.739 TRACE_ID DEBUG http-nio-8888-exec-7 JDBCTemplate SQL:insert into `t_table_config`(
`project_id`,
`primary_key`,
`table_name`,
`class_name`,
`description`,
`locked`,
`checkable`,
`row_menu`,
`column_filter`,
`status_command`,
`column_configs`,
`source`,
`source_code`,
`page_size`,
`only_access_self`,
`create_user_name`,
`create_user_id`,
`modified_user_id`,
`modified_user_name`,
`gmt_create`,
`gmt_modified`,
`deleted`,
`status`)values(
1,
id,
t_permission,
com.sparrow.security.po.Permission,
,
false,
0,
998,
999,
true,
[{"allowNull":true,"cellType":1,"chineseName":"","columnType":1,"controlType":4,"datasourceParams":"","datasourceType":1,"defaultHidden":false,"defaultValue":"","enableHidden":true,"headerType":1,"javaType":"java.lang.Long","number":true,"placeholder":"","propertyName":"id","searchType":1,"showInEdit":true,"showInList":true,"showInSearch":false,"sort":0},{"allowNull":false,"cellType":1,"chineseName":"租户ID，0=全局，>0=租户私有","columnType":1,"controlType":1,"datasourceParams":"","datasourceType":1,"defaultHidden":false,"defaultValue":"0","enableHidden":true,"headerType":1,"javaType":"java.lang.Long","number":true,"placeholder":"","propertyName":"tenantId","searchType":1,"showInEdit":true,"showInList":true,"showInSearch":false,"sort":1,"validateType":"digital"},{"allowNull":false,"cellType":1,"chineseName":"权限编码，如 order:create","columnType":1,"controlType":1,"datasourceParams":"","datasourceType":1,"defaultHidden":false,"defaultValue":"","enableHidden":true,"headerType":1,"javaType":"java.lang.String","number":false,"placeholder":"","propertyName":"permissionCode","searchType":1,"showInEdit":true,"showInList":true,"showInSearch":false,"sort":2,"validateType":"string"},{"allowNull":false,"cellType":1,"chineseName":"权限/菜单名称","columnType":1,"controlType":1,"datasourceParams":"","datasourceType":1,"defaultHidden":false,"defaultValue":"","enableHidden":true,"headerType":1,"javaType":"java.lang.String","number":false,"placeholder":"","propertyName":"permissionName","searchType":1,"showInEdit":true,"showInList":true,"showInSearch":false,"sort":3,"validateType":"string"},{"allowNull":false,"cellType":1,"chineseName":"1菜单 2页面 3事件","columnType":1,"controlType":7,"datasourceParams":"permissionType","datasourceType":4,"defaultHidden":false,"defaultValue":"","enableHidden":true,"headerType":1,"javaType":"java.lang.Integer","number":true,"placeholder":"","propertyName":"permissionType","searchType":1,"showInEdit":true,"showInList":true,"showInSearch":false,"sort":4,"validateType":"digital"},{"allowNull":false,"cellType":1,"chineseName":"APP ID","columnType":1,"controlType":7,"datasourceParams":"t_app","datasourceType":3,"defaultHidden":false,"defaultValue":"","enableHidden":true,"headerType":1,"javaType":"java.lang.Long","number":true,"placeholder":"","propertyName":"appId","searchType":1,"showInEdit":true,"showInList":true,"showInSearch":false,"sort":5,"validateType":"digital"},{"allowNull":false,"cellType":1,"chineseName":"所属微服务ID","columnType":1,"controlType":7,"datasourceParams":"t_micro_service","datasourceType":3,"defaultHidden":false,"defaultValue":"","enableHidden":true,"headerType":1,"javaType":"java.lang.Long","number":true,"placeholder":"","propertyName":"microServiceId","searchType":1,"showInEdit":true,"showInList":true,"showInSearch":false,"sort":6,"validateType":"digital"},{"allowNull":false,"cellType":1,"chineseName":"父节点ID","columnType":1,"controlType":7,"datasourceParams":"t_permission","datasourceType":3,"defaultHidden":false,"defaultValue":"","enableHidden":true,"headerType":1,"javaType":"java.lang.Long","number":true,"placeholder":"","propertyName":"parentId","searchType":1,"showInEdit":true,"showInList":true,"showInSearch":false,"sort":7,"validateType":"digital"},{"allowNull":false,"cellType":1,"chineseName":"操作：view/create/update/delete/export","columnType":1,"controlType":1,"datasourceParams":"","datasourceType":1,"defaultHidden":false,"defaultValue":"","enableHidden":true,"headerType":1,"javaType":"java.lang.String","number":false,"placeholder":"","propertyName":"operation","searchType":1,"showInEdit":true,"showInList":true,"showInSearch":false,"sort":8,"validateType":"string"},{"allowNull":false,"cellType":1,"chineseName":"对象/资源域：order/user/report","columnType":1,"controlType":1,"datasourceParams":"","datasourceType":1,"defaultHidden":false,"defaultValue":"","enableHidden":true,"headerType":1,"javaType":"java.lang.String","number":false,"placeholder":"","propertyName":"object","searchType":1,"showInEdit":true,"showInList":true,"showInSearch":false,"sort":9,"validateType":"string"},{"allowNull":false,"cellType":1,"chineseName":"菜单/页面跳转地址","columnType":1,"controlType":1,"datasourceParams":"","datasourceType":1,"defaultHidden":false,"defaultValue":"","enableHidden":true,"headerType":1,"javaType":"java.lang.String","number":false,"placeholder":"","propertyName":"url","searchType":1,"showInEdit":true,"showInList":true,"showInSearch":false,"sort":10,"validateType":"string"},{"allowNull":false,"cellType":1,"chineseName":"HTTP方法，API用","columnType":1,"controlType":7,"datasourceParams":"httpMethod","datasourceType":4,"defaultHidden":false,"defaultValue":"","enableHidden":true,"headerType":1,"javaType":"java.lang.String","number":false,"placeholder":"","propertyName":"method","searchType":1,"showInEdit":true,"showInList":true,"showInSearch":false,"sort":11,"validateType":"string"},{"allowNull":false,"cellType":1,"chineseName":"菜单图标","columnType":1,"controlType":1,"datasourceParams":"","datasourceType":1,"defaultHidden":false,"defaultValue":"","enableHidden":true,"headerType":1,"javaType":"java.lang.String","number":false,"placeholder":"","propertyName":"icon","searchType":1,"showInEdit":true,"showInList":true,"showInSearch":false,"sort":12,"validateType":"string"},{"allowNull":false,"cellType":1,"chineseName":"Target","columnType":1,"controlType":7,"datasourceParams":"httpTarget","datasourceType":4,"defaultHidden":false,"defaultValue":"","enableHidden":true,"headerType":1,"javaType":"java.lang.String","number":false,"placeholder":"","propertyName":"target","searchType":1,"showInEdit":true,"showInList":true,"showInSearch":false,"sort":13,"validateType":"string"},{"allowNull":false,"cellType":1,"chineseName":"排序","columnType":1,"controlType":1,"datasourceParams":"","datasourceType":1,"defaultHidden":false,"defaultValue":"0","enableHidden":true,"headerType":1,"javaType":"java.lang.Integer","number":true,"placeholder":"","propertyName":"sort","searchType":1,"showInEdit":true,"showInList":true,"showInSearch":false,"sort":14,"validateType":"digital"}],
,
,
10,
true,
mock-user,
1,
1,
mock-user,
1791122203732,
1791122203732,
false,
ENABLE)
2026-10-04 21:57:00.425 TRACE_ID DEBUG main Application Running with Spring Boot v3.5.0, Spring v6.2.7
2026-10-04 21:57:01.802 TRACE_ID DEBUG main SparrowCorsFilter Filter 'corsFilter' configured for use
2026-10-04 21:57:01.802 TRACE_ID DEBUG main FlashFilter Filter 'flashFilter' configured for use
2026-10-04 21:57:02.244 TRACE_ID DEBUG main DruidCustomPasswordCallback DruidCustomPasswordCallback setProperties, passwordKey:mysql_sparrow_password, password:11111111
2026-10-04 21:57:02.351 TRACE_ID DEBUG main DruidCustomPasswordCallback DruidCustomPasswordCallback setProperties, passwordKey:mysql_sparrow_password, password:11111111
2026-10-04 21:57:02.354 TRACE_ID DEBUG main DruidCustomPasswordCallback DruidCustomPasswordCallback setProperties, passwordKey:mysql_sparrow_password, password:11111111
2026-10-04 21:57:02.356 TRACE_ID DEBUG main DruidCustomPasswordCallback DruidCustomPasswordCallback setProperties, passwordKey:mysql_sparrow_password, password:11111111
2026-10-04 21:57:02.361 TRACE_ID DEBUG main DruidCustomPasswordCallback DruidCustomPasswordCallback setProperties, passwordKey:mysql_sparrow_password, password:11111111
2026-10-04 21:57:02.364 TRACE_ID DEBUG main DruidCustomPasswordCallback DruidCustomPasswordCallback setProperties, passwordKey:mysql_sparrow_password, password:11111111
2026-10-04 21:57:02.367 TRACE_ID DEBUG main DruidCustomPasswordCallback DruidCustomPasswordCallback setProperties, passwordKey:mysql_sparrow_password, password:11111111
2026-10-04 21:57:02.372 TRACE_ID DEBUG main DruidCustomPasswordCallback DruidCustomPasswordCallback setProperties, passwordKey:mysql_sparrow_password, password:11111111
2026-10-04 21:57:20.646 TRACE_ID DEBUG http-nio-8888-exec-2 CookieUtility get cookie Authorization
2026-10-04 21:57:20.790 TRACE_ID DEBUG http-nio-8888-exec-2 JDBCTemplate SQL:insert into `t_table_config`(
`project_id`,
`primary_key`,
`table_name`,
`class_name`,
`description`,
`locked`,
`checkable`,
`row_menu`,
`column_filter`,
`status_command`,
`column_configs`,
`page_size`,
`only_access_self`,
`create_user_name`,
`create_user_id`,
`modified_user_id`,
`modified_user_name`,
`gmt_create`,
`gmt_modified`,
`deleted`,
`status`)values(
1,
id,
t_permission,
com.sparrow.security.po.Permission,
,
false,
0,
998,
999,
true,
[{"allowNull":true,"cellType":1,"chineseName":"","columnType":1,"controlType":4,"datasourceParams":"","datasourceType":1,"defaultHidden":false,"defaultValue":"","enableHidden":true,"headerType":1,"javaType":"java.lang.Long","number":true,"placeholder":"","propertyName":"id","searchType":1,"showInEdit":true,"showInList":true,"showInSearch":false,"sort":0},{"allowNull":false,"cellType":1,"chineseName":"租户ID，0=全局，>0=租户私有","columnType":1,"controlType":1,"datasourceParams":"","datasourceType":1,"defaultHidden":false,"defaultValue":"0","enableHidden":true,"headerType":1,"javaType":"java.lang.Long","number":true,"placeholder":"","propertyName":"tenantId","searchType":1,"showInEdit":true,"showInList":true,"showInSearch":false,"sort":1,"validateType":"digital"},{"allowNull":false,"cellType":1,"chineseName":"权限编码，如 order:create","columnType":1,"controlType":1,"datasourceParams":"","datasourceType":1,"defaultHidden":false,"defaultValue":"","enableHidden":true,"headerType":1,"javaType":"java.lang.String","number":false,"placeholder":"","propertyName":"permissionCode","searchType":1,"showInEdit":true,"showInList":true,"showInSearch":false,"sort":2,"validateType":"string"},{"allowNull":false,"cellType":1,"chineseName":"权限/菜单名称","columnType":1,"controlType":1,"datasourceParams":"","datasourceType":1,"defaultHidden":false,"defaultValue":"","enableHidden":true,"headerType":1,"javaType":"java.lang.String","number":false,"placeholder":"","propertyName":"permissionName","searchType":1,"showInEdit":true,"showInList":true,"showInSearch":false,"sort":3,"validateType":"string"},{"allowNull":false,"cellType":1,"chineseName":"1菜单 2页面 3事件","columnType":1,"controlType":7,"datasourceParams":"permissionType","datasourceType":4,"defaultHidden":false,"defaultValue":"","enableHidden":true,"headerType":1,"javaType":"java.lang.Integer","number":true,"placeholder":"","propertyName":"permissionType","searchType":1,"showInEdit":true,"showInList":true,"showInSearch":false,"sort":4,"validateType":"digital"},{"allowNull":false,"cellType":1,"chineseName":"APP ID","columnType":1,"controlType":7,"datasourceParams":"t_app","datasourceType":3,"defaultHidden":false,"defaultValue":"","enableHidden":true,"headerType":1,"javaType":"java.lang.Long","number":true,"placeholder":"","propertyName":"appId","searchType":1,"showInEdit":true,"showInList":true,"showInSearch":false,"sort":5,"validateType":"digital"},{"allowNull":false,"cellType":1,"chineseName":"所属微服务ID","columnType":1,"controlType":7,"datasourceParams":"t_micro_service","datasourceType":3,"defaultHidden":false,"defaultValue":"","enableHidden":true,"headerType":1,"javaType":"java.lang.Long","number":true,"placeholder":"","propertyName":"microServiceId","searchType":1,"showInEdit":true,"showInList":true,"showInSearch":false,"sort":6,"validateType":"digital"},{"allowNull":false,"cellType":1,"chineseName":"父节点ID","columnType":1,"controlType":7,"datasourceParams":"t_permission","datasourceType":3,"defaultHidden":false,"defaultValue":"","enableHidden":true,"headerType":1,"javaType":"java.lang.Long","number":true,"placeholder":"","propertyName":"parentId","searchType":1,"showInEdit":true,"showInList":true,"showInSearch":false,"sort":7,"validateType":"digital"},{"allowNull":false,"cellType":1,"chineseName":"操作：view/create/update/delete/export","columnType":1,"controlType":1,"datasourceParams":"","datasourceType":1,"defaultHidden":false,"defaultValue":"","enableHidden":true,"headerType":1,"javaType":"java.lang.String","number":false,"placeholder":"","propertyName":"operation","searchType":1,"showInEdit":true,"showInList":true,"showInSearch":false,"sort":8,"validateType":"string"},{"allowNull":false,"cellType":1,"chineseName":"对象/资源域：order/user/report","columnType":1,"controlType":1,"datasourceParams":"","datasourceType":1,"defaultHidden":false,"defaultValue":"","enableHidden":true,"headerType":1,"javaType":"java.lang.String","number":false,"placeholder":"","propertyName":"object","searchType":1,"showInEdit":true,"showInList":true,"showInSearch":false,"sort":9,"validateType":"string"},{"allowNull":false,"cellType":1,"chineseName":"菜单/页面跳转地址","columnType":1,"controlType":1,"datasourceParams":"","datasourceType":1,"defaultHidden":false,"defaultValue":"","enableHidden":true,"headerType":1,"javaType":"java.lang.String","number":false,"placeholder":"","propertyName":"url","searchType":1,"showInEdit":true,"showInList":true,"showInSearch":false,"sort":10,"validateType":"string"},{"allowNull":false,"cellType":1,"chineseName":"HTTP方法，API用","columnType":1,"controlType":7,"datasourceParams":"httpMethod","datasourceType":4,"defaultHidden":false,"defaultValue":"","enableHidden":true,"headerType":1,"javaType":"java.lang.String","number":false,"placeholder":"","propertyName":"method","searchType":1,"showInEdit":true,"showInList":true,"showInSearch":false,"sort":11,"validateType":"string"},{"allowNull":false,"cellType":1,"chineseName":"菜单图标","columnType":1,"controlType":1,"datasourceParams":"","datasourceType":1,"defaultHidden":false,"defaultValue":"","enableHidden":true,"headerType":1,"javaType":"java.lang.String","number":false,"placeholder":"","propertyName":"icon","searchType":1,"showInEdit":true,"showInList":true,"showInSearch":false,"sort":12,"validateType":"string"},{"allowNull":false,"cellType":1,"chineseName":"Target","columnType":1,"controlType":7,"datasourceParams":"httpTarget","datasourceType":4,"defaultHidden":false,"defaultValue":"","enableHidden":true,"headerType":1,"javaType":"java.lang.String","number":false,"placeholder":"","propertyName":"target","searchType":1,"showInEdit":true,"showInList":true,"showInSearch":false,"sort":13,"validateType":"string"},{"allowNull":false,"cellType":1,"chineseName":"排序","columnType":1,"controlType":1,"datasourceParams":"","datasourceType":1,"defaultHidden":false,"defaultValue":"0","enableHidden":true,"headerType":1,"javaType":"java.lang.Integer","number":true,"placeholder":"","propertyName":"sort","searchType":1,"showInEdit":true,"showInList":true,"showInSearch":false,"sort":14,"validateType":"digital"}],
10,
true,
mock-user,
1,
1,
mock-user,
1791122240776,
1791122240776,
false,
ENABLE)
2026-10-04 21:57:20.823 TRACE_ID DEBUG http-nio-8888-exec-4 CookieUtility get cookie Authorization
2026-10-04 21:57:20.829 TRACE_ID DEBUG http-nio-8888-exec-4 JDBCTemplate SQL:select count(*) from `t_table_config` where ( project_id = 1  AND create_user_id = 1 )
2026-10-04 21:57:20.833 TRACE_ID DEBUG http-nio-8888-exec-4 JDBCTemplate SQL:select * from `t_table_config` where ( project_id = 1  AND create_user_id = 1 ) order by id DESC
2026-10-04 21:57:20.843 TRACE_ID DEBUG http-nio-8888-exec-4 JDBCTemplate SQL:select * from `t_project_config` where ( create_user_id = 1  AND status = ENABLE ) order by id DESC
2026-10-04 21:59:12.503 TRACE_ID DEBUG http-nio-8888-exec-7 CookieUtility get cookie Authorization
2026-10-04 21:59:12.532 TRACE_ID DEBUG http-nio-8888-exec-7 JDBCTemplate SQL:update `t_table_config` set 
`project_id`=1,
`description`=,
`locked`=false,
`checkable`=0,
`row_menu`=998,
`column_filter`=999,
`status_command`=true,
`column_configs`=[{"allowNull":true,"cellType":1,"chineseName":"","columnType":1,"controlType":4,"datasourceParams":"","datasourceType":1,"defaultHidden":false,"defaultValue":"","enableHidden":true,"headerType":1,"javaType":"java.lang.Long","number":true,"placeholder":"","propertyName":"id","searchType":1,"showInEdit":true,"showInList":true,"showInSearch":false,"sort":0},{"allowNull":false,"cellType":1,"chineseName":"租户ID","columnType":1,"controlType":1,"datasourceParams":"","datasourceType":1,"defaultHidden":false,"defaultValue":"0","enableHidden":true,"headerType":1,"javaType":"java.lang.Long","number":true,"placeholder":"","propertyName":"tenantId","searchType":1,"showInEdit":true,"showInList":true,"showInSearch":false,"sort":1,"validateType":"digital"},{"allowNull":false,"cellType":1,"chineseName":"权限编码","columnType":1,"controlType":1,"datasourceParams":"","datasourceType":1,"defaultHidden":false,"defaultValue":"","enableHidden":true,"headerType":1,"javaType":"java.lang.String","number":false,"placeholder":"","propertyName":"permissionCode","searchType":1,"showInEdit":true,"showInList":true,"showInSearch":false,"sort":2,"validateType":"string"},{"allowNull":false,"cellType":1,"chineseName":"权限名称","columnType":1,"controlType":1,"datasourceParams":"","datasourceType":1,"defaultHidden":false,"defaultValue":"","enableHidden":true,"headerType":1,"javaType":"java.lang.String","number":false,"placeholder":"","propertyName":"permissionName","searchType":1,"showInEdit":true,"showInList":true,"showInSearch":false,"sort":3,"validateType":"string"},{"allowNull":false,"cellType":1,"chineseName":"类型","columnType":1,"controlType":7,"datasourceParams":"permissionType","datasourceType":4,"defaultHidden":false,"defaultValue":"","enableHidden":true,"headerType":1,"javaType":"java.lang.Integer","number":true,"placeholder":"","propertyName":"permissionType","searchType":1,"showInEdit":true,"showInList":true,"showInSearch":false,"sort":4,"validateType":"digital"},{"allowNull":false,"cellType":1,"chineseName":"APP ID","columnType":1,"controlType":7,"datasourceParams":"t_app","datasourceType":3,"defaultHidden":false,"defaultValue":"","enableHidden":true,"headerType":1,"javaType":"java.lang.Long","number":true,"placeholder":"","propertyName":"appId","searchType":1,"showInEdit":true,"showInList":true,"showInSearch":false,"sort":5,"validateType":"digital"},{"allowNull":false,"cellType":1,"chineseName":"所属微服务ID","columnType":1,"controlType":7,"datasourceParams":"t_micro_service","datasourceType":3,"defaultHidden":false,"defaultValue":"","enableHidden":true,"headerType":1,"javaType":"java.lang.Long","number":true,"placeholder":"","propertyName":"microServiceId","searchType":1,"showInEdit":true,"showInList":true,"showInSearch":false,"sort":6,"validateType":"digital"},{"allowNull":false,"cellType":1,"chineseName":"父节点ID","columnType":1,"controlType":7,"datasourceParams":"t_permission","datasourceType":3,"defaultHidden":false,"defaultValue":"","enableHidden":true,"headerType":1,"javaType":"java.lang.Long","number":true,"placeholder":"","propertyName":"parentId","searchType":1,"showInEdit":true,"showInList":true,"showInSearch":false,"sort":7,"validateType":"digital"},{"allowNull":false,"cellType":1,"chineseName":"操作","columnType":1,"controlType":1,"datasourceParams":"","datasourceType":1,"defaultHidden":false,"defaultValue":"","enableHidden":true,"headerType":1,"javaType":"java.lang.String","number":false,"placeholder":"","propertyName":"operation","searchType":1,"showInEdit":true,"showInList":true,"showInSearch":false,"sort":8,"validateType":"string"},{"allowNull":false,"cellType":1,"chineseName":"对象/资源域","columnType":1,"controlType":1,"datasourceParams":"","datasourceType":1,"defaultHidden":false,"defaultValue":"","enableHidden":true,"headerType":1,"javaType":"java.lang.String","number":false,"placeholder":"","propertyName":"object","searchType":1,"showInEdit":true,"showInList":true,"showInSearch":false,"sort":9,"validateType":"string"},{"allowNull":false,"cellType":1,"chineseName":"菜单/页面跳转地址","columnType":1,"controlType":1,"datasourceParams":"","datasourceType":1,"defaultHidden":false,"defaultValue":"","enableHidden":true,"headerType":1,"javaType":"java.lang.String","number":false,"placeholder":"","propertyName":"url","searchType":1,"showInEdit":true,"showInList":true,"showInSearch":false,"sort":10,"validateType":"string"},{"allowNull":false,"cellType":1,"chineseName":"HTTP方法","columnType":1,"controlType":7,"datasourceParams":"httpMethod","datasourceType":4,"defaultHidden":false,"defaultValue":"","enableHidden":true,"headerType":1,"javaType":"java.lang.String","number":false,"placeholder":"","propertyName":"method","searchType":1,"showInEdit":true,"showInList":true,"showInSearch":false,"sort":11,"validateType":"string"},{"allowNull":false,"cellType":1,"chineseName":"菜单图标","columnType":1,"controlType":1,"datasourceParams":"","datasourceType":1,"defaultHidden":false,"defaultValue":"","enableHidden":true,"headerType":1,"javaType":"java.lang.String","number":false,"placeholder":"","propertyName":"icon","searchType":1,"showInEdit":true,"showInList":true,"showInSearch":false,"sort":12,"validateType":"string"},{"allowNull":false,"cellType":1,"chineseName":"Target","columnType":1,"controlType":7,"datasourceParams":"httpTarget","datasourceType":4,"defaultHidden":false,"defaultValue":"","enableHidden":true,"headerType":1,"javaType":"java.lang.String","number":false,"placeholder":"","propertyName":"target","searchType":1,"showInEdit":true,"showInList":true,"showInSearch":false,"sort":13,"validateType":"string"},{"allowNull":false,"cellType":1,"chineseName":"排序","columnType":1,"controlType":1,"datasourceParams":"","datasourceType":1,"defaultHidden":false,"defaultValue":"0","enableHidden":true,"headerType":1,"javaType":"java.lang.Integer","number":true,"placeholder":"","propertyName":"sort","searchType":1,"showInEdit":true,"showInList":true,"showInSearch":false,"sort":14,"validateType":"digital"}],
`page_size`=10,
`only_access_self`=true,
`modified_user_id`=1,
`modified_user_name`=mock-user,
`gmt_modified`=1791122352528,
`deleted`=false where id=53
2026-10-04 21:59:18.695 TRACE_ID DEBUG http-nio-8888-exec-9 CookieUtility get cookie Authorization
2026-10-04 21:59:18.702 TRACE_ID DEBUG http-nio-8888-exec-9 JDBCTemplate SQL:select `id`,`name`,`full_base_package_name`,`frontend_name`,`chinese_name`,`i18n`,`description`,`module_prefix`,`architectures`,`config`,`wrap_with_parent`,`scaffold`,`create_user_name`,`create_user_id`,`modified_user_id`,`modified_user_name`,`gmt_create`,`gmt_modified`,`deleted`,`status` from `t_project_config` where id=1
2026-10-04 21:59:18.706 TRACE_ID DEBUG http-nio-8888-exec-9 JDBCTemplate SQL:select * from `t_table_config` where ( project_id = 1  AND create_user_id = 1  AND status = ENABLE ) order by id DESC limit 0,10
2026-10-04 21:59:19.123 TRACE_ID DEBUG http-nio-8888-exec-1 CookieUtility get cookie Authorization
2026-10-04 21:59:19.125 TRACE_ID DEBUG http-nio-8888-exec-1 JDBCTemplate SQL:select count(*) from `t_permission` where ( create_user_id = 1 )
2026-10-04 21:59:19.141 TRACE_ID DEBUG http-nio-8888-exec-1 JDBCTemplate SQL:select * from `t_app` where ( create_user_id = 1  AND status = ENABLE ) order by id DESC
2026-10-04 21:59:19.144 TRACE_ID DEBUG http-nio-8888-exec-1 JDBCTemplate SQL:select * from `t_micro_service` where ( create_user_id = 1  AND status = ENABLE ) order by id DESC
2026-10-04 21:59:19.147 TRACE_ID DEBUG http-nio-8888-exec-1 JDBCTemplate SQL:select * from `t_permission` where ( create_user_id = 1  AND status = ENABLE ) order by id DESC
2026-10-04 21:59:20.969 TRACE_ID DEBUG http-nio-8888-exec-2 CookieUtility get cookie Authorization
2026-10-04 21:59:20.972 TRACE_ID DEBUG http-nio-8888-exec-2 JDBCTemplate SQL:select count(*) from `t_permission` where ( create_user_id = 1 )
2026-10-04 21:59:20.979 TRACE_ID DEBUG http-nio-8888-exec-2 JDBCTemplate SQL:select * from `t_app` where ( create_user_id = 1  AND status = ENABLE ) order by id DESC
2026-10-04 21:59:20.992 TRACE_ID DEBUG http-nio-8888-exec-2 JDBCTemplate SQL:select * from `t_micro_service` where ( create_user_id = 1  AND status = ENABLE ) order by id DESC
2026-10-04 21:59:20.993 TRACE_ID DEBUG http-nio-8888-exec-3 CookieUtility get cookie Authorization
2026-10-04 21:59:20.996 TRACE_ID DEBUG http-nio-8888-exec-3 JDBCTemplate SQL:select count(*) from `t_table_config` where ( project_id = 1  AND create_user_id = 1 )
2026-10-04 21:59:20.997 TRACE_ID DEBUG http-nio-8888-exec-2 JDBCTemplate SQL:select * from `t_permission` where ( create_user_id = 1  AND status = ENABLE ) order by id DESC
2026-10-04 21:59:21.000 TRACE_ID DEBUG http-nio-8888-exec-3 JDBCTemplate SQL:select * from `t_table_config` where ( project_id = 1  AND create_user_id = 1 ) order by id DESC
2026-10-04 21:59:21.012 TRACE_ID DEBUG http-nio-8888-exec-3 JDBCTemplate SQL:select * from `t_project_config` where ( create_user_id = 1  AND status = ENABLE ) order by id DESC
2026-10-04 21:59:21.473 TRACE_ID DEBUG http-nio-8888-exec-5 CookieUtility get cookie Authorization
2026-10-04 21:59:21.473 TRACE_ID DEBUG http-nio-8888-exec-4 CookieUtility get cookie Authorization
2026-10-04 21:59:21.476 TRACE_ID DEBUG http-nio-8888-exec-5 JDBCTemplate SQL:select count(*) from `t_permission` where ( create_user_id = 1 )
2026-10-04 21:59:21.476 TRACE_ID DEBUG http-nio-8888-exec-4 JDBCTemplate SQL:select count(*) from `t_permission` where ( create_user_id = 1 )
2026-10-04 21:59:21.480 TRACE_ID DEBUG http-nio-8888-exec-5 JDBCTemplate SQL:select * from `t_app` where ( create_user_id = 1  AND status = ENABLE ) order by id DESC
2026-10-04 21:59:21.480 TRACE_ID DEBUG http-nio-8888-exec-4 JDBCTemplate SQL:select * from `t_app` where ( create_user_id = 1  AND status = ENABLE ) order by id DESC
2026-10-04 21:59:21.482 TRACE_ID DEBUG http-nio-8888-exec-5 JDBCTemplate SQL:select * from `t_micro_service` where ( create_user_id = 1  AND status = ENABLE ) order by id DESC
2026-10-04 21:59:21.483 TRACE_ID DEBUG http-nio-8888-exec-4 JDBCTemplate SQL:select * from `t_micro_service` where ( create_user_id = 1  AND status = ENABLE ) order by id DESC
2026-10-04 21:59:21.483 TRACE_ID DEBUG http-nio-8888-exec-5 JDBCTemplate SQL:select * from `t_permission` where ( create_user_id = 1  AND status = ENABLE ) order by id DESC
2026-10-04 21:59:21.483 TRACE_ID DEBUG http-nio-8888-exec-4 JDBCTemplate SQL:select * from `t_permission` where ( create_user_id = 1  AND status = ENABLE ) order by id DESC
2026-10-04 21:59:29.412 TRACE_ID DEBUG http-nio-8888-exec-8 CookieUtility get cookie Authorization
2026-10-04 21:59:29.412 TRACE_ID DEBUG http-nio-8888-exec-9 CookieUtility get cookie Authorization
2026-10-04 21:59:29.419 TRACE_ID DEBUG http-nio-8888-exec-8 JDBCTemplate SQL:select count(*) from `t_permission` where ( create_user_id = 1 )
2026-10-04 21:59:29.419 TRACE_ID DEBUG http-nio-8888-exec-9 JDBCTemplate SQL:select count(*) from `t_permission` where ( create_user_id = 1 )
2026-10-04 21:59:29.424 TRACE_ID DEBUG http-nio-8888-exec-9 JDBCTemplate SQL:select * from `t_app` where ( create_user_id = 1  AND status = ENABLE ) order by id DESC
2026-10-04 21:59:29.424 TRACE_ID DEBUG http-nio-8888-exec-8 JDBCTemplate SQL:select * from `t_app` where ( create_user_id = 1  AND status = ENABLE ) order by id DESC
2026-10-04 21:59:29.426 TRACE_ID DEBUG http-nio-8888-exec-9 JDBCTemplate SQL:select * from `t_micro_service` where ( create_user_id = 1  AND status = ENABLE ) order by id DESC
2026-10-04 21:59:29.426 TRACE_ID DEBUG http-nio-8888-exec-8 JDBCTemplate SQL:select * from `t_micro_service` where ( create_user_id = 1  AND status = ENABLE ) order by id DESC
2026-10-04 21:59:29.426 TRACE_ID DEBUG http-nio-8888-exec-9 JDBCTemplate SQL:select * from `t_permission` where ( create_user_id = 1  AND status = ENABLE ) order by id DESC
2026-10-04 21:59:29.426 TRACE_ID DEBUG http-nio-8888-exec-8 JDBCTemplate SQL:select * from `t_permission` where ( create_user_id = 1  AND status = ENABLE ) order by id DESC
2026-10-04 21:59:45.610 TRACE_ID DEBUG http-nio-8888-exec-2 CookieUtility get cookie Authorization
2026-10-04 21:59:45.610 TRACE_ID DEBUG http-nio-8888-exec-3 CookieUtility get cookie Authorization
2026-10-04 21:59:45.617 TRACE_ID DEBUG http-nio-8888-exec-3 JDBCTemplate SQL:select count(*) from `t_project_config` where ( create_user_id = 1 )
2026-10-04 21:59:45.618 TRACE_ID DEBUG http-nio-8888-exec-2 JDBCTemplate SQL:select count(*) from `t_project_config` where ( create_user_id = 1 )
2026-10-04 21:59:45.621 TRACE_ID DEBUG http-nio-8888-exec-2 JDBCTemplate SQL:select * from `t_project_config` where ( create_user_id = 1 ) order by id DESC limit 0,10
2026-10-04 21:59:45.621 TRACE_ID DEBUG http-nio-8888-exec-3 JDBCTemplate SQL:select * from `t_project_config` where ( create_user_id = 1 ) order by id DESC limit 0,10
2026-10-04 21:59:49.720 TRACE_ID DEBUG http-nio-8888-exec-6 CookieUtility get cookie Authorization
2026-10-04 21:59:49.720 TRACE_ID DEBUG http-nio-8888-exec-7 CookieUtility get cookie Authorization
2026-10-04 21:59:49.728 TRACE_ID DEBUG http-nio-8888-exec-6 JDBCTemplate SQL:select count(*) from `t_table_config` where ( project_id = 1  AND create_user_id = 1 )
2026-10-04 21:59:49.728 TRACE_ID DEBUG http-nio-8888-exec-7 JDBCTemplate SQL:select count(*) from `t_table_config` where ( project_id = 1  AND create_user_id = 1 )
2026-10-04 21:59:49.731 TRACE_ID DEBUG http-nio-8888-exec-7 JDBCTemplate SQL:select * from `t_table_config` where ( project_id = 1  AND create_user_id = 1 ) order by id DESC
2026-10-04 21:59:49.731 TRACE_ID DEBUG http-nio-8888-exec-6 JDBCTemplate SQL:select * from `t_table_config` where ( project_id = 1  AND create_user_id = 1 ) order by id DESC
2026-10-04 21:59:49.736 TRACE_ID DEBUG http-nio-8888-exec-7 JDBCTemplate SQL:select * from `t_project_config` where ( create_user_id = 1  AND status = ENABLE ) order by id DESC
2026-10-04 21:59:49.736 TRACE_ID DEBUG http-nio-8888-exec-6 JDBCTemplate SQL:select * from `t_project_config` where ( create_user_id = 1  AND status = ENABLE ) order by id DESC
2026-10-04 22:00:24.981 TRACE_ID DEBUG http-nio-8888-exec-9 CookieUtility get cookie Authorization
2026-10-04 22:00:24.990 TRACE_ID DEBUG http-nio-8888-exec-9 JDBCTemplate SQL:update `t_table_config` set 
`project_id`=1,
`description`=,
`locked`=false,
`checkable`=0,
`row_menu`=998,
`column_filter`=999,
`status_command`=true,
`column_configs`=[{"allowNull":true,"cellType":1,"chineseName":"","columnType":1,"controlType":4,"datasourceParams":"","datasourceType":1,"defaultHidden":false,"defaultValue":"","enableHidden":true,"headerType":1,"javaType":"java.lang.Long","number":true,"placeholder":"","propertyName":"id","searchType":1,"showInEdit":true,"showInList":true,"showInSearch":false,"sort":0},{"allowNull":false,"cellType":1,"chineseName":"租户ID","columnType":1,"controlType":1,"datasourceParams":"","datasourceType":1,"defaultHidden":false,"defaultValue":"0","enableHidden":true,"headerType":1,"javaType":"java.lang.Long","number":true,"placeholder":"","propertyName":"tenantId","searchType":1,"showInEdit":true,"showInList":true,"showInSearch":false,"sort":1,"validateType":"digital"},{"allowNull":false,"cellType":1,"chineseName":"权限编码","columnType":1,"controlType":1,"datasourceParams":"","datasourceType":1,"defaultHidden":false,"defaultValue":"","enableHidden":true,"headerType":1,"javaType":"java.lang.String","number":false,"placeholder":"","propertyName":"permissionCode","searchType":1,"showInEdit":true,"showInList":true,"showInSearch":false,"sort":2,"validateType":"string"},{"allowNull":false,"cellType":1,"chineseName":"权限名称","columnType":1,"controlType":1,"datasourceParams":"","datasourceType":1,"defaultHidden":false,"defaultValue":"","enableHidden":true,"headerType":1,"javaType":"java.lang.String","number":false,"placeholder":"","propertyName":"permissionName","searchType":1,"showInEdit":true,"showInList":true,"showInSearch":false,"sort":3,"validateType":"string"},{"allowNull":false,"cellType":1,"chineseName":"类型","columnType":1,"controlType":7,"datasourceParams":"permissionType","datasourceType":4,"defaultHidden":false,"defaultValue":"","enableHidden":true,"headerType":1,"javaType":"java.lang.Integer","number":true,"placeholder":"","propertyName":"permissionType","searchType":1,"showInEdit":true,"showInList":true,"showInSearch":false,"sort":4,"validateType":"digital"},{"allowNull":false,"cellType":1,"chineseName":"APP ID","columnType":1,"controlType":7,"datasourceParams":"t_app","datasourceType":3,"defaultHidden":false,"defaultValue":"","enableHidden":true,"headerType":1,"javaType":"java.lang.Long","number":true,"placeholder":"","propertyName":"appId","searchType":1,"showInEdit":true,"showInList":true,"showInSearch":false,"sort":5,"validateType":"digital"},{"allowNull":false,"cellType":1,"chineseName":"所属微服务ID","columnType":1,"controlType":7,"datasourceParams":"t_micro_service","datasourceType":3,"defaultHidden":false,"defaultValue":"","enableHidden":true,"headerType":1,"javaType":"java.lang.Long","number":true,"placeholder":"","propertyName":"microServiceId","searchType":1,"showInEdit":true,"showInList":true,"showInSearch":false,"sort":6,"validateType":"digital"},{"allowNull":false,"cellType":1,"chineseName":"父节点ID","columnType":1,"controlType":7,"datasourceParams":"t_permission","datasourceType":3,"defaultHidden":false,"defaultValue":"","enableHidden":true,"headerType":1,"javaType":"java.lang.Long","number":true,"placeholder":"","propertyName":"parentId","searchType":1,"showInEdit":true,"showInList":true,"showInSearch":false,"sort":7,"validateType":"digital"},{"allowNull":false,"cellType":1,"chineseName":"操作","columnType":1,"controlType":1,"datasourceParams":"","datasourceType":1,"defaultHidden":false,"defaultValue":"","enableHidden":true,"headerType":1,"javaType":"java.lang.String","number":false,"placeholder":"","propertyName":"operation","searchType":1,"showInEdit":true,"showInList":true,"showInSearch":false,"sort":8,"validateType":"string"},{"allowNull":false,"cellType":1,"chineseName":"对象/资源域","columnType":1,"controlType":1,"datasourceParams":"","datasourceType":1,"defaultHidden":false,"defaultValue":"","enableHidden":true,"headerType":1,"javaType":"java.lang.String","number":false,"placeholder":"","propertyName":"object","searchType":1,"showInEdit":true,"showInList":true,"showInSearch":false,"sort":9,"validateType":"string"},{"allowNull":false,"cellType":1,"chineseName":"菜单/页面跳转地址","columnType":1,"controlType":1,"datasourceParams":"","datasourceType":1,"defaultHidden":false,"defaultValue":"","enableHidden":true,"headerType":1,"javaType":"java.lang.String","number":false,"placeholder":"","propertyName":"url","searchType":1,"showInEdit":true,"showInList":true,"showInSearch":false,"sort":10,"validateType":"string"},{"allowNull":false,"cellType":1,"chineseName":"HTTP方法","columnType":1,"controlType":7,"datasourceParams":"httpMethod","datasourceType":4,"defaultHidden":false,"defaultValue":"","enableHidden":true,"headerType":1,"javaType":"java.lang.String","number":false,"placeholder":"","propertyName":"method","searchType":1,"showInEdit":true,"showInList":true,"showInSearch":false,"sort":11,"validateType":"string"},{"allowNull":false,"cellType":1,"chineseName":"菜单图标","columnType":1,"controlType":1,"datasourceParams":"","datasourceType":1,"defaultHidden":false,"defaultValue":"","enableHidden":true,"headerType":1,"javaType":"java.lang.String","number":false,"placeholder":"","propertyName":"icon","searchType":1,"showInEdit":true,"showInList":true,"showInSearch":false,"sort":12,"validateType":"string"},{"allowNull":false,"cellType":1,"chineseName":"Target","columnType":1,"controlType":7,"datasourceParams":"httpTarget","datasourceType":4,"defaultHidden":false,"defaultValue":"","enableHidden":true,"headerType":1,"javaType":"java.lang.String","number":false,"placeholder":"","propertyName":"target","searchType":1,"showInEdit":true,"showInList":true,"showInSearch":false,"sort":13,"validateType":"string"},{"allowNull":false,"cellType":1,"chineseName":"排序","columnType":1,"controlType":1,"datasourceParams":"","datasourceType":1,"defaultHidden":false,"defaultValue":"0","enableHidden":true,"headerType":1,"javaType":"java.lang.Integer","number":true,"placeholder":"","propertyName":"sort","searchType":1,"showInEdit":true,"showInList":true,"showInSearch":false,"sort":14,"validateType":"digital"}],
`page_size`=10,
`only_access_self`=true,
`modified_user_id`=1,
`modified_user_name`=mock-user,
`gmt_modified`=1791122424987,
`deleted`=false where id=53
2026-10-04 22:00:32.643 TRACE_ID DEBUG http-nio-8888-exec-1 CookieUtility get cookie Authorization
2026-10-04 22:00:32.645 TRACE_ID DEBUG http-nio-8888-exec-1 JDBCTemplate SQL:select `id`,`name`,`full_base_package_name`,`frontend_name`,`chinese_name`,`i18n`,`description`,`module_prefix`,`architectures`,`config`,`wrap_with_parent`,`scaffold`,`create_user_name`,`create_user_id`,`modified_user_id`,`modified_user_name`,`gmt_create`,`gmt_modified`,`deleted`,`status` from `t_project_config` where id=1
2026-10-04 22:00:32.650 TRACE_ID DEBUG http-nio-8888-exec-1 JDBCTemplate SQL:select * from `t_table_config` where ( project_id = 1  AND create_user_id = 1  AND status = ENABLE ) order by id DESC limit 0,10
2026-10-04 22:00:33.835 TRACE_ID DEBUG http-nio-8888-exec-3 CookieUtility get cookie Authorization
2026-10-04 22:00:33.836 TRACE_ID DEBUG http-nio-8888-exec-3 JDBCTemplate SQL:select `id`,`name`,`full_base_package_name`,`frontend_name`,`chinese_name`,`i18n`,`description`,`module_prefix`,`architectures`,`config`,`wrap_with_parent`,`scaffold`,`create_user_name`,`create_user_id`,`modified_user_id`,`modified_user_name`,`gmt_create`,`gmt_modified`,`deleted`,`status` from `t_project_config` where id=1
2026-10-04 22:00:33.837 TRACE_ID DEBUG http-nio-8888-exec-3 JDBCTemplate SQL:select * from `t_table_config` where ( project_id = 1  AND create_user_id = 1  AND status = ENABLE ) order by id DESC limit 0,10
2026-10-04 22:00:34.408 TRACE_ID DEBUG http-nio-8888-exec-2 CookieUtility get cookie Authorization
2026-10-04 22:00:34.409 TRACE_ID DEBUG http-nio-8888-exec-2 JDBCTemplate SQL:select `id`,`name`,`full_base_package_name`,`frontend_name`,`chinese_name`,`i18n`,`description`,`module_prefix`,`architectures`,`config`,`wrap_with_parent`,`scaffold`,`create_user_name`,`create_user_id`,`modified_user_id`,`modified_user_name`,`gmt_create`,`gmt_modified`,`deleted`,`status` from `t_project_config` where id=1
2026-10-04 22:00:34.410 TRACE_ID DEBUG http-nio-8888-exec-2 JDBCTemplate SQL:select * from `t_table_config` where ( project_id = 1  AND create_user_id = 1  AND status = ENABLE ) order by id DESC limit 0,10
2026-10-04 22:00:34.616 TRACE_ID DEBUG http-nio-8888-exec-5 CookieUtility get cookie Authorization
2026-10-04 22:00:34.617 TRACE_ID DEBUG http-nio-8888-exec-5 JDBCTemplate SQL:select `id`,`name`,`full_base_package_name`,`frontend_name`,`chinese_name`,`i18n`,`description`,`module_prefix`,`architectures`,`config`,`wrap_with_parent`,`scaffold`,`create_user_name`,`create_user_id`,`modified_user_id`,`modified_user_name`,`gmt_create`,`gmt_modified`,`deleted`,`status` from `t_project_config` where id=1
2026-10-04 22:00:34.618 TRACE_ID DEBUG http-nio-8888-exec-5 JDBCTemplate SQL:select * from `t_table_config` where ( project_id = 1  AND create_user_id = 1  AND status = ENABLE ) order by id DESC limit 0,10
2026-10-04 22:00:34.792 TRACE_ID DEBUG http-nio-8888-exec-4 CookieUtility get cookie Authorization
2026-10-04 22:00:34.792 TRACE_ID DEBUG http-nio-8888-exec-4 JDBCTemplate SQL:select `id`,`name`,`full_base_package_name`,`frontend_name`,`chinese_name`,`i18n`,`description`,`module_prefix`,`architectures`,`config`,`wrap_with_parent`,`scaffold`,`create_user_name`,`create_user_id`,`modified_user_id`,`modified_user_name`,`gmt_create`,`gmt_modified`,`deleted`,`status` from `t_project_config` where id=1
2026-10-04 22:00:34.794 TRACE_ID DEBUG http-nio-8888-exec-4 JDBCTemplate SQL:select * from `t_table_config` where ( project_id = 1  AND create_user_id = 1  AND status = ENABLE ) order by id DESC limit 0,10
2026-10-04 22:00:34.950 TRACE_ID DEBUG http-nio-8888-exec-7 CookieUtility get cookie Authorization
2026-10-04 22:00:34.951 TRACE_ID DEBUG http-nio-8888-exec-7 JDBCTemplate SQL:select `id`,`name`,`full_base_package_name`,`frontend_name`,`chinese_name`,`i18n`,`description`,`module_prefix`,`architectures`,`config`,`wrap_with_parent`,`scaffold`,`create_user_name`,`create_user_id`,`modified_user_id`,`modified_user_name`,`gmt_create`,`gmt_modified`,`deleted`,`status` from `t_project_config` where id=1
2026-10-04 22:00:34.953 TRACE_ID DEBUG http-nio-8888-exec-7 JDBCTemplate SQL:select * from `t_table_config` where ( project_id = 1  AND create_user_id = 1  AND status = ENABLE ) order by id DESC limit 0,10
2026-10-04 22:02:12.151 TRACE_ID DEBUG main Application Running with Spring Boot v3.5.0, Spring v6.2.7
2026-10-04 22:02:13.480 TRACE_ID DEBUG main SparrowCorsFilter Filter 'corsFilter' configured for use
2026-10-04 22:02:13.480 TRACE_ID DEBUG main FlashFilter Filter 'flashFilter' configured for use
2026-10-04 22:02:13.886 TRACE_ID DEBUG main DruidCustomPasswordCallback DruidCustomPasswordCallback setProperties, passwordKey:mysql_sparrow_password, password:11111111
2026-10-04 22:02:14.012 TRACE_ID DEBUG main DruidCustomPasswordCallback DruidCustomPasswordCallback setProperties, passwordKey:mysql_sparrow_password, password:11111111
2026-10-04 22:02:14.022 TRACE_ID DEBUG main DruidCustomPasswordCallback DruidCustomPasswordCallback setProperties, passwordKey:mysql_sparrow_password, password:11111111
2026-10-04 22:02:14.026 TRACE_ID DEBUG main DruidCustomPasswordCallback DruidCustomPasswordCallback setProperties, passwordKey:mysql_sparrow_password, password:11111111
2026-10-04 22:02:14.030 TRACE_ID DEBUG main DruidCustomPasswordCallback DruidCustomPasswordCallback setProperties, passwordKey:mysql_sparrow_password, password:11111111
2026-10-04 22:02:14.033 TRACE_ID DEBUG main DruidCustomPasswordCallback DruidCustomPasswordCallback setProperties, passwordKey:mysql_sparrow_password, password:11111111
2026-10-04 22:02:14.037 TRACE_ID DEBUG main DruidCustomPasswordCallback DruidCustomPasswordCallback setProperties, passwordKey:mysql_sparrow_password, password:11111111
2026-10-04 22:02:14.042 TRACE_ID DEBUG main DruidCustomPasswordCallback DruidCustomPasswordCallback setProperties, passwordKey:mysql_sparrow_password, password:11111111
2026-10-04 22:02:20.695 TRACE_ID DEBUG http-nio-8888-exec-3 CookieUtility get cookie Authorization
2026-10-04 22:02:20.695 TRACE_ID DEBUG http-nio-8888-exec-4 CookieUtility get cookie Authorization
2026-10-04 22:02:20.854 TRACE_ID DEBUG http-nio-8888-exec-4 JDBCTemplate SQL:select count(*) from `t_permission` where ( create_user_id = 1 )
2026-10-04 22:02:20.854 TRACE_ID DEBUG http-nio-8888-exec-3 JDBCTemplate SQL:select count(*) from `t_permission` where ( create_user_id = 1 )
2026-10-04 22:02:20.870 TRACE_ID DEBUG http-nio-8888-exec-3 JDBCTemplate SQL:select * from `t_app` where ( create_user_id = 1  AND status = ENABLE ) order by id DESC
2026-10-04 22:02:20.870 TRACE_ID DEBUG http-nio-8888-exec-4 JDBCTemplate SQL:select * from `t_app` where ( create_user_id = 1  AND status = ENABLE ) order by id DESC
2026-10-04 22:02:20.877 TRACE_ID DEBUG http-nio-8888-exec-4 JDBCTemplate SQL:select * from `t_micro_service` where ( create_user_id = 1  AND status = ENABLE ) order by id DESC
2026-10-04 22:02:20.878 TRACE_ID DEBUG http-nio-8888-exec-3 JDBCTemplate SQL:select * from `t_micro_service` where ( create_user_id = 1  AND status = ENABLE ) order by id DESC
2026-10-04 22:02:20.880 TRACE_ID DEBUG http-nio-8888-exec-4 JDBCTemplate SQL:select * from `t_permission` where ( create_user_id = 1  AND status = ENABLE ) order by id DESC
2026-10-04 22:02:20.881 TRACE_ID DEBUG http-nio-8888-exec-3 JDBCTemplate SQL:select * from `t_permission` where ( create_user_id = 1  AND status = ENABLE ) order by id DESC
2026-10-04 22:06:00.545 TRACE_ID DEBUG main Application Running with Spring Boot v3.5.0, Spring v6.2.7
2026-10-04 22:06:01.878 TRACE_ID DEBUG main SparrowCorsFilter Filter 'corsFilter' configured for use
2026-10-04 22:06:01.878 TRACE_ID DEBUG main FlashFilter Filter 'flashFilter' configured for use
2026-10-04 22:06:05.518 TRACE_ID DEBUG main DruidCustomPasswordCallback DruidCustomPasswordCallback setProperties, passwordKey:mysql_sparrow_password, password:11111111
2026-10-04 22:06:05.614 TRACE_ID DEBUG main DruidCustomPasswordCallback DruidCustomPasswordCallback setProperties, passwordKey:mysql_sparrow_password, password:11111111
2026-10-04 22:06:05.620 TRACE_ID DEBUG main DruidCustomPasswordCallback DruidCustomPasswordCallback setProperties, passwordKey:mysql_sparrow_password, password:11111111
2026-10-04 22:06:05.623 TRACE_ID DEBUG main DruidCustomPasswordCallback DruidCustomPasswordCallback setProperties, passwordKey:mysql_sparrow_password, password:11111111
2026-10-04 22:06:05.626 TRACE_ID DEBUG main DruidCustomPasswordCallback DruidCustomPasswordCallback setProperties, passwordKey:mysql_sparrow_password, password:11111111
2026-10-04 22:06:05.630 TRACE_ID DEBUG main DruidCustomPasswordCallback DruidCustomPasswordCallback setProperties, passwordKey:mysql_sparrow_password, password:11111111
2026-10-04 22:06:05.633 TRACE_ID DEBUG main DruidCustomPasswordCallback DruidCustomPasswordCallback setProperties, passwordKey:mysql_sparrow_password, password:11111111
2026-10-04 22:06:05.636 TRACE_ID DEBUG main DruidCustomPasswordCallback DruidCustomPasswordCallback setProperties, passwordKey:mysql_sparrow_password, password:11111111
2026-10-04 22:07:28.230 TRACE_ID DEBUG http-nio-8888-exec-2 CookieUtility get cookie Authorization
2026-10-04 22:07:28.336 TRACE_ID DEBUG http-nio-8888-exec-2 JDBCTemplate SQL:DELETE FROM `t_table_config` where id  =53
2026-10-04 22:07:33.772 TRACE_ID DEBUG http-nio-8888-exec-6 CookieUtility get cookie Authorization
2026-10-04 22:07:33.772 TRACE_ID DEBUG http-nio-8888-exec-5 CookieUtility get cookie Authorization
2026-10-04 22:07:33.800 TRACE_ID DEBUG http-nio-8888-exec-6 JDBCTemplate SQL:select count(*) from `t_table_config` where ( project_id = 1  AND create_user_id = 1 )
2026-10-04 22:07:33.801 TRACE_ID DEBUG http-nio-8888-exec-5 JDBCTemplate SQL:select count(*) from `t_table_config` where ( project_id = 1  AND create_user_id = 1 )
2026-10-04 22:07:33.806 TRACE_ID DEBUG http-nio-8888-exec-5 JDBCTemplate SQL:select * from `t_table_config` where ( project_id = 1  AND create_user_id = 1 ) order by id DESC
2026-10-04 22:07:33.806 TRACE_ID DEBUG http-nio-8888-exec-6 JDBCTemplate SQL:select * from `t_table_config` where ( project_id = 1  AND create_user_id = 1 ) order by id DESC
2026-10-04 22:07:33.814 TRACE_ID DEBUG http-nio-8888-exec-6 JDBCTemplate SQL:select * from `t_project_config` where ( create_user_id = 1  AND status = ENABLE ) order by id DESC
2026-10-04 22:07:33.814 TRACE_ID DEBUG http-nio-8888-exec-5 JDBCTemplate SQL:select * from `t_project_config` where ( create_user_id = 1  AND status = ENABLE ) order by id DESC
2026-10-04 22:07:47.009 TRACE_ID DEBUG http-nio-8888-exec-8 CookieUtility get cookie Authorization
2026-10-04 22:07:47.033 TRACE_ID DEBUG http-nio-8888-exec-8 JDBCTemplate SQL:insert into `t_table_config`(
`project_id`,
`primary_key`,
`table_name`,
`class_name`,
`description`,
`locked`,
`checkable`,
`row_menu`,
`column_filter`,
`status_command`,
`column_configs`,
`page_size`,
`only_access_self`,
`create_user_name`,
`create_user_id`,
`modified_user_id`,
`modified_user_name`,
`gmt_create`,
`gmt_modified`,
`deleted`,
`status`)values(
1,
id,
t_permission,
com.sparrow.security.po.Permission,
,
false,
0,
998,
999,
true,
[{"allowNull":true,"cellType":1,"chineseName":"","columnType":1,"controlType":4,"datasourceParams":"","datasourceType":1,"defaultHidden":false,"defaultValue":"","enableHidden":true,"headerType":1,"javaType":"java.lang.Long","number":true,"placeholder":"","propertyName":"id","searchType":1,"showInEdit":true,"showInList":true,"showInSearch":false,"sort":0},{"allowNull":false,"cellType":1,"chineseName":"租户ID，0=全局，>0=租户私有","columnType":1,"controlType":1,"datasourceParams":"","datasourceType":1,"defaultHidden":false,"defaultValue":"0","enableHidden":true,"headerType":1,"javaType":"java.lang.Long","number":true,"placeholder":"","propertyName":"tenantId","searchType":1,"showInEdit":true,"showInList":true,"showInSearch":false,"sort":1,"validateType":"digital"},{"allowNull":false,"cellType":1,"chineseName":"权限编码，如 order:create","columnType":1,"controlType":1,"datasourceParams":"","datasourceType":1,"defaultHidden":false,"defaultValue":"","enableHidden":true,"headerType":1,"javaType":"java.lang.String","number":false,"placeholder":"","propertyName":"permissionCode","searchType":1,"showInEdit":true,"showInList":true,"showInSearch":false,"sort":2,"validateType":"string"},{"allowNull":false,"cellType":1,"chineseName":"权限/菜单名称","columnType":1,"controlType":1,"datasourceParams":"","datasourceType":1,"defaultHidden":false,"defaultValue":"","enableHidden":true,"headerType":1,"javaType":"java.lang.String","number":false,"placeholder":"","propertyName":"permissionName","searchType":1,"showInEdit":true,"showInList":true,"showInSearch":false,"sort":3,"validateType":"string"},{"allowNull":false,"cellType":1,"chineseName":"1菜单 2页面 3事件","columnType":1,"controlType":7,"datasourceParams":"permissionType","datasourceType":4,"defaultHidden":false,"defaultValue":"","enableHidden":true,"headerType":1,"javaType":"java.lang.Integer","number":true,"placeholder":"","propertyName":"permissionType","searchType":1,"showInEdit":true,"showInList":true,"showInSearch":false,"sort":4,"validateType":"digital"},{"allowNull":false,"cellType":1,"chineseName":"APP ID","columnType":1,"controlType":7,"datasourceParams":"t_app","datasourceType":3,"defaultHidden":false,"defaultValue":"","enableHidden":true,"headerType":1,"javaType":"java.lang.Long","number":true,"placeholder":"","propertyName":"appId","searchType":1,"showInEdit":true,"showInList":true,"showInSearch":false,"sort":5,"validateType":"digital"},{"allowNull":false,"cellType":1,"chineseName":"所属微服务ID","columnType":1,"controlType":7,"datasourceParams":"t_micro_service","datasourceType":3,"defaultHidden":false,"defaultValue":"","enableHidden":true,"headerType":1,"javaType":"java.lang.Long","number":true,"placeholder":"","propertyName":"microServiceId","searchType":1,"showInEdit":true,"showInList":true,"showInSearch":false,"sort":6,"validateType":"digital"},{"allowNull":false,"cellType":1,"chineseName":"父节点ID","columnType":1,"controlType":7,"datasourceParams":"t_permission","datasourceType":3,"defaultHidden":false,"defaultValue":"","enableHidden":true,"headerType":1,"javaType":"java.lang.Long","number":true,"placeholder":"","propertyName":"parentId","searchType":1,"showInEdit":true,"showInList":true,"showInSearch":false,"sort":7,"validateType":"digital"},{"allowNull":false,"cellType":1,"chineseName":"操作：view/create/update/delete/export","columnType":1,"controlType":1,"datasourceParams":"","datasourceType":1,"defaultHidden":false,"defaultValue":"","enableHidden":true,"headerType":1,"javaType":"java.lang.String","number":false,"placeholder":"","propertyName":"operation","searchType":1,"showInEdit":true,"showInList":true,"showInSearch":false,"sort":8,"validateType":"string"},{"allowNull":false,"cellType":1,"chineseName":"对象/资源域：order/user/report","columnType":1,"controlType":1,"datasourceParams":"","datasourceType":1,"defaultHidden":false,"defaultValue":"","enableHidden":true,"headerType":1,"javaType":"java.lang.String","number":false,"placeholder":"","propertyName":"object","searchType":1,"showInEdit":true,"showInList":true,"showInSearch":false,"sort":9,"validateType":"string"},{"allowNull":false,"cellType":1,"chineseName":"菜单/页面跳转地址","columnType":1,"controlType":1,"datasourceParams":"","datasourceType":1,"defaultHidden":false,"defaultValue":"","enableHidden":true,"headerType":1,"javaType":"java.lang.String","number":false,"placeholder":"","propertyName":"url","searchType":1,"showInEdit":true,"showInList":true,"showInSearch":false,"sort":10,"validateType":"string"},{"allowNull":false,"cellType":1,"chineseName":"HTTP方法，API用","columnType":1,"controlType":7,"datasourceParams":"HttpMethod","datasourceType":4,"defaultHidden":false,"defaultValue":"","enableHidden":true,"headerType":1,"javaType":"java.lang.String","number":false,"placeholder":"","propertyName":"method","searchType":1,"showInEdit":true,"showInList":true,"showInSearch":false,"sort":11,"validateType":"string"},{"allowNull":false,"cellType":1,"chineseName":"菜单图标","columnType":1,"controlType":1,"datasourceParams":"","datasourceType":1,"defaultHidden":false,"defaultValue":"","enableHidden":true,"headerType":1,"javaType":"java.lang.String","number":false,"placeholder":"","propertyName":"icon","searchType":1,"showInEdit":true,"showInList":true,"showInSearch":false,"sort":12,"validateType":"string"},{"allowNull":false,"cellType":1,"chineseName":"Target","columnType":1,"controlType":7,"datasourceParams":"HttpTarget","datasourceType":4,"defaultHidden":false,"defaultValue":"","enableHidden":true,"headerType":1,"javaType":"java.lang.String","number":false,"placeholder":"","propertyName":"target","searchType":1,"showInEdit":true,"showInList":true,"showInSearch":false,"sort":13,"validateType":"string"},{"allowNull":false,"cellType":1,"chineseName":"排序","columnType":1,"controlType":1,"datasourceParams":"","datasourceType":1,"defaultHidden":false,"defaultValue":"0","enableHidden":true,"headerType":1,"javaType":"java.lang.Integer","number":true,"placeholder":"","propertyName":"sort","searchType":1,"showInEdit":true,"showInList":true,"showInSearch":false,"sort":14,"validateType":"digital"}],
10,
true,
mock-user,
1,
1,
mock-user,
1791122867026,
1791122867026,
false,
ENABLE)
2026-10-04 22:07:47.047 TRACE_ID DEBUG http-nio-8888-exec-10 CookieUtility get cookie Authorization
2026-10-04 22:07:47.049 TRACE_ID DEBUG http-nio-8888-exec-10 JDBCTemplate SQL:select count(*) from `t_table_config` where ( project_id = 1  AND create_user_id = 1 )
2026-10-04 22:07:47.050 TRACE_ID DEBUG http-nio-8888-exec-10 JDBCTemplate SQL:select * from `t_table_config` where ( project_id = 1  AND create_user_id = 1 ) order by id DESC
2026-10-04 22:07:47.054 TRACE_ID DEBUG http-nio-8888-exec-10 JDBCTemplate SQL:select * from `t_project_config` where ( create_user_id = 1  AND status = ENABLE ) order by id DESC
2026-10-04 22:09:11.158 TRACE_ID DEBUG http-nio-8888-exec-4 CookieUtility get cookie Authorization
2026-10-04 22:09:11.177 TRACE_ID DEBUG http-nio-8888-exec-4 JDBCTemplate SQL:update `t_table_config` set 
`project_id`=1,
`description`=,
`locked`=false,
`checkable`=0,
`row_menu`=998,
`column_filter`=999,
`status_command`=true,
`column_configs`=[{"allowNull":true,"cellType":1,"chineseName":"","columnType":1,"controlType":4,"datasourceParams":"","datasourceType":1,"defaultHidden":false,"defaultValue":"","enableHidden":true,"headerType":1,"javaType":"java.lang.Long","number":true,"placeholder":"","propertyName":"id","searchType":1,"showInEdit":true,"showInList":true,"showInSearch":false,"sort":0},{"allowNull":false,"cellType":1,"chineseName":"租户ID","columnType":1,"controlType":1,"datasourceParams":"","datasourceType":1,"defaultHidden":false,"defaultValue":"0","enableHidden":true,"headerType":1,"javaType":"java.lang.Long","number":true,"placeholder":"","propertyName":"tenantId","searchType":1,"showInEdit":true,"showInList":true,"showInSearch":false,"sort":1,"validateType":"digital"},{"allowNull":false,"cellType":1,"chineseName":"权限编码","columnType":1,"controlType":1,"datasourceParams":"","datasourceType":1,"defaultHidden":false,"defaultValue":"","enableHidden":true,"headerType":1,"javaType":"java.lang.String","number":false,"placeholder":"","propertyName":"permissionCode","searchType":1,"showInEdit":true,"showInList":true,"showInSearch":false,"sort":2,"validateType":"string"},{"allowNull":false,"cellType":1,"chineseName":"权限/菜单名称","columnType":1,"controlType":1,"datasourceParams":"","datasourceType":1,"defaultHidden":false,"defaultValue":"","enableHidden":true,"headerType":1,"javaType":"java.lang.String","number":false,"placeholder":"","propertyName":"permissionName","searchType":1,"showInEdit":true,"showInList":true,"showInSearch":false,"sort":3,"validateType":"string"},{"allowNull":false,"cellType":1,"chineseName":"类型","columnType":1,"controlType":7,"datasourceParams":"permissionType","datasourceType":4,"defaultHidden":false,"defaultValue":"","enableHidden":true,"headerType":1,"javaType":"java.lang.Integer","number":true,"placeholder":"","propertyName":"permissionType","searchType":1,"showInEdit":true,"showInList":true,"showInSearch":false,"sort":4,"validateType":"digital"},{"allowNull":false,"cellType":1,"chineseName":"APP ID","columnType":1,"controlType":7,"datasourceParams":"t_app","datasourceType":3,"defaultHidden":false,"defaultValue":"","enableHidden":true,"headerType":1,"javaType":"java.lang.Long","number":true,"placeholder":"","propertyName":"appId","searchType":1,"showInEdit":true,"showInList":true,"showInSearch":false,"sort":5,"validateType":"digital"},{"allowNull":false,"cellType":1,"chineseName":"所属微服务ID","columnType":1,"controlType":7,"datasourceParams":"t_micro_service","datasourceType":3,"defaultHidden":false,"defaultValue":"","enableHidden":true,"headerType":1,"javaType":"java.lang.Long","number":true,"placeholder":"","propertyName":"microServiceId","searchType":1,"showInEdit":true,"showInList":true,"showInSearch":false,"sort":6,"validateType":"digital"},{"allowNull":false,"cellType":1,"chineseName":"父节点ID","columnType":1,"controlType":7,"datasourceParams":"t_permission","datasourceType":3,"defaultHidden":false,"defaultValue":"","enableHidden":true,"headerType":1,"javaType":"java.lang.Long","number":true,"placeholder":"","propertyName":"parentId","searchType":1,"showInEdit":true,"showInList":true,"showInSearch":false,"sort":7,"validateType":"digital"},{"allowNull":false,"cellType":1,"chineseName":"操作","columnType":1,"controlType":1,"datasourceParams":"","datasourceType":1,"defaultHidden":false,"defaultValue":"","enableHidden":true,"headerType":1,"javaType":"java.lang.String","number":false,"placeholder":"","propertyName":"operation","searchType":1,"showInEdit":true,"showInList":true,"showInSearch":false,"sort":8,"validateType":"string"},{"allowNull":false,"cellType":1,"chineseName":"对象/资源域","columnType":1,"controlType":1,"datasourceParams":"","datasourceType":1,"defaultHidden":false,"defaultValue":"","enableHidden":true,"headerType":1,"javaType":"java.lang.String","number":false,"placeholder":"","propertyName":"object","searchType":1,"showInEdit":true,"showInList":true,"showInSearch":false,"sort":9,"validateType":"string"},{"allowNull":false,"cellType":1,"chineseName":"菜单/页面跳转地址","columnType":1,"controlType":1,"datasourceParams":"","datasourceType":1,"defaultHidden":false,"defaultValue":"","enableHidden":true,"headerType":1,"javaType":"java.lang.String","number":false,"placeholder":"","propertyName":"url","searchType":1,"showInEdit":true,"showInList":true,"showInSearch":false,"sort":10,"validateType":"string"},{"allowNull":false,"cellType":1,"chineseName":"HTTP方法","columnType":1,"controlType":7,"datasourceParams":"HttpMethod","datasourceType":4,"defaultHidden":false,"defaultValue":"","enableHidden":true,"headerType":1,"javaType":"java.lang.String","number":false,"placeholder":"","propertyName":"method","searchType":1,"showInEdit":true,"showInList":true,"showInSearch":false,"sort":11,"validateType":"string"},{"allowNull":false,"cellType":1,"chineseName":"菜单图标","columnType":1,"controlType":1,"datasourceParams":"","datasourceType":1,"defaultHidden":false,"defaultValue":"","enableHidden":true,"headerType":1,"javaType":"java.lang.String","number":false,"placeholder":"","propertyName":"icon","searchType":1,"showInEdit":true,"showInList":true,"showInSearch":false,"sort":12,"validateType":"string"},{"allowNull":false,"cellType":1,"chineseName":"Target","columnType":1,"controlType":7,"datasourceParams":"HttpTarget","datasourceType":4,"defaultHidden":false,"defaultValue":"","enableHidden":true,"headerType":1,"javaType":"java.lang.String","number":false,"placeholder":"","propertyName":"target","searchType":1,"showInEdit":true,"showInList":true,"showInSearch":false,"sort":13,"validateType":"string"},{"allowNull":false,"cellType":1,"chineseName":"排序","columnType":1,"controlType":1,"datasourceParams":"","datasourceType":1,"defaultHidden":false,"defaultValue":"0","enableHidden":true,"headerType":1,"javaType":"java.lang.Integer","number":true,"placeholder":"","propertyName":"sort","searchType":1,"showInEdit":true,"showInList":true,"showInSearch":false,"sort":14,"validateType":"digital"}],
`page_size`=10,
`only_access_self`=true,
`modified_user_id`=1,
`modified_user_name`=mock-user,
`gmt_modified`=1791122951174,
`deleted`=false where id=54
2026-10-04 22:09:19.136 TRACE_ID DEBUG http-nio-8888-exec-5 CookieUtility get cookie Authorization
2026-10-04 22:09:19.141 TRACE_ID DEBUG http-nio-8888-exec-5 JDBCTemplate SQL:select `id`,`name`,`full_base_package_name`,`frontend_name`,`chinese_name`,`i18n`,`description`,`module_prefix`,`architectures`,`config`,`wrap_with_parent`,`scaffold`,`create_user_name`,`create_user_id`,`modified_user_id`,`modified_user_name`,`gmt_create`,`gmt_modified`,`deleted`,`status` from `t_project_config` where id=1
2026-10-04 22:09:19.147 TRACE_ID DEBUG http-nio-8888-exec-5 JDBCTemplate SQL:select * from `t_table_config` where ( project_id = 1  AND create_user_id = 1  AND status = ENABLE ) order by id DESC limit 0,10
2026-10-04 22:09:19.471 TRACE_ID DEBUG http-nio-8888-exec-8 CookieUtility get cookie Authorization
2026-10-04 22:09:19.474 TRACE_ID DEBUG http-nio-8888-exec-8 JDBCTemplate SQL:select count(*) from `t_permission` where ( create_user_id = 1 )
2026-10-04 22:09:19.500 TRACE_ID DEBUG http-nio-8888-exec-8 JDBCTemplate SQL:select * from `t_app` where ( create_user_id = 1  AND status = ENABLE ) order by id DESC
2026-10-04 22:09:19.503 TRACE_ID DEBUG http-nio-8888-exec-8 JDBCTemplate SQL:select * from `t_micro_service` where ( create_user_id = 1  AND status = ENABLE ) order by id DESC
2026-10-04 22:09:19.505 TRACE_ID DEBUG http-nio-8888-exec-8 JDBCTemplate SQL:select * from `t_permission` where ( create_user_id = 1  AND status = ENABLE ) order by id DESC
2026-10-04 22:09:26.692 TRACE_ID DEBUG http-nio-8888-exec-1 CookieUtility get cookie Authorization
2026-10-04 22:09:26.706 TRACE_ID DEBUG http-nio-8888-exec-2 CookieUtility get cookie Authorization
2026-10-04 22:09:26.708 TRACE_ID DEBUG http-nio-8888-exec-1 JDBCTemplate SQL:select count(*) from `t_table_config` where ( project_id = 1  AND create_user_id = 1 )
2026-10-04 22:09:26.708 TRACE_ID DEBUG http-nio-8888-exec-2 JDBCTemplate SQL:select count(*) from `t_permission` where ( create_user_id = 1 )
2026-10-04 22:09:26.710 TRACE_ID DEBUG http-nio-8888-exec-1 JDBCTemplate SQL:select * from `t_table_config` where ( project_id = 1  AND create_user_id = 1 ) order by id DESC
2026-10-04 22:09:26.715 TRACE_ID DEBUG http-nio-8888-exec-2 JDBCTemplate SQL:select * from `t_app` where ( create_user_id = 1  AND status = ENABLE ) order by id DESC
2026-10-04 22:09:26.715 TRACE_ID DEBUG http-nio-8888-exec-1 JDBCTemplate SQL:select * from `t_project_config` where ( create_user_id = 1  AND status = ENABLE ) order by id DESC
2026-10-04 22:09:26.716 TRACE_ID DEBUG http-nio-8888-exec-2 JDBCTemplate SQL:select * from `t_micro_service` where ( create_user_id = 1  AND status = ENABLE ) order by id DESC
2026-10-04 22:09:26.717 TRACE_ID DEBUG http-nio-8888-exec-2 JDBCTemplate SQL:select * from `t_permission` where ( create_user_id = 1  AND status = ENABLE ) order by id DESC
2026-10-04 22:09:38.143 TRACE_ID DEBUG http-nio-8888-exec-5 CookieUtility get cookie Authorization
2026-10-04 22:09:38.143 TRACE_ID DEBUG http-nio-8888-exec-6 CookieUtility get cookie Authorization
2026-10-04 22:09:38.152 TRACE_ID DEBUG http-nio-8888-exec-6 JDBCTemplate SQL:select count(*) from `t_permission` where ( create_user_id = 1 )
2026-10-04 22:09:38.152 TRACE_ID DEBUG http-nio-8888-exec-5 JDBCTemplate SQL:select count(*) from `t_permission` where ( create_user_id = 1 )
2026-10-04 22:09:38.156 TRACE_ID DEBUG http-nio-8888-exec-6 JDBCTemplate SQL:select * from `t_app` where ( create_user_id = 1  AND status = ENABLE ) order by id DESC
2026-10-04 22:09:38.156 TRACE_ID DEBUG http-nio-8888-exec-5 JDBCTemplate SQL:select * from `t_app` where ( create_user_id = 1  AND status = ENABLE ) order by id DESC
2026-10-04 22:09:38.158 TRACE_ID DEBUG http-nio-8888-exec-6 JDBCTemplate SQL:select * from `t_micro_service` where ( create_user_id = 1  AND status = ENABLE ) order by id DESC
2026-10-04 22:09:38.158 TRACE_ID DEBUG http-nio-8888-exec-5 JDBCTemplate SQL:select * from `t_micro_service` where ( create_user_id = 1  AND status = ENABLE ) order by id DESC
2026-10-04 22:09:38.159 TRACE_ID DEBUG http-nio-8888-exec-6 JDBCTemplate SQL:select * from `t_permission` where ( create_user_id = 1  AND status = ENABLE ) order by id DESC
2026-10-04 22:09:38.159 TRACE_ID DEBUG http-nio-8888-exec-5 JDBCTemplate SQL:select * from `t_permission` where ( create_user_id = 1  AND status = ENABLE ) order by id DESC
2026-10-04 22:11:06.728 TRACE_ID DEBUG http-nio-8888-exec-3 CookieUtility get cookie Authorization
2026-10-04 22:11:06.728 TRACE_ID DEBUG http-nio-8888-exec-2 CookieUtility get cookie Authorization
2026-10-04 22:11:06.787 TRACE_ID DEBUG http-nio-8888-exec-2 JDBCTemplate SQL:select count(*) from `t_permission` where ( create_user_id = 1 )
2026-10-04 22:11:06.787 TRACE_ID DEBUG http-nio-8888-exec-3 JDBCTemplate SQL:select count(*) from `t_permission` where ( create_user_id = 1 )
2026-10-04 22:11:06.802 TRACE_ID DEBUG http-nio-8888-exec-2 JDBCTemplate SQL:select * from `t_app` where ( create_user_id = 1  AND status = ENABLE ) order by id DESC
2026-10-04 22:11:06.802 TRACE_ID DEBUG http-nio-8888-exec-3 JDBCTemplate SQL:select * from `t_app` where ( create_user_id = 1  AND status = ENABLE ) order by id DESC
2026-10-04 22:11:06.804 TRACE_ID DEBUG http-nio-8888-exec-3 JDBCTemplate SQL:select * from `t_micro_service` where ( create_user_id = 1  AND status = ENABLE ) order by id DESC
2026-10-04 22:11:06.804 TRACE_ID DEBUG http-nio-8888-exec-2 JDBCTemplate SQL:select * from `t_micro_service` where ( create_user_id = 1  AND status = ENABLE ) order by id DESC
2026-10-04 22:11:06.805 TRACE_ID DEBUG http-nio-8888-exec-3 JDBCTemplate SQL:select * from `t_permission` where ( create_user_id = 1  AND status = ENABLE ) order by id DESC
2026-10-04 22:11:06.806 TRACE_ID DEBUG http-nio-8888-exec-2 JDBCTemplate SQL:select * from `t_permission` where ( create_user_id = 1  AND status = ENABLE ) order by id DESC
2026-10-04 22:11:59.671 TRACE_ID DEBUG main Application Running with Spring Boot v3.5.0, Spring v6.2.7
2026-10-04 22:12:00.937 TRACE_ID DEBUG main SparrowCorsFilter Filter 'corsFilter' configured for use
2026-10-04 22:12:00.937 TRACE_ID DEBUG main FlashFilter Filter 'flashFilter' configured for use
2026-10-04 22:12:01.403 TRACE_ID DEBUG main DruidCustomPasswordCallback DruidCustomPasswordCallback setProperties, passwordKey:mysql_sparrow_password, password:11111111
2026-10-04 22:12:01.515 TRACE_ID DEBUG main DruidCustomPasswordCallback DruidCustomPasswordCallback setProperties, passwordKey:mysql_sparrow_password, password:11111111
2026-10-04 22:12:01.519 TRACE_ID DEBUG main DruidCustomPasswordCallback DruidCustomPasswordCallback setProperties, passwordKey:mysql_sparrow_password, password:11111111
2026-10-04 22:12:01.523 TRACE_ID DEBUG main DruidCustomPasswordCallback DruidCustomPasswordCallback setProperties, passwordKey:mysql_sparrow_password, password:11111111
2026-10-04 22:12:01.529 TRACE_ID DEBUG main DruidCustomPasswordCallback DruidCustomPasswordCallback setProperties, passwordKey:mysql_sparrow_password, password:11111111
2026-10-04 22:12:01.532 TRACE_ID DEBUG main DruidCustomPasswordCallback DruidCustomPasswordCallback setProperties, passwordKey:mysql_sparrow_password, password:11111111
2026-10-04 22:12:01.537 TRACE_ID DEBUG main DruidCustomPasswordCallback DruidCustomPasswordCallback setProperties, passwordKey:mysql_sparrow_password, password:11111111
2026-10-04 22:12:01.543 TRACE_ID DEBUG main DruidCustomPasswordCallback DruidCustomPasswordCallback setProperties, passwordKey:mysql_sparrow_password, password:11111111
2026-10-04 22:12:11.384 TRACE_ID DEBUG http-nio-8888-exec-3 CookieUtility get cookie Authorization
2026-10-04 22:12:11.384 TRACE_ID DEBUG http-nio-8888-exec-4 CookieUtility get cookie Authorization
2026-10-04 22:12:11.541 TRACE_ID DEBUG http-nio-8888-exec-4 JDBCTemplate SQL:select count(*) from `t_permission` where ( create_user_id = 1 )
2026-10-04 22:12:11.541 TRACE_ID DEBUG http-nio-8888-exec-3 JDBCTemplate SQL:select count(*) from `t_permission` where ( create_user_id = 1 )
2026-10-04 22:12:11.559 TRACE_ID DEBUG http-nio-8888-exec-3 JDBCTemplate SQL:select * from `t_app` where ( create_user_id = 1  AND status = ENABLE ) order by id DESC
2026-10-04 22:12:11.559 TRACE_ID DEBUG http-nio-8888-exec-4 JDBCTemplate SQL:select * from `t_app` where ( create_user_id = 1  AND status = ENABLE ) order by id DESC
2026-10-04 22:12:11.566 TRACE_ID DEBUG http-nio-8888-exec-3 JDBCTemplate SQL:select * from `t_micro_service` where ( create_user_id = 1  AND status = ENABLE ) order by id DESC
2026-10-04 22:12:11.566 TRACE_ID DEBUG http-nio-8888-exec-4 JDBCTemplate SQL:select * from `t_micro_service` where ( create_user_id = 1  AND status = ENABLE ) order by id DESC
2026-10-04 22:12:11.569 TRACE_ID DEBUG http-nio-8888-exec-4 JDBCTemplate SQL:select * from `t_permission` where ( create_user_id = 1  AND status = ENABLE ) order by id DESC
2026-10-04 22:12:11.569 TRACE_ID DEBUG http-nio-8888-exec-3 JDBCTemplate SQL:select * from `t_permission` where ( create_user_id = 1  AND status = ENABLE ) order by id DESC
2026-10-04 22:23:35.282 TRACE_ID DEBUG main Application Running with Spring Boot v3.5.0, Spring v6.2.7
2026-10-04 22:23:36.417 TRACE_ID DEBUG main SparrowCorsFilter Filter 'corsFilter' configured for use
2026-10-04 22:23:36.417 TRACE_ID DEBUG main FlashFilter Filter 'flashFilter' configured for use
2026-10-04 22:23:36.810 TRACE_ID DEBUG main DruidCustomPasswordCallback DruidCustomPasswordCallback setProperties, passwordKey:mysql_sparrow_password, password:11111111
2026-10-04 22:23:36.941 TRACE_ID DEBUG main DruidCustomPasswordCallback DruidCustomPasswordCallback setProperties, passwordKey:mysql_sparrow_password, password:11111111
2026-10-04 22:23:36.946 TRACE_ID DEBUG main DruidCustomPasswordCallback DruidCustomPasswordCallback setProperties, passwordKey:mysql_sparrow_password, password:11111111
2026-10-04 22:23:36.950 TRACE_ID DEBUG main DruidCustomPasswordCallback DruidCustomPasswordCallback setProperties, passwordKey:mysql_sparrow_password, password:11111111
2026-10-04 22:23:36.954 TRACE_ID DEBUG main DruidCustomPasswordCallback DruidCustomPasswordCallback setProperties, passwordKey:mysql_sparrow_password, password:11111111
2026-10-04 22:23:36.958 TRACE_ID DEBUG main DruidCustomPasswordCallback DruidCustomPasswordCallback setProperties, passwordKey:mysql_sparrow_password, password:11111111
2026-10-04 22:23:36.965 TRACE_ID DEBUG main DruidCustomPasswordCallback DruidCustomPasswordCallback setProperties, passwordKey:mysql_sparrow_password, password:11111111
2026-10-04 22:23:36.968 TRACE_ID DEBUG main DruidCustomPasswordCallback DruidCustomPasswordCallback setProperties, passwordKey:mysql_sparrow_password, password:11111111
2026-10-04 22:23:52.244 TRACE_ID DEBUG http-nio-8888-exec-3 CookieUtility get cookie Authorization
2026-10-04 22:23:52.244 TRACE_ID DEBUG http-nio-8888-exec-4 CookieUtility get cookie Authorization
2026-10-04 22:23:52.389 TRACE_ID DEBUG http-nio-8888-exec-3 JDBCTemplate SQL:select count(*) from `t_permission` where ( create_user_id = 1 )
2026-10-04 22:23:52.389 TRACE_ID DEBUG http-nio-8888-exec-4 JDBCTemplate SQL:select count(*) from `t_permission` where ( create_user_id = 1 )
2026-10-04 22:23:52.432 TRACE_ID DEBUG http-nio-8888-exec-4 JDBCTemplate SQL:select * from `t_app` where ( create_user_id = 1  AND status = ENABLE ) order by id DESC
2026-10-04 22:23:52.432 TRACE_ID DEBUG http-nio-8888-exec-3 JDBCTemplate SQL:select * from `t_app` where ( create_user_id = 1  AND status = ENABLE ) order by id DESC
2026-10-04 22:23:52.462 TRACE_ID DEBUG http-nio-8888-exec-3 JDBCTemplate SQL:select * from `t_micro_service` where ( create_user_id = 1  AND status = ENABLE ) order by id DESC
2026-10-04 22:23:52.462 TRACE_ID DEBUG http-nio-8888-exec-4 JDBCTemplate SQL:select * from `t_micro_service` where ( create_user_id = 1  AND status = ENABLE ) order by id DESC
2026-10-04 22:23:52.465 TRACE_ID DEBUG http-nio-8888-exec-3 JDBCTemplate SQL:select * from `t_permission` where ( create_user_id = 1  AND status = ENABLE ) order by id DESC
2026-10-04 22:23:52.465 TRACE_ID DEBUG http-nio-8888-exec-4 JDBCTemplate SQL:select * from `t_permission` where ( create_user_id = 1  AND status = ENABLE ) order by id DESC
2026-10-04 22:24:17.305 TRACE_ID DEBUG http-nio-8888-exec-6 CookieUtility get cookie Authorization
2026-10-04 22:24:17.318 TRACE_ID DEBUG http-nio-8888-exec-6 JDBCTemplate SQL:select `id`,`name`,`full_base_package_name`,`frontend_name`,`chinese_name`,`i18n`,`description`,`module_prefix`,`architectures`,`config`,`wrap_with_parent`,`scaffold`,`create_user_name`,`create_user_id`,`modified_user_id`,`modified_user_name`,`gmt_create`,`gmt_modified`,`deleted`,`status` from `t_project_config` where id=1
2026-10-04 22:24:17.328 TRACE_ID DEBUG http-nio-8888-exec-6 JDBCTemplate SQL:select * from `t_table_config` where ( project_id = 1  AND create_user_id = 1  AND status = ENABLE ) order by id DESC limit 0,10
2026-10-04 22:56:20.360 TRACE_ID DEBUG http-nio-8888-exec-10 CookieUtility get cookie Authorization
2026-10-04 22:56:20.379 TRACE_ID DEBUG Druid-ConnectionPool-Create-376067673 DruidCustomPasswordCallback DruidCustomPasswordCallback setProperties, passwordKey:mysql_sparrow_password, password:11111111
2026-10-04 22:56:20.443 TRACE_ID DEBUG http-nio-8888-exec-10 JDBCTemplate SQL:update `t_table_config` set 
`project_id`=1,
`description`=,
`locked`=false,
`checkable`=0,
`row_menu`=998,
`column_filter`=999,
`status_command`=true,
`column_configs`=[{"allowNull":true,"cellType":1,"chineseName":"","columnType":1,"controlType":4,"datasourceParams":"","datasourceType":1,"defaultHidden":false,"defaultValue":"","enableHidden":true,"headerType":1,"javaType":"java.lang.Long","number":true,"placeholder":"","propertyName":"id","searchType":1,"showInEdit":true,"showInList":true,"showInSearch":false,"sort":0},{"allowNull":false,"cellType":1,"chineseName":"租户ID","columnType":1,"controlType":1,"datasourceParams":"","datasourceType":1,"defaultHidden":false,"defaultValue":"0","enableHidden":true,"headerType":1,"javaType":"java.lang.Long","number":true,"placeholder":"","propertyName":"tenantId","searchType":1,"showInEdit":true,"showInList":true,"showInSearch":false,"sort":1,"validateType":"digital"},{"allowNull":false,"cellType":1,"chineseName":"权限编码","columnType":1,"controlType":1,"datasourceParams":"","datasourceType":1,"defaultHidden":false,"defaultValue":"","enableHidden":true,"headerType":1,"javaType":"java.lang.String","number":false,"placeholder":"","propertyName":"permissionCode","searchType":1,"showInEdit":true,"showInList":true,"showInSearch":false,"sort":2,"validateType":"string"},{"allowNull":false,"cellType":1,"chineseName":"权限/菜单名称","columnType":1,"controlType":1,"datasourceParams":"","datasourceType":1,"defaultHidden":false,"defaultValue":"","enableHidden":true,"headerType":1,"javaType":"java.lang.String","number":false,"placeholder":"","propertyName":"permissionName","searchType":1,"showInEdit":true,"showInList":true,"showInSearch":false,"sort":3,"validateType":"string"},{"allowNull":false,"cellType":1,"chineseName":"类型","columnType":1,"controlType":7,"datasourceParams":"permissionType","datasourceType":4,"defaultHidden":false,"defaultValue":"","enableHidden":true,"headerType":1,"javaType":"java.lang.Integer","number":true,"placeholder":"","propertyName":"permissionType","searchType":1,"showInEdit":true,"showInList":true,"showInSearch":false,"sort":4,"validateType":"digital"},{"allowNull":false,"cellType":1,"chineseName":"APP ID","columnType":1,"controlType":7,"datasourceParams":"t_app","datasourceType":3,"defaultHidden":false,"defaultValue":"","enableHidden":true,"headerType":1,"javaType":"java.lang.Long","number":true,"placeholder":"","propertyName":"appId","searchType":1,"showInEdit":true,"showInList":true,"showInSearch":false,"sort":5,"validateType":"digital"},{"allowNull":false,"cellType":1,"chineseName":"所属微服务ID","columnType":1,"controlType":7,"datasourceParams":"t_micro_service","datasourceType":3,"defaultHidden":false,"defaultValue":"","enableHidden":true,"headerType":1,"javaType":"java.lang.Long","number":true,"placeholder":"","propertyName":"microServiceId","searchType":1,"showInEdit":true,"showInList":true,"showInSearch":false,"sort":6,"validateType":"digital"},{"allowNull":false,"cellType":1,"chineseName":"父节点ID","columnType":1,"controlType":7,"datasourceParams":"t_permission","datasourceType":3,"defaultHidden":false,"defaultValue":"","enableHidden":true,"headerType":1,"javaType":"java.lang.Long","number":true,"placeholder":"","propertyName":"parentId","searchType":1,"showInEdit":true,"showInList":true,"showInSearch":false,"sort":7,"validateType":"digital"},{"allowNull":false,"cellType":1,"chineseName":"操作","columnType":1,"controlType":1,"datasourceParams":"","datasourceType":1,"defaultHidden":false,"defaultValue":"","enableHidden":true,"headerType":1,"javaType":"java.lang.String","number":false,"placeholder":"","propertyName":"operation","searchType":1,"showInEdit":true,"showInList":true,"showInSearch":false,"sort":8,"validateType":"string"},{"allowNull":false,"cellType":1,"chineseName":"对象/资源域","columnType":1,"controlType":1,"datasourceParams":"","datasourceType":1,"defaultHidden":false,"defaultValue":"","enableHidden":true,"headerType":1,"javaType":"java.lang.String","number":false,"placeholder":"","propertyName":"object","searchType":1,"showInEdit":true,"showInList":true,"showInSearch":false,"sort":9,"validateType":"string"},{"allowNull":false,"cellType":1,"chineseName":"菜单/页面跳转地址","columnType":1,"controlType":1,"datasourceParams":"","datasourceType":1,"defaultHidden":false,"defaultValue":"","enableHidden":true,"headerType":1,"javaType":"java.lang.String","number":false,"placeholder":"","propertyName":"url","searchType":1,"showInEdit":true,"showInList":true,"showInSearch":false,"sort":10,"validateType":"string"},{"allowNull":false,"cellType":1,"chineseName":"HTTP方法","columnType":1,"controlType":7,"datasourceParams":"HttpMethod","datasourceType":4,"defaultHidden":false,"defaultValue":"","enableHidden":true,"headerType":1,"javaType":"java.lang.String","number":false,"placeholder":"","propertyName":"method","searchType":1,"showInEdit":true,"showInList":true,"showInSearch":false,"sort":11,"validateType":"string"},{"allowNull":false,"cellType":1,"chineseName":"菜单图标","columnType":1,"controlType":1,"datasourceParams":"","datasourceType":1,"defaultHidden":false,"defaultValue":"","enableHidden":true,"headerType":1,"javaType":"java.lang.String","number":false,"placeholder":"","propertyName":"icon","searchType":1,"showInEdit":true,"showInList":true,"showInSearch":false,"sort":12,"validateType":"string"},{"allowNull":false,"cellType":1,"chineseName":"Target","columnType":1,"controlType":7,"datasourceParams":"HttpTarget","datasourceType":4,"defaultHidden":false,"defaultValue":"","enableHidden":true,"headerType":1,"javaType":"java.lang.String","number":false,"placeholder":"","propertyName":"target","searchType":1,"showInEdit":true,"showInList":true,"showInSearch":false,"sort":13,"validateType":"string"},{"allowNull":false,"cellType":1,"chineseName":"排序","columnType":1,"controlType":1,"datasourceParams":"","datasourceType":1,"defaultHidden":false,"defaultValue":"0","enableHidden":true,"headerType":1,"javaType":"java.lang.Integer","number":true,"placeholder":"","propertyName":"sort","searchType":1,"showInEdit":true,"showInList":true,"showInSearch":false,"sort":14,"validateType":"digital"}],
`page_size`=10,
`only_access_self`=true,
`modified_user_id`=1,
`modified_user_name`=mock-user,
`gmt_modified`=1791125780379,
`deleted`=false where id=54
2026-10-04 22:57:28.016 TRACE_ID DEBUG http-nio-8888-exec-4 CookieUtility get cookie Authorization
2026-10-04 22:57:28.016 TRACE_ID DEBUG http-nio-8888-exec-5 CookieUtility get cookie Authorization
2026-10-04 22:57:28.032 TRACE_ID DEBUG Druid-ConnectionPool-Create-376067673 DruidCustomPasswordCallback DruidCustomPasswordCallback setProperties, passwordKey:mysql_sparrow_password, password:11111111
2026-10-04 22:57:28.033 TRACE_ID DEBUG http-nio-8888-exec-4 JDBCTemplate SQL:select count(*) from `t_table_config` where ( project_id = 1  AND create_user_id = 1 )
2026-10-04 22:57:28.042 TRACE_ID DEBUG http-nio-8888-exec-5 JDBCTemplate SQL:select count(*) from `t_table_config` where ( project_id = 1  AND create_user_id = 1 )
2026-10-04 22:57:28.044 TRACE_ID DEBUG http-nio-8888-exec-4 JDBCTemplate SQL:select * from `t_table_config` where ( project_id = 1  AND create_user_id = 1 ) order by id DESC
2026-10-04 22:57:28.045 TRACE_ID DEBUG http-nio-8888-exec-5 JDBCTemplate SQL:select * from `t_table_config` where ( project_id = 1  AND create_user_id = 1 ) order by id DESC
2026-10-04 22:57:28.056 TRACE_ID DEBUG http-nio-8888-exec-5 JDBCTemplate SQL:select * from `t_project_config` where ( create_user_id = 1  AND status = ENABLE ) order by id DESC
2026-10-04 22:57:28.056 TRACE_ID DEBUG http-nio-8888-exec-4 JDBCTemplate SQL:select * from `t_project_config` where ( create_user_id = 1  AND status = ENABLE ) order by id DESC
2026-10-04 22:57:32.575 TRACE_ID DEBUG http-nio-8888-exec-6 CookieUtility get cookie Authorization
2026-10-04 22:57:32.590 TRACE_ID DEBUG http-nio-8888-exec-6 JDBCTemplate SQL:select count(*) from `t_table_config` where ( project_id = 1  AND create_user_id = 1 )
2026-10-04 22:57:32.592 TRACE_ID DEBUG http-nio-8888-exec-6 JDBCTemplate SQL:select * from `t_table_config` where ( project_id = 1  AND create_user_id = 1 ) order by id DESC
2026-10-04 22:57:32.595 TRACE_ID DEBUG http-nio-8888-exec-6 JDBCTemplate SQL:select * from `t_project_config` where ( create_user_id = 1  AND status = ENABLE ) order by id DESC
2026-10-04 22:58:20.946 TRACE_ID DEBUG http-nio-8888-exec-8 CookieUtility get cookie Authorization
2026-10-04 22:58:23.295 TRACE_ID DEBUG http-nio-8888-exec-8 JDBCTemplate SQL:select count(*) from `t_table_config` where ( project_id = 1  AND create_user_id = 1 )
2026-10-04 22:58:23.303 TRACE_ID DEBUG http-nio-8888-exec-8 JDBCTemplate SQL:select * from `t_table_config` where ( project_id = 1  AND create_user_id = 1 ) order by id DESC
2026-10-04 22:58:25.321 TRACE_ID DEBUG http-nio-8888-exec-8 JDBCTemplate SQL:select * from `t_project_config` where ( create_user_id = 1  AND status = ENABLE ) order by id DESC
2026-10-04 23:00:23.936 TRACE_ID DEBUG http-nio-8888-exec-1 CookieUtility get cookie Authorization
2026-10-04 23:00:25.494 TRACE_ID DEBUG http-nio-8888-exec-1 JDBCTemplate SQL:select count(*) from `t_table_config` where ( project_id = 1  AND create_user_id = 1 )
2026-10-04 23:00:25.503 TRACE_ID DEBUG http-nio-8888-exec-1 JDBCTemplate SQL:select * from `t_table_config` where ( project_id = 1  AND create_user_id = 1 ) order by id DESC
2026-10-04 23:00:26.409 TRACE_ID DEBUG http-nio-8888-exec-1 JDBCTemplate SQL:select * from `t_project_config` where ( create_user_id = 1  AND status = ENABLE ) order by id DESC
2026-10-05 09:40:29.626 TRACE_ID DEBUG main Application Running with Spring Boot v3.5.0, Spring v6.2.7
2026-10-05 09:40:30.901 TRACE_ID DEBUG main SparrowCorsFilter Filter 'corsFilter' configured for use
2026-10-05 09:40:30.901 TRACE_ID DEBUG main FlashFilter Filter 'flashFilter' configured for use
2026-10-05 09:40:31.304 TRACE_ID DEBUG main DruidCustomPasswordCallback DruidCustomPasswordCallback setProperties, passwordKey:mysql_sparrow_password, password:11111111
2026-10-05 09:40:31.405 TRACE_ID DEBUG main DruidCustomPasswordCallback DruidCustomPasswordCallback setProperties, passwordKey:mysql_sparrow_password, password:11111111
2026-10-05 09:40:31.409 TRACE_ID DEBUG main DruidCustomPasswordCallback DruidCustomPasswordCallback setProperties, passwordKey:mysql_sparrow_password, password:11111111
2026-10-05 09:40:31.412 TRACE_ID DEBUG main DruidCustomPasswordCallback DruidCustomPasswordCallback setProperties, passwordKey:mysql_sparrow_password, password:11111111
2026-10-05 09:40:31.414 TRACE_ID DEBUG main DruidCustomPasswordCallback DruidCustomPasswordCallback setProperties, passwordKey:mysql_sparrow_password, password:11111111
2026-10-05 09:40:31.418 TRACE_ID DEBUG main DruidCustomPasswordCallback DruidCustomPasswordCallback setProperties, passwordKey:mysql_sparrow_password, password:11111111
2026-10-05 09:40:31.423 TRACE_ID DEBUG main DruidCustomPasswordCallback DruidCustomPasswordCallback setProperties, passwordKey:mysql_sparrow_password, password:11111111
2026-10-05 09:40:31.427 TRACE_ID DEBUG main DruidCustomPasswordCallback DruidCustomPasswordCallback setProperties, passwordKey:mysql_sparrow_password, password:11111111
2026-10-05 09:40:47.233 TRACE_ID DEBUG main Application Running with Spring Boot v3.5.0, Spring v6.2.7
2026-10-05 09:40:48.399 TRACE_ID DEBUG main SparrowCorsFilter Filter 'corsFilter' configured for use
2026-10-05 09:40:48.400 TRACE_ID DEBUG main FlashFilter Filter 'flashFilter' configured for use
2026-10-05 09:40:48.792 TRACE_ID DEBUG main DruidCustomPasswordCallback DruidCustomPasswordCallback setProperties, passwordKey:mysql_sparrow_password, password:11111111
2026-10-05 09:40:48.897 TRACE_ID DEBUG main DruidCustomPasswordCallback DruidCustomPasswordCallback setProperties, passwordKey:mysql_sparrow_password, password:11111111
2026-10-05 09:40:48.901 TRACE_ID DEBUG main DruidCustomPasswordCallback DruidCustomPasswordCallback setProperties, passwordKey:mysql_sparrow_password, password:11111111
2026-10-05 09:40:48.905 TRACE_ID DEBUG main DruidCustomPasswordCallback DruidCustomPasswordCallback setProperties, passwordKey:mysql_sparrow_password, password:11111111
2026-10-05 09:40:48.907 TRACE_ID DEBUG main DruidCustomPasswordCallback DruidCustomPasswordCallback setProperties, passwordKey:mysql_sparrow_password, password:11111111
2026-10-05 09:40:48.911 TRACE_ID DEBUG main DruidCustomPasswordCallback DruidCustomPasswordCallback setProperties, passwordKey:mysql_sparrow_password, password:11111111
2026-10-05 09:40:48.914 TRACE_ID DEBUG main DruidCustomPasswordCallback DruidCustomPasswordCallback setProperties, passwordKey:mysql_sparrow_password, password:11111111
2026-10-05 09:40:48.917 TRACE_ID DEBUG main DruidCustomPasswordCallback DruidCustomPasswordCallback setProperties, passwordKey:mysql_sparrow_password, password:11111111
2026-10-05 09:44:41.843 TRACE_ID DEBUG http-nio-8888-exec-2 CookieUtility get cookie Authorization
2026-10-05 09:44:42.011 TRACE_ID DEBUG http-nio-8888-exec-2 JDBCTemplate SQL:select `id`,`name`,`full_base_package_name`,`frontend_name`,`chinese_name`,`i18n`,`description`,`module_prefix`,`architectures`,`config`,`wrap_with_parent`,`scaffold`,`create_user_name`,`create_user_id`,`modified_user_id`,`modified_user_name`,`gmt_create`,`gmt_modified`,`deleted`,`status` from `t_project_config` where id=1
2026-10-05 09:44:42.041 TRACE_ID DEBUG http-nio-8888-exec-2 JDBCTemplate SQL:select * from `t_table_config` where ( project_id = 1  AND create_user_id = 1  AND status = ENABLE ) order by id DESC limit 0,10
2026-10-05 09:45:54.048 TRACE_ID DEBUG http-nio-8888-exec-5 CookieUtility get cookie Authorization
2026-10-05 09:45:54.057 TRACE_ID DEBUG http-nio-8888-exec-5 JDBCTemplate SQL:select `id`,`name`,`full_base_package_name`,`frontend_name`,`chinese_name`,`i18n`,`description`,`module_prefix`,`architectures`,`config`,`wrap_with_parent`,`scaffold`,`create_user_name`,`create_user_id`,`modified_user_id`,`modified_user_name`,`gmt_create`,`gmt_modified`,`deleted`,`status` from `t_project_config` where id=1
2026-10-05 09:45:54.064 TRACE_ID DEBUG http-nio-8888-exec-5 JDBCTemplate SQL:select * from `t_table_config` where ( project_id = 1  AND create_user_id = 1  AND status = ENABLE ) order by id DESC limit 0,10
2026-10-05 09:46:23.568 TRACE_ID DEBUG http-nio-8888-exec-7 CookieUtility get cookie Authorization
2026-10-05 09:46:23.570 TRACE_ID DEBUG http-nio-8888-exec-7 JDBCTemplate SQL:select `id`,`name`,`full_base_package_name`,`frontend_name`,`chinese_name`,`i18n`,`description`,`module_prefix`,`architectures`,`config`,`wrap_with_parent`,`scaffold`,`create_user_name`,`create_user_id`,`modified_user_id`,`modified_user_name`,`gmt_create`,`gmt_modified`,`deleted`,`status` from `t_project_config` where id=1
2026-10-05 09:46:23.573 TRACE_ID DEBUG http-nio-8888-exec-7 JDBCTemplate SQL:select * from `t_table_config` where ( project_id = 1  AND create_user_id = 1  AND status = ENABLE ) order by id DESC limit 0,10
2026-10-05 09:48:23.788 TRACE_ID DEBUG http-nio-8888-exec-10 CookieUtility get cookie Authorization
2026-10-05 09:48:23.788 TRACE_ID DEBUG http-nio-8888-exec-1 CookieUtility get cookie Authorization
2026-10-05 09:48:24.838 TRACE_ID DEBUG http-nio-8888-exec-10 JDBCTemplate SQL:select count(*) from `t_table_config` where ( project_id = 1  AND create_user_id = 1 )
2026-10-05 09:48:24.838 TRACE_ID DEBUG http-nio-8888-exec-1 JDBCTemplate SQL:select count(*) from `t_table_config` where ( project_id = 1  AND create_user_id = 1 )
2026-10-05 09:48:25.025 TRACE_ID DEBUG http-nio-8888-exec-10 JDBCTemplate SQL:select * from `t_table_config` where ( project_id = 1  AND create_user_id = 1 ) order by id DESC
2026-10-05 09:48:25.025 TRACE_ID DEBUG http-nio-8888-exec-1 JDBCTemplate SQL:select * from `t_table_config` where ( project_id = 1  AND create_user_id = 1 ) order by id DESC
2026-10-05 09:48:25.030 TRACE_ID DEBUG http-nio-8888-exec-1 JDBCTemplate SQL:select * from `t_project_config` where ( create_user_id = 1  AND status = ENABLE ) order by id DESC
2026-10-05 09:48:25.030 TRACE_ID DEBUG http-nio-8888-exec-10 JDBCTemplate SQL:select * from `t_project_config` where ( create_user_id = 1  AND status = ENABLE ) order by id DESC
2026-10-05 09:48:38.835 TRACE_ID DEBUG http-nio-8888-exec-3 CookieUtility get cookie Authorization
2026-10-05 09:48:44.522 TRACE_ID DEBUG http-nio-8888-exec-3 JDBCTemplate SQL:select count(*) from `t_table_config` where ( project_id = 1  AND create_user_id = 1 )
2026-10-05 09:48:44.524 TRACE_ID DEBUG http-nio-8888-exec-3 JDBCTemplate SQL:select * from `t_table_config` where ( project_id = 1  AND create_user_id = 1 ) order by id DESC
2026-10-05 09:48:44.526 TRACE_ID DEBUG http-nio-8888-exec-3 JDBCTemplate SQL:select * from `t_project_config` where ( create_user_id = 1  AND status = ENABLE ) order by id DESC
2026-10-05 09:51:18.940 TRACE_ID DEBUG http-nio-8888-exec-9 CookieUtility get cookie Authorization
2026-10-05 09:51:18.955 TRACE_ID DEBUG http-nio-8888-exec-9 JDBCTemplate SQL:update `t_table_config` set 
`project_id`=1,
`description`=,
`locked`=false,
`checkable`=0,
`row_menu`=998,
`column_filter`=999,
`status_command`=true,
`column_configs`=[{"allowNull":true,"cellType":1,"chineseName":"","columnType":1,"controlType":4,"datasourceParams":"","datasourceType":1,"defaultHidden":false,"defaultValue":"","enableHidden":true,"headerType":1,"javaType":"java.lang.Long","number":true,"placeholder":"","propertyName":"id","searchType":1,"showInEdit":true,"showInList":true,"showInSearch":false,"sort":0},{"allowNull":false,"cellType":1,"chineseName":"租户ID","columnType":1,"controlType":1,"datasourceParams":"","datasourceType":1,"defaultHidden":false,"defaultValue":"0","enableHidden":true,"headerType":1,"javaType":"java.lang.Long","number":true,"placeholder":"","propertyName":"tenantId","searchType":1,"showInEdit":true,"showInList":true,"showInSearch":false,"sort":1,"validateType":"digital"},{"allowNull":false,"cellType":1,"chineseName":"权限编码","columnType":1,"controlType":1,"datasourceParams":"","datasourceType":1,"defaultHidden":false,"defaultValue":"","enableHidden":true,"headerType":1,"javaType":"java.lang.String","number":false,"placeholder":"","propertyName":"permissionCode","searchType":1,"showInEdit":true,"showInList":true,"showInSearch":false,"sort":2,"validateType":"string"},{"allowNull":false,"cellType":1,"chineseName":"权限/菜单名称","columnType":1,"controlType":1,"datasourceParams":"","datasourceType":1,"defaultHidden":false,"defaultValue":"","enableHidden":true,"headerType":1,"javaType":"java.lang.String","number":false,"placeholder":"","propertyName":"permissionName","searchType":1,"showInEdit":true,"showInList":true,"showInSearch":false,"sort":3,"validateType":"string"},{"allowNull":false,"cellType":1,"chineseName":"类型","columnType":1,"controlType":7,"datasourceParams":"PermissionType","datasourceType":4,"defaultHidden":false,"defaultValue":"","enableHidden":true,"headerType":1,"javaType":"java.lang.Integer","number":true,"placeholder":"","propertyName":"permissionType","searchType":1,"showInEdit":true,"showInList":true,"showInSearch":false,"sort":4,"validateType":"digital"},{"allowNull":false,"cellType":1,"chineseName":"APP ID","columnType":1,"controlType":7,"datasourceParams":"t_app","datasourceType":3,"defaultHidden":false,"defaultValue":"","enableHidden":true,"headerType":1,"javaType":"java.lang.Long","number":true,"placeholder":"","propertyName":"appId","searchType":1,"showInEdit":true,"showInList":true,"showInSearch":false,"sort":5,"validateType":"digital"},{"allowNull":false,"cellType":1,"chineseName":"所属微服务ID","columnType":1,"controlType":7,"datasourceParams":"t_micro_service","datasourceType":3,"defaultHidden":false,"defaultValue":"","enableHidden":true,"headerType":1,"javaType":"java.lang.Long","number":true,"placeholder":"","propertyName":"microServiceId","searchType":1,"showInEdit":true,"showInList":true,"showInSearch":false,"sort":6,"validateType":"digital"},{"allowNull":false,"cellType":1,"chineseName":"父节点ID","columnType":1,"controlType":7,"datasourceParams":"t_permission","datasourceType":3,"defaultHidden":false,"defaultValue":"","enableHidden":true,"headerType":1,"javaType":"java.lang.Long","number":true,"placeholder":"","propertyName":"parentId","searchType":1,"showInEdit":true,"showInList":true,"showInSearch":false,"sort":7,"validateType":"digital"},{"allowNull":false,"cellType":1,"chineseName":"操作","columnType":1,"controlType":1,"datasourceParams":"","datasourceType":1,"defaultHidden":false,"defaultValue":"","enableHidden":true,"headerType":1,"javaType":"java.lang.String","number":false,"placeholder":"","propertyName":"operation","searchType":1,"showInEdit":true,"showInList":true,"showInSearch":false,"sort":8,"validateType":"string"},{"allowNull":false,"cellType":1,"chineseName":"对象/资源域","columnType":1,"controlType":1,"datasourceParams":"","datasourceType":1,"defaultHidden":false,"defaultValue":"","enableHidden":true,"headerType":1,"javaType":"java.lang.String","number":false,"placeholder":"","propertyName":"object","searchType":1,"showInEdit":true,"showInList":true,"showInSearch":false,"sort":9,"validateType":"string"},{"allowNull":false,"cellType":1,"chineseName":"菜单/页面跳转地址","columnType":1,"controlType":1,"datasourceParams":"","datasourceType":1,"defaultHidden":false,"defaultValue":"","enableHidden":true,"headerType":1,"javaType":"java.lang.String","number":false,"placeholder":"","propertyName":"url","searchType":1,"showInEdit":true,"showInList":true,"showInSearch":false,"sort":10,"validateType":"string"},{"allowNull":false,"cellType":1,"chineseName":"HTTP方法","columnType":1,"controlType":7,"datasourceParams":"HttpMethod","datasourceType":4,"defaultHidden":false,"defaultValue":"","enableHidden":true,"headerType":1,"javaType":"java.lang.String","number":false,"placeholder":"","propertyName":"method","searchType":1,"showInEdit":true,"showInList":true,"showInSearch":false,"sort":11,"validateType":"string"},{"allowNull":false,"cellType":1,"chineseName":"菜单图标","columnType":1,"controlType":1,"datasourceParams":"","datasourceType":1,"defaultHidden":false,"defaultValue":"","enableHidden":true,"headerType":1,"javaType":"java.lang.String","number":false,"placeholder":"","propertyName":"icon","searchType":1,"showInEdit":true,"showInList":true,"showInSearch":false,"sort":12,"validateType":"string"},{"allowNull":false,"cellType":1,"chineseName":"Target","columnType":1,"controlType":7,"datasourceParams":"HttpTarget","datasourceType":4,"defaultHidden":false,"defaultValue":"","enableHidden":true,"headerType":1,"javaType":"java.lang.String","number":false,"placeholder":"","propertyName":"target","searchType":1,"showInEdit":true,"showInList":true,"showInSearch":false,"sort":13,"validateType":"string"},{"allowNull":false,"cellType":1,"chineseName":"排序","columnType":1,"controlType":1,"datasourceParams":"","datasourceType":1,"defaultHidden":false,"defaultValue":"0","enableHidden":true,"headerType":1,"javaType":"java.lang.Integer","number":true,"placeholder":"","propertyName":"sort","searchType":1,"showInEdit":true,"showInList":true,"showInSearch":false,"sort":14,"validateType":"digital"}],
`page_size`=10,
`only_access_self`=true,
`modified_user_id`=1,
`modified_user_name`=mock-user,
`gmt_modified`=1791165078952,
`deleted`=false where id=54
2026-10-05 09:51:28.202 TRACE_ID DEBUG http-nio-8888-exec-7 CookieUtility get cookie Authorization
2026-10-05 09:51:28.202 TRACE_ID DEBUG http-nio-8888-exec-1 CookieUtility get cookie Authorization
2026-10-05 09:51:28.205 TRACE_ID DEBUG http-nio-8888-exec-1 JDBCTemplate SQL:select count(*) from `t_permission` where ( create_user_id = 1 )
2026-10-05 09:51:28.206 TRACE_ID DEBUG http-nio-8888-exec-7 JDBCTemplate SQL:select count(*) from `t_permission` where ( create_user_id = 1 )
2026-10-05 09:51:28.227 TRACE_ID DEBUG http-nio-8888-exec-7 JDBCTemplate SQL:select * from `t_app` where ( create_user_id = 1  AND status = ENABLE ) order by id DESC
2026-10-05 09:51:28.227 TRACE_ID DEBUG http-nio-8888-exec-1 JDBCTemplate SQL:select * from `t_app` where ( create_user_id = 1  AND status = ENABLE ) order by id DESC
2026-10-05 09:51:28.229 TRACE_ID DEBUG http-nio-8888-exec-1 JDBCTemplate SQL:select * from `t_micro_service` where ( create_user_id = 1  AND status = ENABLE ) order by id DESC
2026-10-05 09:51:28.230 TRACE_ID DEBUG http-nio-8888-exec-7 JDBCTemplate SQL:select * from `t_micro_service` where ( create_user_id = 1  AND status = ENABLE ) order by id DESC
2026-10-05 09:51:28.231 TRACE_ID DEBUG http-nio-8888-exec-1 JDBCTemplate SQL:select * from `t_permission` where ( create_user_id = 1  AND status = ENABLE ) order by id DESC
2026-10-05 09:51:28.231 TRACE_ID DEBUG http-nio-8888-exec-7 JDBCTemplate SQL:select * from `t_permission` where ( create_user_id = 1  AND status = ENABLE ) order by id DESC
2026-10-05 09:51:43.723 TRACE_ID DEBUG http-nio-8888-exec-5 CookieUtility get cookie Authorization
2026-10-05 09:51:43.723 TRACE_ID DEBUG http-nio-8888-exec-3 CookieUtility get cookie Authorization
2026-10-05 09:51:43.727 TRACE_ID DEBUG http-nio-8888-exec-3 JDBCTemplate SQL:select count(*) from `t_project_config` where ( create_user_id = 1 )
2026-10-05 09:51:43.727 TRACE_ID DEBUG http-nio-8888-exec-5 JDBCTemplate SQL:select count(*) from `t_project_config` where ( create_user_id = 1 )
2026-10-05 09:51:43.728 TRACE_ID DEBUG http-nio-8888-exec-5 JDBCTemplate SQL:select * from `t_project_config` where ( create_user_id = 1 ) order by id DESC limit 0,10
2026-10-05 09:51:43.728 TRACE_ID DEBUG http-nio-8888-exec-3 JDBCTemplate SQL:select * from `t_project_config` where ( create_user_id = 1 ) order by id DESC limit 0,10
2026-10-05 09:51:48.436 TRACE_ID DEBUG http-nio-8888-exec-8 CookieUtility get cookie Authorization
2026-10-05 09:51:48.436 TRACE_ID DEBUG http-nio-8888-exec-10 CookieUtility get cookie Authorization
2026-10-05 09:51:51.796 TRACE_ID DEBUG http-nio-8888-exec-8 JDBCTemplate SQL:select count(*) from `t_table_config` where ( project_id = 1  AND create_user_id = 1 )
2026-10-05 09:51:51.801 TRACE_ID DEBUG http-nio-8888-exec-10 JDBCTemplate SQL:select count(*) from `t_table_config` where ( project_id = 1  AND create_user_id = 1 )
2026-10-05 09:51:51.803 TRACE_ID DEBUG http-nio-8888-exec-8 JDBCTemplate SQL:select * from `t_table_config` where ( project_id = 1  AND create_user_id = 1 ) order by id DESC
2026-10-05 09:51:51.803 TRACE_ID DEBUG http-nio-8888-exec-10 JDBCTemplate SQL:select * from `t_table_config` where ( project_id = 1  AND create_user_id = 1 ) order by id DESC
2026-10-05 09:51:51.806 TRACE_ID DEBUG http-nio-8888-exec-10 JDBCTemplate SQL:select * from `t_project_config` where ( create_user_id = 1  AND status = ENABLE ) order by id DESC
2026-10-05 09:51:51.806 TRACE_ID DEBUG http-nio-8888-exec-8 JDBCTemplate SQL:select * from `t_project_config` where ( create_user_id = 1  AND status = ENABLE ) order by id DESC
2026-10-05 09:51:59.233 TRACE_ID DEBUG http-nio-8888-exec-7 CookieUtility get cookie Authorization
2026-10-05 09:51:59.238 TRACE_ID DEBUG http-nio-8888-exec-7 JDBCTemplate SQL:select `id`,`name`,`full_base_package_name`,`frontend_name`,`chinese_name`,`i18n`,`description`,`module_prefix`,`architectures`,`config`,`wrap_with_parent`,`scaffold`,`create_user_name`,`create_user_id`,`modified_user_id`,`modified_user_name`,`gmt_create`,`gmt_modified`,`deleted`,`status` from `t_project_config` where id=1
2026-10-05 09:51:59.242 TRACE_ID DEBUG http-nio-8888-exec-7 JDBCTemplate SQL:select * from `t_table_config` where ( project_id = 1  AND create_user_id = 1  AND status = ENABLE ) order by id DESC limit 0,10
2026-10-05 09:52:41.393 TRACE_ID DEBUG main Application Running with Spring Boot v3.5.0, Spring v6.2.7
2026-10-05 09:52:42.609 TRACE_ID DEBUG main SparrowCorsFilter Filter 'corsFilter' configured for use
2026-10-05 09:52:42.609 TRACE_ID DEBUG main FlashFilter Filter 'flashFilter' configured for use
2026-10-05 09:52:43.020 TRACE_ID DEBUG main DruidCustomPasswordCallback DruidCustomPasswordCallback setProperties, passwordKey:mysql_sparrow_password, password:11111111
2026-10-05 09:52:43.127 TRACE_ID DEBUG main DruidCustomPasswordCallback DruidCustomPasswordCallback setProperties, passwordKey:mysql_sparrow_password, password:11111111
2026-10-05 09:52:43.130 TRACE_ID DEBUG main DruidCustomPasswordCallback DruidCustomPasswordCallback setProperties, passwordKey:mysql_sparrow_password, password:11111111
2026-10-05 09:52:43.135 TRACE_ID DEBUG main DruidCustomPasswordCallback DruidCustomPasswordCallback setProperties, passwordKey:mysql_sparrow_password, password:11111111
2026-10-05 09:52:43.138 TRACE_ID DEBUG main DruidCustomPasswordCallback DruidCustomPasswordCallback setProperties, passwordKey:mysql_sparrow_password, password:11111111
2026-10-05 09:52:43.141 TRACE_ID DEBUG main DruidCustomPasswordCallback DruidCustomPasswordCallback setProperties, passwordKey:mysql_sparrow_password, password:11111111
2026-10-05 09:52:43.144 TRACE_ID DEBUG main DruidCustomPasswordCallback DruidCustomPasswordCallback setProperties, passwordKey:mysql_sparrow_password, password:11111111
2026-10-05 09:52:43.146 TRACE_ID DEBUG main DruidCustomPasswordCallback DruidCustomPasswordCallback setProperties, passwordKey:mysql_sparrow_password, password:11111111
2026-10-05 09:52:52.265 TRACE_ID DEBUG http-nio-8888-exec-4 CookieUtility get cookie Authorization
2026-10-05 09:52:52.265 TRACE_ID DEBUG http-nio-8888-exec-3 CookieUtility get cookie Authorization
2026-10-05 09:52:52.420 TRACE_ID DEBUG http-nio-8888-exec-3 JDBCTemplate SQL:select count(*) from `t_permission` where ( create_user_id = 1 )
2026-10-05 09:52:52.420 TRACE_ID DEBUG http-nio-8888-exec-4 JDBCTemplate SQL:select count(*) from `t_permission` where ( create_user_id = 1 )
2026-10-05 09:52:52.441 TRACE_ID DEBUG http-nio-8888-exec-3 JDBCTemplate SQL:select * from `t_app` where ( create_user_id = 1  AND status = ENABLE ) order by id DESC
2026-10-05 09:52:52.441 TRACE_ID DEBUG http-nio-8888-exec-4 JDBCTemplate SQL:select * from `t_app` where ( create_user_id = 1  AND status = ENABLE ) order by id DESC
2026-10-05 09:52:52.448 TRACE_ID DEBUG http-nio-8888-exec-3 JDBCTemplate SQL:select * from `t_micro_service` where ( create_user_id = 1  AND status = ENABLE ) order by id DESC
2026-10-05 09:52:52.448 TRACE_ID DEBUG http-nio-8888-exec-4 JDBCTemplate SQL:select * from `t_micro_service` where ( create_user_id = 1  AND status = ENABLE ) order by id DESC
2026-10-05 09:52:52.451 TRACE_ID DEBUG http-nio-8888-exec-4 JDBCTemplate SQL:select * from `t_permission` where ( create_user_id = 1  AND status = ENABLE ) order by id DESC
2026-10-05 09:52:52.451 TRACE_ID DEBUG http-nio-8888-exec-3 JDBCTemplate SQL:select * from `t_permission` where ( create_user_id = 1  AND status = ENABLE ) order by id DESC
2026-10-05 09:53:08.827 TRACE_ID DEBUG http-nio-8888-exec-8 CookieUtility get cookie Authorization
2026-10-05 09:53:08.827 TRACE_ID DEBUG http-nio-8888-exec-7 CookieUtility get cookie Authorization
2026-10-05 09:53:08.839 TRACE_ID DEBUG http-nio-8888-exec-8 JDBCTemplate SQL:select count(*) from `t_permission` where ( create_user_id = 1 )
2026-10-05 09:53:08.839 TRACE_ID DEBUG http-nio-8888-exec-7 JDBCTemplate SQL:select count(*) from `t_permission` where ( create_user_id = 1 )
2026-10-05 09:54:42.908 TRACE_ID DEBUG http-nio-8888-exec-8 JDBCTemplate SQL:select * from `t_app` where ( create_user_id = 1  AND status = ENABLE ) order by id DESC
2026-10-05 09:54:42.908 TRACE_ID DEBUG http-nio-8888-exec-7 JDBCTemplate SQL:select * from `t_app` where ( create_user_id = 1  AND status = ENABLE ) order by id DESC
2026-10-05 09:54:42.911 TRACE_ID DEBUG http-nio-8888-exec-7 JDBCTemplate SQL:select * from `t_micro_service` where ( create_user_id = 1  AND status = ENABLE ) order by id DESC
2026-10-05 09:54:42.912 TRACE_ID DEBUG http-nio-8888-exec-8 JDBCTemplate SQL:select * from `t_micro_service` where ( create_user_id = 1  AND status = ENABLE ) order by id DESC
2026-10-05 09:54:42.913 TRACE_ID DEBUG http-nio-8888-exec-7 JDBCTemplate SQL:select * from `t_permission` where ( create_user_id = 1  AND status = ENABLE ) order by id DESC
2026-10-05 09:54:42.913 TRACE_ID DEBUG http-nio-8888-exec-8 JDBCTemplate SQL:select * from `t_permission` where ( create_user_id = 1  AND status = ENABLE ) order by id DESC
2026-10-05 09:54:44.325 TRACE_ID DEBUG main Application Running with Spring Boot v3.5.0, Spring v6.2.7
2026-10-05 09:54:45.521 TRACE_ID DEBUG main SparrowCorsFilter Filter 'corsFilter' configured for use
2026-10-05 09:54:45.521 TRACE_ID DEBUG main FlashFilter Filter 'flashFilter' configured for use
2026-10-05 09:54:45.895 TRACE_ID DEBUG main DruidCustomPasswordCallback DruidCustomPasswordCallback setProperties, passwordKey:mysql_sparrow_password, password:11111111
2026-10-05 09:54:46.001 TRACE_ID DEBUG main DruidCustomPasswordCallback DruidCustomPasswordCallback setProperties, passwordKey:mysql_sparrow_password, password:11111111
2026-10-05 09:54:46.005 TRACE_ID DEBUG main DruidCustomPasswordCallback DruidCustomPasswordCallback setProperties, passwordKey:mysql_sparrow_password, password:11111111
2026-10-05 09:54:46.010 TRACE_ID DEBUG main DruidCustomPasswordCallback DruidCustomPasswordCallback setProperties, passwordKey:mysql_sparrow_password, password:11111111
2026-10-05 09:54:46.013 TRACE_ID DEBUG main DruidCustomPasswordCallback DruidCustomPasswordCallback setProperties, passwordKey:mysql_sparrow_password, password:11111111
2026-10-05 09:54:46.016 TRACE_ID DEBUG main DruidCustomPasswordCallback DruidCustomPasswordCallback setProperties, passwordKey:mysql_sparrow_password, password:11111111
2026-10-05 09:54:46.018 TRACE_ID DEBUG main DruidCustomPasswordCallback DruidCustomPasswordCallback setProperties, passwordKey:mysql_sparrow_password, password:11111111
2026-10-05 09:54:46.021 TRACE_ID DEBUG main DruidCustomPasswordCallback DruidCustomPasswordCallback setProperties, passwordKey:mysql_sparrow_password, password:11111111
