2026-10-02 23:30:35.202 TRACE_ID WARN  http-nio-8888-exec-10 Generator4MethodAccessor field not found limit of object class name com.sparrow.coder.protocol.query.ProjectConfigQuery
2026-10-02 23:30:35.203 TRACE_ID WARN  http-nio-8888-exec-10 Generator4MethodAccessor field not found limit of object class name com.sparrow.coder.dao.query.ProjectConfigDBPagerQuery
2026-10-02 23:30:35.203 TRACE_ID WARN  http-nio-8888-exec-1 Generator4MethodAccessor field not found limit of object class name com.sparrow.coder.protocol.query.ProjectConfigQuery
2026-10-02 23:30:35.203 TRACE_ID WARN  http-nio-8888-exec-1 Generator4MethodAccessor field not found limit of object class name com.sparrow.coder.dao.query.ProjectConfigDBPagerQuery
2026-10-02 23:30:35.391 TRACE_ID WARN  http-nio-8888-exec-1 Generator4MethodAccessor field not found limit of object class name com.sparrow.coder.protocol.query.ProjectConfigQuery
2026-10-02 23:30:35.391 TRACE_ID WARN  http-nio-8888-exec-1 Generator4MethodAccessor field not found limit of object class name com.sparrow.coder.dao.query.ProjectConfigDBPagerQuery
2026-10-02 23:30:35.392 TRACE_ID WARN  http-nio-8888-exec-10 Generator4MethodAccessor field not found limit of object class name com.sparrow.coder.protocol.query.ProjectConfigQuery
2026-10-02 23:30:35.393 TRACE_ID WARN  http-nio-8888-exec-10 Generator4MethodAccessor field not found limit of object class name com.sparrow.coder.dao.query.ProjectConfigDBPagerQuery
2026-10-02 23:30:35.413 TRACE_ID WARN  http-nio-8888-exec-1 Generator4MethodAccessor field not found displayText of object class name com.sparrow.coder.po.ProjectConfig
2026-10-02 23:30:35.413 TRACE_ID WARN  http-nio-8888-exec-10 Generator4MethodAccessor field not found displayText of object class name com.sparrow.coder.po.ProjectConfig
2026-10-02 23:34:33.906 TRACE_ID WARN  http-nio-8888-exec-5 Generator4MethodAccessor field not found displayText of object class name com.sparrow.coder.protocol.param.ProjectConfigParam
2026-10-02 23:34:33.906 TRACE_ID WARN  http-nio-8888-exec-5 Generator4MethodAccessor field not found displayText of object class name com.sparrow.coder.po.ProjectConfig
2026-10-02 23:34:33.906 TRACE_ID WARN  http-nio-8888-exec-5 Generator4MethodAccessor field not found fullBasePackageName of object class name com.sparrow.coder.protocol.param.ProjectConfigParam
2026-10-02 23:34:33.906 TRACE_ID WARN  http-nio-8888-exec-5 Generator4MethodAccessor field not found status of object class name com.sparrow.coder.protocol.param.ProjectConfigParam
2026-10-02 23:34:33.907 TRACE_ID WARN  http-nio-8888-exec-5 Generator4MethodAccessor field not found deleted of object class name com.sparrow.coder.protocol.param.ProjectConfigParam
2026-10-02 23:34:33.907 TRACE_ID WARN  http-nio-8888-exec-5 Generator4MethodAccessor field not found modifiedUserName of object class name com.sparrow.coder.protocol.param.ProjectConfigParam
2026-10-02 23:34:33.907 TRACE_ID WARN  http-nio-8888-exec-5 Generator4MethodAccessor field not found modifiedUserId of object class name com.sparrow.coder.protocol.param.ProjectConfigParam
2026-10-02 23:34:33.907 TRACE_ID WARN  http-nio-8888-exec-5 Generator4MethodAccessor field not found gmtModified of object class name com.sparrow.coder.protocol.param.ProjectConfigParam
2026-10-02 23:34:33.907 TRACE_ID WARN  http-nio-8888-exec-5 Generator4MethodAccessor field not found createUserId of object class name com.sparrow.coder.protocol.param.ProjectConfigParam
2026-10-02 23:34:33.907 TRACE_ID WARN  http-nio-8888-exec-5 Generator4MethodAccessor field not found gmtCreate of object class name com.sparrow.coder.protocol.param.ProjectConfigParam
2026-10-02 23:34:33.908 TRACE_ID WARN  http-nio-8888-exec-5 Generator4MethodAccessor field not found createUserName of object class name com.sparrow.coder.protocol.param.ProjectConfigParam
2026-10-02 23:34:33.965 TRACE_ID WARN  http-nio-8888-exec-9 Generator4MethodAccessor field not found limit of object class name com.sparrow.coder.protocol.query.ProjectConfigQuery
2026-10-02 23:34:33.965 TRACE_ID WARN  http-nio-8888-exec-9 Generator4MethodAccessor field not found limit of object class name com.sparrow.coder.dao.query.ProjectConfigDBPagerQuery
2026-10-02 23:34:33.977 TRACE_ID WARN  http-nio-8888-exec-9 Generator4MethodAccessor field not found limit of object class name com.sparrow.coder.protocol.query.ProjectConfigQuery
2026-10-02 23:34:33.977 TRACE_ID WARN  http-nio-8888-exec-9 Generator4MethodAccessor field not found limit of object class name com.sparrow.coder.dao.query.ProjectConfigDBPagerQuery
2026-10-02 23:34:33.981 TRACE_ID WARN  http-nio-8888-exec-9 Generator4MethodAccessor field not found displayText of object class name com.sparrow.coder.po.ProjectConfig
2026-10-02 23:35:12.274 TRACE_ID WARN  http-nio-8888-exec-1 Generator4MethodAccessor field not found displayText of object class name com.sparrow.coder.protocol.param.ProjectConfigParam
2026-10-02 23:35:12.274 TRACE_ID WARN  http-nio-8888-exec-1 Generator4MethodAccessor field not found displayText of object class name com.sparrow.coder.po.ProjectConfig
2026-10-02 23:35:12.274 TRACE_ID WARN  http-nio-8888-exec-1 Generator4MethodAccessor field not found fullBasePackageName of object class name com.sparrow.coder.protocol.param.ProjectConfigParam
2026-10-02 23:35:12.274 TRACE_ID WARN  http-nio-8888-exec-1 Generator4MethodAccessor field not found status of object class name com.sparrow.coder.protocol.param.ProjectConfigParam
2026-10-02 23:35:12.274 TRACE_ID WARN  http-nio-8888-exec-1 Generator4MethodAccessor field not found deleted of object class name com.sparrow.coder.protocol.param.ProjectConfigParam
2026-10-02 23:35:12.274 TRACE_ID WARN  http-nio-8888-exec-1 Generator4MethodAccessor field not found modifiedUserName of object class name com.sparrow.coder.protocol.param.ProjectConfigParam
2026-10-02 23:35:12.274 TRACE_ID WARN  http-nio-8888-exec-1 Generator4MethodAccessor field not found modifiedUserId of object class name com.sparrow.coder.protocol.param.ProjectConfigParam
2026-10-02 23:35:12.274 TRACE_ID WARN  http-nio-8888-exec-1 Generator4MethodAccessor field not found gmtModified of object class name com.sparrow.coder.protocol.param.ProjectConfigParam
2026-10-02 23:35:12.274 TRACE_ID WARN  http-nio-8888-exec-1 Generator4MethodAccessor field not found createUserId of object class name com.sparrow.coder.protocol.param.ProjectConfigParam
2026-10-02 23:35:12.274 TRACE_ID WARN  http-nio-8888-exec-1 Generator4MethodAccessor field not found gmtCreate of object class name com.sparrow.coder.protocol.param.ProjectConfigParam
2026-10-02 23:35:12.274 TRACE_ID WARN  http-nio-8888-exec-1 Generator4MethodAccessor field not found createUserName of object class name com.sparrow.coder.protocol.param.ProjectConfigParam
2026-10-02 23:35:12.295 TRACE_ID WARN  http-nio-8888-exec-4 Generator4MethodAccessor field not found limit of object class name com.sparrow.coder.protocol.query.ProjectConfigQuery
2026-10-02 23:35:12.295 TRACE_ID WARN  http-nio-8888-exec-4 Generator4MethodAccessor field not found limit of object class name com.sparrow.coder.dao.query.ProjectConfigDBPagerQuery
2026-10-02 23:35:12.296 TRACE_ID WARN  http-nio-8888-exec-4 Generator4MethodAccessor field not found limit of object class name com.sparrow.coder.protocol.query.ProjectConfigQuery
2026-10-02 23:35:12.297 TRACE_ID WARN  http-nio-8888-exec-4 Generator4MethodAccessor field not found limit of object class name com.sparrow.coder.dao.query.ProjectConfigDBPagerQuery
2026-10-02 23:35:12.299 TRACE_ID WARN  http-nio-8888-exec-4 Generator4MethodAccessor field not found displayText of object class name com.sparrow.coder.po.ProjectConfig
2026-10-02 23:35:19.635 TRACE_ID WARN  http-nio-8888-exec-5 Generator4MethodAccessor field not found limit of object class name com.sparrow.coder.protocol.query.ProjectConfigQuery
2026-10-02 23:35:19.635 TRACE_ID WARN  http-nio-8888-exec-5 Generator4MethodAccessor field not found limit of object class name com.sparrow.coder.dao.query.ProjectConfigDBPagerQuery
2026-10-02 23:35:19.635 TRACE_ID WARN  http-nio-8888-exec-6 Generator4MethodAccessor field not found limit of object class name com.sparrow.coder.protocol.query.ProjectConfigQuery
2026-10-02 23:35:19.635 TRACE_ID WARN  http-nio-8888-exec-6 Generator4MethodAccessor field not found limit of object class name com.sparrow.coder.dao.query.ProjectConfigDBPagerQuery
2026-10-02 23:35:19.637 TRACE_ID WARN  http-nio-8888-exec-5 Generator4MethodAccessor field not found limit of object class name com.sparrow.coder.protocol.query.ProjectConfigQuery
2026-10-02 23:35:19.637 TRACE_ID WARN  http-nio-8888-exec-5 Generator4MethodAccessor field not found limit of object class name com.sparrow.coder.dao.query.ProjectConfigDBPagerQuery
2026-10-02 23:35:19.637 TRACE_ID WARN  http-nio-8888-exec-6 Generator4MethodAccessor field not found limit of object class name com.sparrow.coder.protocol.query.ProjectConfigQuery
2026-10-02 23:35:19.638 TRACE_ID WARN  http-nio-8888-exec-6 Generator4MethodAccessor field not found limit of object class name com.sparrow.coder.dao.query.ProjectConfigDBPagerQuery
2026-10-02 23:35:19.638 TRACE_ID WARN  http-nio-8888-exec-6 Generator4MethodAccessor field not found displayText of object class name com.sparrow.coder.po.ProjectConfig
2026-10-02 23:35:19.639 TRACE_ID WARN  http-nio-8888-exec-5 Generator4MethodAccessor field not found displayText of object class name com.sparrow.coder.po.ProjectConfig
2026-10-02 23:40:58.005 TRACE_ID WARN  http-nio-8888-exec-1 Generator4MethodAccessor field not found displayText of object class name com.sparrow.coder.protocol.param.ProjectConfigParam
2026-10-02 23:40:58.006 TRACE_ID WARN  http-nio-8888-exec-1 Generator4MethodAccessor field not found displayText of object class name com.sparrow.coder.po.ProjectConfig
2026-10-02 23:40:58.006 TRACE_ID WARN  http-nio-8888-exec-1 Generator4MethodAccessor field not found fullBasePackageName of object class name com.sparrow.coder.protocol.param.ProjectConfigParam
2026-10-02 23:40:58.006 TRACE_ID WARN  http-nio-8888-exec-1 Generator4MethodAccessor field not found status of object class name com.sparrow.coder.protocol.param.ProjectConfigParam
2026-10-02 23:40:58.006 TRACE_ID WARN  http-nio-8888-exec-1 Generator4MethodAccessor field not found deleted of object class name com.sparrow.coder.protocol.param.ProjectConfigParam
2026-10-02 23:40:58.006 TRACE_ID WARN  http-nio-8888-exec-1 Generator4MethodAccessor field not found modifiedUserName of object class name com.sparrow.coder.protocol.param.ProjectConfigParam
2026-10-02 23:40:58.006 TRACE_ID WARN  http-nio-8888-exec-1 Generator4MethodAccessor field not found modifiedUserId of object class name com.sparrow.coder.protocol.param.ProjectConfigParam
2026-10-02 23:40:58.006 TRACE_ID WARN  http-nio-8888-exec-1 Generator4MethodAccessor field not found gmtModified of object class name com.sparrow.coder.protocol.param.ProjectConfigParam
2026-10-02 23:40:58.006 TRACE_ID WARN  http-nio-8888-exec-1 Generator4MethodAccessor field not found createUserId of object class name com.sparrow.coder.protocol.param.ProjectConfigParam
2026-10-02 23:40:58.006 TRACE_ID WARN  http-nio-8888-exec-1 Generator4MethodAccessor field not found gmtCreate of object class name com.sparrow.coder.protocol.param.ProjectConfigParam
2026-10-02 23:40:58.006 TRACE_ID WARN  http-nio-8888-exec-1 Generator4MethodAccessor field not found createUserName of object class name com.sparrow.coder.protocol.param.ProjectConfigParam
2026-10-02 23:41:29.802 TRACE_ID WARN  http-nio-8888-exec-2 Generator4MethodAccessor field not found displayText of object class name com.sparrow.coder.protocol.param.ProjectConfigParam
2026-10-02 23:41:29.802 TRACE_ID WARN  http-nio-8888-exec-2 Generator4MethodAccessor field not found displayText of object class name com.sparrow.coder.po.ProjectConfig
2026-10-02 23:41:29.803 TRACE_ID WARN  http-nio-8888-exec-2 Generator4MethodAccessor field not found modifiedUserName of object class name com.sparrow.coder.protocol.param.ProjectConfigParam
2026-10-02 23:41:29.803 TRACE_ID WARN  http-nio-8888-exec-2 Generator4MethodAccessor field not found modifiedUserId of object class name com.sparrow.coder.protocol.param.ProjectConfigParam
2026-10-02 23:41:29.803 TRACE_ID WARN  http-nio-8888-exec-2 Generator4MethodAccessor field not found gmtModified of object class name com.sparrow.coder.protocol.param.ProjectConfigParam
2026-10-02 23:41:29.803 TRACE_ID WARN  http-nio-8888-exec-2 Generator4MethodAccessor field not found createUserId of object class name com.sparrow.coder.protocol.param.ProjectConfigParam
2026-10-02 23:41:29.803 TRACE_ID WARN  http-nio-8888-exec-2 Generator4MethodAccessor field not found gmtCreate of object class name com.sparrow.coder.protocol.param.ProjectConfigParam
2026-10-02 23:41:29.803 TRACE_ID WARN  http-nio-8888-exec-2 Generator4MethodAccessor field not found createUserName of object class name com.sparrow.coder.protocol.param.ProjectConfigParam
2026-10-02 23:41:29.803 TRACE_ID WARN  http-nio-8888-exec-2 Generator4MethodAccessor field not found deleted of object class name com.sparrow.coder.protocol.param.ProjectConfigParam
2026-10-02 23:41:29.803 TRACE_ID WARN  http-nio-8888-exec-2 Generator4MethodAccessor field not found status of object class name com.sparrow.coder.protocol.param.ProjectConfigParam
2026-10-02 23:41:29.937 TRACE_ID WARN  http-nio-8888-exec-4 Generator4MethodAccessor field not found limit of object class name com.sparrow.coder.protocol.query.ProjectConfigQuery
2026-10-02 23:41:29.938 TRACE_ID WARN  http-nio-8888-exec-4 Generator4MethodAccessor field not found limit of object class name com.sparrow.coder.dao.query.ProjectConfigDBPagerQuery
2026-10-02 23:41:29.956 TRACE_ID WARN  http-nio-8888-exec-4 Generator4MethodAccessor field not found limit of object class name com.sparrow.coder.protocol.query.ProjectConfigQuery
2026-10-02 23:41:29.956 TRACE_ID WARN  http-nio-8888-exec-4 Generator4MethodAccessor field not found limit of object class name com.sparrow.coder.dao.query.ProjectConfigDBPagerQuery
2026-10-02 23:41:29.962 TRACE_ID WARN  http-nio-8888-exec-4 Generator4MethodAccessor field not found displayText of object class name com.sparrow.coder.po.ProjectConfig
2026-10-02 23:41:39.100 TRACE_ID WARN  http-nio-8888-exec-8 Generator4MethodAccessor field not found limit of object class name com.sparrow.coder.protocol.query.TableConfigQuery
2026-10-02 23:41:39.100 TRACE_ID WARN  http-nio-8888-exec-8 Generator4MethodAccessor field not found limit of object class name com.sparrow.coder.dao.query.TableConfigDBPagerQuery
2026-10-02 23:41:39.107 TRACE_ID WARN  http-nio-8888-exec-7 Generator4MethodAccessor field not found limit of object class name com.sparrow.coder.protocol.query.TableConfigQuery
2026-10-02 23:41:39.107 TRACE_ID WARN  http-nio-8888-exec-7 Generator4MethodAccessor field not found limit of object class name com.sparrow.coder.dao.query.TableConfigDBPagerQuery
2026-10-02 23:41:39.134 TRACE_ID WARN  http-nio-8888-exec-8 Generator4MethodAccessor field not found limit of object class name com.sparrow.coder.protocol.query.TableConfigQuery
2026-10-02 23:41:39.134 TRACE_ID WARN  http-nio-8888-exec-7 Generator4MethodAccessor field not found limit of object class name com.sparrow.coder.protocol.query.TableConfigQuery
2026-10-02 23:41:39.134 TRACE_ID WARN  http-nio-8888-exec-8 Generator4MethodAccessor field not found limit of object class name com.sparrow.coder.dao.query.TableConfigDBPagerQuery
2026-10-02 23:41:39.134 TRACE_ID WARN  http-nio-8888-exec-7 Generator4MethodAccessor field not found limit of object class name com.sparrow.coder.dao.query.TableConfigDBPagerQuery
2026-10-02 23:41:39.137 TRACE_ID WARN  http-nio-8888-exec-7 Generator4MethodAccessor field not found limit of object class name com.sparrow.coder.protocol.query.ProjectConfigQuery
2026-10-02 23:41:39.137 TRACE_ID WARN  http-nio-8888-exec-7 Generator4MethodAccessor field not found limit of object class name com.sparrow.coder.dao.query.ProjectConfigDBPagerQuery
2026-10-02 23:41:39.137 TRACE_ID WARN  http-nio-8888-exec-8 Generator4MethodAccessor field not found limit of object class name com.sparrow.coder.protocol.query.ProjectConfigQuery
2026-10-02 23:41:39.137 TRACE_ID WARN  http-nio-8888-exec-8 Generator4MethodAccessor field not found limit of object class name com.sparrow.coder.dao.query.ProjectConfigDBPagerQuery
2026-10-02 23:41:39.140 TRACE_ID WARN  http-nio-8888-exec-8 Generator4MethodAccessor field not found displayText of object class name com.sparrow.coder.po.ProjectConfig
2026-10-02 23:41:39.140 TRACE_ID WARN  http-nio-8888-exec-7 Generator4MethodAccessor field not found displayText of object class name com.sparrow.coder.po.ProjectConfig
2026-10-02 23:42:09.369 TRACE_ID WARN  http-nio-8888-exec-2 Generator4MethodAccessor field not found limit of object class name com.sparrow.coder.protocol.query.TableConfigQuery
2026-10-02 23:42:09.370 TRACE_ID WARN  http-nio-8888-exec-2 Generator4MethodAccessor field not found limit of object class name com.sparrow.coder.dao.query.TableConfigDBPagerQuery
2026-10-02 23:42:09.377 TRACE_ID WARN  http-nio-8888-exec-3 Generator4MethodAccessor field not found limit of object class name com.sparrow.coder.protocol.query.TableConfigQuery
2026-10-02 23:42:09.377 TRACE_ID WARN  http-nio-8888-exec-3 Generator4MethodAccessor field not found limit of object class name com.sparrow.coder.dao.query.TableConfigDBPagerQuery
2026-10-02 23:42:09.385 TRACE_ID WARN  http-nio-8888-exec-2 Generator4MethodAccessor field not found limit of object class name com.sparrow.coder.protocol.query.TableConfigQuery
2026-10-02 23:42:09.385 TRACE_ID WARN  http-nio-8888-exec-2 Generator4MethodAccessor field not found limit of object class name com.sparrow.coder.dao.query.TableConfigDBPagerQuery
2026-10-02 23:42:09.388 TRACE_ID WARN  http-nio-8888-exec-3 Generator4MethodAccessor field not found limit of object class name com.sparrow.coder.protocol.query.TableConfigQuery
2026-10-02 23:42:09.388 TRACE_ID WARN  http-nio-8888-exec-3 Generator4MethodAccessor field not found limit of object class name com.sparrow.coder.dao.query.TableConfigDBPagerQuery
2026-10-02 23:42:09.390 TRACE_ID WARN  http-nio-8888-exec-2 Generator4MethodAccessor field not found limit of object class name com.sparrow.coder.protocol.query.ProjectConfigQuery
2026-10-02 23:42:09.390 TRACE_ID WARN  http-nio-8888-exec-2 Generator4MethodAccessor field not found limit of object class name com.sparrow.coder.dao.query.ProjectConfigDBPagerQuery
2026-10-02 23:42:09.392 TRACE_ID WARN  http-nio-8888-exec-3 Generator4MethodAccessor field not found limit of object class name com.sparrow.coder.protocol.query.ProjectConfigQuery
2026-10-02 23:42:09.392 TRACE_ID WARN  http-nio-8888-exec-3 Generator4MethodAccessor field not found limit of object class name com.sparrow.coder.dao.query.ProjectConfigDBPagerQuery
2026-10-02 23:42:09.394 TRACE_ID WARN  http-nio-8888-exec-2 Generator4MethodAccessor field not found displayText of object class name com.sparrow.coder.po.ProjectConfig
2026-10-02 23:42:09.395 TRACE_ID WARN  http-nio-8888-exec-3 Generator4MethodAccessor field not found displayText of object class name com.sparrow.coder.po.ProjectConfig
2026-10-02 23:42:35.821 TRACE_ID WARN  http-nio-8888-exec-5 Generator4MethodAccessor field not found limit of object class name com.sparrow.coder.protocol.query.TableConfigQuery
2026-10-02 23:42:35.821 TRACE_ID WARN  http-nio-8888-exec-5 Generator4MethodAccessor field not found limit of object class name com.sparrow.coder.dao.query.TableConfigDBPagerQuery
2026-10-02 23:42:35.827 TRACE_ID WARN  http-nio-8888-exec-5 Generator4MethodAccessor field not found limit of object class name com.sparrow.coder.protocol.query.ProjectConfigQuery
2026-10-02 23:42:35.827 TRACE_ID WARN  http-nio-8888-exec-5 Generator4MethodAccessor field not found limit of object class name com.sparrow.coder.dao.query.ProjectConfigDBPagerQuery
2026-10-02 23:42:35.829 TRACE_ID WARN  http-nio-8888-exec-5 Generator4MethodAccessor field not found displayText of object class name com.sparrow.coder.po.ProjectConfig
2026-10-02 23:42:42.748 TRACE_ID WARN  http-nio-8888-exec-8 Generator4MethodAccessor field not found limit of object class name com.sparrow.coder.protocol.query.TableConfigQuery
2026-10-02 23:42:42.749 TRACE_ID WARN  http-nio-8888-exec-8 Generator4MethodAccessor field not found limit of object class name com.sparrow.coder.dao.query.TableConfigDBPagerQuery
2026-10-02 23:42:42.751 TRACE_ID WARN  http-nio-8888-exec-8 Generator4MethodAccessor field not found limit of object class name com.sparrow.coder.protocol.query.ProjectConfigQuery
2026-10-02 23:42:42.751 TRACE_ID WARN  http-nio-8888-exec-8 Generator4MethodAccessor field not found limit of object class name com.sparrow.coder.dao.query.ProjectConfigDBPagerQuery
2026-10-02 23:42:42.752 TRACE_ID WARN  http-nio-8888-exec-8 Generator4MethodAccessor field not found displayText of object class name com.sparrow.coder.po.ProjectConfig
2026-10-03 08:53:28.192 TRACE_ID WARN  http-nio-8888-exec-3 Generator4MethodAccessor field not found limit of object class name com.sparrow.coder.protocol.query.TableConfigQuery
2026-10-03 08:53:28.192 TRACE_ID WARN  http-nio-8888-exec-3 Generator4MethodAccessor field not found limit of object class name com.sparrow.coder.dao.query.TableConfigDBPagerQuery
2026-10-03 08:53:28.193 TRACE_ID WARN  http-nio-8888-exec-2 Generator4MethodAccessor field not found limit of object class name com.sparrow.coder.protocol.query.TableConfigQuery
2026-10-03 08:53:28.193 TRACE_ID WARN  http-nio-8888-exec-2 Generator4MethodAccessor field not found limit of object class name com.sparrow.coder.dao.query.TableConfigDBPagerQuery
2026-10-03 08:53:28.284 TRACE_ID WARN  http-nio-8888-exec-3 Generator4MethodAccessor field not found limit of object class name com.sparrow.coder.protocol.query.TableConfigQuery
2026-10-03 08:53:28.284 TRACE_ID WARN  http-nio-8888-exec-2 Generator4MethodAccessor field not found limit of object class name com.sparrow.coder.protocol.query.TableConfigQuery
2026-10-03 08:53:28.284 TRACE_ID WARN  http-nio-8888-exec-3 Generator4MethodAccessor field not found limit of object class name com.sparrow.coder.dao.query.TableConfigDBPagerQuery
2026-10-03 08:53:28.284 TRACE_ID WARN  http-nio-8888-exec-2 Generator4MethodAccessor field not found limit of object class name com.sparrow.coder.dao.query.TableConfigDBPagerQuery
2026-10-03 08:53:28.291 TRACE_ID WARN  http-nio-8888-exec-2 Generator4MethodAccessor field not found limit of object class name com.sparrow.coder.protocol.query.ProjectConfigQuery
2026-10-03 08:53:28.291 TRACE_ID WARN  http-nio-8888-exec-3 Generator4MethodAccessor field not found limit of object class name com.sparrow.coder.protocol.query.ProjectConfigQuery
2026-10-03 08:53:28.291 TRACE_ID WARN  http-nio-8888-exec-2 Generator4MethodAccessor field not found limit of object class name com.sparrow.coder.dao.query.ProjectConfigDBPagerQuery
2026-10-03 08:53:28.291 TRACE_ID WARN  http-nio-8888-exec-3 Generator4MethodAccessor field not found limit of object class name com.sparrow.coder.dao.query.ProjectConfigDBPagerQuery
2026-10-03 08:53:28.293 TRACE_ID WARN  http-nio-8888-exec-2 Generator4MethodAccessor field not found displayText of object class name com.sparrow.coder.po.ProjectConfig
2026-10-03 08:53:28.293 TRACE_ID WARN  http-nio-8888-exec-3 Generator4MethodAccessor field not found displayText of object class name com.sparrow.coder.po.ProjectConfig
2026-10-03 08:54:20.450 TRACE_ID WARN  http-nio-8888-exec-8 Generator4MethodAccessor field not found limit of object class name com.sparrow.coder.protocol.query.ProjectConfigQuery
2026-10-03 08:54:20.450 TRACE_ID WARN  http-nio-8888-exec-6 Generator4MethodAccessor field not found limit of object class name com.sparrow.coder.protocol.query.ProjectConfigQuery
2026-10-03 08:54:20.450 TRACE_ID WARN  http-nio-8888-exec-8 Generator4MethodAccessor field not found limit of object class name com.sparrow.coder.dao.query.ProjectConfigDBPagerQuery
2026-10-03 08:54:20.450 TRACE_ID WARN  http-nio-8888-exec-6 Generator4MethodAccessor field not found limit of object class name com.sparrow.coder.dao.query.ProjectConfigDBPagerQuery
2026-10-03 08:54:20.454 TRACE_ID WARN  http-nio-8888-exec-8 Generator4MethodAccessor field not found limit of object class name com.sparrow.coder.protocol.query.ProjectConfigQuery
2026-10-03 08:54:20.454 TRACE_ID WARN  http-nio-8888-exec-6 Generator4MethodAccessor field not found limit of object class name com.sparrow.coder.protocol.query.ProjectConfigQuery
2026-10-03 08:54:20.454 TRACE_ID WARN  http-nio-8888-exec-8 Generator4MethodAccessor field not found limit of object class name com.sparrow.coder.dao.query.ProjectConfigDBPagerQuery
2026-10-03 08:54:20.454 TRACE_ID WARN  http-nio-8888-exec-6 Generator4MethodAccessor field not found limit of object class name com.sparrow.coder.dao.query.ProjectConfigDBPagerQuery
2026-10-03 08:54:20.456 TRACE_ID WARN  http-nio-8888-exec-8 Generator4MethodAccessor field not found displayText of object class name com.sparrow.coder.po.ProjectConfig
2026-10-03 08:54:20.456 TRACE_ID WARN  http-nio-8888-exec-6 Generator4MethodAccessor field not found displayText of object class name com.sparrow.coder.po.ProjectConfig
2026-10-03 08:54:28.999 TRACE_ID WARN  http-nio-8888-exec-9 Generator4MethodAccessor field not found limit of object class name com.sparrow.coder.protocol.query.TableConfigQuery
2026-10-03 08:54:28.999 TRACE_ID WARN  http-nio-8888-exec-9 Generator4MethodAccessor field not found limit of object class name com.sparrow.coder.dao.query.TableConfigDBPagerQuery
2026-10-03 08:54:28.999 TRACE_ID WARN  http-nio-8888-exec-1 Generator4MethodAccessor field not found limit of object class name com.sparrow.coder.protocol.query.TableConfigQuery
2026-10-03 08:54:28.999 TRACE_ID WARN  http-nio-8888-exec-1 Generator4MethodAccessor field not found limit of object class name com.sparrow.coder.dao.query.TableConfigDBPagerQuery
2026-10-03 08:54:29.003 TRACE_ID WARN  http-nio-8888-exec-9 Generator4MethodAccessor field not found limit of object class name com.sparrow.coder.protocol.query.TableConfigQuery
2026-10-03 08:54:29.003 TRACE_ID WARN  http-nio-8888-exec-9 Generator4MethodAccessor field not found limit of object class name com.sparrow.coder.dao.query.TableConfigDBPagerQuery
2026-10-03 08:54:29.003 TRACE_ID WARN  http-nio-8888-exec-1 Generator4MethodAccessor field not found limit of object class name com.sparrow.coder.protocol.query.TableConfigQuery
2026-10-03 08:54:29.003 TRACE_ID WARN  http-nio-8888-exec-1 Generator4MethodAccessor field not found limit of object class name com.sparrow.coder.dao.query.TableConfigDBPagerQuery
2026-10-03 08:54:29.006 TRACE_ID WARN  http-nio-8888-exec-9 Generator4MethodAccessor field not found limit of object class name com.sparrow.coder.protocol.query.ProjectConfigQuery
2026-10-03 08:54:29.006 TRACE_ID WARN  http-nio-8888-exec-9 Generator4MethodAccessor field not found limit of object class name com.sparrow.coder.dao.query.ProjectConfigDBPagerQuery
2026-10-03 08:54:29.009 TRACE_ID WARN  http-nio-8888-exec-1 Generator4MethodAccessor field not found limit of object class name com.sparrow.coder.protocol.query.ProjectConfigQuery
2026-10-03 08:54:29.009 TRACE_ID WARN  http-nio-8888-exec-1 Generator4MethodAccessor field not found limit of object class name com.sparrow.coder.dao.query.ProjectConfigDBPagerQuery
2026-10-03 08:54:29.009 TRACE_ID WARN  http-nio-8888-exec-9 Generator4MethodAccessor field not found displayText of object class name com.sparrow.coder.po.ProjectConfig
2026-10-03 08:54:29.010 TRACE_ID WARN  http-nio-8888-exec-1 Generator4MethodAccessor field not found displayText of object class name com.sparrow.coder.po.ProjectConfig
2026-10-03 08:54:33.727 TRACE_ID WARN  http-nio-8888-exec-2 Generator4MethodAccessor field not found limit of object class name com.sparrow.coder.protocol.query.TableConfigQuery
2026-10-03 08:54:33.727 TRACE_ID WARN  http-nio-8888-exec-3 Generator4MethodAccessor field not found limit of object class name com.sparrow.coder.protocol.query.TableConfigQuery
2026-10-03 08:54:33.727 TRACE_ID WARN  http-nio-8888-exec-2 Generator4MethodAccessor field not found limit of object class name com.sparrow.coder.dao.query.TableConfigDBPagerQuery
2026-10-03 08:54:33.727 TRACE_ID WARN  http-nio-8888-exec-3 Generator4MethodAccessor field not found limit of object class name com.sparrow.coder.dao.query.TableConfigDBPagerQuery
2026-10-03 08:54:33.730 TRACE_ID WARN  http-nio-8888-exec-3 Generator4MethodAccessor field not found limit of object class name com.sparrow.coder.protocol.query.TableConfigQuery
2026-10-03 08:54:33.731 TRACE_ID WARN  http-nio-8888-exec-3 Generator4MethodAccessor field not found limit of object class name com.sparrow.coder.dao.query.TableConfigDBPagerQuery
2026-10-03 08:54:33.731 TRACE_ID WARN  http-nio-8888-exec-2 Generator4MethodAccessor field not found limit of object class name com.sparrow.coder.protocol.query.TableConfigQuery
2026-10-03 08:54:33.731 TRACE_ID WARN  http-nio-8888-exec-2 Generator4MethodAccessor field not found limit of object class name com.sparrow.coder.dao.query.TableConfigDBPagerQuery
2026-10-03 08:54:33.732 TRACE_ID WARN  http-nio-8888-exec-3 Generator4MethodAccessor field not found limit of object class name com.sparrow.coder.protocol.query.ProjectConfigQuery
2026-10-03 08:54:33.732 TRACE_ID WARN  http-nio-8888-exec-3 Generator4MethodAccessor field not found limit of object class name com.sparrow.coder.dao.query.ProjectConfigDBPagerQuery
2026-10-03 08:54:33.733 TRACE_ID WARN  http-nio-8888-exec-2 Generator4MethodAccessor field not found limit of object class name com.sparrow.coder.protocol.query.ProjectConfigQuery
2026-10-03 08:54:33.733 TRACE_ID WARN  http-nio-8888-exec-2 Generator4MethodAccessor field not found limit of object class name com.sparrow.coder.dao.query.ProjectConfigDBPagerQuery
2026-10-03 08:54:33.734 TRACE_ID WARN  http-nio-8888-exec-3 Generator4MethodAccessor field not found displayText of object class name com.sparrow.coder.po.ProjectConfig
2026-10-03 08:54:33.734 TRACE_ID WARN  http-nio-8888-exec-2 Generator4MethodAccessor field not found displayText of object class name com.sparrow.coder.po.ProjectConfig
2026-10-03 08:54:36.387 TRACE_ID WARN  http-nio-8888-exec-6 Generator4MethodAccessor field not found limit of object class name com.sparrow.coder.protocol.query.ProjectConfigQuery
2026-10-03 08:54:36.387 TRACE_ID WARN  http-nio-8888-exec-6 Generator4MethodAccessor field not found limit of object class name com.sparrow.coder.dao.query.ProjectConfigDBPagerQuery
2026-10-03 08:54:36.387 TRACE_ID WARN  http-nio-8888-exec-8 Generator4MethodAccessor field not found limit of object class name com.sparrow.coder.protocol.query.ProjectConfigQuery
2026-10-03 08:54:36.387 TRACE_ID WARN  http-nio-8888-exec-8 Generator4MethodAccessor field not found limit of object class name com.sparrow.coder.dao.query.ProjectConfigDBPagerQuery
2026-10-03 08:54:36.389 TRACE_ID WARN  http-nio-8888-exec-6 Generator4MethodAccessor field not found limit of object class name com.sparrow.coder.protocol.query.ProjectConfigQuery
2026-10-03 08:54:36.389 TRACE_ID WARN  http-nio-8888-exec-8 Generator4MethodAccessor field not found limit of object class name com.sparrow.coder.protocol.query.ProjectConfigQuery
2026-10-03 08:54:36.389 TRACE_ID WARN  http-nio-8888-exec-6 Generator4MethodAccessor field not found limit of object class name com.sparrow.coder.dao.query.ProjectConfigDBPagerQuery
2026-10-03 08:54:36.389 TRACE_ID WARN  http-nio-8888-exec-8 Generator4MethodAccessor field not found limit of object class name com.sparrow.coder.dao.query.ProjectConfigDBPagerQuery
2026-10-03 08:54:36.390 TRACE_ID WARN  http-nio-8888-exec-6 Generator4MethodAccessor field not found displayText of object class name com.sparrow.coder.po.ProjectConfig
2026-10-03 08:54:36.390 TRACE_ID WARN  http-nio-8888-exec-8 Generator4MethodAccessor field not found displayText of object class name com.sparrow.coder.po.ProjectConfig
2026-10-03 08:54:40.850 TRACE_ID WARN  http-nio-8888-exec-1 Generator4MethodAccessor field not found limit of object class name com.sparrow.coder.protocol.query.TableConfigQuery
2026-10-03 08:54:40.851 TRACE_ID WARN  http-nio-8888-exec-9 Generator4MethodAccessor field not found limit of object class name com.sparrow.coder.protocol.query.TableConfigQuery
2026-10-03 08:54:40.851 TRACE_ID WARN  http-nio-8888-exec-9 Generator4MethodAccessor field not found limit of object class name com.sparrow.coder.dao.query.TableConfigDBPagerQuery
2026-10-03 08:54:40.852 TRACE_ID WARN  http-nio-8888-exec-1 Generator4MethodAccessor field not found limit of object class name com.sparrow.coder.dao.query.TableConfigDBPagerQuery
2026-10-03 08:54:40.853 TRACE_ID WARN  http-nio-8888-exec-1 Generator4MethodAccessor field not found limit of object class name com.sparrow.coder.protocol.query.TableConfigQuery
2026-10-03 08:54:40.853 TRACE_ID WARN  http-nio-8888-exec-1 Generator4MethodAccessor field not found limit of object class name com.sparrow.coder.dao.query.TableConfigDBPagerQuery
2026-10-03 08:54:40.853 TRACE_ID WARN  http-nio-8888-exec-9 Generator4MethodAccessor field not found limit of object class name com.sparrow.coder.protocol.query.TableConfigQuery
2026-10-03 08:54:40.853 TRACE_ID WARN  http-nio-8888-exec-9 Generator4MethodAccessor field not found limit of object class name com.sparrow.coder.dao.query.TableConfigDBPagerQuery
2026-10-03 08:54:40.855 TRACE_ID WARN  http-nio-8888-exec-1 Generator4MethodAccessor field not found limit of object class name com.sparrow.coder.protocol.query.ProjectConfigQuery
2026-10-03 08:54:40.855 TRACE_ID WARN  http-nio-8888-exec-1 Generator4MethodAccessor field not found limit of object class name com.sparrow.coder.dao.query.ProjectConfigDBPagerQuery
2026-10-03 08:54:40.855 TRACE_ID WARN  http-nio-8888-exec-9 Generator4MethodAccessor field not found limit of object class name com.sparrow.coder.protocol.query.ProjectConfigQuery
2026-10-03 08:54:40.855 TRACE_ID WARN  http-nio-8888-exec-9 Generator4MethodAccessor field not found limit of object class name com.sparrow.coder.dao.query.ProjectConfigDBPagerQuery
2026-10-03 08:54:40.856 TRACE_ID WARN  http-nio-8888-exec-1 Generator4MethodAccessor field not found displayText of object class name com.sparrow.coder.po.ProjectConfig
2026-10-03 08:54:40.856 TRACE_ID WARN  http-nio-8888-exec-9 Generator4MethodAccessor field not found displayText of object class name com.sparrow.coder.po.ProjectConfig
2026-10-03 08:54:58.804 TRACE_ID WARN  http-nio-8888-exec-5 Generator4MethodAccessor field not found limit of object class name com.sparrow.coder.protocol.query.TableConfigQuery
2026-10-03 08:54:58.804 TRACE_ID WARN  http-nio-8888-exec-5 Generator4MethodAccessor field not found limit of object class name com.sparrow.coder.dao.query.TableConfigDBPagerQuery
2026-10-03 08:54:58.808 TRACE_ID WARN  http-nio-8888-exec-4 Generator4MethodAccessor field not found limit of object class name com.sparrow.coder.protocol.query.TableConfigQuery
2026-10-03 08:54:58.808 TRACE_ID WARN  http-nio-8888-exec-4 Generator4MethodAccessor field not found limit of object class name com.sparrow.coder.dao.query.TableConfigDBPagerQuery
2026-10-03 08:54:58.819 TRACE_ID WARN  http-nio-8888-exec-4 Generator4MethodAccessor field not found limit of object class name com.sparrow.coder.protocol.query.TableConfigQuery
2026-10-03 08:54:58.819 TRACE_ID WARN  http-nio-8888-exec-4 Generator4MethodAccessor field not found limit of object class name com.sparrow.coder.dao.query.TableConfigDBPagerQuery
2026-10-03 08:54:58.820 TRACE_ID WARN  http-nio-8888-exec-5 Generator4MethodAccessor field not found limit of object class name com.sparrow.coder.protocol.query.TableConfigQuery
2026-10-03 08:54:58.820 TRACE_ID WARN  http-nio-8888-exec-5 Generator4MethodAccessor field not found limit of object class name com.sparrow.coder.dao.query.TableConfigDBPagerQuery
2026-10-03 08:54:58.839 TRACE_ID WARN  http-nio-8888-exec-5 Generator4MethodAccessor field not found limit of object class name com.sparrow.coder.protocol.query.ProjectConfigQuery
2026-10-03 08:54:58.842 TRACE_ID WARN  http-nio-8888-exec-5 Generator4MethodAccessor field not found limit of object class name com.sparrow.coder.dao.query.ProjectConfigDBPagerQuery
2026-10-03 08:54:58.843 TRACE_ID WARN  http-nio-8888-exec-4 Generator4MethodAccessor field not found limit of object class name com.sparrow.coder.protocol.query.ProjectConfigQuery
2026-10-03 08:54:58.843 TRACE_ID WARN  http-nio-8888-exec-4 Generator4MethodAccessor field not found limit of object class name com.sparrow.coder.dao.query.ProjectConfigDBPagerQuery
2026-10-03 08:54:58.844 TRACE_ID WARN  http-nio-8888-exec-5 Generator4MethodAccessor field not found displayText of object class name com.sparrow.coder.po.ProjectConfig
2026-10-03 08:54:58.844 TRACE_ID WARN  http-nio-8888-exec-4 Generator4MethodAccessor field not found displayText of object class name com.sparrow.coder.po.ProjectConfig
2026-10-03 08:56:07.274 TRACE_ID WARN  http-nio-8888-exec-7 Generator4MethodAccessor field not found limit of object class name com.sparrow.coder.protocol.query.TableConfigQuery
2026-10-03 08:56:07.276 TRACE_ID WARN  http-nio-8888-exec-7 Generator4MethodAccessor field not found limit of object class name com.sparrow.coder.dao.query.TableConfigDBPagerQuery
2026-10-03 08:56:09.459 TRACE_ID WARN  http-nio-8888-exec-7 Generator4MethodAccessor field not found limit of object class name com.sparrow.coder.protocol.query.TableConfigQuery
2026-10-03 08:56:09.459 TRACE_ID WARN  http-nio-8888-exec-7 Generator4MethodAccessor field not found limit of object class name com.sparrow.coder.dao.query.TableConfigDBPagerQuery
2026-10-03 08:56:09.460 TRACE_ID WARN  http-nio-8888-exec-10 Generator4MethodAccessor field not found limit of object class name com.sparrow.coder.protocol.query.TableConfigQuery
2026-10-03 08:56:09.461 TRACE_ID WARN  http-nio-8888-exec-10 Generator4MethodAccessor field not found limit of object class name com.sparrow.coder.dao.query.TableConfigDBPagerQuery
2026-10-03 08:56:09.467 TRACE_ID WARN  http-nio-8888-exec-7 Generator4MethodAccessor field not found limit of object class name com.sparrow.coder.protocol.query.ProjectConfigQuery
2026-10-03 08:56:09.468 TRACE_ID WARN  http-nio-8888-exec-7 Generator4MethodAccessor field not found limit of object class name com.sparrow.coder.dao.query.ProjectConfigDBPagerQuery
2026-10-03 08:56:11.398 TRACE_ID WARN  http-nio-8888-exec-7 Generator4MethodAccessor field not found displayText of object class name com.sparrow.coder.po.ProjectConfig
2026-10-03 08:57:32.921 TRACE_ID WARN  http-nio-8888-exec-10 Generator4MethodAccessor field not found limit of object class name com.sparrow.coder.protocol.query.TableConfigQuery
2026-10-03 08:57:32.924 TRACE_ID WARN  http-nio-8888-exec-10 Generator4MethodAccessor field not found limit of object class name com.sparrow.coder.dao.query.TableConfigDBPagerQuery
2026-10-03 08:57:32.948 TRACE_ID WARN  http-nio-8888-exec-10 Generator4MethodAccessor field not found limit of object class name com.sparrow.coder.protocol.query.ProjectConfigQuery
2026-10-03 08:57:32.948 TRACE_ID WARN  http-nio-8888-exec-10 Generator4MethodAccessor field not found limit of object class name com.sparrow.coder.dao.query.ProjectConfigDBPagerQuery
2026-10-03 08:57:32.957 TRACE_ID WARN  http-nio-8888-exec-10 Generator4MethodAccessor field not found displayText of object class name com.sparrow.coder.po.ProjectConfig
2026-10-03 08:57:56.170 TRACE_ID WARN  http-nio-8888-exec-3 Generator4MethodAccessor field not found limit of object class name com.sparrow.coder.protocol.query.TableConfigQuery
2026-10-03 08:57:56.171 TRACE_ID WARN  http-nio-8888-exec-3 Generator4MethodAccessor field not found limit of object class name com.sparrow.coder.dao.query.TableConfigDBPagerQuery
2026-10-03 08:57:57.951 TRACE_ID WARN  http-nio-8888-exec-2 Generator4MethodAccessor field not found limit of object class name com.sparrow.coder.protocol.query.TableConfigQuery
2026-10-03 08:57:57.955 TRACE_ID WARN  http-nio-8888-exec-2 Generator4MethodAccessor field not found limit of object class name com.sparrow.coder.dao.query.TableConfigDBPagerQuery
2026-10-03 08:58:04.165 TRACE_ID WARN  http-nio-8888-exec-3 Generator4MethodAccessor field not found limit of object class name com.sparrow.coder.protocol.query.TableConfigQuery
2026-10-03 08:58:04.165 TRACE_ID WARN  http-nio-8888-exec-3 Generator4MethodAccessor field not found limit of object class name com.sparrow.coder.dao.query.TableConfigDBPagerQuery
2026-10-03 08:58:12.716 TRACE_ID WARN  http-nio-8888-exec-3 Generator4MethodAccessor field not found limit of object class name com.sparrow.coder.protocol.query.ProjectConfigQuery
2026-10-03 08:58:12.716 TRACE_ID WARN  http-nio-8888-exec-3 Generator4MethodAccessor field not found limit of object class name com.sparrow.coder.dao.query.ProjectConfigDBPagerQuery
2026-10-03 09:00:31.613 TRACE_ID WARN  http-nio-8888-exec-3 Generator4MethodAccessor field not found displayText of object class name com.sparrow.coder.po.ProjectConfig
2026-10-03 09:00:55.495 TRACE_ID WARN  http-nio-8888-exec-3 Generator4MethodAccessor field not found limit of object class name com.sparrow.coder.protocol.query.TableConfigQuery
2026-10-03 09:00:55.495 TRACE_ID WARN  http-nio-8888-exec-4 Generator4MethodAccessor field not found limit of object class name com.sparrow.coder.protocol.query.TableConfigQuery
2026-10-03 09:00:55.496 TRACE_ID WARN  http-nio-8888-exec-3 Generator4MethodAccessor field not found limit of object class name com.sparrow.coder.dao.query.TableConfigDBPagerQuery
2026-10-03 09:00:55.496 TRACE_ID WARN  http-nio-8888-exec-4 Generator4MethodAccessor field not found limit of object class name com.sparrow.coder.dao.query.TableConfigDBPagerQuery
2026-10-03 09:00:56.770 TRACE_ID WARN  http-nio-8888-exec-3 Generator4MethodAccessor field not found limit of object class name com.sparrow.coder.protocol.query.ProjectConfigQuery
2026-10-03 09:00:56.770 TRACE_ID WARN  http-nio-8888-exec-3 Generator4MethodAccessor field not found limit of object class name com.sparrow.coder.dao.query.ProjectConfigDBPagerQuery
2026-10-03 09:00:56.776 TRACE_ID WARN  http-nio-8888-exec-3 Generator4MethodAccessor field not found displayText of object class name com.sparrow.coder.po.ProjectConfig
2026-10-03 09:01:18.833 TRACE_ID WARN  http-nio-8888-exec-4 Generator4MethodAccessor field not found limit of object class name com.sparrow.coder.protocol.query.ProjectConfigQuery
2026-10-03 09:01:18.835 TRACE_ID WARN  http-nio-8888-exec-4 Generator4MethodAccessor field not found limit of object class name com.sparrow.coder.dao.query.ProjectConfigDBPagerQuery
2026-10-03 09:01:18.847 TRACE_ID WARN  http-nio-8888-exec-4 Generator4MethodAccessor field not found displayText of object class name com.sparrow.coder.po.ProjectConfig
2026-10-03 09:01:56.392 TRACE_ID WARN  http-nio-8888-exec-3 Generator4MethodAccessor field not found limit of object class name com.sparrow.coder.protocol.query.TableConfigQuery
2026-10-03 09:01:56.392 TRACE_ID WARN  http-nio-8888-exec-4 Generator4MethodAccessor field not found limit of object class name com.sparrow.coder.protocol.query.TableConfigQuery
2026-10-03 09:01:56.393 TRACE_ID WARN  http-nio-8888-exec-3 Generator4MethodAccessor field not found limit of object class name com.sparrow.coder.dao.query.TableConfigDBPagerQuery
2026-10-03 09:01:56.393 TRACE_ID WARN  http-nio-8888-exec-4 Generator4MethodAccessor field not found limit of object class name com.sparrow.coder.dao.query.TableConfigDBPagerQuery
2026-10-03 09:02:07.732 TRACE_ID WARN  http-nio-8888-exec-3 Generator4MethodAccessor field not found limit of object class name com.sparrow.coder.protocol.query.ProjectConfigQuery
2026-10-03 09:02:07.732 TRACE_ID WARN  http-nio-8888-exec-3 Generator4MethodAccessor field not found limit of object class name com.sparrow.coder.dao.query.ProjectConfigDBPagerQuery
2026-10-03 09:02:09.396 TRACE_ID WARN  http-nio-8888-exec-3 Generator4MethodAccessor field not found displayText of object class name com.sparrow.coder.po.ProjectConfig
2026-10-03 09:02:25.773 TRACE_ID WARN  http-nio-8888-exec-4 Generator4MethodAccessor field not found limit of object class name com.sparrow.coder.protocol.query.ProjectConfigQuery
2026-10-03 09:02:25.774 TRACE_ID WARN  http-nio-8888-exec-4 Generator4MethodAccessor field not found limit of object class name com.sparrow.coder.dao.query.ProjectConfigDBPagerQuery
2026-10-03 09:02:25.783 TRACE_ID WARN  http-nio-8888-exec-4 Generator4MethodAccessor field not found displayText of object class name com.sparrow.coder.po.ProjectConfig
2026-10-03 09:02:39.617 TRACE_ID WARN  http-nio-8888-exec-8 Generator4MethodAccessor field not found limit of object class name com.sparrow.coder.protocol.query.TableConfigQuery
2026-10-03 09:02:39.617 TRACE_ID WARN  http-nio-8888-exec-7 Generator4MethodAccessor field not found limit of object class name com.sparrow.coder.protocol.query.TableConfigQuery
2026-10-03 09:02:39.617 TRACE_ID WARN  http-nio-8888-exec-8 Generator4MethodAccessor field not found limit of object class name com.sparrow.coder.dao.query.TableConfigDBPagerQuery
2026-10-03 09:02:39.617 TRACE_ID WARN  http-nio-8888-exec-7 Generator4MethodAccessor field not found limit of object class name com.sparrow.coder.dao.query.TableConfigDBPagerQuery
2026-10-03 09:02:43.159 TRACE_ID WARN  http-nio-8888-exec-8 Generator4MethodAccessor field not found limit of object class name com.sparrow.coder.protocol.query.TableConfigQuery
2026-10-03 09:02:43.159 TRACE_ID WARN  http-nio-8888-exec-7 Generator4MethodAccessor field not found limit of object class name com.sparrow.coder.protocol.query.TableConfigQuery
2026-10-03 09:02:43.159 TRACE_ID WARN  http-nio-8888-exec-8 Generator4MethodAccessor field not found limit of object class name com.sparrow.coder.dao.query.TableConfigDBPagerQuery
2026-10-03 09:02:43.159 TRACE_ID WARN  http-nio-8888-exec-7 Generator4MethodAccessor field not found limit of object class name com.sparrow.coder.dao.query.TableConfigDBPagerQuery
2026-10-03 09:02:43.170 TRACE_ID WARN  http-nio-8888-exec-8 Generator4MethodAccessor field not found limit of object class name com.sparrow.coder.protocol.query.ProjectConfigQuery
2026-10-03 09:02:43.170 TRACE_ID WARN  http-nio-8888-exec-8 Generator4MethodAccessor field not found limit of object class name com.sparrow.coder.dao.query.ProjectConfigDBPagerQuery
2026-10-03 09:02:43.170 TRACE_ID WARN  http-nio-8888-exec-7 Generator4MethodAccessor field not found limit of object class name com.sparrow.coder.protocol.query.ProjectConfigQuery
2026-10-03 09:02:43.170 TRACE_ID WARN  http-nio-8888-exec-7 Generator4MethodAccessor field not found limit of object class name com.sparrow.coder.dao.query.ProjectConfigDBPagerQuery
2026-10-03 09:02:43.172 TRACE_ID WARN  http-nio-8888-exec-7 Generator4MethodAccessor field not found displayText of object class name com.sparrow.coder.po.ProjectConfig
2026-10-03 09:02:43.172 TRACE_ID WARN  http-nio-8888-exec-8 Generator4MethodAccessor field not found displayText of object class name com.sparrow.coder.po.ProjectConfig
2026-10-03 09:02:59.117 TRACE_ID WARN  http-nio-8888-exec-2 Generator4MethodAccessor field not found limit of object class name com.sparrow.coder.protocol.query.TableConfigQuery
2026-10-03 09:02:59.117 TRACE_ID WARN  http-nio-8888-exec-1 Generator4MethodAccessor field not found limit of object class name com.sparrow.coder.protocol.query.TableConfigQuery
2026-10-03 09:02:59.118 TRACE_ID WARN  http-nio-8888-exec-2 Generator4MethodAccessor field not found limit of object class name com.sparrow.coder.dao.query.TableConfigDBPagerQuery
2026-10-03 09:02:59.118 TRACE_ID WARN  http-nio-8888-exec-1 Generator4MethodAccessor field not found limit of object class name com.sparrow.coder.dao.query.TableConfigDBPagerQuery
2026-10-03 09:02:59.123 TRACE_ID WARN  http-nio-8888-exec-2 Generator4MethodAccessor field not found limit of object class name com.sparrow.coder.protocol.query.ProjectConfigQuery
2026-10-03 09:02:59.123 TRACE_ID WARN  http-nio-8888-exec-1 Generator4MethodAccessor field not found limit of object class name com.sparrow.coder.protocol.query.ProjectConfigQuery
2026-10-03 09:02:59.123 TRACE_ID WARN  http-nio-8888-exec-2 Generator4MethodAccessor field not found limit of object class name com.sparrow.coder.dao.query.ProjectConfigDBPagerQuery
2026-10-03 09:02:59.123 TRACE_ID WARN  http-nio-8888-exec-1 Generator4MethodAccessor field not found limit of object class name com.sparrow.coder.dao.query.ProjectConfigDBPagerQuery
2026-10-03 09:02:59.126 TRACE_ID WARN  http-nio-8888-exec-2 Generator4MethodAccessor field not found displayText of object class name com.sparrow.coder.po.ProjectConfig
2026-10-03 09:02:59.126 TRACE_ID WARN  http-nio-8888-exec-1 Generator4MethodAccessor field not found displayText of object class name com.sparrow.coder.po.ProjectConfig
2026-10-03 09:38:29.643 TRACE_ID WARN  http-nio-8888-exec-3 Generator4MethodAccessor field not found limit of object class name com.sparrow.coder.protocol.query.TableConfigQuery
2026-10-03 09:38:29.643 TRACE_ID WARN  http-nio-8888-exec-4 Generator4MethodAccessor field not found limit of object class name com.sparrow.coder.protocol.query.TableConfigQuery
2026-10-03 09:38:29.644 TRACE_ID WARN  http-nio-8888-exec-3 Generator4MethodAccessor field not found limit of object class name com.sparrow.coder.dao.query.TableConfigDBPagerQuery
2026-10-03 09:38:29.644 TRACE_ID WARN  http-nio-8888-exec-4 Generator4MethodAccessor field not found limit of object class name com.sparrow.coder.dao.query.TableConfigDBPagerQuery
2026-10-03 09:38:29.671 TRACE_ID WARN  http-nio-8888-exec-3 Generator4MethodAccessor field not found limit of object class name com.sparrow.coder.protocol.query.TableConfigQuery
2026-10-03 09:38:29.672 TRACE_ID WARN  http-nio-8888-exec-4 Generator4MethodAccessor field not found limit of object class name com.sparrow.coder.protocol.query.TableConfigQuery
2026-10-03 09:38:29.672 TRACE_ID WARN  http-nio-8888-exec-3 Generator4MethodAccessor field not found limit of object class name com.sparrow.coder.dao.query.TableConfigDBPagerQuery
2026-10-03 09:38:29.672 TRACE_ID WARN  http-nio-8888-exec-4 Generator4MethodAccessor field not found limit of object class name com.sparrow.coder.dao.query.TableConfigDBPagerQuery
2026-10-03 09:38:29.679 TRACE_ID WARN  http-nio-8888-exec-4 Generator4MethodAccessor field not found limit of object class name com.sparrow.coder.protocol.query.ProjectConfigQuery
2026-10-03 09:38:29.679 TRACE_ID WARN  http-nio-8888-exec-4 Generator4MethodAccessor field not found limit of object class name com.sparrow.coder.dao.query.ProjectConfigDBPagerQuery
2026-10-03 09:38:29.679 TRACE_ID WARN  http-nio-8888-exec-3 Generator4MethodAccessor field not found limit of object class name com.sparrow.coder.protocol.query.ProjectConfigQuery
2026-10-03 09:38:29.679 TRACE_ID WARN  http-nio-8888-exec-3 Generator4MethodAccessor field not found limit of object class name com.sparrow.coder.dao.query.ProjectConfigDBPagerQuery
2026-10-03 09:38:29.683 TRACE_ID WARN  http-nio-8888-exec-4 Generator4MethodAccessor field not found displayText of object class name com.sparrow.coder.po.ProjectConfig
2026-10-03 09:38:29.683 TRACE_ID WARN  http-nio-8888-exec-3 Generator4MethodAccessor field not found displayText of object class name com.sparrow.coder.po.ProjectConfig
2026-10-03 09:38:42.436 TRACE_ID WARN  http-nio-8888-exec-8 Generator4MethodAccessor field not found limit of object class name com.sparrow.security.admin.protocol.query.DepartmentQuery
2026-10-03 09:38:42.436 TRACE_ID WARN  http-nio-8888-exec-7 Generator4MethodAccessor field not found limit of object class name com.sparrow.security.admin.protocol.query.DepartmentQuery
2026-10-03 09:38:42.437 TRACE_ID WARN  http-nio-8888-exec-7 Generator4MethodAccessor field not found limit of object class name com.sparrow.security.admin.dao.query.DepartmentDBPagerQuery
2026-10-03 09:38:42.437 TRACE_ID WARN  http-nio-8888-exec-8 Generator4MethodAccessor field not found limit of object class name com.sparrow.security.admin.dao.query.DepartmentDBPagerQuery
2026-10-03 09:38:42.476 TRACE_ID WARN  http-nio-8888-exec-7 Generator4MethodAccessor field not found limit of object class name com.sparrow.security.admin.protocol.query.DepartmentQuery
2026-10-03 09:38:42.476 TRACE_ID WARN  http-nio-8888-exec-7 Generator4MethodAccessor field not found limit of object class name com.sparrow.security.admin.dao.query.DepartmentDBPagerQuery
2026-10-03 09:38:42.476 TRACE_ID WARN  http-nio-8888-exec-8 Generator4MethodAccessor field not found limit of object class name com.sparrow.security.admin.protocol.query.DepartmentQuery
2026-10-03 09:38:42.476 TRACE_ID WARN  http-nio-8888-exec-8 Generator4MethodAccessor field not found limit of object class name com.sparrow.security.admin.dao.query.DepartmentDBPagerQuery
2026-10-04 09:27:49.245 TRACE_ID WARN  http-nio-8888-exec-4 Generator4MethodAccessor field not found limit of object class name com.sparrow.coder.protocol.query.ProjectConfigQuery
2026-10-04 09:27:49.245 TRACE_ID WARN  http-nio-8888-exec-4 Generator4MethodAccessor field not found limit of object class name com.sparrow.coder.dao.query.ProjectConfigDBPagerQuery
2026-10-04 09:27:49.247 TRACE_ID WARN  http-nio-8888-exec-3 Generator4MethodAccessor field not found limit of object class name com.sparrow.coder.protocol.query.ProjectConfigQuery
2026-10-04 09:27:49.247 TRACE_ID WARN  http-nio-8888-exec-3 Generator4MethodAccessor field not found limit of object class name com.sparrow.coder.dao.query.ProjectConfigDBPagerQuery
2026-10-04 09:27:49.370 TRACE_ID WARN  http-nio-8888-exec-3 Generator4MethodAccessor field not found limit of object class name com.sparrow.coder.protocol.query.ProjectConfigQuery
2026-10-04 09:27:49.370 TRACE_ID WARN  http-nio-8888-exec-4 Generator4MethodAccessor field not found limit of object class name com.sparrow.coder.protocol.query.ProjectConfigQuery
2026-10-04 09:27:49.370 TRACE_ID WARN  http-nio-8888-exec-3 Generator4MethodAccessor field not found limit of object class name com.sparrow.coder.dao.query.ProjectConfigDBPagerQuery
2026-10-04 09:27:49.370 TRACE_ID WARN  http-nio-8888-exec-4 Generator4MethodAccessor field not found limit of object class name com.sparrow.coder.dao.query.ProjectConfigDBPagerQuery
2026-10-04 09:27:49.381 TRACE_ID WARN  http-nio-8888-exec-3 Generator4MethodAccessor field not found displayText of object class name com.sparrow.coder.po.ProjectConfig
2026-10-04 09:27:49.381 TRACE_ID WARN  http-nio-8888-exec-4 Generator4MethodAccessor field not found displayText of object class name com.sparrow.coder.po.ProjectConfig
2026-10-04 09:28:25.971 TRACE_ID WARN  http-nio-8888-exec-6 Generator4MethodAccessor field not found displayText of object class name com.sparrow.coder.protocol.param.ProjectConfigParam
2026-10-04 09:28:25.974 TRACE_ID WARN  http-nio-8888-exec-6 Generator4MethodAccessor field not found displayText of object class name com.sparrow.coder.po.ProjectConfig
2026-10-04 09:28:25.975 TRACE_ID WARN  http-nio-8888-exec-6 Generator4MethodAccessor field not found deleted of object class name com.sparrow.coder.protocol.param.ProjectConfigParam
2026-10-04 09:28:25.975 TRACE_ID WARN  http-nio-8888-exec-6 Generator4MethodAccessor field not found status of object class name com.sparrow.coder.protocol.param.ProjectConfigParam
2026-10-04 09:28:25.975 TRACE_ID WARN  http-nio-8888-exec-6 Generator4MethodAccessor field not found createUserId of object class name com.sparrow.coder.protocol.param.ProjectConfigParam
2026-10-04 09:28:25.975 TRACE_ID WARN  http-nio-8888-exec-6 Generator4MethodAccessor field not found modifiedUserId of object class name com.sparrow.coder.protocol.param.ProjectConfigParam
2026-10-04 09:28:25.975 TRACE_ID WARN  http-nio-8888-exec-6 Generator4MethodAccessor field not found gmtCreate of object class name com.sparrow.coder.protocol.param.ProjectConfigParam
2026-10-04 09:28:25.975 TRACE_ID WARN  http-nio-8888-exec-6 Generator4MethodAccessor field not found gmtModified of object class name com.sparrow.coder.protocol.param.ProjectConfigParam
2026-10-04 09:28:25.975 TRACE_ID WARN  http-nio-8888-exec-6 Generator4MethodAccessor field not found createUserName of object class name com.sparrow.coder.protocol.param.ProjectConfigParam
2026-10-04 09:28:25.975 TRACE_ID WARN  http-nio-8888-exec-6 Generator4MethodAccessor field not found modifiedUserName of object class name com.sparrow.coder.protocol.param.ProjectConfigParam
2026-10-04 09:28:26.110 TRACE_ID WARN  http-nio-8888-exec-8 Generator4MethodAccessor field not found limit of object class name com.sparrow.coder.protocol.query.ProjectConfigQuery
2026-10-04 09:28:26.110 TRACE_ID WARN  http-nio-8888-exec-8 Generator4MethodAccessor field not found limit of object class name com.sparrow.coder.dao.query.ProjectConfigDBPagerQuery
2026-10-04 09:28:26.116 TRACE_ID WARN  http-nio-8888-exec-8 Generator4MethodAccessor field not found limit of object class name com.sparrow.coder.protocol.query.ProjectConfigQuery
2026-10-04 09:28:26.116 TRACE_ID WARN  http-nio-8888-exec-8 Generator4MethodAccessor field not found limit of object class name com.sparrow.coder.dao.query.ProjectConfigDBPagerQuery
2026-10-04 09:28:26.119 TRACE_ID WARN  http-nio-8888-exec-8 Generator4MethodAccessor field not found displayText of object class name com.sparrow.coder.po.ProjectConfig
2026-10-04 09:38:50.235 TRACE_ID WARN  http-nio-8888-exec-4 Generator4MethodAccessor field not found limit of object class name com.sparrow.coder.protocol.query.TableConfigQuery
2026-10-04 09:38:50.236 TRACE_ID WARN  http-nio-8888-exec-3 Generator4MethodAccessor field not found limit of object class name com.sparrow.coder.protocol.query.TableConfigQuery
2026-10-04 09:38:50.236 TRACE_ID WARN  http-nio-8888-exec-4 Generator4MethodAccessor field not found limit of object class name com.sparrow.coder.dao.query.TableConfigDBPagerQuery
2026-10-04 09:38:50.236 TRACE_ID WARN  http-nio-8888-exec-3 Generator4MethodAccessor field not found limit of object class name com.sparrow.coder.dao.query.TableConfigDBPagerQuery
2026-10-04 09:38:50.246 TRACE_ID WARN  http-nio-8888-exec-3 Generator4MethodAccessor field not found limit of object class name com.sparrow.coder.protocol.query.TableConfigQuery
2026-10-04 09:38:50.246 TRACE_ID WARN  http-nio-8888-exec-3 Generator4MethodAccessor field not found limit of object class name com.sparrow.coder.dao.query.TableConfigDBPagerQuery
2026-10-04 09:38:50.246 TRACE_ID WARN  http-nio-8888-exec-4 Generator4MethodAccessor field not found limit of object class name com.sparrow.coder.protocol.query.TableConfigQuery
2026-10-04 09:38:50.247 TRACE_ID WARN  http-nio-8888-exec-4 Generator4MethodAccessor field not found limit of object class name com.sparrow.coder.dao.query.TableConfigDBPagerQuery
2026-10-04 09:38:50.250 TRACE_ID WARN  http-nio-8888-exec-3 Generator4MethodAccessor field not found limit of object class name com.sparrow.coder.protocol.query.ProjectConfigQuery
2026-10-04 09:38:50.250 TRACE_ID WARN  http-nio-8888-exec-3 Generator4MethodAccessor field not found limit of object class name com.sparrow.coder.dao.query.ProjectConfigDBPagerQuery
2026-10-04 09:38:50.250 TRACE_ID WARN  http-nio-8888-exec-4 Generator4MethodAccessor field not found limit of object class name com.sparrow.coder.protocol.query.ProjectConfigQuery
2026-10-04 09:38:50.250 TRACE_ID WARN  http-nio-8888-exec-4 Generator4MethodAccessor field not found limit of object class name com.sparrow.coder.dao.query.ProjectConfigDBPagerQuery
2026-10-04 09:38:50.254 TRACE_ID WARN  http-nio-8888-exec-4 Generator4MethodAccessor field not found displayText of object class name com.sparrow.coder.po.ProjectConfig
2026-10-04 09:38:50.254 TRACE_ID WARN  http-nio-8888-exec-3 Generator4MethodAccessor field not found displayText of object class name com.sparrow.coder.po.ProjectConfig
2026-10-04 09:38:58.829 TRACE_ID WARN  http-nio-8888-exec-8 Generator4MethodAccessor field not found limit of object class name com.sparrow.coder.protocol.query.ProjectConfigQuery
2026-10-04 09:38:58.829 TRACE_ID WARN  http-nio-8888-exec-9 Generator4MethodAccessor field not found limit of object class name com.sparrow.coder.protocol.query.ProjectConfigQuery
2026-10-04 09:38:58.829 TRACE_ID WARN  http-nio-8888-exec-9 Generator4MethodAccessor field not found limit of object class name com.sparrow.coder.dao.query.ProjectConfigDBPagerQuery
2026-10-04 09:38:58.829 TRACE_ID WARN  http-nio-8888-exec-8 Generator4MethodAccessor field not found limit of object class name com.sparrow.coder.dao.query.ProjectConfigDBPagerQuery
2026-10-04 09:38:58.831 TRACE_ID WARN  http-nio-8888-exec-8 Generator4MethodAccessor field not found limit of object class name com.sparrow.coder.protocol.query.ProjectConfigQuery
2026-10-04 09:38:58.832 TRACE_ID WARN  http-nio-8888-exec-8 Generator4MethodAccessor field not found limit of object class name com.sparrow.coder.dao.query.ProjectConfigDBPagerQuery
2026-10-04 09:38:58.832 TRACE_ID WARN  http-nio-8888-exec-9 Generator4MethodAccessor field not found limit of object class name com.sparrow.coder.protocol.query.ProjectConfigQuery
2026-10-04 09:38:58.832 TRACE_ID WARN  http-nio-8888-exec-9 Generator4MethodAccessor field not found limit of object class name com.sparrow.coder.dao.query.ProjectConfigDBPagerQuery
2026-10-04 09:38:58.833 TRACE_ID WARN  http-nio-8888-exec-8 Generator4MethodAccessor field not found displayText of object class name com.sparrow.coder.po.ProjectConfig
2026-10-04 09:38:58.834 TRACE_ID WARN  http-nio-8888-exec-9 Generator4MethodAccessor field not found displayText of object class name com.sparrow.coder.po.ProjectConfig
2026-10-04 09:39:03.599 TRACE_ID WARN  http-nio-8888-exec-3 Generator4MethodAccessor field not found limit of object class name com.sparrow.coder.protocol.query.TableConfigQuery
2026-10-04 09:39:03.599 TRACE_ID WARN  http-nio-8888-exec-4 Generator4MethodAccessor field not found limit of object class name com.sparrow.coder.protocol.query.TableConfigQuery
2026-10-04 09:39:03.599 TRACE_ID WARN  http-nio-8888-exec-3 Generator4MethodAccessor field not found limit of object class name com.sparrow.coder.dao.query.TableConfigDBPagerQuery
2026-10-04 09:39:03.599 TRACE_ID WARN  http-nio-8888-exec-4 Generator4MethodAccessor field not found limit of object class name com.sparrow.coder.dao.query.TableConfigDBPagerQuery
2026-10-04 09:39:03.605 TRACE_ID WARN  http-nio-8888-exec-3 Generator4MethodAccessor field not found limit of object class name com.sparrow.coder.protocol.query.ProjectConfigQuery
2026-10-04 09:39:03.605 TRACE_ID WARN  http-nio-8888-exec-4 Generator4MethodAccessor field not found limit of object class name com.sparrow.coder.protocol.query.ProjectConfigQuery
2026-10-04 09:39:03.605 TRACE_ID WARN  http-nio-8888-exec-4 Generator4MethodAccessor field not found limit of object class name com.sparrow.coder.dao.query.ProjectConfigDBPagerQuery
2026-10-04 09:39:03.605 TRACE_ID WARN  http-nio-8888-exec-3 Generator4MethodAccessor field not found limit of object class name com.sparrow.coder.dao.query.ProjectConfigDBPagerQuery
2026-10-04 09:39:03.607 TRACE_ID WARN  http-nio-8888-exec-3 Generator4MethodAccessor field not found displayText of object class name com.sparrow.coder.po.ProjectConfig
2026-10-04 09:39:03.608 TRACE_ID WARN  http-nio-8888-exec-4 Generator4MethodAccessor field not found displayText of object class name com.sparrow.coder.po.ProjectConfig
2026-10-04 09:39:26.567 TRACE_ID WARN  http-nio-8888-exec-6 Generator4MethodAccessor field not found deleted of object class name com.sparrow.coder.protocol.param.TableConfigParam
2026-10-04 09:39:26.567 TRACE_ID WARN  http-nio-8888-exec-6 Generator4MethodAccessor field not found status of object class name com.sparrow.coder.protocol.param.TableConfigParam
2026-10-04 09:39:26.567 TRACE_ID WARN  http-nio-8888-exec-6 Generator4MethodAccessor field not found createUserId of object class name com.sparrow.coder.protocol.param.TableConfigParam
2026-10-04 09:39:26.567 TRACE_ID WARN  http-nio-8888-exec-6 Generator4MethodAccessor field not found modifiedUserId of object class name com.sparrow.coder.protocol.param.TableConfigParam
2026-10-04 09:39:26.567 TRACE_ID WARN  http-nio-8888-exec-6 Generator4MethodAccessor field not found gmtCreate of object class name com.sparrow.coder.protocol.param.TableConfigParam
2026-10-04 09:39:26.567 TRACE_ID WARN  http-nio-8888-exec-6 Generator4MethodAccessor field not found gmtModified of object class name com.sparrow.coder.protocol.param.TableConfigParam
2026-10-04 09:39:26.567 TRACE_ID WARN  http-nio-8888-exec-6 Generator4MethodAccessor field not found createUserName of object class name com.sparrow.coder.protocol.param.TableConfigParam
2026-10-04 09:39:26.567 TRACE_ID WARN  http-nio-8888-exec-6 Generator4MethodAccessor field not found modifiedUserName of object class name com.sparrow.coder.protocol.param.TableConfigParam
2026-10-04 09:39:26.592 TRACE_ID WARN  http-nio-8888-exec-10 Generator4MethodAccessor field not found limit of object class name com.sparrow.coder.protocol.query.TableConfigQuery
2026-10-04 09:39:26.592 TRACE_ID WARN  http-nio-8888-exec-10 Generator4MethodAccessor field not found limit of object class name com.sparrow.coder.dao.query.TableConfigDBPagerQuery
2026-10-04 09:39:26.594 TRACE_ID WARN  http-nio-8888-exec-10 Generator4MethodAccessor field not found limit of object class name com.sparrow.coder.protocol.query.TableConfigQuery
2026-10-04 09:39:26.594 TRACE_ID WARN  http-nio-8888-exec-10 Generator4MethodAccessor field not found limit of object class name com.sparrow.coder.dao.query.TableConfigDBPagerQuery
2026-10-04 09:39:26.597 TRACE_ID WARN  http-nio-8888-exec-10 Generator4MethodAccessor field not found limit of object class name com.sparrow.coder.protocol.query.ProjectConfigQuery
2026-10-04 09:39:26.597 TRACE_ID WARN  http-nio-8888-exec-10 Generator4MethodAccessor field not found limit of object class name com.sparrow.coder.dao.query.ProjectConfigDBPagerQuery
2026-10-04 09:39:26.598 TRACE_ID WARN  http-nio-8888-exec-10 Generator4MethodAccessor field not found displayText of object class name com.sparrow.coder.po.ProjectConfig
2026-10-04 09:40:54.200 TRACE_ID WARN  http-nio-8888-exec-1 Generator4MethodAccessor field not found displayText of object class name com.sparrow.coder.po.ProjectConfig
2026-10-04 09:40:54.201 TRACE_ID WARN  http-nio-8888-exec-1 Generator4MethodAccessor field not found limit of object class name com.sparrow.coder.protocol.query.TableConfigQuery
2026-10-04 09:40:54.201 TRACE_ID WARN  http-nio-8888-exec-1 Generator4MethodAccessor field not found limit of object class name com.sparrow.coder.dao.query.TableConfigDBPagerQuery
2026-10-04 09:42:17.120 TRACE_ID WARN  http-nio-8888-exec-3 Generator4MethodAccessor field not found limit of object class name com.sparrow.coder.protocol.query.TableConfigQuery
2026-10-04 09:42:17.120 TRACE_ID WARN  http-nio-8888-exec-4 Generator4MethodAccessor field not found limit of object class name com.sparrow.coder.protocol.query.TableConfigQuery
2026-10-04 09:42:17.120 TRACE_ID WARN  http-nio-8888-exec-3 Generator4MethodAccessor field not found limit of object class name com.sparrow.coder.dao.query.TableConfigDBPagerQuery
2026-10-04 09:42:17.120 TRACE_ID WARN  http-nio-8888-exec-4 Generator4MethodAccessor field not found limit of object class name com.sparrow.coder.dao.query.TableConfigDBPagerQuery
2026-10-04 09:42:17.146 TRACE_ID WARN  http-nio-8888-exec-4 Generator4MethodAccessor field not found limit of object class name com.sparrow.coder.protocol.query.TableConfigQuery
2026-10-04 09:42:17.146 TRACE_ID WARN  http-nio-8888-exec-3 Generator4MethodAccessor field not found limit of object class name com.sparrow.coder.protocol.query.TableConfigQuery
2026-10-04 09:42:17.146 TRACE_ID WARN  http-nio-8888-exec-4 Generator4MethodAccessor field not found limit of object class name com.sparrow.coder.dao.query.TableConfigDBPagerQuery
2026-10-04 09:42:17.146 TRACE_ID WARN  http-nio-8888-exec-3 Generator4MethodAccessor field not found limit of object class name com.sparrow.coder.dao.query.TableConfigDBPagerQuery
2026-10-04 09:42:17.152 TRACE_ID WARN  http-nio-8888-exec-4 Generator4MethodAccessor field not found limit of object class name com.sparrow.coder.protocol.query.ProjectConfigQuery
2026-10-04 09:42:17.152 TRACE_ID WARN  http-nio-8888-exec-4 Generator4MethodAccessor field not found limit of object class name com.sparrow.coder.dao.query.ProjectConfigDBPagerQuery
2026-10-04 09:42:17.152 TRACE_ID WARN  http-nio-8888-exec-3 Generator4MethodAccessor field not found limit of object class name com.sparrow.coder.protocol.query.ProjectConfigQuery
2026-10-04 09:42:17.152 TRACE_ID WARN  http-nio-8888-exec-3 Generator4MethodAccessor field not found limit of object class name com.sparrow.coder.dao.query.ProjectConfigDBPagerQuery
2026-10-04 09:42:17.161 TRACE_ID WARN  http-nio-8888-exec-4 Generator4MethodAccessor field not found displayText of object class name com.sparrow.coder.po.ProjectConfig
2026-10-04 09:42:17.162 TRACE_ID WARN  http-nio-8888-exec-3 Generator4MethodAccessor field not found displayText of object class name com.sparrow.coder.po.ProjectConfig
2026-10-04 09:42:21.775 TRACE_ID WARN  http-nio-8888-exec-6 Generator4MethodAccessor field not found displayText of object class name com.sparrow.coder.po.ProjectConfig
2026-10-04 09:42:21.776 TRACE_ID WARN  http-nio-8888-exec-6 Generator4MethodAccessor field not found limit of object class name com.sparrow.coder.protocol.query.TableConfigQuery
2026-10-04 09:42:21.776 TRACE_ID WARN  http-nio-8888-exec-6 Generator4MethodAccessor field not found limit of object class name com.sparrow.coder.dao.query.TableConfigDBPagerQuery
2026-10-04 09:45:20.922 TRACE_ID WARN  http-nio-8888-exec-2 Generator4MethodAccessor field not found displayText of object class name com.sparrow.coder.po.ProjectConfig
2026-10-04 09:45:20.922 TRACE_ID WARN  http-nio-8888-exec-2 Generator4MethodAccessor field not found limit of object class name com.sparrow.coder.protocol.query.TableConfigQuery
2026-10-04 09:45:20.922 TRACE_ID WARN  http-nio-8888-exec-2 Generator4MethodAccessor field not found limit of object class name com.sparrow.coder.dao.query.TableConfigDBPagerQuery
2026-10-04 09:45:21.823 TRACE_ID WARN  http-nio-8888-exec-4 Generator4MethodAccessor field not found limit of object class name com.sparrow.coder.protocol.query.TableConfigQuery
2026-10-04 09:45:21.823 TRACE_ID WARN  http-nio-8888-exec-4 Generator4MethodAccessor field not found limit of object class name com.sparrow.coder.dao.query.TableConfigDBPagerQuery
2026-10-04 09:45:21.825 TRACE_ID WARN  http-nio-8888-exec-4 Generator4MethodAccessor field not found limit of object class name com.sparrow.coder.protocol.query.TableConfigQuery
2026-10-04 09:45:21.825 TRACE_ID WARN  http-nio-8888-exec-4 Generator4MethodAccessor field not found limit of object class name com.sparrow.coder.dao.query.TableConfigDBPagerQuery
2026-10-04 09:45:21.828 TRACE_ID WARN  http-nio-8888-exec-4 Generator4MethodAccessor field not found limit of object class name com.sparrow.coder.protocol.query.ProjectConfigQuery
2026-10-04 09:45:21.828 TRACE_ID WARN  http-nio-8888-exec-4 Generator4MethodAccessor field not found limit of object class name com.sparrow.coder.dao.query.ProjectConfigDBPagerQuery
2026-10-04 09:45:21.832 TRACE_ID WARN  http-nio-8888-exec-4 Generator4MethodAccessor field not found displayText of object class name com.sparrow.coder.po.ProjectConfig
2026-10-04 09:45:43.286 TRACE_ID WARN  http-nio-8888-exec-8 Generator4MethodAccessor field not found limit of object class name com.sparrow.security.admin.protocol.query.AppQuery
2026-10-04 09:45:43.286 TRACE_ID WARN  http-nio-8888-exec-7 Generator4MethodAccessor field not found limit of object class name com.sparrow.security.admin.protocol.query.AppQuery
2026-10-04 09:45:43.286 TRACE_ID WARN  http-nio-8888-exec-8 Generator4MethodAccessor field not found limit of object class name com.sparrow.security.admin.dao.query.AppDBPagerQuery
2026-10-04 09:45:43.286 TRACE_ID WARN  http-nio-8888-exec-7 Generator4MethodAccessor field not found limit of object class name com.sparrow.security.admin.dao.query.AppDBPagerQuery
2026-10-04 09:47:07.950 TRACE_ID WARN  http-nio-8888-exec-2 Generator4MethodAccessor field not found limit of object class name com.sparrow.coder.protocol.query.ProjectConfigQuery
2026-10-04 09:47:07.950 TRACE_ID WARN  http-nio-8888-exec-2 Generator4MethodAccessor field not found limit of object class name com.sparrow.coder.dao.query.ProjectConfigDBPagerQuery
2026-10-04 09:47:07.950 TRACE_ID WARN  http-nio-8888-exec-1 Generator4MethodAccessor field not found limit of object class name com.sparrow.coder.protocol.query.ProjectConfigQuery
2026-10-04 09:47:07.950 TRACE_ID WARN  http-nio-8888-exec-1 Generator4MethodAccessor field not found limit of object class name com.sparrow.coder.dao.query.ProjectConfigDBPagerQuery
2026-10-04 09:47:07.979 TRACE_ID WARN  http-nio-8888-exec-1 Generator4MethodAccessor field not found limit of object class name com.sparrow.coder.protocol.query.ProjectConfigQuery
2026-10-04 09:47:07.979 TRACE_ID WARN  http-nio-8888-exec-1 Generator4MethodAccessor field not found limit of object class name com.sparrow.coder.dao.query.ProjectConfigDBPagerQuery
2026-10-04 09:47:07.979 TRACE_ID WARN  http-nio-8888-exec-2 Generator4MethodAccessor field not found limit of object class name com.sparrow.coder.protocol.query.ProjectConfigQuery
2026-10-04 09:47:07.979 TRACE_ID WARN  http-nio-8888-exec-2 Generator4MethodAccessor field not found limit of object class name com.sparrow.coder.dao.query.ProjectConfigDBPagerQuery
2026-10-04 09:47:07.986 TRACE_ID WARN  http-nio-8888-exec-2 Generator4MethodAccessor field not found displayText of object class name com.sparrow.coder.po.ProjectConfig
2026-10-04 09:47:07.986 TRACE_ID WARN  http-nio-8888-exec-1 Generator4MethodAccessor field not found displayText of object class name com.sparrow.coder.po.ProjectConfig
2026-10-04 09:47:12.329 TRACE_ID WARN  http-nio-8888-exec-6 Generator4MethodAccessor field not found limit of object class name com.sparrow.coder.protocol.query.TableConfigQuery
2026-10-04 09:47:12.329 TRACE_ID WARN  http-nio-8888-exec-5 Generator4MethodAccessor field not found limit of object class name com.sparrow.coder.protocol.query.TableConfigQuery
2026-10-04 09:47:12.329 TRACE_ID WARN  http-nio-8888-exec-6 Generator4MethodAccessor field not found limit of object class name com.sparrow.coder.dao.query.TableConfigDBPagerQuery
2026-10-04 09:47:12.329 TRACE_ID WARN  http-nio-8888-exec-5 Generator4MethodAccessor field not found limit of object class name com.sparrow.coder.dao.query.TableConfigDBPagerQuery
2026-10-04 09:47:12.338 TRACE_ID WARN  http-nio-8888-exec-5 Generator4MethodAccessor field not found limit of object class name com.sparrow.coder.protocol.query.TableConfigQuery
2026-10-04 09:47:12.338 TRACE_ID WARN  http-nio-8888-exec-5 Generator4MethodAccessor field not found limit of object class name com.sparrow.coder.dao.query.TableConfigDBPagerQuery
2026-10-04 09:47:12.338 TRACE_ID WARN  http-nio-8888-exec-6 Generator4MethodAccessor field not found limit of object class name com.sparrow.coder.protocol.query.TableConfigQuery
2026-10-04 09:47:12.338 TRACE_ID WARN  http-nio-8888-exec-6 Generator4MethodAccessor field not found limit of object class name com.sparrow.coder.dao.query.TableConfigDBPagerQuery
2026-10-04 09:47:12.341 TRACE_ID WARN  http-nio-8888-exec-5 Generator4MethodAccessor field not found limit of object class name com.sparrow.coder.protocol.query.ProjectConfigQuery
2026-10-04 09:47:12.341 TRACE_ID WARN  http-nio-8888-exec-6 Generator4MethodAccessor field not found limit of object class name com.sparrow.coder.protocol.query.ProjectConfigQuery
2026-10-04 09:47:12.341 TRACE_ID WARN  http-nio-8888-exec-6 Generator4MethodAccessor field not found limit of object class name com.sparrow.coder.dao.query.ProjectConfigDBPagerQuery
2026-10-04 09:47:12.341 TRACE_ID WARN  http-nio-8888-exec-5 Generator4MethodAccessor field not found limit of object class name com.sparrow.coder.dao.query.ProjectConfigDBPagerQuery
2026-10-04 09:47:12.344 TRACE_ID WARN  http-nio-8888-exec-6 Generator4MethodAccessor field not found displayText of object class name com.sparrow.coder.po.ProjectConfig
2026-10-04 09:47:12.344 TRACE_ID WARN  http-nio-8888-exec-5 Generator4MethodAccessor field not found displayText of object class name com.sparrow.coder.po.ProjectConfig
2026-10-04 09:47:15.114 TRACE_ID WARN  http-nio-8888-exec-8 Generator4MethodAccessor field not found displayText of object class name com.sparrow.coder.po.ProjectConfig
2026-10-04 09:47:15.114 TRACE_ID WARN  http-nio-8888-exec-8 Generator4MethodAccessor field not found limit of object class name com.sparrow.coder.protocol.query.TableConfigQuery
2026-10-04 09:47:15.114 TRACE_ID WARN  http-nio-8888-exec-8 Generator4MethodAccessor field not found limit of object class name com.sparrow.coder.dao.query.TableConfigDBPagerQuery
2026-10-04 09:47:15.718 TRACE_ID WARN  http-nio-8888-exec-9 Generator4MethodAccessor field not found limit of object class name com.sparrow.coder.protocol.query.TableConfigQuery
2026-10-04 09:47:15.718 TRACE_ID WARN  http-nio-8888-exec-9 Generator4MethodAccessor field not found limit of object class name com.sparrow.coder.dao.query.TableConfigDBPagerQuery
2026-10-04 09:47:15.719 TRACE_ID WARN  http-nio-8888-exec-9 Generator4MethodAccessor field not found limit of object class name com.sparrow.coder.protocol.query.TableConfigQuery
2026-10-04 09:47:15.719 TRACE_ID WARN  http-nio-8888-exec-9 Generator4MethodAccessor field not found limit of object class name com.sparrow.coder.dao.query.TableConfigDBPagerQuery
2026-10-04 09:47:15.721 TRACE_ID WARN  http-nio-8888-exec-9 Generator4MethodAccessor field not found limit of object class name com.sparrow.coder.protocol.query.ProjectConfigQuery
2026-10-04 09:47:15.722 TRACE_ID WARN  http-nio-8888-exec-9 Generator4MethodAccessor field not found limit of object class name com.sparrow.coder.dao.query.ProjectConfigDBPagerQuery
2026-10-04 09:47:15.723 TRACE_ID WARN  http-nio-8888-exec-9 Generator4MethodAccessor field not found displayText of object class name com.sparrow.coder.po.ProjectConfig
2026-10-04 09:47:21.184 TRACE_ID WARN  http-nio-8888-exec-2 Generator4MethodAccessor field not found limit of object class name com.sparrow.security.admin.protocol.query.AppQuery
2026-10-04 09:47:21.184 TRACE_ID WARN  http-nio-8888-exec-4 Generator4MethodAccessor field not found limit of object class name com.sparrow.security.admin.protocol.query.AppQuery
2026-10-04 09:47:21.184 TRACE_ID WARN  http-nio-8888-exec-2 Generator4MethodAccessor field not found limit of object class name com.sparrow.security.admin.dao.query.AppDBPagerQuery
2026-10-04 09:47:21.184 TRACE_ID WARN  http-nio-8888-exec-4 Generator4MethodAccessor field not found limit of object class name com.sparrow.security.admin.dao.query.AppDBPagerQuery
2026-10-04 09:50:38.113 TRACE_ID WARN  http-nio-8888-exec-4 Generator4MethodAccessor field not found limit of object class name com.sparrow.coder.protocol.query.ProjectConfigQuery
2026-10-04 09:50:38.115 TRACE_ID WARN  http-nio-8888-exec-4 Generator4MethodAccessor field not found limit of object class name com.sparrow.coder.dao.query.ProjectConfigDBPagerQuery
2026-10-04 09:50:38.113 TRACE_ID WARN  http-nio-8888-exec-3 Generator4MethodAccessor field not found limit of object class name com.sparrow.coder.protocol.query.ProjectConfigQuery
2026-10-04 09:50:38.119 TRACE_ID WARN  http-nio-8888-exec-3 Generator4MethodAccessor field not found limit of object class name com.sparrow.coder.dao.query.ProjectConfigDBPagerQuery
2026-10-04 09:50:38.178 TRACE_ID WARN  http-nio-8888-exec-3 Generator4MethodAccessor field not found limit of object class name com.sparrow.coder.protocol.query.ProjectConfigQuery
2026-10-04 09:50:38.178 TRACE_ID WARN  http-nio-8888-exec-3 Generator4MethodAccessor field not found limit of object class name com.sparrow.coder.dao.query.ProjectConfigDBPagerQuery
2026-10-04 09:50:38.178 TRACE_ID WARN  http-nio-8888-exec-4 Generator4MethodAccessor field not found limit of object class name com.sparrow.coder.protocol.query.ProjectConfigQuery
2026-10-04 09:50:38.178 TRACE_ID WARN  http-nio-8888-exec-4 Generator4MethodAccessor field not found limit of object class name com.sparrow.coder.dao.query.ProjectConfigDBPagerQuery
2026-10-04 09:50:38.190 TRACE_ID WARN  http-nio-8888-exec-4 Generator4MethodAccessor field not found displayText of object class name com.sparrow.coder.po.ProjectConfig
2026-10-04 09:50:38.190 TRACE_ID WARN  http-nio-8888-exec-3 Generator4MethodAccessor field not found displayText of object class name com.sparrow.coder.po.ProjectConfig
2026-10-04 09:50:41.865 TRACE_ID WARN  http-nio-8888-exec-8 Generator4MethodAccessor field not found limit of object class name com.sparrow.coder.protocol.query.TableConfigQuery
2026-10-04 09:50:41.865 TRACE_ID WARN  http-nio-8888-exec-8 Generator4MethodAccessor field not found limit of object class name com.sparrow.coder.dao.query.TableConfigDBPagerQuery
2026-10-04 09:50:41.865 TRACE_ID WARN  http-nio-8888-exec-7 Generator4MethodAccessor field not found limit of object class name com.sparrow.coder.protocol.query.TableConfigQuery
2026-10-04 09:50:41.865 TRACE_ID WARN  http-nio-8888-exec-7 Generator4MethodAccessor field not found limit of object class name com.sparrow.coder.dao.query.TableConfigDBPagerQuery
2026-10-04 09:50:41.872 TRACE_ID WARN  http-nio-8888-exec-8 Generator4MethodAccessor field not found limit of object class name com.sparrow.coder.protocol.query.TableConfigQuery
2026-10-04 09:50:41.872 TRACE_ID WARN  http-nio-8888-exec-7 Generator4MethodAccessor field not found limit of object class name com.sparrow.coder.protocol.query.TableConfigQuery
2026-10-04 09:50:41.872 TRACE_ID WARN  http-nio-8888-exec-8 Generator4MethodAccessor field not found limit of object class name com.sparrow.coder.dao.query.TableConfigDBPagerQuery
2026-10-04 09:50:41.872 TRACE_ID WARN  http-nio-8888-exec-7 Generator4MethodAccessor field not found limit of object class name com.sparrow.coder.dao.query.TableConfigDBPagerQuery
2026-10-04 09:50:41.875 TRACE_ID WARN  http-nio-8888-exec-8 Generator4MethodAccessor field not found limit of object class name com.sparrow.coder.protocol.query.ProjectConfigQuery
2026-10-04 09:50:41.875 TRACE_ID WARN  http-nio-8888-exec-8 Generator4MethodAccessor field not found limit of object class name com.sparrow.coder.dao.query.ProjectConfigDBPagerQuery
2026-10-04 09:50:41.875 TRACE_ID WARN  http-nio-8888-exec-7 Generator4MethodAccessor field not found limit of object class name com.sparrow.coder.protocol.query.ProjectConfigQuery
2026-10-04 09:50:41.875 TRACE_ID WARN  http-nio-8888-exec-7 Generator4MethodAccessor field not found limit of object class name com.sparrow.coder.dao.query.ProjectConfigDBPagerQuery
2026-10-04 09:50:41.880 TRACE_ID WARN  http-nio-8888-exec-7 Generator4MethodAccessor field not found displayText of object class name com.sparrow.coder.po.ProjectConfig
2026-10-04 09:50:41.880 TRACE_ID WARN  http-nio-8888-exec-8 Generator4MethodAccessor field not found displayText of object class name com.sparrow.coder.po.ProjectConfig
2026-10-04 09:50:44.668 TRACE_ID WARN  http-nio-8888-exec-1 Generator4MethodAccessor field not found displayText of object class name com.sparrow.coder.po.ProjectConfig
2026-10-04 09:50:44.669 TRACE_ID WARN  http-nio-8888-exec-1 Generator4MethodAccessor field not found limit of object class name com.sparrow.coder.protocol.query.TableConfigQuery
2026-10-04 09:50:44.669 TRACE_ID WARN  http-nio-8888-exec-1 Generator4MethodAccessor field not found limit of object class name com.sparrow.coder.dao.query.TableConfigDBPagerQuery
2026-10-04 09:50:51.674 TRACE_ID WARN  http-nio-8888-exec-5 Generator4MethodAccessor field not found limit of object class name com.sparrow.security.admin.protocol.query.AppQuery
2026-10-04 09:50:51.674 TRACE_ID WARN  http-nio-8888-exec-5 Generator4MethodAccessor field not found limit of object class name com.sparrow.security.admin.dao.query.AppDBPagerQuery
2026-10-04 09:50:51.674 TRACE_ID WARN  http-nio-8888-exec-6 Generator4MethodAccessor field not found limit of object class name com.sparrow.security.admin.protocol.query.AppQuery
2026-10-04 09:50:51.674 TRACE_ID WARN  http-nio-8888-exec-6 Generator4MethodAccessor field not found limit of object class name com.sparrow.security.admin.dao.query.AppDBPagerQuery
2026-10-04 09:51:38.872 TRACE_ID WARN  http-nio-8888-exec-9 Generator4MethodAccessor field not found limit of object class name com.sparrow.security.admin.protocol.query.AppQuery
2026-10-04 09:51:38.872 TRACE_ID WARN  http-nio-8888-exec-9 Generator4MethodAccessor field not found limit of object class name com.sparrow.security.admin.dao.query.AppDBPagerQuery
2026-10-04 09:51:38.872 TRACE_ID WARN  http-nio-8888-exec-10 Generator4MethodAccessor field not found limit of object class name com.sparrow.security.admin.protocol.query.AppQuery
2026-10-04 09:51:38.874 TRACE_ID WARN  http-nio-8888-exec-10 Generator4MethodAccessor field not found limit of object class name com.sparrow.security.admin.dao.query.AppDBPagerQuery
2026-10-04 09:51:45.769 TRACE_ID WARN  http-nio-8888-exec-1 Generator4MethodAccessor field not found limit of object class name com.sparrow.security.admin.protocol.query.AppQuery
2026-10-04 09:51:45.769 TRACE_ID WARN  http-nio-8888-exec-1 Generator4MethodAccessor field not found limit of object class name com.sparrow.security.admin.dao.query.AppDBPagerQuery
2026-10-04 09:51:49.639 TRACE_ID WARN  http-nio-8888-exec-3 Generator4MethodAccessor field not found limit of object class name com.sparrow.security.admin.protocol.query.AppQuery
2026-10-04 09:51:49.640 TRACE_ID WARN  http-nio-8888-exec-3 Generator4MethodAccessor field not found limit of object class name com.sparrow.security.admin.dao.query.AppDBPagerQuery
2026-10-04 09:51:49.640 TRACE_ID WARN  http-nio-8888-exec-4 Generator4MethodAccessor field not found limit of object class name com.sparrow.security.admin.protocol.query.AppQuery
2026-10-04 09:51:49.641 TRACE_ID WARN  http-nio-8888-exec-4 Generator4MethodAccessor field not found limit of object class name com.sparrow.security.admin.dao.query.AppDBPagerQuery
2026-10-04 09:53:19.858 TRACE_ID WARN  http-nio-8888-exec-8 Generator4MethodAccessor field not found displayText of object class name com.sparrow.security.admin.protocol.param.AppParam
2026-10-04 09:53:19.858 TRACE_ID WARN  http-nio-8888-exec-8 Generator4MethodAccessor field not found displayText of object class name com.sparrow.security.po.App
2026-10-04 09:53:19.858 TRACE_ID WARN  http-nio-8888-exec-8 Generator4MethodAccessor field not found status of object class name com.sparrow.security.admin.protocol.param.AppParam
2026-10-04 09:53:19.858 TRACE_ID WARN  http-nio-8888-exec-8 Generator4MethodAccessor field not found deleted of object class name com.sparrow.security.admin.protocol.param.AppParam
2026-10-04 09:53:19.858 TRACE_ID WARN  http-nio-8888-exec-8 Generator4MethodAccessor field not found createUserId of object class name com.sparrow.security.admin.protocol.param.AppParam
2026-10-04 09:53:19.859 TRACE_ID WARN  http-nio-8888-exec-8 Generator4MethodAccessor field not found modifiedUserId of object class name com.sparrow.security.admin.protocol.param.AppParam
2026-10-04 09:53:19.859 TRACE_ID WARN  http-nio-8888-exec-8 Generator4MethodAccessor field not found gmtCreate of object class name com.sparrow.security.admin.protocol.param.AppParam
2026-10-04 09:53:19.859 TRACE_ID WARN  http-nio-8888-exec-8 Generator4MethodAccessor field not found gmtModified of object class name com.sparrow.security.admin.protocol.param.AppParam
2026-10-04 09:53:19.859 TRACE_ID WARN  http-nio-8888-exec-8 Generator4MethodAccessor field not found createUserName of object class name com.sparrow.security.admin.protocol.param.AppParam
2026-10-04 09:53:19.859 TRACE_ID WARN  http-nio-8888-exec-8 Generator4MethodAccessor field not found modifiedUserName of object class name com.sparrow.security.admin.protocol.param.AppParam
2026-10-04 10:03:53.390 TRACE_ID WARN  http-nio-8888-exec-4 Generator4MethodAccessor field not found limit of object class name com.sparrow.coder.protocol.query.ProjectConfigQuery
2026-10-04 10:03:53.390 TRACE_ID WARN  http-nio-8888-exec-3 Generator4MethodAccessor field not found limit of object class name com.sparrow.coder.protocol.query.ProjectConfigQuery
2026-10-04 10:03:53.390 TRACE_ID WARN  http-nio-8888-exec-4 Generator4MethodAccessor field not found limit of object class name com.sparrow.coder.dao.query.ProjectConfigDBPagerQuery
2026-10-04 10:03:53.390 TRACE_ID WARN  http-nio-8888-exec-3 Generator4MethodAccessor field not found limit of object class name com.sparrow.coder.dao.query.ProjectConfigDBPagerQuery
2026-10-04 10:03:53.434 TRACE_ID WARN  http-nio-8888-exec-4 Generator4MethodAccessor field not found limit of object class name com.sparrow.coder.protocol.query.ProjectConfigQuery
2026-10-04 10:03:53.434 TRACE_ID WARN  http-nio-8888-exec-4 Generator4MethodAccessor field not found limit of object class name com.sparrow.coder.dao.query.ProjectConfigDBPagerQuery
2026-10-04 10:03:53.434 TRACE_ID WARN  http-nio-8888-exec-3 Generator4MethodAccessor field not found limit of object class name com.sparrow.coder.protocol.query.ProjectConfigQuery
2026-10-04 10:03:53.434 TRACE_ID WARN  http-nio-8888-exec-3 Generator4MethodAccessor field not found limit of object class name com.sparrow.coder.dao.query.ProjectConfigDBPagerQuery
2026-10-04 10:03:53.439 TRACE_ID WARN  http-nio-8888-exec-3 Generator4MethodAccessor field not found displayText of object class name com.sparrow.coder.po.ProjectConfig
2026-10-04 10:03:53.439 TRACE_ID WARN  http-nio-8888-exec-4 Generator4MethodAccessor field not found displayText of object class name com.sparrow.coder.po.ProjectConfig
2026-10-04 10:03:59.904 TRACE_ID WARN  http-nio-8888-exec-7 Generator4MethodAccessor field not found limit of object class name com.sparrow.coder.protocol.query.TableConfigQuery
2026-10-04 10:03:59.904 TRACE_ID WARN  http-nio-8888-exec-8 Generator4MethodAccessor field not found limit of object class name com.sparrow.coder.protocol.query.TableConfigQuery
2026-10-04 10:03:59.905 TRACE_ID WARN  http-nio-8888-exec-7 Generator4MethodAccessor field not found limit of object class name com.sparrow.coder.dao.query.TableConfigDBPagerQuery
2026-10-04 10:03:59.905 TRACE_ID WARN  http-nio-8888-exec-8 Generator4MethodAccessor field not found limit of object class name com.sparrow.coder.dao.query.TableConfigDBPagerQuery
2026-10-04 10:03:59.908 TRACE_ID WARN  http-nio-8888-exec-7 Generator4MethodAccessor field not found limit of object class name com.sparrow.coder.protocol.query.TableConfigQuery
2026-10-04 10:03:59.909 TRACE_ID WARN  http-nio-8888-exec-7 Generator4MethodAccessor field not found limit of object class name com.sparrow.coder.dao.query.TableConfigDBPagerQuery
2026-10-04 10:03:59.909 TRACE_ID WARN  http-nio-8888-exec-8 Generator4MethodAccessor field not found limit of object class name com.sparrow.coder.protocol.query.TableConfigQuery
2026-10-04 10:03:59.909 TRACE_ID WARN  http-nio-8888-exec-8 Generator4MethodAccessor field not found limit of object class name com.sparrow.coder.dao.query.TableConfigDBPagerQuery
2026-10-04 10:03:59.914 TRACE_ID WARN  http-nio-8888-exec-7 Generator4MethodAccessor field not found limit of object class name com.sparrow.coder.protocol.query.ProjectConfigQuery
2026-10-04 10:03:59.914 TRACE_ID WARN  http-nio-8888-exec-7 Generator4MethodAccessor field not found limit of object class name com.sparrow.coder.dao.query.ProjectConfigDBPagerQuery
2026-10-04 10:03:59.914 TRACE_ID WARN  http-nio-8888-exec-8 Generator4MethodAccessor field not found limit of object class name com.sparrow.coder.protocol.query.ProjectConfigQuery
2026-10-04 10:03:59.914 TRACE_ID WARN  http-nio-8888-exec-8 Generator4MethodAccessor field not found limit of object class name com.sparrow.coder.dao.query.ProjectConfigDBPagerQuery
2026-10-04 10:03:59.917 TRACE_ID WARN  http-nio-8888-exec-7 Generator4MethodAccessor field not found displayText of object class name com.sparrow.coder.po.ProjectConfig
2026-10-04 10:03:59.917 TRACE_ID WARN  http-nio-8888-exec-8 Generator4MethodAccessor field not found displayText of object class name com.sparrow.coder.po.ProjectConfig
2026-10-04 10:04:02.706 TRACE_ID WARN  http-nio-8888-exec-10 Generator4MethodAccessor field not found displayText of object class name com.sparrow.coder.po.ProjectConfig
2026-10-04 10:04:02.707 TRACE_ID WARN  http-nio-8888-exec-10 Generator4MethodAccessor field not found limit of object class name com.sparrow.coder.protocol.query.TableConfigQuery
2026-10-04 10:04:02.707 TRACE_ID WARN  http-nio-8888-exec-10 Generator4MethodAccessor field not found limit of object class name com.sparrow.coder.dao.query.TableConfigDBPagerQuery
2026-10-04 10:04:03.371 TRACE_ID WARN  http-nio-8888-exec-1 Generator4MethodAccessor field not found limit of object class name com.sparrow.coder.protocol.query.TableConfigQuery
2026-10-04 10:04:03.371 TRACE_ID WARN  http-nio-8888-exec-1 Generator4MethodAccessor field not found limit of object class name com.sparrow.coder.dao.query.TableConfigDBPagerQuery
2026-10-04 10:04:03.373 TRACE_ID WARN  http-nio-8888-exec-1 Generator4MethodAccessor field not found limit of object class name com.sparrow.coder.protocol.query.TableConfigQuery
2026-10-04 10:04:03.373 TRACE_ID WARN  http-nio-8888-exec-1 Generator4MethodAccessor field not found limit of object class name com.sparrow.coder.dao.query.TableConfigDBPagerQuery
2026-10-04 10:04:03.375 TRACE_ID WARN  http-nio-8888-exec-1 Generator4MethodAccessor field not found limit of object class name com.sparrow.coder.protocol.query.ProjectConfigQuery
2026-10-04 10:04:03.375 TRACE_ID WARN  http-nio-8888-exec-1 Generator4MethodAccessor field not found limit of object class name com.sparrow.coder.dao.query.ProjectConfigDBPagerQuery
2026-10-04 10:04:03.377 TRACE_ID WARN  http-nio-8888-exec-1 Generator4MethodAccessor field not found displayText of object class name com.sparrow.coder.po.ProjectConfig
2026-10-04 10:06:25.021 TRACE_ID WARN  http-nio-8888-exec-6 Generator4MethodAccessor field not found limit of object class name com.sparrow.coder.protocol.query.TableConfigQuery
2026-10-04 10:06:25.022 TRACE_ID WARN  http-nio-8888-exec-6 Generator4MethodAccessor field not found limit of object class name com.sparrow.coder.dao.query.TableConfigDBPagerQuery
2026-10-04 10:06:25.030 TRACE_ID WARN  http-nio-8888-exec-6 Generator4MethodAccessor field not found limit of object class name com.sparrow.coder.protocol.query.TableConfigQuery
2026-10-04 10:06:25.031 TRACE_ID WARN  http-nio-8888-exec-6 Generator4MethodAccessor field not found limit of object class name com.sparrow.coder.dao.query.TableConfigDBPagerQuery
2026-10-04 10:06:25.036 TRACE_ID WARN  http-nio-8888-exec-6 Generator4MethodAccessor field not found limit of object class name com.sparrow.coder.protocol.query.ProjectConfigQuery
2026-10-04 10:06:25.036 TRACE_ID WARN  http-nio-8888-exec-6 Generator4MethodAccessor field not found limit of object class name com.sparrow.coder.dao.query.ProjectConfigDBPagerQuery
2026-10-04 10:06:25.040 TRACE_ID WARN  http-nio-8888-exec-6 Generator4MethodAccessor field not found displayText of object class name com.sparrow.coder.po.ProjectConfig
2026-10-04 10:06:32.124 TRACE_ID WARN  http-nio-8888-exec-9 Generator4MethodAccessor field not found limit of object class name com.sparrow.security.admin.protocol.query.AppQuery
2026-10-04 10:06:32.124 TRACE_ID WARN  http-nio-8888-exec-8 Generator4MethodAccessor field not found limit of object class name com.sparrow.security.admin.protocol.query.AppQuery
2026-10-04 10:06:32.124 TRACE_ID WARN  http-nio-8888-exec-8 Generator4MethodAccessor field not found limit of object class name com.sparrow.security.admin.dao.query.AppDBPagerQuery
2026-10-04 10:06:32.124 TRACE_ID WARN  http-nio-8888-exec-9 Generator4MethodAccessor field not found limit of object class name com.sparrow.security.admin.dao.query.AppDBPagerQuery
2026-10-04 11:45:08.594 TRACE_ID WARN  http-nio-8888-exec-4 Generator4MethodAccessor field not found limit of object class name com.sparrow.security.admin.protocol.query.AppQuery
2026-10-04 11:45:08.594 TRACE_ID WARN  http-nio-8888-exec-6 Generator4MethodAccessor field not found limit of object class name com.sparrow.security.admin.protocol.query.AppQuery
2026-10-04 11:45:08.596 TRACE_ID WARN  http-nio-8888-exec-4 Generator4MethodAccessor field not found limit of object class name com.sparrow.security.admin.dao.query.AppDBPagerQuery
2026-10-04 11:45:08.596 TRACE_ID WARN  http-nio-8888-exec-6 Generator4MethodAccessor field not found limit of object class name com.sparrow.security.admin.dao.query.AppDBPagerQuery
2026-10-04 11:45:17.355 TRACE_ID WARN  http-nio-8888-exec-7 Generator4MethodAccessor field not found limit of object class name com.sparrow.security.admin.protocol.query.AppQuery
2026-10-04 11:45:17.356 TRACE_ID WARN  http-nio-8888-exec-7 Generator4MethodAccessor field not found limit of object class name com.sparrow.security.admin.dao.query.AppDBPagerQuery
2026-10-04 11:45:18.361 TRACE_ID WARN  http-nio-8888-exec-5 Generator4MethodAccessor field not found limit of object class name com.sparrow.security.admin.protocol.query.AppQuery
2026-10-04 11:45:18.363 TRACE_ID WARN  http-nio-8888-exec-5 Generator4MethodAccessor field not found limit of object class name com.sparrow.security.admin.dao.query.AppDBPagerQuery
2026-10-04 11:54:45.403 TRACE_ID WARN  http-nio-8888-exec-2 Generator4MethodAccessor field not found limit of object class name com.sparrow.security.admin.protocol.query.AppQuery
2026-10-04 11:54:45.403 TRACE_ID WARN  http-nio-8888-exec-1 Generator4MethodAccessor field not found limit of object class name com.sparrow.security.admin.protocol.query.AppQuery
2026-10-04 11:54:45.403 TRACE_ID WARN  http-nio-8888-exec-2 Generator4MethodAccessor field not found limit of object class name com.sparrow.security.admin.dao.query.AppDBPagerQuery
2026-10-04 11:54:45.403 TRACE_ID WARN  http-nio-8888-exec-1 Generator4MethodAccessor field not found limit of object class name com.sparrow.security.admin.dao.query.AppDBPagerQuery
2026-10-04 11:56:58.216 TRACE_ID WARN  http-nio-8888-exec-10 Generator4MethodAccessor field not found displayText of object class name com.sparrow.security.admin.protocol.param.AppParam
2026-10-04 11:56:58.216 TRACE_ID WARN  http-nio-8888-exec-10 Generator4MethodAccessor field not found displayText of object class name com.sparrow.security.po.App
2026-10-04 11:56:58.216 TRACE_ID WARN  http-nio-8888-exec-10 Generator4MethodAccessor field not found status of object class name com.sparrow.security.admin.protocol.param.AppParam
2026-10-04 11:56:58.216 TRACE_ID WARN  http-nio-8888-exec-10 Generator4MethodAccessor field not found deleted of object class name com.sparrow.security.admin.protocol.param.AppParam
2026-10-04 11:56:58.217 TRACE_ID WARN  http-nio-8888-exec-10 Generator4MethodAccessor field not found createUserId of object class name com.sparrow.security.admin.protocol.param.AppParam
2026-10-04 11:56:58.217 TRACE_ID WARN  http-nio-8888-exec-10 Generator4MethodAccessor field not found modifiedUserId of object class name com.sparrow.security.admin.protocol.param.AppParam
2026-10-04 11:56:58.217 TRACE_ID WARN  http-nio-8888-exec-10 Generator4MethodAccessor field not found gmtCreate of object class name com.sparrow.security.admin.protocol.param.AppParam
2026-10-04 11:56:58.217 TRACE_ID WARN  http-nio-8888-exec-10 Generator4MethodAccessor field not found gmtModified of object class name com.sparrow.security.admin.protocol.param.AppParam
2026-10-04 11:56:58.217 TRACE_ID WARN  http-nio-8888-exec-10 Generator4MethodAccessor field not found createUserName of object class name com.sparrow.security.admin.protocol.param.AppParam
2026-10-04 11:56:58.217 TRACE_ID WARN  http-nio-8888-exec-10 Generator4MethodAccessor field not found modifiedUserName of object class name com.sparrow.security.admin.protocol.param.AppParam
2026-10-04 12:16:09.411 TRACE_ID WARN  http-nio-8888-exec-3 Generator4MethodAccessor field not found displayText of object class name com.sparrow.security.admin.protocol.param.AppParam
2026-10-04 12:16:09.411 TRACE_ID WARN  http-nio-8888-exec-3 Generator4MethodAccessor field not found displayText of object class name com.sparrow.security.po.App
2026-10-04 12:16:09.411 TRACE_ID WARN  http-nio-8888-exec-3 Generator4MethodAccessor field not found status of object class name com.sparrow.security.admin.protocol.param.AppParam
2026-10-04 12:16:09.411 TRACE_ID WARN  http-nio-8888-exec-3 Generator4MethodAccessor field not found deleted of object class name com.sparrow.security.admin.protocol.param.AppParam
2026-10-04 12:16:09.411 TRACE_ID WARN  http-nio-8888-exec-3 Generator4MethodAccessor field not found createUserId of object class name com.sparrow.security.admin.protocol.param.AppParam
2026-10-04 12:16:09.411 TRACE_ID WARN  http-nio-8888-exec-3 Generator4MethodAccessor field not found modifiedUserId of object class name com.sparrow.security.admin.protocol.param.AppParam
2026-10-04 12:16:09.411 TRACE_ID WARN  http-nio-8888-exec-3 Generator4MethodAccessor field not found gmtCreate of object class name com.sparrow.security.admin.protocol.param.AppParam
2026-10-04 12:16:09.411 TRACE_ID WARN  http-nio-8888-exec-3 Generator4MethodAccessor field not found gmtModified of object class name com.sparrow.security.admin.protocol.param.AppParam
2026-10-04 12:16:09.411 TRACE_ID WARN  http-nio-8888-exec-3 Generator4MethodAccessor field not found createUserName of object class name com.sparrow.security.admin.protocol.param.AppParam
2026-10-04 12:16:09.411 TRACE_ID WARN  http-nio-8888-exec-3 Generator4MethodAccessor field not found modifiedUserName of object class name com.sparrow.security.admin.protocol.param.AppParam
2026-10-04 12:16:11.428 TRACE_ID WARN  http-nio-8888-exec-5 Generator4MethodAccessor field not found displayText of object class name com.sparrow.security.admin.protocol.param.AppParam
2026-10-04 12:16:11.428 TRACE_ID WARN  http-nio-8888-exec-5 Generator4MethodAccessor field not found displayText of object class name com.sparrow.security.po.App
2026-10-04 12:16:11.428 TRACE_ID WARN  http-nio-8888-exec-5 Generator4MethodAccessor field not found status of object class name com.sparrow.security.admin.protocol.param.AppParam
2026-10-04 12:16:11.428 TRACE_ID WARN  http-nio-8888-exec-5 Generator4MethodAccessor field not found deleted of object class name com.sparrow.security.admin.protocol.param.AppParam
2026-10-04 12:16:11.428 TRACE_ID WARN  http-nio-8888-exec-5 Generator4MethodAccessor field not found createUserId of object class name com.sparrow.security.admin.protocol.param.AppParam
2026-10-04 12:16:11.428 TRACE_ID WARN  http-nio-8888-exec-5 Generator4MethodAccessor field not found modifiedUserId of object class name com.sparrow.security.admin.protocol.param.AppParam
2026-10-04 12:16:11.428 TRACE_ID WARN  http-nio-8888-exec-5 Generator4MethodAccessor field not found gmtCreate of object class name com.sparrow.security.admin.protocol.param.AppParam
2026-10-04 12:16:11.428 TRACE_ID WARN  http-nio-8888-exec-5 Generator4MethodAccessor field not found gmtModified of object class name com.sparrow.security.admin.protocol.param.AppParam
2026-10-04 12:16:11.428 TRACE_ID WARN  http-nio-8888-exec-5 Generator4MethodAccessor field not found createUserName of object class name com.sparrow.security.admin.protocol.param.AppParam
2026-10-04 12:16:11.428 TRACE_ID WARN  http-nio-8888-exec-5 Generator4MethodAccessor field not found modifiedUserName of object class name com.sparrow.security.admin.protocol.param.AppParam
2026-10-04 12:16:13.472 TRACE_ID WARN  http-nio-8888-exec-7 Generator4MethodAccessor field not found displayText of object class name com.sparrow.security.admin.protocol.param.AppParam
2026-10-04 12:16:13.472 TRACE_ID WARN  http-nio-8888-exec-7 Generator4MethodAccessor field not found displayText of object class name com.sparrow.security.po.App
2026-10-04 12:16:13.472 TRACE_ID WARN  http-nio-8888-exec-7 Generator4MethodAccessor field not found status of object class name com.sparrow.security.admin.protocol.param.AppParam
2026-10-04 12:16:13.472 TRACE_ID WARN  http-nio-8888-exec-7 Generator4MethodAccessor field not found deleted of object class name com.sparrow.security.admin.protocol.param.AppParam
2026-10-04 12:16:13.472 TRACE_ID WARN  http-nio-8888-exec-7 Generator4MethodAccessor field not found createUserId of object class name com.sparrow.security.admin.protocol.param.AppParam
2026-10-04 12:16:13.472 TRACE_ID WARN  http-nio-8888-exec-7 Generator4MethodAccessor field not found modifiedUserId of object class name com.sparrow.security.admin.protocol.param.AppParam
2026-10-04 12:16:13.472 TRACE_ID WARN  http-nio-8888-exec-7 Generator4MethodAccessor field not found gmtCreate of object class name com.sparrow.security.admin.protocol.param.AppParam
2026-10-04 12:16:13.472 TRACE_ID WARN  http-nio-8888-exec-7 Generator4MethodAccessor field not found gmtModified of object class name com.sparrow.security.admin.protocol.param.AppParam
2026-10-04 12:16:13.472 TRACE_ID WARN  http-nio-8888-exec-7 Generator4MethodAccessor field not found createUserName of object class name com.sparrow.security.admin.protocol.param.AppParam
2026-10-04 12:16:13.472 TRACE_ID WARN  http-nio-8888-exec-7 Generator4MethodAccessor field not found modifiedUserName of object class name com.sparrow.security.admin.protocol.param.AppParam
2026-10-04 12:17:01.788 TRACE_ID WARN  http-nio-8888-exec-9 Generator4MethodAccessor field not found displayText of object class name com.sparrow.security.admin.protocol.param.AppParam
2026-10-04 12:17:01.788 TRACE_ID WARN  http-nio-8888-exec-9 Generator4MethodAccessor field not found displayText of object class name com.sparrow.security.po.App
2026-10-04 12:17:01.788 TRACE_ID WARN  http-nio-8888-exec-9 Generator4MethodAccessor field not found status of object class name com.sparrow.security.admin.protocol.param.AppParam
2026-10-04 12:17:01.788 TRACE_ID WARN  http-nio-8888-exec-9 Generator4MethodAccessor field not found deleted of object class name com.sparrow.security.admin.protocol.param.AppParam
2026-10-04 12:17:01.788 TRACE_ID WARN  http-nio-8888-exec-9 Generator4MethodAccessor field not found createUserId of object class name com.sparrow.security.admin.protocol.param.AppParam
2026-10-04 12:17:01.788 TRACE_ID WARN  http-nio-8888-exec-9 Generator4MethodAccessor field not found modifiedUserId of object class name com.sparrow.security.admin.protocol.param.AppParam
2026-10-04 12:17:01.788 TRACE_ID WARN  http-nio-8888-exec-9 Generator4MethodAccessor field not found gmtCreate of object class name com.sparrow.security.admin.protocol.param.AppParam
2026-10-04 12:17:01.788 TRACE_ID WARN  http-nio-8888-exec-9 Generator4MethodAccessor field not found gmtModified of object class name com.sparrow.security.admin.protocol.param.AppParam
2026-10-04 12:17:01.788 TRACE_ID WARN  http-nio-8888-exec-9 Generator4MethodAccessor field not found createUserName of object class name com.sparrow.security.admin.protocol.param.AppParam
2026-10-04 12:17:01.788 TRACE_ID WARN  http-nio-8888-exec-9 Generator4MethodAccessor field not found modifiedUserName of object class name com.sparrow.security.admin.protocol.param.AppParam
2026-10-04 12:17:03.326 TRACE_ID WARN  http-nio-8888-exec-2 Generator4MethodAccessor field not found displayText of object class name com.sparrow.security.admin.protocol.param.AppParam
2026-10-04 12:17:03.326 TRACE_ID WARN  http-nio-8888-exec-2 Generator4MethodAccessor field not found displayText of object class name com.sparrow.security.po.App
2026-10-04 12:17:03.326 TRACE_ID WARN  http-nio-8888-exec-2 Generator4MethodAccessor field not found status of object class name com.sparrow.security.admin.protocol.param.AppParam
2026-10-04 12:17:03.326 TRACE_ID WARN  http-nio-8888-exec-2 Generator4MethodAccessor field not found deleted of object class name com.sparrow.security.admin.protocol.param.AppParam
2026-10-04 12:17:03.326 TRACE_ID WARN  http-nio-8888-exec-2 Generator4MethodAccessor field not found createUserId of object class name com.sparrow.security.admin.protocol.param.AppParam
2026-10-04 12:17:03.326 TRACE_ID WARN  http-nio-8888-exec-2 Generator4MethodAccessor field not found modifiedUserId of object class name com.sparrow.security.admin.protocol.param.AppParam
2026-10-04 12:17:03.326 TRACE_ID WARN  http-nio-8888-exec-2 Generator4MethodAccessor field not found gmtCreate of object class name com.sparrow.security.admin.protocol.param.AppParam
2026-10-04 12:17:03.326 TRACE_ID WARN  http-nio-8888-exec-2 Generator4MethodAccessor field not found gmtModified of object class name com.sparrow.security.admin.protocol.param.AppParam
2026-10-04 12:17:03.326 TRACE_ID WARN  http-nio-8888-exec-2 Generator4MethodAccessor field not found createUserName of object class name com.sparrow.security.admin.protocol.param.AppParam
2026-10-04 12:17:03.326 TRACE_ID WARN  http-nio-8888-exec-2 Generator4MethodAccessor field not found modifiedUserName of object class name com.sparrow.security.admin.protocol.param.AppParam
2026-10-04 12:17:33.243 TRACE_ID WARN  http-nio-8888-exec-7 Generator4MethodAccessor field not found displayText of object class name com.sparrow.security.admin.protocol.param.AppParam
2026-10-04 12:17:33.243 TRACE_ID WARN  http-nio-8888-exec-7 Generator4MethodAccessor field not found displayText of object class name com.sparrow.security.po.App
2026-10-04 12:17:33.243 TRACE_ID WARN  http-nio-8888-exec-7 Generator4MethodAccessor field not found status of object class name com.sparrow.security.admin.protocol.param.AppParam
2026-10-04 12:17:33.243 TRACE_ID WARN  http-nio-8888-exec-7 Generator4MethodAccessor field not found deleted of object class name com.sparrow.security.admin.protocol.param.AppParam
2026-10-04 12:17:33.243 TRACE_ID WARN  http-nio-8888-exec-7 Generator4MethodAccessor field not found createUserId of object class name com.sparrow.security.admin.protocol.param.AppParam
2026-10-04 12:17:33.243 TRACE_ID WARN  http-nio-8888-exec-7 Generator4MethodAccessor field not found modifiedUserId of object class name com.sparrow.security.admin.protocol.param.AppParam
2026-10-04 12:17:33.243 TRACE_ID WARN  http-nio-8888-exec-7 Generator4MethodAccessor field not found gmtCreate of object class name com.sparrow.security.admin.protocol.param.AppParam
2026-10-04 12:17:33.243 TRACE_ID WARN  http-nio-8888-exec-7 Generator4MethodAccessor field not found gmtModified of object class name com.sparrow.security.admin.protocol.param.AppParam
2026-10-04 12:17:33.243 TRACE_ID WARN  http-nio-8888-exec-7 Generator4MethodAccessor field not found createUserName of object class name com.sparrow.security.admin.protocol.param.AppParam
2026-10-04 12:17:33.243 TRACE_ID WARN  http-nio-8888-exec-7 Generator4MethodAccessor field not found modifiedUserName of object class name com.sparrow.security.admin.protocol.param.AppParam
2026-10-04 12:17:33.453 TRACE_ID WARN  http-nio-8888-exec-5 Generator4MethodAccessor field not found limit of object class name com.sparrow.security.admin.protocol.query.AppQuery
2026-10-04 12:17:33.454 TRACE_ID WARN  http-nio-8888-exec-5 Generator4MethodAccessor field not found limit of object class name com.sparrow.security.admin.dao.query.AppDBPagerQuery
2026-10-04 12:17:33.457 TRACE_ID WARN  http-nio-8888-exec-5 Generator4MethodAccessor field not found limit of object class name com.sparrow.security.admin.protocol.query.AppQuery
2026-10-04 12:17:33.457 TRACE_ID WARN  http-nio-8888-exec-5 Generator4MethodAccessor field not found limit of object class name com.sparrow.security.admin.dao.query.AppDBPagerQuery
2026-10-04 12:17:33.474 TRACE_ID WARN  http-nio-8888-exec-5 Generator4MethodAccessor field not found displayText of object class name com.sparrow.security.po.App
2026-10-04 12:18:04.636 TRACE_ID WARN  http-nio-8888-exec-2 Generator4MethodAccessor field not found displayText of object class name com.sparrow.security.admin.protocol.param.AppParam
2026-10-04 12:18:04.636 TRACE_ID WARN  http-nio-8888-exec-2 Generator4MethodAccessor field not found displayText of object class name com.sparrow.security.po.App
2026-10-04 12:18:04.636 TRACE_ID WARN  http-nio-8888-exec-2 Generator4MethodAccessor field not found status of object class name com.sparrow.security.admin.protocol.param.AppParam
2026-10-04 12:18:04.636 TRACE_ID WARN  http-nio-8888-exec-2 Generator4MethodAccessor field not found deleted of object class name com.sparrow.security.admin.protocol.param.AppParam
2026-10-04 12:18:04.636 TRACE_ID WARN  http-nio-8888-exec-2 Generator4MethodAccessor field not found createUserId of object class name com.sparrow.security.admin.protocol.param.AppParam
2026-10-04 12:18:04.636 TRACE_ID WARN  http-nio-8888-exec-2 Generator4MethodAccessor field not found modifiedUserId of object class name com.sparrow.security.admin.protocol.param.AppParam
2026-10-04 12:18:04.636 TRACE_ID WARN  http-nio-8888-exec-2 Generator4MethodAccessor field not found gmtCreate of object class name com.sparrow.security.admin.protocol.param.AppParam
2026-10-04 12:18:04.636 TRACE_ID WARN  http-nio-8888-exec-2 Generator4MethodAccessor field not found gmtModified of object class name com.sparrow.security.admin.protocol.param.AppParam
2026-10-04 12:18:04.636 TRACE_ID WARN  http-nio-8888-exec-2 Generator4MethodAccessor field not found createUserName of object class name com.sparrow.security.admin.protocol.param.AppParam
2026-10-04 12:18:04.636 TRACE_ID WARN  http-nio-8888-exec-2 Generator4MethodAccessor field not found modifiedUserName of object class name com.sparrow.security.admin.protocol.param.AppParam
2026-10-04 12:18:04.655 TRACE_ID WARN  http-nio-8888-exec-4 Generator4MethodAccessor field not found limit of object class name com.sparrow.security.admin.protocol.query.AppQuery
2026-10-04 12:18:04.655 TRACE_ID WARN  http-nio-8888-exec-4 Generator4MethodAccessor field not found limit of object class name com.sparrow.security.admin.dao.query.AppDBPagerQuery
2026-10-04 12:18:04.659 TRACE_ID WARN  http-nio-8888-exec-4 Generator4MethodAccessor field not found limit of object class name com.sparrow.security.admin.protocol.query.AppQuery
2026-10-04 12:18:04.659 TRACE_ID WARN  http-nio-8888-exec-4 Generator4MethodAccessor field not found limit of object class name com.sparrow.security.admin.dao.query.AppDBPagerQuery
2026-10-04 12:18:04.661 TRACE_ID WARN  http-nio-8888-exec-4 Generator4MethodAccessor field not found displayText of object class name com.sparrow.security.po.App
2026-10-04 12:18:36.199 TRACE_ID WARN  http-nio-8888-exec-9 Generator4MethodAccessor field not found displayText of object class name com.sparrow.security.admin.protocol.param.AppParam
2026-10-04 12:18:36.200 TRACE_ID WARN  http-nio-8888-exec-9 Generator4MethodAccessor field not found displayText of object class name com.sparrow.security.po.App
2026-10-04 12:18:36.200 TRACE_ID WARN  http-nio-8888-exec-9 Generator4MethodAccessor field not found status of object class name com.sparrow.security.admin.protocol.param.AppParam
2026-10-04 12:18:36.200 TRACE_ID WARN  http-nio-8888-exec-9 Generator4MethodAccessor field not found deleted of object class name com.sparrow.security.admin.protocol.param.AppParam
2026-10-04 12:18:36.200 TRACE_ID WARN  http-nio-8888-exec-9 Generator4MethodAccessor field not found createUserId of object class name com.sparrow.security.admin.protocol.param.AppParam
2026-10-04 12:18:36.200 TRACE_ID WARN  http-nio-8888-exec-9 Generator4MethodAccessor field not found modifiedUserId of object class name com.sparrow.security.admin.protocol.param.AppParam
2026-10-04 12:18:36.200 TRACE_ID WARN  http-nio-8888-exec-9 Generator4MethodAccessor field not found gmtCreate of object class name com.sparrow.security.admin.protocol.param.AppParam
2026-10-04 12:18:36.200 TRACE_ID WARN  http-nio-8888-exec-9 Generator4MethodAccessor field not found gmtModified of object class name com.sparrow.security.admin.protocol.param.AppParam
2026-10-04 12:18:36.200 TRACE_ID WARN  http-nio-8888-exec-9 Generator4MethodAccessor field not found createUserName of object class name com.sparrow.security.admin.protocol.param.AppParam
2026-10-04 12:18:36.200 TRACE_ID WARN  http-nio-8888-exec-9 Generator4MethodAccessor field not found modifiedUserName of object class name com.sparrow.security.admin.protocol.param.AppParam
2026-10-04 12:18:36.215 TRACE_ID WARN  http-nio-8888-exec-2 Generator4MethodAccessor field not found limit of object class name com.sparrow.security.admin.protocol.query.AppQuery
2026-10-04 12:18:36.215 TRACE_ID WARN  http-nio-8888-exec-2 Generator4MethodAccessor field not found limit of object class name com.sparrow.security.admin.dao.query.AppDBPagerQuery
2026-10-04 12:18:36.217 TRACE_ID WARN  http-nio-8888-exec-2 Generator4MethodAccessor field not found limit of object class name com.sparrow.security.admin.protocol.query.AppQuery
2026-10-04 12:18:36.217 TRACE_ID WARN  http-nio-8888-exec-2 Generator4MethodAccessor field not found limit of object class name com.sparrow.security.admin.dao.query.AppDBPagerQuery
2026-10-04 12:18:36.218 TRACE_ID WARN  http-nio-8888-exec-2 Generator4MethodAccessor field not found displayText of object class name com.sparrow.security.po.App
2026-10-04 12:35:25.593 TRACE_ID WARN  http-nio-8888-exec-7 Generator4MethodAccessor field not found limit of object class name com.sparrow.security.admin.protocol.query.AppQuery
2026-10-04 12:35:25.593 TRACE_ID WARN  http-nio-8888-exec-3 Generator4MethodAccessor field not found limit of object class name com.sparrow.security.admin.protocol.query.AppQuery
2026-10-04 12:35:25.593 TRACE_ID WARN  http-nio-8888-exec-7 Generator4MethodAccessor field not found limit of object class name com.sparrow.security.admin.dao.query.AppDBPagerQuery
2026-10-04 12:35:25.593 TRACE_ID WARN  http-nio-8888-exec-3 Generator4MethodAccessor field not found limit of object class name com.sparrow.security.admin.dao.query.AppDBPagerQuery
2026-10-04 12:35:25.612 TRACE_ID WARN  http-nio-8888-exec-7 Generator4MethodAccessor field not found limit of object class name com.sparrow.security.admin.protocol.query.AppQuery
2026-10-04 12:35:25.612 TRACE_ID WARN  http-nio-8888-exec-7 Generator4MethodAccessor field not found limit of object class name com.sparrow.security.admin.dao.query.AppDBPagerQuery
2026-10-04 12:35:25.613 TRACE_ID WARN  http-nio-8888-exec-3 Generator4MethodAccessor field not found limit of object class name com.sparrow.security.admin.protocol.query.AppQuery
2026-10-04 12:35:25.613 TRACE_ID WARN  http-nio-8888-exec-3 Generator4MethodAccessor field not found limit of object class name com.sparrow.security.admin.dao.query.AppDBPagerQuery
2026-10-04 12:35:25.614 TRACE_ID WARN  http-nio-8888-exec-7 Generator4MethodAccessor field not found displayText of object class name com.sparrow.security.po.App
2026-10-04 12:35:25.614 TRACE_ID WARN  http-nio-8888-exec-3 Generator4MethodAccessor field not found displayText of object class name com.sparrow.security.po.App
2026-10-04 12:36:55.043 TRACE_ID WARN  http-nio-8888-exec-4 Generator4MethodAccessor field not found limit of object class name com.sparrow.coder.protocol.query.ProjectConfigQuery
2026-10-04 12:36:55.043 TRACE_ID WARN  http-nio-8888-exec-3 Generator4MethodAccessor field not found limit of object class name com.sparrow.coder.protocol.query.ProjectConfigQuery
2026-10-04 12:36:55.044 TRACE_ID WARN  http-nio-8888-exec-4 Generator4MethodAccessor field not found limit of object class name com.sparrow.coder.dao.query.ProjectConfigDBPagerQuery
2026-10-04 12:36:55.044 TRACE_ID WARN  http-nio-8888-exec-3 Generator4MethodAccessor field not found limit of object class name com.sparrow.coder.dao.query.ProjectConfigDBPagerQuery
2026-10-04 12:36:55.065 TRACE_ID WARN  http-nio-8888-exec-4 Generator4MethodAccessor field not found limit of object class name com.sparrow.coder.protocol.query.ProjectConfigQuery
2026-10-04 12:36:55.065 TRACE_ID WARN  http-nio-8888-exec-3 Generator4MethodAccessor field not found limit of object class name com.sparrow.coder.protocol.query.ProjectConfigQuery
2026-10-04 12:36:55.065 TRACE_ID WARN  http-nio-8888-exec-4 Generator4MethodAccessor field not found limit of object class name com.sparrow.coder.dao.query.ProjectConfigDBPagerQuery
2026-10-04 12:36:55.065 TRACE_ID WARN  http-nio-8888-exec-3 Generator4MethodAccessor field not found limit of object class name com.sparrow.coder.dao.query.ProjectConfigDBPagerQuery
2026-10-04 12:36:55.070 TRACE_ID WARN  http-nio-8888-exec-3 Generator4MethodAccessor field not found displayText of object class name com.sparrow.coder.po.ProjectConfig
2026-10-04 12:36:55.070 TRACE_ID WARN  http-nio-8888-exec-4 Generator4MethodAccessor field not found displayText of object class name com.sparrow.coder.po.ProjectConfig
2026-10-04 12:36:58.238 TRACE_ID WARN  http-nio-8888-exec-8 Generator4MethodAccessor field not found limit of object class name com.sparrow.coder.protocol.query.TableConfigQuery
2026-10-04 12:36:58.238 TRACE_ID WARN  http-nio-8888-exec-8 Generator4MethodAccessor field not found limit of object class name com.sparrow.coder.dao.query.TableConfigDBPagerQuery
2026-10-04 12:36:58.238 TRACE_ID WARN  http-nio-8888-exec-7 Generator4MethodAccessor field not found limit of object class name com.sparrow.coder.protocol.query.TableConfigQuery
2026-10-04 12:36:58.239 TRACE_ID WARN  http-nio-8888-exec-7 Generator4MethodAccessor field not found limit of object class name com.sparrow.coder.dao.query.TableConfigDBPagerQuery
2026-10-04 12:36:58.242 TRACE_ID WARN  http-nio-8888-exec-8 Generator4MethodAccessor field not found limit of object class name com.sparrow.coder.protocol.query.TableConfigQuery
2026-10-04 12:36:58.242 TRACE_ID WARN  http-nio-8888-exec-8 Generator4MethodAccessor field not found limit of object class name com.sparrow.coder.dao.query.TableConfigDBPagerQuery
2026-10-04 12:36:58.244 TRACE_ID WARN  http-nio-8888-exec-7 Generator4MethodAccessor field not found limit of object class name com.sparrow.coder.protocol.query.TableConfigQuery
2026-10-04 12:36:58.244 TRACE_ID WARN  http-nio-8888-exec-7 Generator4MethodAccessor field not found limit of object class name com.sparrow.coder.dao.query.TableConfigDBPagerQuery
2026-10-04 12:36:58.251 TRACE_ID WARN  http-nio-8888-exec-8 Generator4MethodAccessor field not found limit of object class name com.sparrow.coder.protocol.query.ProjectConfigQuery
2026-10-04 12:36:58.251 TRACE_ID WARN  http-nio-8888-exec-7 Generator4MethodAccessor field not found limit of object class name com.sparrow.coder.protocol.query.ProjectConfigQuery
2026-10-04 12:36:58.251 TRACE_ID WARN  http-nio-8888-exec-8 Generator4MethodAccessor field not found limit of object class name com.sparrow.coder.dao.query.ProjectConfigDBPagerQuery
2026-10-04 12:36:58.251 TRACE_ID WARN  http-nio-8888-exec-7 Generator4MethodAccessor field not found limit of object class name com.sparrow.coder.dao.query.ProjectConfigDBPagerQuery
2026-10-04 12:36:58.253 TRACE_ID WARN  http-nio-8888-exec-7 Generator4MethodAccessor field not found displayText of object class name com.sparrow.coder.po.ProjectConfig
2026-10-04 12:36:58.253 TRACE_ID WARN  http-nio-8888-exec-8 Generator4MethodAccessor field not found displayText of object class name com.sparrow.coder.po.ProjectConfig
2026-10-04 12:37:00.812 TRACE_ID WARN  http-nio-8888-exec-10 Generator4MethodAccessor field not found displayText of object class name com.sparrow.coder.po.ProjectConfig
2026-10-04 12:37:00.812 TRACE_ID WARN  http-nio-8888-exec-10 Generator4MethodAccessor field not found limit of object class name com.sparrow.coder.protocol.query.TableConfigQuery
2026-10-04 12:37:00.812 TRACE_ID WARN  http-nio-8888-exec-10 Generator4MethodAccessor field not found limit of object class name com.sparrow.coder.dao.query.TableConfigDBPagerQuery
2026-10-04 12:37:02.343 TRACE_ID WARN  http-nio-8888-exec-1 Generator4MethodAccessor field not found limit of object class name com.sparrow.coder.protocol.query.TableConfigQuery
2026-10-04 12:37:02.343 TRACE_ID WARN  http-nio-8888-exec-1 Generator4MethodAccessor field not found limit of object class name com.sparrow.coder.dao.query.TableConfigDBPagerQuery
2026-10-04 12:37:02.345 TRACE_ID WARN  http-nio-8888-exec-1 Generator4MethodAccessor field not found limit of object class name com.sparrow.coder.protocol.query.TableConfigQuery
2026-10-04 12:37:02.345 TRACE_ID WARN  http-nio-8888-exec-1 Generator4MethodAccessor field not found limit of object class name com.sparrow.coder.dao.query.TableConfigDBPagerQuery
2026-10-04 12:37:02.346 TRACE_ID WARN  http-nio-8888-exec-1 Generator4MethodAccessor field not found limit of object class name com.sparrow.coder.protocol.query.ProjectConfigQuery
2026-10-04 12:37:02.346 TRACE_ID WARN  http-nio-8888-exec-1 Generator4MethodAccessor field not found limit of object class name com.sparrow.coder.dao.query.ProjectConfigDBPagerQuery
2026-10-04 12:37:02.347 TRACE_ID WARN  http-nio-8888-exec-1 Generator4MethodAccessor field not found displayText of object class name com.sparrow.coder.po.ProjectConfig
2026-10-04 12:37:05.160 TRACE_ID WARN  http-nio-8888-exec-4 Generator4MethodAccessor field not found limit of object class name com.sparrow.security.admin.protocol.query.AppQuery
2026-10-04 12:37:05.160 TRACE_ID WARN  http-nio-8888-exec-4 Generator4MethodAccessor field not found limit of object class name com.sparrow.security.admin.dao.query.AppDBPagerQuery
2026-10-04 12:37:05.160 TRACE_ID WARN  http-nio-8888-exec-6 Generator4MethodAccessor field not found limit of object class name com.sparrow.security.admin.protocol.query.AppQuery
2026-10-04 12:37:05.160 TRACE_ID WARN  http-nio-8888-exec-6 Generator4MethodAccessor field not found limit of object class name com.sparrow.security.admin.dao.query.AppDBPagerQuery
2026-10-04 12:37:05.162 TRACE_ID WARN  http-nio-8888-exec-6 Generator4MethodAccessor field not found limit of object class name com.sparrow.security.admin.protocol.query.AppQuery
2026-10-04 12:37:05.162 TRACE_ID WARN  http-nio-8888-exec-6 Generator4MethodAccessor field not found limit of object class name com.sparrow.security.admin.dao.query.AppDBPagerQuery
2026-10-04 12:37:05.162 TRACE_ID WARN  http-nio-8888-exec-4 Generator4MethodAccessor field not found limit of object class name com.sparrow.security.admin.protocol.query.AppQuery
2026-10-04 12:37:05.162 TRACE_ID WARN  http-nio-8888-exec-4 Generator4MethodAccessor field not found limit of object class name com.sparrow.security.admin.dao.query.AppDBPagerQuery
2026-10-04 12:37:05.164 TRACE_ID WARN  http-nio-8888-exec-6 Generator4MethodAccessor field not found displayText of object class name com.sparrow.security.po.App
2026-10-04 12:37:05.164 TRACE_ID WARN  http-nio-8888-exec-4 Generator4MethodAccessor field not found displayText of object class name com.sparrow.security.po.App
2026-10-04 12:37:17.771 TRACE_ID WARN  http-nio-8888-exec-9 Generator4MethodAccessor field not found limit of object class name com.sparrow.coder.protocol.query.ProjectConfigQuery
2026-10-04 12:37:17.771 TRACE_ID WARN  http-nio-8888-exec-8 Generator4MethodAccessor field not found limit of object class name com.sparrow.coder.protocol.query.ProjectConfigQuery
2026-10-04 12:37:17.771 TRACE_ID WARN  http-nio-8888-exec-9 Generator4MethodAccessor field not found limit of object class name com.sparrow.coder.dao.query.ProjectConfigDBPagerQuery
2026-10-04 12:37:17.771 TRACE_ID WARN  http-nio-8888-exec-8 Generator4MethodAccessor field not found limit of object class name com.sparrow.coder.dao.query.ProjectConfigDBPagerQuery
2026-10-04 12:37:17.778 TRACE_ID WARN  http-nio-8888-exec-8 Generator4MethodAccessor field not found limit of object class name com.sparrow.coder.protocol.query.ProjectConfigQuery
2026-10-04 12:37:17.778 TRACE_ID WARN  http-nio-8888-exec-9 Generator4MethodAccessor field not found limit of object class name com.sparrow.coder.protocol.query.ProjectConfigQuery
2026-10-04 12:37:17.778 TRACE_ID WARN  http-nio-8888-exec-9 Generator4MethodAccessor field not found limit of object class name com.sparrow.coder.dao.query.ProjectConfigDBPagerQuery
2026-10-04 12:37:17.778 TRACE_ID WARN  http-nio-8888-exec-8 Generator4MethodAccessor field not found limit of object class name com.sparrow.coder.dao.query.ProjectConfigDBPagerQuery
2026-10-04 12:37:17.780 TRACE_ID WARN  http-nio-8888-exec-9 Generator4MethodAccessor field not found displayText of object class name com.sparrow.coder.po.ProjectConfig
2026-10-04 12:37:17.780 TRACE_ID WARN  http-nio-8888-exec-8 Generator4MethodAccessor field not found displayText of object class name com.sparrow.coder.po.ProjectConfig
2026-10-04 12:37:21.387 TRACE_ID WARN  http-nio-8888-exec-2 Generator4MethodAccessor field not found limit of object class name com.sparrow.coder.protocol.query.TableConfigQuery
2026-10-04 12:37:21.387 TRACE_ID WARN  http-nio-8888-exec-2 Generator4MethodAccessor field not found limit of object class name com.sparrow.coder.dao.query.TableConfigDBPagerQuery
2026-10-04 12:37:21.387 TRACE_ID WARN  http-nio-8888-exec-3 Generator4MethodAccessor field not found limit of object class name com.sparrow.coder.protocol.query.TableConfigQuery
2026-10-04 12:37:21.387 TRACE_ID WARN  http-nio-8888-exec-3 Generator4MethodAccessor field not found limit of object class name com.sparrow.coder.dao.query.TableConfigDBPagerQuery
2026-10-04 12:37:21.396 TRACE_ID WARN  http-nio-8888-exec-2 Generator4MethodAccessor field not found limit of object class name com.sparrow.coder.protocol.query.TableConfigQuery
2026-10-04 12:37:21.397 TRACE_ID WARN  http-nio-8888-exec-2 Generator4MethodAccessor field not found limit of object class name com.sparrow.coder.dao.query.TableConfigDBPagerQuery
2026-10-04 12:37:21.398 TRACE_ID WARN  http-nio-8888-exec-3 Generator4MethodAccessor field not found limit of object class name com.sparrow.coder.protocol.query.TableConfigQuery
2026-10-04 12:37:21.398 TRACE_ID WARN  http-nio-8888-exec-3 Generator4MethodAccessor field not found limit of object class name com.sparrow.coder.dao.query.TableConfigDBPagerQuery
2026-10-04 12:37:21.399 TRACE_ID WARN  http-nio-8888-exec-2 Generator4MethodAccessor field not found limit of object class name com.sparrow.coder.protocol.query.ProjectConfigQuery
2026-10-04 12:37:21.399 TRACE_ID WARN  http-nio-8888-exec-2 Generator4MethodAccessor field not found limit of object class name com.sparrow.coder.dao.query.ProjectConfigDBPagerQuery
2026-10-04 12:37:21.399 TRACE_ID WARN  http-nio-8888-exec-3 Generator4MethodAccessor field not found limit of object class name com.sparrow.coder.protocol.query.ProjectConfigQuery
2026-10-04 12:37:21.399 TRACE_ID WARN  http-nio-8888-exec-3 Generator4MethodAccessor field not found limit of object class name com.sparrow.coder.dao.query.ProjectConfigDBPagerQuery
2026-10-04 12:37:21.401 TRACE_ID WARN  http-nio-8888-exec-2 Generator4MethodAccessor field not found displayText of object class name com.sparrow.coder.po.ProjectConfig
2026-10-04 12:37:21.401 TRACE_ID WARN  http-nio-8888-exec-3 Generator4MethodAccessor field not found displayText of object class name com.sparrow.coder.po.ProjectConfig
2026-10-04 12:40:12.563 TRACE_ID WARN  http-nio-8888-exec-4 Generator4MethodAccessor field not found limit of object class name com.sparrow.coder.protocol.query.ProjectConfigQuery
2026-10-04 12:40:12.563 TRACE_ID WARN  http-nio-8888-exec-3 Generator4MethodAccessor field not found limit of object class name com.sparrow.coder.protocol.query.ProjectConfigQuery
2026-10-04 12:40:12.563 TRACE_ID WARN  http-nio-8888-exec-4 Generator4MethodAccessor field not found limit of object class name com.sparrow.coder.dao.query.ProjectConfigDBPagerQuery
2026-10-04 12:40:12.563 TRACE_ID WARN  http-nio-8888-exec-3 Generator4MethodAccessor field not found limit of object class name com.sparrow.coder.dao.query.ProjectConfigDBPagerQuery
2026-10-04 12:40:12.585 TRACE_ID WARN  http-nio-8888-exec-3 Generator4MethodAccessor field not found limit of object class name com.sparrow.coder.protocol.query.ProjectConfigQuery
2026-10-04 12:40:12.585 TRACE_ID WARN  http-nio-8888-exec-3 Generator4MethodAccessor field not found limit of object class name com.sparrow.coder.dao.query.ProjectConfigDBPagerQuery
2026-10-04 12:40:12.585 TRACE_ID WARN  http-nio-8888-exec-4 Generator4MethodAccessor field not found limit of object class name com.sparrow.coder.protocol.query.ProjectConfigQuery
2026-10-04 12:40:12.585 TRACE_ID WARN  http-nio-8888-exec-4 Generator4MethodAccessor field not found limit of object class name com.sparrow.coder.dao.query.ProjectConfigDBPagerQuery
2026-10-04 12:40:12.590 TRACE_ID WARN  http-nio-8888-exec-4 Generator4MethodAccessor field not found displayText of object class name com.sparrow.coder.po.ProjectConfig
2026-10-04 12:40:12.590 TRACE_ID WARN  http-nio-8888-exec-3 Generator4MethodAccessor field not found displayText of object class name com.sparrow.coder.po.ProjectConfig
2026-10-04 12:40:15.874 TRACE_ID WARN  http-nio-8888-exec-7 Generator4MethodAccessor field not found limit of object class name com.sparrow.coder.protocol.query.TableConfigQuery
2026-10-04 12:40:15.874 TRACE_ID WARN  http-nio-8888-exec-7 Generator4MethodAccessor field not found limit of object class name com.sparrow.coder.dao.query.TableConfigDBPagerQuery
2026-10-04 12:40:15.874 TRACE_ID WARN  http-nio-8888-exec-8 Generator4MethodAccessor field not found limit of object class name com.sparrow.coder.protocol.query.TableConfigQuery
2026-10-04 12:40:15.874 TRACE_ID WARN  http-nio-8888-exec-8 Generator4MethodAccessor field not found limit of object class name com.sparrow.coder.dao.query.TableConfigDBPagerQuery
2026-10-04 12:40:15.878 TRACE_ID WARN  http-nio-8888-exec-8 Generator4MethodAccessor field not found limit of object class name com.sparrow.coder.protocol.query.TableConfigQuery
2026-10-04 12:40:15.878 TRACE_ID WARN  http-nio-8888-exec-8 Generator4MethodAccessor field not found limit of object class name com.sparrow.coder.dao.query.TableConfigDBPagerQuery
2026-10-04 12:40:15.879 TRACE_ID WARN  http-nio-8888-exec-7 Generator4MethodAccessor field not found limit of object class name com.sparrow.coder.protocol.query.TableConfigQuery
2026-10-04 12:40:15.879 TRACE_ID WARN  http-nio-8888-exec-7 Generator4MethodAccessor field not found limit of object class name com.sparrow.coder.dao.query.TableConfigDBPagerQuery
2026-10-04 12:40:15.883 TRACE_ID WARN  http-nio-8888-exec-7 Generator4MethodAccessor field not found limit of object class name com.sparrow.coder.protocol.query.ProjectConfigQuery
2026-10-04 12:40:15.883 TRACE_ID WARN  http-nio-8888-exec-7 Generator4MethodAccessor field not found limit of object class name com.sparrow.coder.dao.query.ProjectConfigDBPagerQuery
2026-10-04 12:40:15.883 TRACE_ID WARN  http-nio-8888-exec-8 Generator4MethodAccessor field not found limit of object class name com.sparrow.coder.protocol.query.ProjectConfigQuery
2026-10-04 12:40:15.883 TRACE_ID WARN  http-nio-8888-exec-8 Generator4MethodAccessor field not found limit of object class name com.sparrow.coder.dao.query.ProjectConfigDBPagerQuery
2026-10-04 12:40:15.885 TRACE_ID WARN  http-nio-8888-exec-7 Generator4MethodAccessor field not found displayText of object class name com.sparrow.coder.po.ProjectConfig
2026-10-04 12:40:15.885 TRACE_ID WARN  http-nio-8888-exec-8 Generator4MethodAccessor field not found displayText of object class name com.sparrow.coder.po.ProjectConfig
2026-10-04 12:40:18.258 TRACE_ID WARN  http-nio-8888-exec-10 Generator4MethodAccessor field not found displayText of object class name com.sparrow.coder.po.ProjectConfig
2026-10-04 12:40:18.259 TRACE_ID WARN  http-nio-8888-exec-10 Generator4MethodAccessor field not found limit of object class name com.sparrow.coder.protocol.query.TableConfigQuery
2026-10-04 12:40:18.259 TRACE_ID WARN  http-nio-8888-exec-10 Generator4MethodAccessor field not found limit of object class name com.sparrow.coder.dao.query.TableConfigDBPagerQuery
2026-10-04 12:40:22.016 TRACE_ID WARN  http-nio-8888-exec-3 Generator4MethodAccessor field not found limit of object class name com.sparrow.coder.protocol.query.TableConfigQuery
2026-10-04 12:40:22.016 TRACE_ID WARN  http-nio-8888-exec-3 Generator4MethodAccessor field not found limit of object class name com.sparrow.coder.dao.query.TableConfigDBPagerQuery
2026-10-04 12:40:22.016 TRACE_ID WARN  http-nio-8888-exec-4 Generator4MethodAccessor field not found limit of object class name com.sparrow.coder.protocol.query.TableConfigQuery
2026-10-04 12:40:22.017 TRACE_ID WARN  http-nio-8888-exec-4 Generator4MethodAccessor field not found limit of object class name com.sparrow.coder.dao.query.TableConfigDBPagerQuery
2026-10-04 12:40:22.052 TRACE_ID WARN  http-nio-8888-exec-4 Generator4MethodAccessor field not found limit of object class name com.sparrow.coder.protocol.query.TableConfigQuery
2026-10-04 12:40:22.052 TRACE_ID WARN  http-nio-8888-exec-4 Generator4MethodAccessor field not found limit of object class name com.sparrow.coder.dao.query.TableConfigDBPagerQuery
2026-10-04 12:40:22.052 TRACE_ID WARN  http-nio-8888-exec-3 Generator4MethodAccessor field not found limit of object class name com.sparrow.coder.protocol.query.TableConfigQuery
2026-10-04 12:40:22.052 TRACE_ID WARN  http-nio-8888-exec-3 Generator4MethodAccessor field not found limit of object class name com.sparrow.coder.dao.query.TableConfigDBPagerQuery
2026-10-04 12:40:22.055 TRACE_ID WARN  http-nio-8888-exec-4 Generator4MethodAccessor field not found limit of object class name com.sparrow.coder.protocol.query.ProjectConfigQuery
2026-10-04 12:40:22.055 TRACE_ID WARN  http-nio-8888-exec-4 Generator4MethodAccessor field not found limit of object class name com.sparrow.coder.dao.query.ProjectConfigDBPagerQuery
2026-10-04 12:40:22.056 TRACE_ID WARN  http-nio-8888-exec-3 Generator4MethodAccessor field not found limit of object class name com.sparrow.coder.protocol.query.ProjectConfigQuery
2026-10-04 12:40:22.056 TRACE_ID WARN  http-nio-8888-exec-3 Generator4MethodAccessor field not found limit of object class name com.sparrow.coder.dao.query.ProjectConfigDBPagerQuery
2026-10-04 12:40:22.057 TRACE_ID WARN  http-nio-8888-exec-4 Generator4MethodAccessor field not found displayText of object class name com.sparrow.coder.po.ProjectConfig
2026-10-04 12:40:22.057 TRACE_ID WARN  http-nio-8888-exec-3 Generator4MethodAccessor field not found displayText of object class name com.sparrow.coder.po.ProjectConfig
2026-10-04 12:43:12.341 TRACE_ID WARN  http-nio-8888-exec-9 Generator4MethodAccessor field not found limit of object class name com.sparrow.coder.protocol.query.TableConfigQuery
2026-10-04 12:43:12.341 TRACE_ID WARN  http-nio-8888-exec-10 Generator4MethodAccessor field not found limit of object class name com.sparrow.coder.protocol.query.TableConfigQuery
2026-10-04 12:43:12.341 TRACE_ID WARN  http-nio-8888-exec-9 Generator4MethodAccessor field not found limit of object class name com.sparrow.coder.dao.query.TableConfigDBPagerQuery
2026-10-04 12:43:12.341 TRACE_ID WARN  http-nio-8888-exec-10 Generator4MethodAccessor field not found limit of object class name com.sparrow.coder.dao.query.TableConfigDBPagerQuery
2026-10-04 12:43:12.352 TRACE_ID WARN  http-nio-8888-exec-10 Generator4MethodAccessor field not found limit of object class name com.sparrow.coder.protocol.query.TableConfigQuery
2026-10-04 12:43:12.352 TRACE_ID WARN  http-nio-8888-exec-10 Generator4MethodAccessor field not found limit of object class name com.sparrow.coder.dao.query.TableConfigDBPagerQuery
2026-10-04 12:43:12.352 TRACE_ID WARN  http-nio-8888-exec-9 Generator4MethodAccessor field not found limit of object class name com.sparrow.coder.protocol.query.TableConfigQuery
2026-10-04 12:43:12.352 TRACE_ID WARN  http-nio-8888-exec-9 Generator4MethodAccessor field not found limit of object class name com.sparrow.coder.dao.query.TableConfigDBPagerQuery
2026-10-04 12:43:12.358 TRACE_ID WARN  http-nio-8888-exec-10 Generator4MethodAccessor field not found limit of object class name com.sparrow.coder.protocol.query.ProjectConfigQuery
2026-10-04 12:43:12.358 TRACE_ID WARN  http-nio-8888-exec-10 Generator4MethodAccessor field not found limit of object class name com.sparrow.coder.dao.query.ProjectConfigDBPagerQuery
2026-10-04 12:43:12.359 TRACE_ID WARN  http-nio-8888-exec-9 Generator4MethodAccessor field not found limit of object class name com.sparrow.coder.protocol.query.ProjectConfigQuery
2026-10-04 12:43:12.359 TRACE_ID WARN  http-nio-8888-exec-9 Generator4MethodAccessor field not found limit of object class name com.sparrow.coder.dao.query.ProjectConfigDBPagerQuery
2026-10-04 12:43:12.360 TRACE_ID WARN  http-nio-8888-exec-10 Generator4MethodAccessor field not found displayText of object class name com.sparrow.coder.po.ProjectConfig
2026-10-04 12:43:12.360 TRACE_ID WARN  http-nio-8888-exec-9 Generator4MethodAccessor field not found displayText of object class name com.sparrow.coder.po.ProjectConfig
2026-10-04 12:44:15.198 TRACE_ID WARN  http-nio-8888-exec-4 Generator4MethodAccessor field not found limit of object class name com.sparrow.coder.protocol.query.TableConfigQuery
2026-10-04 12:44:15.198 TRACE_ID WARN  http-nio-8888-exec-4 Generator4MethodAccessor field not found limit of object class name com.sparrow.coder.dao.query.TableConfigDBPagerQuery
2026-10-04 12:44:15.205 TRACE_ID WARN  http-nio-8888-exec-4 Generator4MethodAccessor field not found limit of object class name com.sparrow.coder.protocol.query.TableConfigQuery
2026-10-04 12:44:15.205 TRACE_ID WARN  http-nio-8888-exec-4 Generator4MethodAccessor field not found limit of object class name com.sparrow.coder.dao.query.TableConfigDBPagerQuery
2026-10-04 12:44:15.210 TRACE_ID WARN  http-nio-8888-exec-4 Generator4MethodAccessor field not found limit of object class name com.sparrow.coder.protocol.query.ProjectConfigQuery
2026-10-04 12:44:15.210 TRACE_ID WARN  http-nio-8888-exec-4 Generator4MethodAccessor field not found limit of object class name com.sparrow.coder.dao.query.ProjectConfigDBPagerQuery
2026-10-04 12:44:15.212 TRACE_ID WARN  http-nio-8888-exec-4 Generator4MethodAccessor field not found displayText of object class name com.sparrow.coder.po.ProjectConfig
2026-10-04 12:44:15.406 TRACE_ID WARN  http-nio-8888-exec-5 Generator4MethodAccessor field not found limit of object class name com.sparrow.coder.protocol.query.TableConfigQuery
2026-10-04 12:44:15.406 TRACE_ID WARN  http-nio-8888-exec-5 Generator4MethodAccessor field not found limit of object class name com.sparrow.coder.dao.query.TableConfigDBPagerQuery
2026-10-04 12:44:15.407 TRACE_ID WARN  http-nio-8888-exec-5 Generator4MethodAccessor field not found limit of object class name com.sparrow.coder.protocol.query.TableConfigQuery
2026-10-04 12:44:15.407 TRACE_ID WARN  http-nio-8888-exec-5 Generator4MethodAccessor field not found limit of object class name com.sparrow.coder.dao.query.TableConfigDBPagerQuery
2026-10-04 12:44:15.409 TRACE_ID WARN  http-nio-8888-exec-5 Generator4MethodAccessor field not found limit of object class name com.sparrow.coder.protocol.query.ProjectConfigQuery
2026-10-04 12:44:15.409 TRACE_ID WARN  http-nio-8888-exec-5 Generator4MethodAccessor field not found limit of object class name com.sparrow.coder.dao.query.ProjectConfigDBPagerQuery
2026-10-04 12:44:15.410 TRACE_ID WARN  http-nio-8888-exec-5 Generator4MethodAccessor field not found displayText of object class name com.sparrow.coder.po.ProjectConfig
2026-10-04 12:45:15.586 TRACE_ID WARN  http-nio-8888-exec-3 Generator4MethodAccessor field not found limit of object class name com.sparrow.coder.protocol.query.TableConfigQuery
2026-10-04 12:45:15.586 TRACE_ID WARN  http-nio-8888-exec-4 Generator4MethodAccessor field not found limit of object class name com.sparrow.coder.protocol.query.TableConfigQuery
2026-10-04 12:45:15.586 TRACE_ID WARN  http-nio-8888-exec-3 Generator4MethodAccessor field not found limit of object class name com.sparrow.coder.dao.query.TableConfigDBPagerQuery
2026-10-04 12:45:15.586 TRACE_ID WARN  http-nio-8888-exec-4 Generator4MethodAccessor field not found limit of object class name com.sparrow.coder.dao.query.TableConfigDBPagerQuery
2026-10-04 12:45:15.604 TRACE_ID WARN  http-nio-8888-exec-4 Generator4MethodAccessor field not found limit of object class name com.sparrow.coder.protocol.query.TableConfigQuery
2026-10-04 12:45:15.604 TRACE_ID WARN  http-nio-8888-exec-4 Generator4MethodAccessor field not found limit of object class name com.sparrow.coder.dao.query.TableConfigDBPagerQuery
2026-10-04 12:45:15.604 TRACE_ID WARN  http-nio-8888-exec-3 Generator4MethodAccessor field not found limit of object class name com.sparrow.coder.protocol.query.TableConfigQuery
2026-10-04 12:45:15.604 TRACE_ID WARN  http-nio-8888-exec-3 Generator4MethodAccessor field not found limit of object class name com.sparrow.coder.dao.query.TableConfigDBPagerQuery
2026-10-04 12:45:15.610 TRACE_ID WARN  http-nio-8888-exec-3 Generator4MethodAccessor field not found limit of object class name com.sparrow.coder.protocol.query.ProjectConfigQuery
2026-10-04 12:45:15.610 TRACE_ID WARN  http-nio-8888-exec-4 Generator4MethodAccessor field not found limit of object class name com.sparrow.coder.protocol.query.ProjectConfigQuery
2026-10-04 12:45:15.610 TRACE_ID WARN  http-nio-8888-exec-3 Generator4MethodAccessor field not found limit of object class name com.sparrow.coder.dao.query.ProjectConfigDBPagerQuery
2026-10-04 12:45:15.610 TRACE_ID WARN  http-nio-8888-exec-4 Generator4MethodAccessor field not found limit of object class name com.sparrow.coder.dao.query.ProjectConfigDBPagerQuery
2026-10-04 12:45:15.613 TRACE_ID WARN  http-nio-8888-exec-4 Generator4MethodAccessor field not found displayText of object class name com.sparrow.coder.po.ProjectConfig
2026-10-04 12:45:15.613 TRACE_ID WARN  http-nio-8888-exec-3 Generator4MethodAccessor field not found displayText of object class name com.sparrow.coder.po.ProjectConfig
2026-10-04 12:46:09.937 TRACE_ID WARN  http-nio-8888-exec-6 Generator4MethodAccessor field not found status of object class name com.sparrow.coder.protocol.param.TableConfigParam
2026-10-04 12:46:09.937 TRACE_ID WARN  http-nio-8888-exec-6 Generator4MethodAccessor field not found deleted of object class name com.sparrow.coder.protocol.param.TableConfigParam
2026-10-04 12:46:09.937 TRACE_ID WARN  http-nio-8888-exec-6 Generator4MethodAccessor field not found createUserId of object class name com.sparrow.coder.protocol.param.TableConfigParam
2026-10-04 12:46:09.937 TRACE_ID WARN  http-nio-8888-exec-6 Generator4MethodAccessor field not found modifiedUserId of object class name com.sparrow.coder.protocol.param.TableConfigParam
2026-10-04 12:46:09.937 TRACE_ID WARN  http-nio-8888-exec-6 Generator4MethodAccessor field not found gmtCreate of object class name com.sparrow.coder.protocol.param.TableConfigParam
2026-10-04 12:46:09.937 TRACE_ID WARN  http-nio-8888-exec-6 Generator4MethodAccessor field not found gmtModified of object class name com.sparrow.coder.protocol.param.TableConfigParam
2026-10-04 12:46:09.937 TRACE_ID WARN  http-nio-8888-exec-6 Generator4MethodAccessor field not found createUserName of object class name com.sparrow.coder.protocol.param.TableConfigParam
2026-10-04 12:46:09.938 TRACE_ID WARN  http-nio-8888-exec-6 Generator4MethodAccessor field not found modifiedUserName of object class name com.sparrow.coder.protocol.param.TableConfigParam
2026-10-04 12:46:18.252 TRACE_ID WARN  http-nio-8888-exec-9 Generator4MethodAccessor field not found displayText of object class name com.sparrow.coder.po.ProjectConfig
2026-10-04 12:46:18.253 TRACE_ID WARN  http-nio-8888-exec-9 Generator4MethodAccessor field not found limit of object class name com.sparrow.coder.protocol.query.TableConfigQuery
2026-10-04 12:46:18.253 TRACE_ID WARN  http-nio-8888-exec-9 Generator4MethodAccessor field not found limit of object class name com.sparrow.coder.dao.query.TableConfigDBPagerQuery
2026-10-04 12:46:55.924 TRACE_ID WARN  http-nio-8888-exec-1 Generator4MethodAccessor field not found limit of object class name com.sparrow.coder.protocol.query.TableConfigQuery
2026-10-04 12:46:55.924 TRACE_ID WARN  http-nio-8888-exec-1 Generator4MethodAccessor field not found limit of object class name com.sparrow.coder.dao.query.TableConfigDBPagerQuery
2026-10-04 12:46:55.936 TRACE_ID WARN  http-nio-8888-exec-1 Generator4MethodAccessor field not found limit of object class name com.sparrow.coder.protocol.query.TableConfigQuery
2026-10-04 12:46:55.937 TRACE_ID WARN  http-nio-8888-exec-1 Generator4MethodAccessor field not found limit of object class name com.sparrow.coder.dao.query.TableConfigDBPagerQuery
2026-10-04 12:46:55.943 TRACE_ID WARN  http-nio-8888-exec-1 Generator4MethodAccessor field not found limit of object class name com.sparrow.coder.protocol.query.ProjectConfigQuery
2026-10-04 12:46:55.943 TRACE_ID WARN  http-nio-8888-exec-1 Generator4MethodAccessor field not found limit of object class name com.sparrow.coder.dao.query.ProjectConfigDBPagerQuery
2026-10-04 12:46:55.949 TRACE_ID WARN  http-nio-8888-exec-1 Generator4MethodAccessor field not found displayText of object class name com.sparrow.coder.po.ProjectConfig
2026-10-04 12:46:56.394 TRACE_ID WARN  http-nio-8888-exec-2 Generator4MethodAccessor field not found limit of object class name com.sparrow.coder.protocol.query.TableConfigQuery
2026-10-04 12:46:56.394 TRACE_ID WARN  http-nio-8888-exec-2 Generator4MethodAccessor field not found limit of object class name com.sparrow.coder.dao.query.TableConfigDBPagerQuery
2026-10-04 12:46:56.397 TRACE_ID WARN  http-nio-8888-exec-2 Generator4MethodAccessor field not found limit of object class name com.sparrow.coder.protocol.query.TableConfigQuery
2026-10-04 12:46:56.397 TRACE_ID WARN  http-nio-8888-exec-2 Generator4MethodAccessor field not found limit of object class name com.sparrow.coder.dao.query.TableConfigDBPagerQuery
2026-10-04 12:46:56.400 TRACE_ID WARN  http-nio-8888-exec-2 Generator4MethodAccessor field not found limit of object class name com.sparrow.coder.protocol.query.ProjectConfigQuery
2026-10-04 12:46:56.400 TRACE_ID WARN  http-nio-8888-exec-2 Generator4MethodAccessor field not found limit of object class name com.sparrow.coder.dao.query.ProjectConfigDBPagerQuery
2026-10-04 12:46:56.402 TRACE_ID WARN  http-nio-8888-exec-2 Generator4MethodAccessor field not found displayText of object class name com.sparrow.coder.po.ProjectConfig
2026-10-04 12:47:10.819 TRACE_ID WARN  http-nio-8888-exec-5 Generator4MethodAccessor field not found limit of object class name com.sparrow.security.admin.protocol.query.AppQuery
2026-10-04 12:47:10.819 TRACE_ID WARN  http-nio-8888-exec-6 Generator4MethodAccessor field not found limit of object class name com.sparrow.security.admin.protocol.query.AppQuery
2026-10-04 12:47:10.819 TRACE_ID WARN  http-nio-8888-exec-5 Generator4MethodAccessor field not found limit of object class name com.sparrow.security.admin.dao.query.AppDBPagerQuery
2026-10-04 12:47:10.819 TRACE_ID WARN  http-nio-8888-exec-6 Generator4MethodAccessor field not found limit of object class name com.sparrow.security.admin.dao.query.AppDBPagerQuery
2026-10-04 12:47:10.824 TRACE_ID WARN  http-nio-8888-exec-5 Generator4MethodAccessor field not found limit of object class name com.sparrow.security.admin.protocol.query.AppQuery
2026-10-04 12:47:10.824 TRACE_ID WARN  http-nio-8888-exec-6 Generator4MethodAccessor field not found limit of object class name com.sparrow.security.admin.protocol.query.AppQuery
2026-10-04 12:47:10.824 TRACE_ID WARN  http-nio-8888-exec-5 Generator4MethodAccessor field not found limit of object class name com.sparrow.security.admin.dao.query.AppDBPagerQuery
2026-10-04 12:47:10.824 TRACE_ID WARN  http-nio-8888-exec-6 Generator4MethodAccessor field not found limit of object class name com.sparrow.security.admin.dao.query.AppDBPagerQuery
2026-10-04 12:47:10.827 TRACE_ID WARN  http-nio-8888-exec-6 Generator4MethodAccessor field not found displayText of object class name com.sparrow.security.po.App
2026-10-04 12:47:10.827 TRACE_ID WARN  http-nio-8888-exec-5 Generator4MethodAccessor field not found displayText of object class name com.sparrow.security.po.App
2026-10-04 12:53:55.877 TRACE_ID WARN  http-nio-8888-exec-2 Generator4MethodAccessor field not found limit of object class name com.sparrow.security.admin.protocol.query.AppQuery
2026-10-04 12:53:55.877 TRACE_ID WARN  http-nio-8888-exec-1 Generator4MethodAccessor field not found limit of object class name com.sparrow.security.admin.protocol.query.AppQuery
2026-10-04 12:53:55.878 TRACE_ID WARN  http-nio-8888-exec-2 Generator4MethodAccessor field not found limit of object class name com.sparrow.security.admin.dao.query.AppDBPagerQuery
2026-10-04 12:53:55.878 TRACE_ID WARN  http-nio-8888-exec-1 Generator4MethodAccessor field not found limit of object class name com.sparrow.security.admin.dao.query.AppDBPagerQuery
2026-10-04 12:53:55.942 TRACE_ID WARN  http-nio-8888-exec-1 Generator4MethodAccessor field not found limit of object class name com.sparrow.security.admin.protocol.query.AppQuery
2026-10-04 12:53:55.942 TRACE_ID WARN  http-nio-8888-exec-1 Generator4MethodAccessor field not found limit of object class name com.sparrow.security.admin.dao.query.AppDBPagerQuery
2026-10-04 12:53:55.942 TRACE_ID WARN  http-nio-8888-exec-2 Generator4MethodAccessor field not found limit of object class name com.sparrow.security.admin.protocol.query.AppQuery
2026-10-04 12:53:55.943 TRACE_ID WARN  http-nio-8888-exec-2 Generator4MethodAccessor field not found limit of object class name com.sparrow.security.admin.dao.query.AppDBPagerQuery
2026-10-04 12:53:55.947 TRACE_ID WARN  http-nio-8888-exec-2 Generator4MethodAccessor field not found displayText of object class name com.sparrow.security.po.App
2026-10-04 12:53:55.947 TRACE_ID WARN  http-nio-8888-exec-1 Generator4MethodAccessor field not found displayText of object class name com.sparrow.security.po.App
2026-10-04 13:00:08.274 TRACE_ID WARN  http-nio-8888-exec-5 Generator4MethodAccessor field not found limit of object class name com.sparrow.coder.protocol.query.TableConfigQuery
2026-10-04 13:00:08.275 TRACE_ID WARN  http-nio-8888-exec-5 Generator4MethodAccessor field not found limit of object class name com.sparrow.coder.dao.query.TableConfigDBPagerQuery
2026-10-04 13:00:08.341 TRACE_ID WARN  http-nio-8888-exec-5 Generator4MethodAccessor field not found limit of object class name com.sparrow.coder.protocol.query.TableConfigQuery
2026-10-04 13:00:08.341 TRACE_ID WARN  http-nio-8888-exec-5 Generator4MethodAccessor field not found limit of object class name com.sparrow.coder.dao.query.TableConfigDBPagerQuery
2026-10-04 13:00:08.346 TRACE_ID WARN  http-nio-8888-exec-5 Generator4MethodAccessor field not found limit of object class name com.sparrow.coder.protocol.query.ProjectConfigQuery
2026-10-04 13:00:08.346 TRACE_ID WARN  http-nio-8888-exec-5 Generator4MethodAccessor field not found limit of object class name com.sparrow.coder.dao.query.ProjectConfigDBPagerQuery
2026-10-04 13:00:08.348 TRACE_ID WARN  http-nio-8888-exec-5 Generator4MethodAccessor field not found displayText of object class name com.sparrow.coder.po.ProjectConfig
2026-10-04 13:00:08.952 TRACE_ID WARN  http-nio-8888-exec-9 Generator4MethodAccessor field not found limit of object class name com.sparrow.security.admin.protocol.query.AppQuery
2026-10-04 13:00:08.952 TRACE_ID WARN  http-nio-8888-exec-9 Generator4MethodAccessor field not found limit of object class name com.sparrow.security.admin.dao.query.AppDBPagerQuery
2026-10-04 13:00:08.954 TRACE_ID WARN  http-nio-8888-exec-10 Generator4MethodAccessor field not found limit of object class name com.sparrow.security.admin.protocol.query.AppQuery
2026-10-04 13:00:08.954 TRACE_ID WARN  http-nio-8888-exec-10 Generator4MethodAccessor field not found limit of object class name com.sparrow.security.admin.dao.query.AppDBPagerQuery
2026-10-04 13:00:08.954 TRACE_ID WARN  http-nio-8888-exec-9 Generator4MethodAccessor field not found limit of object class name com.sparrow.security.admin.protocol.query.AppQuery
2026-10-04 13:00:08.954 TRACE_ID WARN  http-nio-8888-exec-9 Generator4MethodAccessor field not found limit of object class name com.sparrow.security.admin.dao.query.AppDBPagerQuery
2026-10-04 13:00:08.956 TRACE_ID WARN  http-nio-8888-exec-10 Generator4MethodAccessor field not found limit of object class name com.sparrow.security.admin.protocol.query.AppQuery
2026-10-04 13:00:08.956 TRACE_ID WARN  http-nio-8888-exec-10 Generator4MethodAccessor field not found limit of object class name com.sparrow.security.admin.dao.query.AppDBPagerQuery
2026-10-04 13:00:08.957 TRACE_ID WARN  http-nio-8888-exec-9 Generator4MethodAccessor field not found displayText of object class name com.sparrow.security.po.App
2026-10-04 13:00:08.958 TRACE_ID WARN  http-nio-8888-exec-10 Generator4MethodAccessor field not found displayText of object class name com.sparrow.security.po.App
2026-10-04 13:00:14.455 TRACE_ID WARN  http-nio-8888-exec-4 Generator4MethodAccessor field not found limit of object class name com.sparrow.coder.protocol.query.TableConfigQuery
2026-10-04 13:00:14.455 TRACE_ID WARN  http-nio-8888-exec-3 Generator4MethodAccessor field not found limit of object class name com.sparrow.coder.protocol.query.TableConfigQuery
2026-10-04 13:00:14.455 TRACE_ID WARN  http-nio-8888-exec-4 Generator4MethodAccessor field not found limit of object class name com.sparrow.coder.dao.query.TableConfigDBPagerQuery
2026-10-04 13:00:14.455 TRACE_ID WARN  http-nio-8888-exec-3 Generator4MethodAccessor field not found limit of object class name com.sparrow.coder.dao.query.TableConfigDBPagerQuery
2026-10-04 13:00:14.459 TRACE_ID WARN  http-nio-8888-exec-3 Generator4MethodAccessor field not found limit of object class name com.sparrow.coder.protocol.query.TableConfigQuery
2026-10-04 13:00:14.459 TRACE_ID WARN  http-nio-8888-exec-4 Generator4MethodAccessor field not found limit of object class name com.sparrow.coder.protocol.query.TableConfigQuery
2026-10-04 13:00:14.460 TRACE_ID WARN  http-nio-8888-exec-3 Generator4MethodAccessor field not found limit of object class name com.sparrow.coder.dao.query.TableConfigDBPagerQuery
2026-10-04 13:00:14.460 TRACE_ID WARN  http-nio-8888-exec-4 Generator4MethodAccessor field not found limit of object class name com.sparrow.coder.dao.query.TableConfigDBPagerQuery
2026-10-04 13:00:14.462 TRACE_ID WARN  http-nio-8888-exec-4 Generator4MethodAccessor field not found limit of object class name com.sparrow.coder.protocol.query.ProjectConfigQuery
2026-10-04 13:00:14.462 TRACE_ID WARN  http-nio-8888-exec-3 Generator4MethodAccessor field not found limit of object class name com.sparrow.coder.protocol.query.ProjectConfigQuery
2026-10-04 13:00:14.462 TRACE_ID WARN  http-nio-8888-exec-4 Generator4MethodAccessor field not found limit of object class name com.sparrow.coder.dao.query.ProjectConfigDBPagerQuery
2026-10-04 13:00:14.462 TRACE_ID WARN  http-nio-8888-exec-3 Generator4MethodAccessor field not found limit of object class name com.sparrow.coder.dao.query.ProjectConfigDBPagerQuery
2026-10-04 13:00:14.464 TRACE_ID WARN  http-nio-8888-exec-3 Generator4MethodAccessor field not found displayText of object class name com.sparrow.coder.po.ProjectConfig
2026-10-04 13:00:14.464 TRACE_ID WARN  http-nio-8888-exec-4 Generator4MethodAccessor field not found displayText of object class name com.sparrow.coder.po.ProjectConfig
2026-10-04 13:05:16.100 TRACE_ID WARN  http-nio-8888-exec-4 Generator4MethodAccessor field not found limit of object class name com.sparrow.coder.protocol.query.ProjectConfigQuery
2026-10-04 13:05:16.100 TRACE_ID WARN  http-nio-8888-exec-3 Generator4MethodAccessor field not found limit of object class name com.sparrow.coder.protocol.query.ProjectConfigQuery
2026-10-04 13:05:16.100 TRACE_ID WARN  http-nio-8888-exec-4 Generator4MethodAccessor field not found limit of object class name com.sparrow.coder.dao.query.ProjectConfigDBPagerQuery
2026-10-04 13:05:16.100 TRACE_ID WARN  http-nio-8888-exec-3 Generator4MethodAccessor field not found limit of object class name com.sparrow.coder.dao.query.ProjectConfigDBPagerQuery
2026-10-04 13:05:16.139 TRACE_ID WARN  http-nio-8888-exec-3 Generator4MethodAccessor field not found limit of object class name com.sparrow.coder.protocol.query.ProjectConfigQuery
2026-10-04 13:05:16.139 TRACE_ID WARN  http-nio-8888-exec-3 Generator4MethodAccessor field not found limit of object class name com.sparrow.coder.dao.query.ProjectConfigDBPagerQuery
2026-10-04 13:05:16.139 TRACE_ID WARN  http-nio-8888-exec-4 Generator4MethodAccessor field not found limit of object class name com.sparrow.coder.protocol.query.ProjectConfigQuery
2026-10-04 13:05:16.139 TRACE_ID WARN  http-nio-8888-exec-4 Generator4MethodAccessor field not found limit of object class name com.sparrow.coder.dao.query.ProjectConfigDBPagerQuery
2026-10-04 13:05:16.148 TRACE_ID WARN  http-nio-8888-exec-4 Generator4MethodAccessor field not found displayText of object class name com.sparrow.coder.po.ProjectConfig
2026-10-04 13:05:16.149 TRACE_ID WARN  http-nio-8888-exec-3 Generator4MethodAccessor field not found displayText of object class name com.sparrow.coder.po.ProjectConfig
2026-10-04 13:05:19.577 TRACE_ID WARN  http-nio-8888-exec-7 Generator4MethodAccessor field not found limit of object class name com.sparrow.coder.protocol.query.TableConfigQuery
2026-10-04 13:05:19.577 TRACE_ID WARN  http-nio-8888-exec-7 Generator4MethodAccessor field not found limit of object class name com.sparrow.coder.dao.query.TableConfigDBPagerQuery
2026-10-04 13:05:19.577 TRACE_ID WARN  http-nio-8888-exec-8 Generator4MethodAccessor field not found limit of object class name com.sparrow.coder.protocol.query.TableConfigQuery
2026-10-04 13:05:19.577 TRACE_ID WARN  http-nio-8888-exec-8 Generator4MethodAccessor field not found limit of object class name com.sparrow.coder.dao.query.TableConfigDBPagerQuery
2026-10-04 13:05:19.582 TRACE_ID WARN  http-nio-8888-exec-7 Generator4MethodAccessor field not found limit of object class name com.sparrow.coder.protocol.query.TableConfigQuery
2026-10-04 13:05:19.582 TRACE_ID WARN  http-nio-8888-exec-7 Generator4MethodAccessor field not found limit of object class name com.sparrow.coder.dao.query.TableConfigDBPagerQuery
2026-10-04 13:05:19.582 TRACE_ID WARN  http-nio-8888-exec-8 Generator4MethodAccessor field not found limit of object class name com.sparrow.coder.protocol.query.TableConfigQuery
2026-10-04 13:05:19.582 TRACE_ID WARN  http-nio-8888-exec-8 Generator4MethodAccessor field not found limit of object class name com.sparrow.coder.dao.query.TableConfigDBPagerQuery
2026-10-04 13:05:19.585 TRACE_ID WARN  http-nio-8888-exec-7 Generator4MethodAccessor field not found limit of object class name com.sparrow.coder.protocol.query.ProjectConfigQuery
2026-10-04 13:05:19.585 TRACE_ID WARN  http-nio-8888-exec-7 Generator4MethodAccessor field not found limit of object class name com.sparrow.coder.dao.query.ProjectConfigDBPagerQuery
2026-10-04 13:05:19.586 TRACE_ID WARN  http-nio-8888-exec-8 Generator4MethodAccessor field not found limit of object class name com.sparrow.coder.protocol.query.ProjectConfigQuery
2026-10-04 13:05:19.586 TRACE_ID WARN  http-nio-8888-exec-8 Generator4MethodAccessor field not found limit of object class name com.sparrow.coder.dao.query.ProjectConfigDBPagerQuery
2026-10-04 13:05:19.589 TRACE_ID WARN  http-nio-8888-exec-7 Generator4MethodAccessor field not found displayText of object class name com.sparrow.coder.po.ProjectConfig
2026-10-04 13:05:19.589 TRACE_ID WARN  http-nio-8888-exec-8 Generator4MethodAccessor field not found displayText of object class name com.sparrow.coder.po.ProjectConfig
2026-10-04 13:05:22.333 TRACE_ID WARN  http-nio-8888-exec-10 Generator4MethodAccessor field not found displayText of object class name com.sparrow.coder.po.ProjectConfig
2026-10-04 13:05:22.333 TRACE_ID WARN  http-nio-8888-exec-10 Generator4MethodAccessor field not found limit of object class name com.sparrow.coder.protocol.query.TableConfigQuery
2026-10-04 13:05:22.333 TRACE_ID WARN  http-nio-8888-exec-10 Generator4MethodAccessor field not found limit of object class name com.sparrow.coder.dao.query.TableConfigDBPagerQuery
2026-10-04 13:05:22.795 TRACE_ID WARN  http-nio-8888-exec-2 Generator4MethodAccessor field not found limit of object class name com.sparrow.coder.protocol.query.TableConfigQuery
2026-10-04 13:05:22.796 TRACE_ID WARN  http-nio-8888-exec-2 Generator4MethodAccessor field not found limit of object class name com.sparrow.coder.dao.query.TableConfigDBPagerQuery
2026-10-04 13:05:22.798 TRACE_ID WARN  http-nio-8888-exec-2 Generator4MethodAccessor field not found limit of object class name com.sparrow.coder.protocol.query.TableConfigQuery
2026-10-04 13:05:22.799 TRACE_ID WARN  http-nio-8888-exec-2 Generator4MethodAccessor field not found limit of object class name com.sparrow.coder.dao.query.TableConfigDBPagerQuery
2026-10-04 13:05:22.802 TRACE_ID WARN  http-nio-8888-exec-2 Generator4MethodAccessor field not found limit of object class name com.sparrow.coder.protocol.query.ProjectConfigQuery
2026-10-04 13:05:22.802 TRACE_ID WARN  http-nio-8888-exec-2 Generator4MethodAccessor field not found limit of object class name com.sparrow.coder.dao.query.ProjectConfigDBPagerQuery
2026-10-04 13:05:22.804 TRACE_ID WARN  http-nio-8888-exec-2 Generator4MethodAccessor field not found displayText of object class name com.sparrow.coder.po.ProjectConfig
2026-10-04 13:05:22.814 TRACE_ID WARN  http-nio-8888-exec-1 Generator4MethodAccessor field not found limit of object class name com.sparrow.coder.protocol.query.TableConfigQuery
2026-10-04 13:05:22.814 TRACE_ID WARN  http-nio-8888-exec-1 Generator4MethodAccessor field not found limit of object class name com.sparrow.coder.dao.query.TableConfigDBPagerQuery
2026-10-04 13:05:22.816 TRACE_ID WARN  http-nio-8888-exec-1 Generator4MethodAccessor field not found limit of object class name com.sparrow.coder.protocol.query.TableConfigQuery
2026-10-04 13:05:22.816 TRACE_ID WARN  http-nio-8888-exec-1 Generator4MethodAccessor field not found limit of object class name com.sparrow.coder.dao.query.TableConfigDBPagerQuery
2026-10-04 13:05:22.817 TRACE_ID WARN  http-nio-8888-exec-1 Generator4MethodAccessor field not found limit of object class name com.sparrow.coder.protocol.query.ProjectConfigQuery
2026-10-04 13:05:22.817 TRACE_ID WARN  http-nio-8888-exec-1 Generator4MethodAccessor field not found limit of object class name com.sparrow.coder.dao.query.ProjectConfigDBPagerQuery
2026-10-04 13:05:22.818 TRACE_ID WARN  http-nio-8888-exec-1 Generator4MethodAccessor field not found displayText of object class name com.sparrow.coder.po.ProjectConfig
2026-10-04 13:05:26.953 TRACE_ID WARN  http-nio-8888-exec-5 Generator4MethodAccessor field not found limit of object class name com.sparrow.coder.protocol.query.TableConfigQuery
2026-10-04 13:05:26.953 TRACE_ID WARN  http-nio-8888-exec-6 Generator4MethodAccessor field not found limit of object class name com.sparrow.coder.protocol.query.TableConfigQuery
2026-10-04 13:05:26.953 TRACE_ID WARN  http-nio-8888-exec-5 Generator4MethodAccessor field not found limit of object class name com.sparrow.coder.dao.query.TableConfigDBPagerQuery
2026-10-04 13:05:26.953 TRACE_ID WARN  http-nio-8888-exec-6 Generator4MethodAccessor field not found limit of object class name com.sparrow.coder.dao.query.TableConfigDBPagerQuery
2026-10-04 13:05:26.956 TRACE_ID WARN  http-nio-8888-exec-6 Generator4MethodAccessor field not found limit of object class name com.sparrow.coder.protocol.query.TableConfigQuery
2026-10-04 13:05:26.956 TRACE_ID WARN  http-nio-8888-exec-6 Generator4MethodAccessor field not found limit of object class name com.sparrow.coder.dao.query.TableConfigDBPagerQuery
2026-10-04 13:05:26.956 TRACE_ID WARN  http-nio-8888-exec-5 Generator4MethodAccessor field not found limit of object class name com.sparrow.coder.protocol.query.TableConfigQuery
2026-10-04 13:05:26.957 TRACE_ID WARN  http-nio-8888-exec-5 Generator4MethodAccessor field not found limit of object class name com.sparrow.coder.dao.query.TableConfigDBPagerQuery
2026-10-04 13:05:26.958 TRACE_ID WARN  http-nio-8888-exec-6 Generator4MethodAccessor field not found limit of object class name com.sparrow.coder.protocol.query.ProjectConfigQuery
2026-10-04 13:05:26.958 TRACE_ID WARN  http-nio-8888-exec-6 Generator4MethodAccessor field not found limit of object class name com.sparrow.coder.dao.query.ProjectConfigDBPagerQuery
2026-10-04 13:05:26.958 TRACE_ID WARN  http-nio-8888-exec-5 Generator4MethodAccessor field not found limit of object class name com.sparrow.coder.protocol.query.ProjectConfigQuery
2026-10-04 13:05:26.958 TRACE_ID WARN  http-nio-8888-exec-5 Generator4MethodAccessor field not found limit of object class name com.sparrow.coder.dao.query.ProjectConfigDBPagerQuery
2026-10-04 13:05:26.959 TRACE_ID WARN  http-nio-8888-exec-6 Generator4MethodAccessor field not found displayText of object class name com.sparrow.coder.po.ProjectConfig
2026-10-04 13:05:26.959 TRACE_ID WARN  http-nio-8888-exec-5 Generator4MethodAccessor field not found displayText of object class name com.sparrow.coder.po.ProjectConfig
2026-10-04 13:05:33.972 TRACE_ID WARN  http-nio-8888-exec-10 Generator4MethodAccessor field not found limit of object class name com.sparrow.security.admin.protocol.query.AppQuery
2026-10-04 13:05:33.972 TRACE_ID WARN  http-nio-8888-exec-9 Generator4MethodAccessor field not found limit of object class name com.sparrow.security.admin.protocol.query.AppQuery
2026-10-04 13:05:33.972 TRACE_ID WARN  http-nio-8888-exec-10 Generator4MethodAccessor field not found limit of object class name com.sparrow.security.admin.dao.query.AppDBPagerQuery
2026-10-04 13:05:33.972 TRACE_ID WARN  http-nio-8888-exec-9 Generator4MethodAccessor field not found limit of object class name com.sparrow.security.admin.dao.query.AppDBPagerQuery
2026-10-04 13:05:33.976 TRACE_ID WARN  http-nio-8888-exec-10 Generator4MethodAccessor field not found limit of object class name com.sparrow.security.admin.protocol.query.AppQuery
2026-10-04 13:05:33.976 TRACE_ID WARN  http-nio-8888-exec-9 Generator4MethodAccessor field not found limit of object class name com.sparrow.security.admin.protocol.query.AppQuery
2026-10-04 13:05:33.976 TRACE_ID WARN  http-nio-8888-exec-10 Generator4MethodAccessor field not found limit of object class name com.sparrow.security.admin.dao.query.AppDBPagerQuery
2026-10-04 13:05:33.976 TRACE_ID WARN  http-nio-8888-exec-9 Generator4MethodAccessor field not found limit of object class name com.sparrow.security.admin.dao.query.AppDBPagerQuery
2026-10-04 13:05:33.978 TRACE_ID WARN  http-nio-8888-exec-10 Generator4MethodAccessor field not found displayText of object class name com.sparrow.security.po.App
2026-10-04 13:05:33.978 TRACE_ID WARN  http-nio-8888-exec-9 Generator4MethodAccessor field not found displayText of object class name com.sparrow.security.po.App
2026-10-04 13:06:57.308 TRACE_ID WARN  http-nio-8888-exec-5 Generator4MethodAccessor field not found limit of object class name com.sparrow.coder.protocol.query.ProjectConfigQuery
2026-10-04 13:06:57.308 TRACE_ID WARN  http-nio-8888-exec-6 Generator4MethodAccessor field not found limit of object class name com.sparrow.coder.protocol.query.ProjectConfigQuery
2026-10-04 13:06:57.309 TRACE_ID WARN  http-nio-8888-exec-6 Generator4MethodAccessor field not found limit of object class name com.sparrow.coder.dao.query.ProjectConfigDBPagerQuery
2026-10-04 13:06:57.309 TRACE_ID WARN  http-nio-8888-exec-5 Generator4MethodAccessor field not found limit of object class name com.sparrow.coder.dao.query.ProjectConfigDBPagerQuery
2026-10-04 13:06:57.314 TRACE_ID WARN  http-nio-8888-exec-5 Generator4MethodAccessor field not found limit of object class name com.sparrow.coder.protocol.query.ProjectConfigQuery
2026-10-04 13:06:57.314 TRACE_ID WARN  http-nio-8888-exec-5 Generator4MethodAccessor field not found limit of object class name com.sparrow.coder.dao.query.ProjectConfigDBPagerQuery
2026-10-04 13:06:57.314 TRACE_ID WARN  http-nio-8888-exec-6 Generator4MethodAccessor field not found limit of object class name com.sparrow.coder.protocol.query.ProjectConfigQuery
2026-10-04 13:06:57.314 TRACE_ID WARN  http-nio-8888-exec-6 Generator4MethodAccessor field not found limit of object class name com.sparrow.coder.dao.query.ProjectConfigDBPagerQuery
2026-10-04 13:06:57.318 TRACE_ID WARN  http-nio-8888-exec-6 Generator4MethodAccessor field not found displayText of object class name com.sparrow.coder.po.ProjectConfig
2026-10-04 13:06:57.318 TRACE_ID WARN  http-nio-8888-exec-5 Generator4MethodAccessor field not found displayText of object class name com.sparrow.coder.po.ProjectConfig
2026-10-04 13:07:00.709 TRACE_ID WARN  http-nio-8888-exec-9 Generator4MethodAccessor field not found limit of object class name com.sparrow.coder.protocol.query.TableConfigQuery
2026-10-04 13:07:00.709 TRACE_ID WARN  http-nio-8888-exec-10 Generator4MethodAccessor field not found limit of object class name com.sparrow.coder.protocol.query.TableConfigQuery
2026-10-04 13:07:00.709 TRACE_ID WARN  http-nio-8888-exec-9 Generator4MethodAccessor field not found limit of object class name com.sparrow.coder.dao.query.TableConfigDBPagerQuery
2026-10-04 13:07:00.709 TRACE_ID WARN  http-nio-8888-exec-10 Generator4MethodAccessor field not found limit of object class name com.sparrow.coder.dao.query.TableConfigDBPagerQuery
2026-10-04 13:07:00.711 TRACE_ID WARN  http-nio-8888-exec-10 Generator4MethodAccessor field not found limit of object class name com.sparrow.coder.protocol.query.TableConfigQuery
2026-10-04 13:07:00.711 TRACE_ID WARN  http-nio-8888-exec-10 Generator4MethodAccessor field not found limit of object class name com.sparrow.coder.dao.query.TableConfigDBPagerQuery
2026-10-04 13:07:00.711 TRACE_ID WARN  http-nio-8888-exec-9 Generator4MethodAccessor field not found limit of object class name com.sparrow.coder.protocol.query.TableConfigQuery
2026-10-04 13:07:00.711 TRACE_ID WARN  http-nio-8888-exec-9 Generator4MethodAccessor field not found limit of object class name com.sparrow.coder.dao.query.TableConfigDBPagerQuery
2026-10-04 13:07:00.714 TRACE_ID WARN  http-nio-8888-exec-10 Generator4MethodAccessor field not found limit of object class name com.sparrow.coder.protocol.query.ProjectConfigQuery
2026-10-04 13:07:00.714 TRACE_ID WARN  http-nio-8888-exec-10 Generator4MethodAccessor field not found limit of object class name com.sparrow.coder.dao.query.ProjectConfigDBPagerQuery
2026-10-04 13:07:00.714 TRACE_ID WARN  http-nio-8888-exec-9 Generator4MethodAccessor field not found limit of object class name com.sparrow.coder.protocol.query.ProjectConfigQuery
2026-10-04 13:07:00.714 TRACE_ID WARN  http-nio-8888-exec-9 Generator4MethodAccessor field not found limit of object class name com.sparrow.coder.dao.query.ProjectConfigDBPagerQuery
2026-10-04 13:07:00.717 TRACE_ID WARN  http-nio-8888-exec-10 Generator4MethodAccessor field not found displayText of object class name com.sparrow.coder.po.ProjectConfig
2026-10-04 13:07:00.717 TRACE_ID WARN  http-nio-8888-exec-9 Generator4MethodAccessor field not found displayText of object class name com.sparrow.coder.po.ProjectConfig
2026-10-04 13:07:03.283 TRACE_ID WARN  http-nio-8888-exec-2 Generator4MethodAccessor field not found displayText of object class name com.sparrow.coder.po.ProjectConfig
2026-10-04 13:07:03.284 TRACE_ID WARN  http-nio-8888-exec-2 Generator4MethodAccessor field not found limit of object class name com.sparrow.coder.protocol.query.TableConfigQuery
2026-10-04 13:07:03.284 TRACE_ID WARN  http-nio-8888-exec-2 Generator4MethodAccessor field not found limit of object class name com.sparrow.coder.dao.query.TableConfigDBPagerQuery
2026-10-04 13:07:07.458 TRACE_ID WARN  http-nio-8888-exec-6 Generator4MethodAccessor field not found limit of object class name com.sparrow.security.admin.protocol.query.AppQuery
2026-10-04 13:07:07.458 TRACE_ID WARN  http-nio-8888-exec-5 Generator4MethodAccessor field not found limit of object class name com.sparrow.security.admin.protocol.query.AppQuery
2026-10-04 13:07:07.458 TRACE_ID WARN  http-nio-8888-exec-6 Generator4MethodAccessor field not found limit of object class name com.sparrow.security.admin.dao.query.AppDBPagerQuery
2026-10-04 13:07:07.458 TRACE_ID WARN  http-nio-8888-exec-5 Generator4MethodAccessor field not found limit of object class name com.sparrow.security.admin.dao.query.AppDBPagerQuery
2026-10-04 13:07:07.460 TRACE_ID WARN  http-nio-8888-exec-5 Generator4MethodAccessor field not found limit of object class name com.sparrow.security.admin.protocol.query.AppQuery
2026-10-04 13:07:07.460 TRACE_ID WARN  http-nio-8888-exec-5 Generator4MethodAccessor field not found limit of object class name com.sparrow.security.admin.dao.query.AppDBPagerQuery
2026-10-04 13:07:07.460 TRACE_ID WARN  http-nio-8888-exec-6 Generator4MethodAccessor field not found limit of object class name com.sparrow.security.admin.protocol.query.AppQuery
2026-10-04 13:07:07.460 TRACE_ID WARN  http-nio-8888-exec-6 Generator4MethodAccessor field not found limit of object class name com.sparrow.security.admin.dao.query.AppDBPagerQuery
2026-10-04 13:07:07.461 TRACE_ID WARN  http-nio-8888-exec-5 Generator4MethodAccessor field not found displayText of object class name com.sparrow.security.po.App
2026-10-04 13:07:07.461 TRACE_ID WARN  http-nio-8888-exec-6 Generator4MethodAccessor field not found displayText of object class name com.sparrow.security.po.App
2026-10-04 13:07:21.860 TRACE_ID WARN  http-nio-8888-exec-10 Generator4MethodAccessor field not found limit of object class name com.sparrow.security.admin.protocol.query.AppQuery
2026-10-04 13:07:21.860 TRACE_ID WARN  http-nio-8888-exec-9 Generator4MethodAccessor field not found limit of object class name com.sparrow.security.admin.protocol.query.AppQuery
2026-10-04 13:07:21.860 TRACE_ID WARN  http-nio-8888-exec-10 Generator4MethodAccessor field not found limit of object class name com.sparrow.security.admin.dao.query.AppDBPagerQuery
2026-10-04 13:07:21.860 TRACE_ID WARN  http-nio-8888-exec-9 Generator4MethodAccessor field not found limit of object class name com.sparrow.security.admin.dao.query.AppDBPagerQuery
2026-10-04 13:07:21.863 TRACE_ID WARN  http-nio-8888-exec-10 Generator4MethodAccessor field not found limit of object class name com.sparrow.security.admin.protocol.query.AppQuery
2026-10-04 13:07:21.863 TRACE_ID WARN  http-nio-8888-exec-10 Generator4MethodAccessor field not found limit of object class name com.sparrow.security.admin.dao.query.AppDBPagerQuery
2026-10-04 13:07:21.863 TRACE_ID WARN  http-nio-8888-exec-9 Generator4MethodAccessor field not found limit of object class name com.sparrow.security.admin.protocol.query.AppQuery
2026-10-04 13:07:21.863 TRACE_ID WARN  http-nio-8888-exec-9 Generator4MethodAccessor field not found limit of object class name com.sparrow.security.admin.dao.query.AppDBPagerQuery
2026-10-04 13:07:21.864 TRACE_ID WARN  http-nio-8888-exec-9 Generator4MethodAccessor field not found displayText of object class name com.sparrow.security.po.App
2026-10-04 13:07:21.864 TRACE_ID WARN  http-nio-8888-exec-10 Generator4MethodAccessor field not found displayText of object class name com.sparrow.security.po.App
2026-10-04 13:08:27.398 TRACE_ID WARN  http-nio-8888-exec-5 Generator4MethodAccessor field not found limit of object class name com.sparrow.security.admin.protocol.query.AppQuery
2026-10-04 13:08:27.398 TRACE_ID WARN  http-nio-8888-exec-6 Generator4MethodAccessor field not found limit of object class name com.sparrow.security.admin.protocol.query.AppQuery
2026-10-04 13:08:27.399 TRACE_ID WARN  http-nio-8888-exec-6 Generator4MethodAccessor field not found limit of object class name com.sparrow.security.admin.dao.query.AppDBPagerQuery
2026-10-04 13:08:27.399 TRACE_ID WARN  http-nio-8888-exec-5 Generator4MethodAccessor field not found limit of object class name com.sparrow.security.admin.dao.query.AppDBPagerQuery
2026-10-04 13:08:27.426 TRACE_ID WARN  http-nio-8888-exec-5 Generator4MethodAccessor field not found limit of object class name com.sparrow.security.admin.protocol.query.AppQuery
2026-10-04 13:08:27.426 TRACE_ID WARN  http-nio-8888-exec-6 Generator4MethodAccessor field not found limit of object class name com.sparrow.security.admin.protocol.query.AppQuery
2026-10-04 13:08:27.426 TRACE_ID WARN  http-nio-8888-exec-6 Generator4MethodAccessor field not found limit of object class name com.sparrow.security.admin.dao.query.AppDBPagerQuery
2026-10-04 13:08:27.426 TRACE_ID WARN  http-nio-8888-exec-5 Generator4MethodAccessor field not found limit of object class name com.sparrow.security.admin.dao.query.AppDBPagerQuery
2026-10-04 13:08:27.428 TRACE_ID WARN  http-nio-8888-exec-6 Generator4MethodAccessor field not found displayText of object class name com.sparrow.security.po.App
2026-10-04 13:08:27.428 TRACE_ID WARN  http-nio-8888-exec-5 Generator4MethodAccessor field not found displayText of object class name com.sparrow.security.po.App
2026-10-04 13:08:37.466 TRACE_ID WARN  http-nio-8888-exec-10 Generator4MethodAccessor field not found limit of object class name com.sparrow.coder.protocol.query.ProjectConfigQuery
2026-10-04 13:08:37.466 TRACE_ID WARN  http-nio-8888-exec-9 Generator4MethodAccessor field not found limit of object class name com.sparrow.coder.protocol.query.ProjectConfigQuery
2026-10-04 13:08:37.466 TRACE_ID WARN  http-nio-8888-exec-10 Generator4MethodAccessor field not found limit of object class name com.sparrow.coder.dao.query.ProjectConfigDBPagerQuery
2026-10-04 13:08:37.466 TRACE_ID WARN  http-nio-8888-exec-9 Generator4MethodAccessor field not found limit of object class name com.sparrow.coder.dao.query.ProjectConfigDBPagerQuery
2026-10-04 13:08:37.471 TRACE_ID WARN  http-nio-8888-exec-9 Generator4MethodAccessor field not found limit of object class name com.sparrow.coder.protocol.query.ProjectConfigQuery
2026-10-04 13:08:37.471 TRACE_ID WARN  http-nio-8888-exec-10 Generator4MethodAccessor field not found limit of object class name com.sparrow.coder.protocol.query.ProjectConfigQuery
2026-10-04 13:08:37.471 TRACE_ID WARN  http-nio-8888-exec-9 Generator4MethodAccessor field not found limit of object class name com.sparrow.coder.dao.query.ProjectConfigDBPagerQuery
2026-10-04 13:08:37.471 TRACE_ID WARN  http-nio-8888-exec-10 Generator4MethodAccessor field not found limit of object class name com.sparrow.coder.dao.query.ProjectConfigDBPagerQuery
2026-10-04 13:08:37.472 TRACE_ID WARN  http-nio-8888-exec-10 Generator4MethodAccessor field not found displayText of object class name com.sparrow.coder.po.ProjectConfig
2026-10-04 13:08:37.472 TRACE_ID WARN  http-nio-8888-exec-9 Generator4MethodAccessor field not found displayText of object class name com.sparrow.coder.po.ProjectConfig
2026-10-04 13:08:40.539 TRACE_ID WARN  http-nio-8888-exec-4 Generator4MethodAccessor field not found limit of object class name com.sparrow.coder.protocol.query.TableConfigQuery
2026-10-04 13:08:40.539 TRACE_ID WARN  http-nio-8888-exec-4 Generator4MethodAccessor field not found limit of object class name com.sparrow.coder.dao.query.TableConfigDBPagerQuery
2026-10-04 13:08:40.542 TRACE_ID WARN  http-nio-8888-exec-3 Generator4MethodAccessor field not found limit of object class name com.sparrow.coder.protocol.query.TableConfigQuery
2026-10-04 13:08:40.542 TRACE_ID WARN  http-nio-8888-exec-3 Generator4MethodAccessor field not found limit of object class name com.sparrow.coder.dao.query.TableConfigDBPagerQuery
2026-10-04 13:08:40.545 TRACE_ID WARN  http-nio-8888-exec-4 Generator4MethodAccessor field not found limit of object class name com.sparrow.coder.protocol.query.TableConfigQuery
2026-10-04 13:08:40.546 TRACE_ID WARN  http-nio-8888-exec-4 Generator4MethodAccessor field not found limit of object class name com.sparrow.coder.dao.query.TableConfigDBPagerQuery
2026-10-04 13:08:40.547 TRACE_ID WARN  http-nio-8888-exec-3 Generator4MethodAccessor field not found limit of object class name com.sparrow.coder.protocol.query.TableConfigQuery
2026-10-04 13:08:40.547 TRACE_ID WARN  http-nio-8888-exec-3 Generator4MethodAccessor field not found limit of object class name com.sparrow.coder.dao.query.TableConfigDBPagerQuery
2026-10-04 13:08:40.548 TRACE_ID WARN  http-nio-8888-exec-4 Generator4MethodAccessor field not found limit of object class name com.sparrow.coder.protocol.query.ProjectConfigQuery
2026-10-04 13:08:40.548 TRACE_ID WARN  http-nio-8888-exec-4 Generator4MethodAccessor field not found limit of object class name com.sparrow.coder.dao.query.ProjectConfigDBPagerQuery
2026-10-04 13:08:40.549 TRACE_ID WARN  http-nio-8888-exec-3 Generator4MethodAccessor field not found limit of object class name com.sparrow.coder.protocol.query.ProjectConfigQuery
2026-10-04 13:08:40.549 TRACE_ID WARN  http-nio-8888-exec-3 Generator4MethodAccessor field not found limit of object class name com.sparrow.coder.dao.query.ProjectConfigDBPagerQuery
2026-10-04 13:08:40.552 TRACE_ID WARN  http-nio-8888-exec-4 Generator4MethodAccessor field not found displayText of object class name com.sparrow.coder.po.ProjectConfig
2026-10-04 13:08:40.553 TRACE_ID WARN  http-nio-8888-exec-3 Generator4MethodAccessor field not found displayText of object class name com.sparrow.coder.po.ProjectConfig
2026-10-04 13:08:43.003 TRACE_ID WARN  http-nio-8888-exec-6 Generator4MethodAccessor field not found displayText of object class name com.sparrow.coder.po.ProjectConfig
2026-10-04 13:08:43.012 TRACE_ID WARN  http-nio-8888-exec-6 Generator4MethodAccessor field not found limit of object class name com.sparrow.coder.protocol.query.TableConfigQuery
2026-10-04 13:08:43.012 TRACE_ID WARN  http-nio-8888-exec-6 Generator4MethodAccessor field not found limit of object class name com.sparrow.coder.dao.query.TableConfigDBPagerQuery
2026-10-04 13:08:44.145 TRACE_ID WARN  http-nio-8888-exec-8 Generator4MethodAccessor field not found displayText of object class name com.sparrow.coder.po.ProjectConfig
2026-10-04 13:08:44.145 TRACE_ID WARN  http-nio-8888-exec-8 Generator4MethodAccessor field not found limit of object class name com.sparrow.coder.protocol.query.TableConfigQuery
2026-10-04 13:08:44.145 TRACE_ID WARN  http-nio-8888-exec-8 Generator4MethodAccessor field not found limit of object class name com.sparrow.coder.dao.query.TableConfigDBPagerQuery
2026-10-04 13:08:44.562 TRACE_ID WARN  http-nio-8888-exec-7 Generator4MethodAccessor field not found displayText of object class name com.sparrow.coder.po.ProjectConfig
2026-10-04 13:08:44.563 TRACE_ID WARN  http-nio-8888-exec-7 Generator4MethodAccessor field not found limit of object class name com.sparrow.coder.protocol.query.TableConfigQuery
2026-10-04 13:08:44.563 TRACE_ID WARN  http-nio-8888-exec-7 Generator4MethodAccessor field not found limit of object class name com.sparrow.coder.dao.query.TableConfigDBPagerQuery
2026-10-04 13:08:44.738 TRACE_ID WARN  http-nio-8888-exec-9 Generator4MethodAccessor field not found displayText of object class name com.sparrow.coder.po.ProjectConfig
2026-10-04 13:08:44.738 TRACE_ID WARN  http-nio-8888-exec-9 Generator4MethodAccessor field not found limit of object class name com.sparrow.coder.protocol.query.TableConfigQuery
2026-10-04 13:08:44.738 TRACE_ID WARN  http-nio-8888-exec-9 Generator4MethodAccessor field not found limit of object class name com.sparrow.coder.dao.query.TableConfigDBPagerQuery
2026-10-04 13:08:44.888 TRACE_ID WARN  http-nio-8888-exec-10 Generator4MethodAccessor field not found displayText of object class name com.sparrow.coder.po.ProjectConfig
2026-10-04 13:08:44.888 TRACE_ID WARN  http-nio-8888-exec-10 Generator4MethodAccessor field not found limit of object class name com.sparrow.coder.protocol.query.TableConfigQuery
2026-10-04 13:08:44.888 TRACE_ID WARN  http-nio-8888-exec-10 Generator4MethodAccessor field not found limit of object class name com.sparrow.coder.dao.query.TableConfigDBPagerQuery
2026-10-04 13:08:54.121 TRACE_ID WARN  http-nio-8888-exec-3 Generator4MethodAccessor field not found limit of object class name com.sparrow.security.admin.protocol.query.AppQuery
2026-10-04 13:08:54.121 TRACE_ID WARN  http-nio-8888-exec-3 Generator4MethodAccessor field not found limit of object class name com.sparrow.security.admin.dao.query.AppDBPagerQuery
2026-10-04 13:08:54.121 TRACE_ID WARN  http-nio-8888-exec-4 Generator4MethodAccessor field not found limit of object class name com.sparrow.security.admin.protocol.query.AppQuery
2026-10-04 13:08:54.121 TRACE_ID WARN  http-nio-8888-exec-4 Generator4MethodAccessor field not found limit of object class name com.sparrow.security.admin.dao.query.AppDBPagerQuery
2026-10-04 13:08:54.122 TRACE_ID WARN  http-nio-8888-exec-4 Generator4MethodAccessor field not found limit of object class name com.sparrow.security.admin.protocol.query.AppQuery
2026-10-04 13:08:54.122 TRACE_ID WARN  http-nio-8888-exec-3 Generator4MethodAccessor field not found limit of object class name com.sparrow.security.admin.protocol.query.AppQuery
2026-10-04 13:08:54.122 TRACE_ID WARN  http-nio-8888-exec-4 Generator4MethodAccessor field not found limit of object class name com.sparrow.security.admin.dao.query.AppDBPagerQuery
2026-10-04 13:08:54.122 TRACE_ID WARN  http-nio-8888-exec-3 Generator4MethodAccessor field not found limit of object class name com.sparrow.security.admin.dao.query.AppDBPagerQuery
2026-10-04 13:08:54.123 TRACE_ID WARN  http-nio-8888-exec-3 Generator4MethodAccessor field not found displayText of object class name com.sparrow.security.po.App
2026-10-04 13:08:54.123 TRACE_ID WARN  http-nio-8888-exec-4 Generator4MethodAccessor field not found displayText of object class name com.sparrow.security.po.App
2026-10-04 13:20:41.189 TRACE_ID WARN  http-nio-8888-exec-2 Generator4MethodAccessor field not found displayText of object class name com.sparrow.coder.po.ProjectConfig
2026-10-04 13:20:41.190 TRACE_ID WARN  http-nio-8888-exec-2 Generator4MethodAccessor field not found limit of object class name com.sparrow.coder.protocol.query.TableConfigQuery
2026-10-04 13:20:41.190 TRACE_ID WARN  http-nio-8888-exec-2 Generator4MethodAccessor field not found limit of object class name com.sparrow.coder.dao.query.TableConfigDBPagerQuery
2026-10-04 13:22:41.618 TRACE_ID WARN  http-nio-8888-exec-4 Generator4MethodAccessor field not found limit of object class name com.sparrow.coder.protocol.query.TableConfigQuery
2026-10-04 13:22:41.618 TRACE_ID WARN  http-nio-8888-exec-3 Generator4MethodAccessor field not found limit of object class name com.sparrow.coder.protocol.query.TableConfigQuery
2026-10-04 13:22:41.618 TRACE_ID WARN  http-nio-8888-exec-4 Generator4MethodAccessor field not found limit of object class name com.sparrow.coder.dao.query.TableConfigDBPagerQuery
2026-10-04 13:22:41.618 TRACE_ID WARN  http-nio-8888-exec-3 Generator4MethodAccessor field not found limit of object class name com.sparrow.coder.dao.query.TableConfigDBPagerQuery
2026-10-04 13:22:41.642 TRACE_ID WARN  http-nio-8888-exec-4 Generator4MethodAccessor field not found limit of object class name com.sparrow.coder.protocol.query.TableConfigQuery
2026-10-04 13:22:41.642 TRACE_ID WARN  http-nio-8888-exec-3 Generator4MethodAccessor field not found limit of object class name com.sparrow.coder.protocol.query.TableConfigQuery
2026-10-04 13:22:41.642 TRACE_ID WARN  http-nio-8888-exec-4 Generator4MethodAccessor field not found limit of object class name com.sparrow.coder.dao.query.TableConfigDBPagerQuery
2026-10-04 13:22:41.642 TRACE_ID WARN  http-nio-8888-exec-3 Generator4MethodAccessor field not found limit of object class name com.sparrow.coder.dao.query.TableConfigDBPagerQuery
2026-10-04 13:22:41.647 TRACE_ID WARN  http-nio-8888-exec-3 Generator4MethodAccessor field not found limit of object class name com.sparrow.coder.protocol.query.ProjectConfigQuery
2026-10-04 13:22:41.647 TRACE_ID WARN  http-nio-8888-exec-4 Generator4MethodAccessor field not found limit of object class name com.sparrow.coder.protocol.query.ProjectConfigQuery
2026-10-04 13:22:41.647 TRACE_ID WARN  http-nio-8888-exec-4 Generator4MethodAccessor field not found limit of object class name com.sparrow.coder.dao.query.ProjectConfigDBPagerQuery
2026-10-04 13:22:41.647 TRACE_ID WARN  http-nio-8888-exec-3 Generator4MethodAccessor field not found limit of object class name com.sparrow.coder.dao.query.ProjectConfigDBPagerQuery
2026-10-04 13:22:41.650 TRACE_ID WARN  http-nio-8888-exec-3 Generator4MethodAccessor field not found displayText of object class name com.sparrow.coder.po.ProjectConfig
2026-10-04 13:22:41.650 TRACE_ID WARN  http-nio-8888-exec-4 Generator4MethodAccessor field not found displayText of object class name com.sparrow.coder.po.ProjectConfig
2026-10-04 13:23:15.796 TRACE_ID WARN  http-nio-8888-exec-6 Generator4MethodAccessor field not found limit of object class name com.sparrow.coder.protocol.query.TableConfigQuery
2026-10-04 13:23:15.796 TRACE_ID WARN  http-nio-8888-exec-6 Generator4MethodAccessor field not found limit of object class name com.sparrow.coder.dao.query.TableConfigDBPagerQuery
2026-10-04 13:23:15.810 TRACE_ID WARN  http-nio-8888-exec-6 Generator4MethodAccessor field not found limit of object class name com.sparrow.coder.protocol.query.TableConfigQuery
2026-10-04 13:23:15.810 TRACE_ID WARN  http-nio-8888-exec-6 Generator4MethodAccessor field not found limit of object class name com.sparrow.coder.dao.query.TableConfigDBPagerQuery
2026-10-04 13:23:15.824 TRACE_ID WARN  http-nio-8888-exec-6 Generator4MethodAccessor field not found limit of object class name com.sparrow.coder.protocol.query.ProjectConfigQuery
2026-10-04 13:23:15.824 TRACE_ID WARN  http-nio-8888-exec-6 Generator4MethodAccessor field not found limit of object class name com.sparrow.coder.dao.query.ProjectConfigDBPagerQuery
2026-10-04 13:23:15.833 TRACE_ID WARN  http-nio-8888-exec-6 Generator4MethodAccessor field not found displayText of object class name com.sparrow.coder.po.ProjectConfig
2026-10-04 13:23:16.282 TRACE_ID WARN  http-nio-8888-exec-9 Generator4MethodAccessor field not found limit of object class name com.sparrow.security.admin.protocol.query.AppQuery
2026-10-04 13:23:16.282 TRACE_ID WARN  http-nio-8888-exec-10 Generator4MethodAccessor field not found limit of object class name com.sparrow.security.admin.protocol.query.AppQuery
2026-10-04 13:23:16.283 TRACE_ID WARN  http-nio-8888-exec-9 Generator4MethodAccessor field not found limit of object class name com.sparrow.security.admin.dao.query.AppDBPagerQuery
2026-10-04 13:23:16.283 TRACE_ID WARN  http-nio-8888-exec-10 Generator4MethodAccessor field not found limit of object class name com.sparrow.security.admin.dao.query.AppDBPagerQuery
2026-10-04 13:23:16.288 TRACE_ID WARN  http-nio-8888-exec-9 Generator4MethodAccessor field not found limit of object class name com.sparrow.security.admin.protocol.query.AppQuery
2026-10-04 13:23:16.288 TRACE_ID WARN  http-nio-8888-exec-10 Generator4MethodAccessor field not found limit of object class name com.sparrow.security.admin.protocol.query.AppQuery
2026-10-04 13:23:16.288 TRACE_ID WARN  http-nio-8888-exec-9 Generator4MethodAccessor field not found limit of object class name com.sparrow.security.admin.dao.query.AppDBPagerQuery
2026-10-04 13:23:16.288 TRACE_ID WARN  http-nio-8888-exec-10 Generator4MethodAccessor field not found limit of object class name com.sparrow.security.admin.dao.query.AppDBPagerQuery
2026-10-04 13:23:16.290 TRACE_ID WARN  http-nio-8888-exec-10 Generator4MethodAccessor field not found displayText of object class name com.sparrow.security.po.App
2026-10-04 13:23:16.290 TRACE_ID WARN  http-nio-8888-exec-9 Generator4MethodAccessor field not found displayText of object class name com.sparrow.security.po.App
2026-10-04 13:23:21.928 TRACE_ID WARN  http-nio-8888-exec-1 Generator4MethodAccessor field not found displayText of object class name com.sparrow.coder.po.ProjectConfig
2026-10-04 13:23:21.929 TRACE_ID WARN  http-nio-8888-exec-1 Generator4MethodAccessor field not found limit of object class name com.sparrow.coder.protocol.query.TableConfigQuery
2026-10-04 13:23:21.929 TRACE_ID WARN  http-nio-8888-exec-1 Generator4MethodAccessor field not found limit of object class name com.sparrow.coder.dao.query.TableConfigDBPagerQuery
2026-10-04 13:23:26.371 TRACE_ID WARN  http-nio-8888-exec-5 Generator4MethodAccessor field not found limit of object class name com.sparrow.security.admin.protocol.query.AppQuery
2026-10-04 13:23:26.371 TRACE_ID WARN  http-nio-8888-exec-5 Generator4MethodAccessor field not found limit of object class name com.sparrow.security.admin.dao.query.AppDBPagerQuery
2026-10-04 13:23:26.371 TRACE_ID WARN  http-nio-8888-exec-6 Generator4MethodAccessor field not found limit of object class name com.sparrow.security.admin.protocol.query.AppQuery
2026-10-04 13:23:26.371 TRACE_ID WARN  http-nio-8888-exec-6 Generator4MethodAccessor field not found limit of object class name com.sparrow.security.admin.dao.query.AppDBPagerQuery
2026-10-04 13:23:26.373 TRACE_ID WARN  http-nio-8888-exec-5 Generator4MethodAccessor field not found limit of object class name com.sparrow.security.admin.protocol.query.AppQuery
2026-10-04 13:23:26.373 TRACE_ID WARN  http-nio-8888-exec-5 Generator4MethodAccessor field not found limit of object class name com.sparrow.security.admin.dao.query.AppDBPagerQuery
2026-10-04 13:23:26.373 TRACE_ID WARN  http-nio-8888-exec-6 Generator4MethodAccessor field not found limit of object class name com.sparrow.security.admin.protocol.query.AppQuery
2026-10-04 13:23:26.373 TRACE_ID WARN  http-nio-8888-exec-6 Generator4MethodAccessor field not found limit of object class name com.sparrow.security.admin.dao.query.AppDBPagerQuery
2026-10-04 13:23:26.374 TRACE_ID WARN  http-nio-8888-exec-5 Generator4MethodAccessor field not found displayText of object class name com.sparrow.security.po.App
2026-10-04 13:23:26.374 TRACE_ID WARN  http-nio-8888-exec-6 Generator4MethodAccessor field not found displayText of object class name com.sparrow.security.po.App
2026-10-04 13:26:03.891 TRACE_ID WARN  http-nio-8888-exec-2 Generator4MethodAccessor field not found displayText of object class name com.sparrow.coder.po.ProjectConfig
2026-10-04 13:26:03.892 TRACE_ID WARN  http-nio-8888-exec-2 Generator4MethodAccessor field not found limit of object class name com.sparrow.coder.protocol.query.TableConfigQuery
2026-10-04 13:26:03.892 TRACE_ID WARN  http-nio-8888-exec-2 Generator4MethodAccessor field not found limit of object class name com.sparrow.coder.dao.query.TableConfigDBPagerQuery
2026-10-04 13:26:08.121 TRACE_ID WARN  http-nio-8888-exec-5 Generator4MethodAccessor field not found limit of object class name com.sparrow.security.admin.protocol.query.AppQuery
2026-10-04 13:26:08.121 TRACE_ID WARN  http-nio-8888-exec-5 Generator4MethodAccessor field not found limit of object class name com.sparrow.security.admin.dao.query.AppDBPagerQuery
2026-10-04 13:26:08.121 TRACE_ID WARN  http-nio-8888-exec-4 Generator4MethodAccessor field not found limit of object class name com.sparrow.security.admin.protocol.query.AppQuery
2026-10-04 13:26:08.121 TRACE_ID WARN  http-nio-8888-exec-4 Generator4MethodAccessor field not found limit of object class name com.sparrow.security.admin.dao.query.AppDBPagerQuery
2026-10-04 13:26:08.125 TRACE_ID WARN  http-nio-8888-exec-5 Generator4MethodAccessor field not found limit of object class name com.sparrow.security.admin.protocol.query.AppQuery
2026-10-04 13:26:08.125 TRACE_ID WARN  http-nio-8888-exec-5 Generator4MethodAccessor field not found limit of object class name com.sparrow.security.admin.dao.query.AppDBPagerQuery
2026-10-04 13:26:08.125 TRACE_ID WARN  http-nio-8888-exec-4 Generator4MethodAccessor field not found limit of object class name com.sparrow.security.admin.protocol.query.AppQuery
2026-10-04 13:26:08.125 TRACE_ID WARN  http-nio-8888-exec-4 Generator4MethodAccessor field not found limit of object class name com.sparrow.security.admin.dao.query.AppDBPagerQuery
2026-10-04 13:26:08.127 TRACE_ID WARN  http-nio-8888-exec-5 Generator4MethodAccessor field not found displayText of object class name com.sparrow.security.po.App
2026-10-04 13:26:08.128 TRACE_ID WARN  http-nio-8888-exec-4 Generator4MethodAccessor field not found displayText of object class name com.sparrow.security.po.App
2026-10-04 13:26:13.270 TRACE_ID WARN  http-nio-8888-exec-8 Generator4MethodAccessor field not found displayText of object class name com.sparrow.security.admin.protocol.param.AppParam
2026-10-04 13:26:13.270 TRACE_ID WARN  http-nio-8888-exec-8 Generator4MethodAccessor field not found displayText of object class name com.sparrow.security.po.App
2026-10-04 13:26:13.270 TRACE_ID WARN  http-nio-8888-exec-8 Generator4MethodAccessor field not found createUserId of object class name com.sparrow.security.admin.protocol.param.AppParam
2026-10-04 13:26:13.270 TRACE_ID WARN  http-nio-8888-exec-8 Generator4MethodAccessor field not found modifiedUserId of object class name com.sparrow.security.admin.protocol.param.AppParam
2026-10-04 13:26:13.270 TRACE_ID WARN  http-nio-8888-exec-8 Generator4MethodAccessor field not found gmtCreate of object class name com.sparrow.security.admin.protocol.param.AppParam
2026-10-04 13:26:13.270 TRACE_ID WARN  http-nio-8888-exec-8 Generator4MethodAccessor field not found gmtModified of object class name com.sparrow.security.admin.protocol.param.AppParam
2026-10-04 13:26:13.270 TRACE_ID WARN  http-nio-8888-exec-8 Generator4MethodAccessor field not found createUserName of object class name com.sparrow.security.admin.protocol.param.AppParam
2026-10-04 13:26:13.270 TRACE_ID WARN  http-nio-8888-exec-8 Generator4MethodAccessor field not found modifiedUserName of object class name com.sparrow.security.admin.protocol.param.AppParam
2026-10-04 13:26:13.270 TRACE_ID WARN  http-nio-8888-exec-8 Generator4MethodAccessor field not found status of object class name com.sparrow.security.admin.protocol.param.AppParam
2026-10-04 13:26:13.270 TRACE_ID WARN  http-nio-8888-exec-8 Generator4MethodAccessor field not found deleted of object class name com.sparrow.security.admin.protocol.param.AppParam
2026-10-04 13:26:13.328 TRACE_ID WARN  http-nio-8888-exec-10 Generator4MethodAccessor field not found limit of object class name com.sparrow.security.admin.protocol.query.AppQuery
2026-10-04 13:26:13.328 TRACE_ID WARN  http-nio-8888-exec-10 Generator4MethodAccessor field not found limit of object class name com.sparrow.security.admin.dao.query.AppDBPagerQuery
2026-10-04 13:26:13.343 TRACE_ID WARN  http-nio-8888-exec-10 Generator4MethodAccessor field not found limit of object class name com.sparrow.security.admin.protocol.query.AppQuery
2026-10-04 13:26:13.344 TRACE_ID WARN  http-nio-8888-exec-10 Generator4MethodAccessor field not found limit of object class name com.sparrow.security.admin.dao.query.AppDBPagerQuery
2026-10-04 13:26:13.347 TRACE_ID WARN  http-nio-8888-exec-10 Generator4MethodAccessor field not found displayText of object class name com.sparrow.security.po.App
2026-10-04 13:26:38.432 TRACE_ID WARN  http-nio-8888-exec-5 Generator4MethodAccessor field not found limit of object class name com.sparrow.security.admin.protocol.query.AppQuery
2026-10-04 13:26:38.432 TRACE_ID WARN  http-nio-8888-exec-4 Generator4MethodAccessor field not found limit of object class name com.sparrow.security.admin.protocol.query.AppQuery
2026-10-04 13:26:38.432 TRACE_ID WARN  http-nio-8888-exec-5 Generator4MethodAccessor field not found limit of object class name com.sparrow.security.admin.dao.query.AppDBPagerQuery
2026-10-04 13:26:38.432 TRACE_ID WARN  http-nio-8888-exec-4 Generator4MethodAccessor field not found limit of object class name com.sparrow.security.admin.dao.query.AppDBPagerQuery
2026-10-04 13:26:38.437 TRACE_ID WARN  http-nio-8888-exec-5 Generator4MethodAccessor field not found limit of object class name com.sparrow.security.admin.protocol.query.AppQuery
2026-10-04 13:26:38.437 TRACE_ID WARN  http-nio-8888-exec-4 Generator4MethodAccessor field not found limit of object class name com.sparrow.security.admin.protocol.query.AppQuery
2026-10-04 13:26:38.437 TRACE_ID WARN  http-nio-8888-exec-5 Generator4MethodAccessor field not found limit of object class name com.sparrow.security.admin.dao.query.AppDBPagerQuery
2026-10-04 13:26:38.437 TRACE_ID WARN  http-nio-8888-exec-4 Generator4MethodAccessor field not found limit of object class name com.sparrow.security.admin.dao.query.AppDBPagerQuery
2026-10-04 13:26:38.439 TRACE_ID WARN  http-nio-8888-exec-5 Generator4MethodAccessor field not found displayText of object class name com.sparrow.security.po.App
2026-10-04 13:26:38.439 TRACE_ID WARN  http-nio-8888-exec-4 Generator4MethodAccessor field not found displayText of object class name com.sparrow.security.po.App
2026-10-04 13:27:56.351 TRACE_ID WARN  http-nio-8888-exec-10 Generator4MethodAccessor field not found displayText of object class name com.sparrow.coder.po.ProjectConfig
2026-10-04 13:27:56.353 TRACE_ID WARN  http-nio-8888-exec-10 Generator4MethodAccessor field not found limit of object class name com.sparrow.coder.protocol.query.TableConfigQuery
2026-10-04 13:27:56.353 TRACE_ID WARN  http-nio-8888-exec-10 Generator4MethodAccessor field not found limit of object class name com.sparrow.coder.dao.query.TableConfigDBPagerQuery
2026-10-04 13:30:36.124 TRACE_ID WARN  http-nio-8888-exec-2 Generator4MethodAccessor field not found displayText of object class name com.sparrow.coder.po.ProjectConfig
2026-10-04 13:30:36.125 TRACE_ID WARN  http-nio-8888-exec-2 Generator4MethodAccessor field not found limit of object class name com.sparrow.coder.protocol.query.TableConfigQuery
2026-10-04 13:30:36.125 TRACE_ID WARN  http-nio-8888-exec-2 Generator4MethodAccessor field not found limit of object class name com.sparrow.coder.dao.query.TableConfigDBPagerQuery
2026-10-04 13:32:19.677 TRACE_ID WARN  http-nio-8888-exec-2 Generator4MethodAccessor field not found displayText of object class name com.sparrow.coder.po.ProjectConfig
2026-10-04 13:32:19.678 TRACE_ID WARN  http-nio-8888-exec-2 Generator4MethodAccessor field not found limit of object class name com.sparrow.coder.protocol.query.TableConfigQuery
2026-10-04 13:32:19.678 TRACE_ID WARN  http-nio-8888-exec-2 Generator4MethodAccessor field not found limit of object class name com.sparrow.coder.dao.query.TableConfigDBPagerQuery
2026-10-04 13:34:36.839 TRACE_ID WARN  http-nio-8888-exec-3 Generator4MethodAccessor field not found limit of object class name com.sparrow.coder.protocol.query.ProjectConfigQuery
2026-10-04 13:34:36.840 TRACE_ID WARN  http-nio-8888-exec-3 Generator4MethodAccessor field not found limit of object class name com.sparrow.coder.dao.query.ProjectConfigDBPagerQuery
2026-10-04 13:34:36.839 TRACE_ID WARN  http-nio-8888-exec-4 Generator4MethodAccessor field not found limit of object class name com.sparrow.coder.protocol.query.ProjectConfigQuery
2026-10-04 13:34:36.840 TRACE_ID WARN  http-nio-8888-exec-4 Generator4MethodAccessor field not found limit of object class name com.sparrow.coder.dao.query.ProjectConfigDBPagerQuery
2026-10-04 13:34:36.877 TRACE_ID WARN  http-nio-8888-exec-4 Generator4MethodAccessor field not found limit of object class name com.sparrow.coder.protocol.query.ProjectConfigQuery
2026-10-04 13:34:36.877 TRACE_ID WARN  http-nio-8888-exec-4 Generator4MethodAccessor field not found limit of object class name com.sparrow.coder.dao.query.ProjectConfigDBPagerQuery
2026-10-04 13:34:36.879 TRACE_ID WARN  http-nio-8888-exec-3 Generator4MethodAccessor field not found limit of object class name com.sparrow.coder.protocol.query.ProjectConfigQuery
2026-10-04 13:34:36.887 TRACE_ID WARN  http-nio-8888-exec-3 Generator4MethodAccessor field not found limit of object class name com.sparrow.coder.dao.query.ProjectConfigDBPagerQuery
2026-10-04 13:34:36.892 TRACE_ID WARN  http-nio-8888-exec-4 Generator4MethodAccessor field not found displayText of object class name com.sparrow.coder.po.ProjectConfig
2026-10-04 13:34:36.905 TRACE_ID WARN  http-nio-8888-exec-3 Generator4MethodAccessor field not found displayText of object class name com.sparrow.coder.po.ProjectConfig
2026-10-04 13:34:38.363 TRACE_ID WARN  http-nio-8888-exec-7 Generator4MethodAccessor field not found limit of object class name com.sparrow.coder.protocol.query.TableConfigQuery
2026-10-04 13:34:38.363 TRACE_ID WARN  http-nio-8888-exec-7 Generator4MethodAccessor field not found limit of object class name com.sparrow.coder.dao.query.TableConfigDBPagerQuery
2026-10-04 13:34:38.363 TRACE_ID WARN  http-nio-8888-exec-8 Generator4MethodAccessor field not found limit of object class name com.sparrow.coder.protocol.query.TableConfigQuery
2026-10-04 13:34:38.363 TRACE_ID WARN  http-nio-8888-exec-8 Generator4MethodAccessor field not found limit of object class name com.sparrow.coder.dao.query.TableConfigDBPagerQuery
2026-10-04 13:34:38.365 TRACE_ID WARN  http-nio-8888-exec-7 Generator4MethodAccessor field not found limit of object class name com.sparrow.coder.protocol.query.TableConfigQuery
2026-10-04 13:34:38.365 TRACE_ID WARN  http-nio-8888-exec-7 Generator4MethodAccessor field not found limit of object class name com.sparrow.coder.dao.query.TableConfigDBPagerQuery
2026-10-04 13:34:38.366 TRACE_ID WARN  http-nio-8888-exec-8 Generator4MethodAccessor field not found limit of object class name com.sparrow.coder.protocol.query.TableConfigQuery
2026-10-04 13:34:38.366 TRACE_ID WARN  http-nio-8888-exec-8 Generator4MethodAccessor field not found limit of object class name com.sparrow.coder.dao.query.TableConfigDBPagerQuery
2026-10-04 13:34:38.368 TRACE_ID WARN  http-nio-8888-exec-7 Generator4MethodAccessor field not found limit of object class name com.sparrow.coder.protocol.query.ProjectConfigQuery
2026-10-04 13:34:38.368 TRACE_ID WARN  http-nio-8888-exec-7 Generator4MethodAccessor field not found limit of object class name com.sparrow.coder.dao.query.ProjectConfigDBPagerQuery
2026-10-04 13:34:38.368 TRACE_ID WARN  http-nio-8888-exec-8 Generator4MethodAccessor field not found limit of object class name com.sparrow.coder.protocol.query.ProjectConfigQuery
2026-10-04 13:34:38.368 TRACE_ID WARN  http-nio-8888-exec-8 Generator4MethodAccessor field not found limit of object class name com.sparrow.coder.dao.query.ProjectConfigDBPagerQuery
2026-10-04 13:34:38.369 TRACE_ID WARN  http-nio-8888-exec-7 Generator4MethodAccessor field not found displayText of object class name com.sparrow.coder.po.ProjectConfig
2026-10-04 13:34:38.369 TRACE_ID WARN  http-nio-8888-exec-8 Generator4MethodAccessor field not found displayText of object class name com.sparrow.coder.po.ProjectConfig
2026-10-04 13:34:41.055 TRACE_ID WARN  http-nio-8888-exec-10 Generator4MethodAccessor field not found displayText of object class name com.sparrow.coder.po.ProjectConfig
2026-10-04 13:34:41.055 TRACE_ID WARN  http-nio-8888-exec-10 Generator4MethodAccessor field not found limit of object class name com.sparrow.coder.protocol.query.TableConfigQuery
2026-10-04 13:34:41.055 TRACE_ID WARN  http-nio-8888-exec-10 Generator4MethodAccessor field not found limit of object class name com.sparrow.coder.dao.query.TableConfigDBPagerQuery
2026-10-04 13:36:25.101 TRACE_ID WARN  http-nio-8888-exec-2 Generator4MethodAccessor field not found limit of object class name com.sparrow.coder.protocol.query.TableConfigQuery
2026-10-04 13:36:25.101 TRACE_ID WARN  http-nio-8888-exec-2 Generator4MethodAccessor field not found limit of object class name com.sparrow.coder.dao.query.TableConfigDBPagerQuery
2026-10-04 13:36:25.116 TRACE_ID WARN  http-nio-8888-exec-2 Generator4MethodAccessor field not found limit of object class name com.sparrow.coder.protocol.query.TableConfigQuery
2026-10-04 13:36:25.116 TRACE_ID WARN  http-nio-8888-exec-2 Generator4MethodAccessor field not found limit of object class name com.sparrow.coder.dao.query.TableConfigDBPagerQuery
2026-10-04 13:36:25.120 TRACE_ID WARN  http-nio-8888-exec-2 Generator4MethodAccessor field not found limit of object class name com.sparrow.coder.protocol.query.ProjectConfigQuery
2026-10-04 13:36:25.120 TRACE_ID WARN  http-nio-8888-exec-2 Generator4MethodAccessor field not found limit of object class name com.sparrow.coder.dao.query.ProjectConfigDBPagerQuery
2026-10-04 13:36:25.122 TRACE_ID WARN  http-nio-8888-exec-2 Generator4MethodAccessor field not found displayText of object class name com.sparrow.coder.po.ProjectConfig
2026-10-04 13:38:00.508 TRACE_ID WARN  http-nio-8888-exec-4 Generator4MethodAccessor field not found displayText of object class name com.sparrow.coder.po.ProjectConfig
2026-10-04 13:38:00.509 TRACE_ID WARN  http-nio-8888-exec-4 Generator4MethodAccessor field not found limit of object class name com.sparrow.coder.protocol.query.TableConfigQuery
2026-10-04 13:38:00.509 TRACE_ID WARN  http-nio-8888-exec-4 Generator4MethodAccessor field not found limit of object class name com.sparrow.coder.dao.query.TableConfigDBPagerQuery
2026-10-04 13:42:03.707 TRACE_ID WARN  http-nio-8888-exec-6 Generator4MethodAccessor field not found displayText of object class name com.sparrow.coder.po.ProjectConfig
2026-10-04 13:42:03.707 TRACE_ID WARN  http-nio-8888-exec-6 Generator4MethodAccessor field not found limit of object class name com.sparrow.coder.protocol.query.TableConfigQuery
2026-10-04 13:42:03.707 TRACE_ID WARN  http-nio-8888-exec-6 Generator4MethodAccessor field not found limit of object class name com.sparrow.coder.dao.query.TableConfigDBPagerQuery
2026-10-04 13:42:38.390 TRACE_ID WARN  http-nio-8888-exec-8 Generator4MethodAccessor field not found displayText of object class name com.sparrow.coder.po.ProjectConfig
2026-10-04 13:42:38.391 TRACE_ID WARN  http-nio-8888-exec-8 Generator4MethodAccessor field not found limit of object class name com.sparrow.coder.protocol.query.TableConfigQuery
2026-10-04 13:42:38.391 TRACE_ID WARN  http-nio-8888-exec-8 Generator4MethodAccessor field not found limit of object class name com.sparrow.coder.dao.query.TableConfigDBPagerQuery
2026-10-04 13:44:30.064 TRACE_ID WARN  http-nio-8888-exec-10 Generator4MethodAccessor field not found displayText of object class name com.sparrow.coder.po.ProjectConfig
2026-10-04 13:44:30.064 TRACE_ID WARN  http-nio-8888-exec-10 Generator4MethodAccessor field not found limit of object class name com.sparrow.coder.protocol.query.TableConfigQuery
2026-10-04 13:44:30.064 TRACE_ID WARN  http-nio-8888-exec-10 Generator4MethodAccessor field not found limit of object class name com.sparrow.coder.dao.query.TableConfigDBPagerQuery
2026-10-04 13:45:15.707 TRACE_ID WARN  http-nio-8888-exec-2 Generator4MethodAccessor field not found displayText of object class name com.sparrow.coder.po.ProjectConfig
2026-10-04 13:45:15.862 TRACE_ID WARN  http-nio-8888-exec-2 Generator4MethodAccessor field not found limit of object class name com.sparrow.coder.protocol.query.TableConfigQuery
2026-10-04 13:45:15.862 TRACE_ID WARN  http-nio-8888-exec-2 Generator4MethodAccessor field not found limit of object class name com.sparrow.coder.dao.query.TableConfigDBPagerQuery
2026-10-04 13:45:24.955 TRACE_ID WARN  http-nio-8888-exec-4 Generator4MethodAccessor field not found displayText of object class name com.sparrow.coder.po.ProjectConfig
2026-10-04 13:45:24.955 TRACE_ID WARN  http-nio-8888-exec-4 Generator4MethodAccessor field not found limit of object class name com.sparrow.coder.protocol.query.TableConfigQuery
2026-10-04 13:45:24.956 TRACE_ID WARN  http-nio-8888-exec-4 Generator4MethodAccessor field not found limit of object class name com.sparrow.coder.dao.query.TableConfigDBPagerQuery
2026-10-04 13:46:22.566 TRACE_ID WARN  http-nio-8888-exec-7 Generator4MethodAccessor field not found displayText of object class name com.sparrow.coder.po.ProjectConfig
2026-10-04 13:46:22.567 TRACE_ID WARN  http-nio-8888-exec-7 Generator4MethodAccessor field not found limit of object class name com.sparrow.coder.protocol.query.TableConfigQuery
2026-10-04 13:46:22.567 TRACE_ID WARN  http-nio-8888-exec-7 Generator4MethodAccessor field not found limit of object class name com.sparrow.coder.dao.query.TableConfigDBPagerQuery
2026-10-04 13:47:49.829 TRACE_ID WARN  http-nio-8888-exec-1 Generator4MethodAccessor field not found limit of object class name com.sparrow.coder.protocol.query.ProjectConfigQuery
2026-10-04 13:47:49.829 TRACE_ID WARN  http-nio-8888-exec-10 Generator4MethodAccessor field not found limit of object class name com.sparrow.coder.protocol.query.ProjectConfigQuery
2026-10-04 13:47:49.829 TRACE_ID WARN  http-nio-8888-exec-1 Generator4MethodAccessor field not found limit of object class name com.sparrow.coder.dao.query.ProjectConfigDBPagerQuery
2026-10-04 13:47:49.829 TRACE_ID WARN  http-nio-8888-exec-10 Generator4MethodAccessor field not found limit of object class name com.sparrow.coder.dao.query.ProjectConfigDBPagerQuery
2026-10-04 13:47:49.834 TRACE_ID WARN  http-nio-8888-exec-10 Generator4MethodAccessor field not found limit of object class name com.sparrow.coder.protocol.query.ProjectConfigQuery
2026-10-04 13:47:49.834 TRACE_ID WARN  http-nio-8888-exec-1 Generator4MethodAccessor field not found limit of object class name com.sparrow.coder.protocol.query.ProjectConfigQuery
2026-10-04 13:47:49.834 TRACE_ID WARN  http-nio-8888-exec-10 Generator4MethodAccessor field not found limit of object class name com.sparrow.coder.dao.query.ProjectConfigDBPagerQuery
2026-10-04 13:47:49.834 TRACE_ID WARN  http-nio-8888-exec-1 Generator4MethodAccessor field not found limit of object class name com.sparrow.coder.dao.query.ProjectConfigDBPagerQuery
2026-10-04 13:47:49.835 TRACE_ID WARN  http-nio-8888-exec-1 Generator4MethodAccessor field not found displayText of object class name com.sparrow.coder.po.ProjectConfig
2026-10-04 13:47:49.835 TRACE_ID WARN  http-nio-8888-exec-10 Generator4MethodAccessor field not found displayText of object class name com.sparrow.coder.po.ProjectConfig
2026-10-04 13:47:57.395 TRACE_ID WARN  http-nio-8888-exec-5 Generator4MethodAccessor field not found limit of object class name com.sparrow.coder.protocol.query.TableConfigQuery
2026-10-04 13:47:57.395 TRACE_ID WARN  http-nio-8888-exec-5 Generator4MethodAccessor field not found limit of object class name com.sparrow.coder.dao.query.TableConfigDBPagerQuery
2026-10-04 13:47:57.395 TRACE_ID WARN  http-nio-8888-exec-4 Generator4MethodAccessor field not found limit of object class name com.sparrow.coder.protocol.query.TableConfigQuery
2026-10-04 13:47:57.395 TRACE_ID WARN  http-nio-8888-exec-4 Generator4MethodAccessor field not found limit of object class name com.sparrow.coder.dao.query.TableConfigDBPagerQuery
2026-10-04 13:47:57.398 TRACE_ID WARN  http-nio-8888-exec-5 Generator4MethodAccessor field not found limit of object class name com.sparrow.coder.protocol.query.TableConfigQuery
2026-10-04 13:47:57.398 TRACE_ID WARN  http-nio-8888-exec-5 Generator4MethodAccessor field not found limit of object class name com.sparrow.coder.dao.query.TableConfigDBPagerQuery
2026-10-04 13:47:57.398 TRACE_ID WARN  http-nio-8888-exec-4 Generator4MethodAccessor field not found limit of object class name com.sparrow.coder.protocol.query.TableConfigQuery
2026-10-04 13:47:57.398 TRACE_ID WARN  http-nio-8888-exec-4 Generator4MethodAccessor field not found limit of object class name com.sparrow.coder.dao.query.TableConfigDBPagerQuery
2026-10-04 13:47:57.401 TRACE_ID WARN  http-nio-8888-exec-5 Generator4MethodAccessor field not found limit of object class name com.sparrow.coder.protocol.query.ProjectConfigQuery
2026-10-04 13:47:57.401 TRACE_ID WARN  http-nio-8888-exec-5 Generator4MethodAccessor field not found limit of object class name com.sparrow.coder.dao.query.ProjectConfigDBPagerQuery
2026-10-04 13:47:57.401 TRACE_ID WARN  http-nio-8888-exec-4 Generator4MethodAccessor field not found limit of object class name com.sparrow.coder.protocol.query.ProjectConfigQuery
2026-10-04 13:47:57.401 TRACE_ID WARN  http-nio-8888-exec-4 Generator4MethodAccessor field not found limit of object class name com.sparrow.coder.dao.query.ProjectConfigDBPagerQuery
2026-10-04 13:47:57.403 TRACE_ID WARN  http-nio-8888-exec-5 Generator4MethodAccessor field not found displayText of object class name com.sparrow.coder.po.ProjectConfig
2026-10-04 13:47:57.404 TRACE_ID WARN  http-nio-8888-exec-4 Generator4MethodAccessor field not found displayText of object class name com.sparrow.coder.po.ProjectConfig
2026-10-04 13:48:56.635 TRACE_ID WARN  http-nio-8888-exec-7 Generator4MethodAccessor field not found createUserId of object class name com.sparrow.coder.protocol.param.TableConfigParam
2026-10-04 13:48:56.635 TRACE_ID WARN  http-nio-8888-exec-7 Generator4MethodAccessor field not found modifiedUserId of object class name com.sparrow.coder.protocol.param.TableConfigParam
2026-10-04 13:48:56.635 TRACE_ID WARN  http-nio-8888-exec-7 Generator4MethodAccessor field not found gmtCreate of object class name com.sparrow.coder.protocol.param.TableConfigParam
2026-10-04 13:48:56.635 TRACE_ID WARN  http-nio-8888-exec-7 Generator4MethodAccessor field not found gmtModified of object class name com.sparrow.coder.protocol.param.TableConfigParam
2026-10-04 13:48:56.636 TRACE_ID WARN  http-nio-8888-exec-7 Generator4MethodAccessor field not found createUserName of object class name com.sparrow.coder.protocol.param.TableConfigParam
2026-10-04 13:48:56.636 TRACE_ID WARN  http-nio-8888-exec-7 Generator4MethodAccessor field not found modifiedUserName of object class name com.sparrow.coder.protocol.param.TableConfigParam
2026-10-04 13:48:56.636 TRACE_ID WARN  http-nio-8888-exec-7 Generator4MethodAccessor field not found status of object class name com.sparrow.coder.protocol.param.TableConfigParam
2026-10-04 13:48:56.636 TRACE_ID WARN  http-nio-8888-exec-7 Generator4MethodAccessor field not found deleted of object class name com.sparrow.coder.protocol.param.TableConfigParam
2026-10-04 13:49:04.565 TRACE_ID WARN  http-nio-8888-exec-10 Generator4MethodAccessor field not found displayText of object class name com.sparrow.coder.po.ProjectConfig
2026-10-04 13:49:04.565 TRACE_ID WARN  http-nio-8888-exec-10 Generator4MethodAccessor field not found limit of object class name com.sparrow.coder.protocol.query.TableConfigQuery
2026-10-04 13:49:04.565 TRACE_ID WARN  http-nio-8888-exec-10 Generator4MethodAccessor field not found limit of object class name com.sparrow.coder.dao.query.TableConfigDBPagerQuery
2026-10-04 13:49:16.630 TRACE_ID WARN  http-nio-8888-exec-2 Generator4MethodAccessor field not found limit of object class name com.sparrow.coder.protocol.query.TableConfigQuery
2026-10-04 13:49:16.630 TRACE_ID WARN  http-nio-8888-exec-2 Generator4MethodAccessor field not found limit of object class name com.sparrow.coder.dao.query.TableConfigDBPagerQuery
2026-10-04 13:49:16.637 TRACE_ID WARN  http-nio-8888-exec-2 Generator4MethodAccessor field not found limit of object class name com.sparrow.coder.protocol.query.TableConfigQuery
2026-10-04 13:49:16.637 TRACE_ID WARN  http-nio-8888-exec-2 Generator4MethodAccessor field not found limit of object class name com.sparrow.coder.dao.query.TableConfigDBPagerQuery
2026-10-04 13:49:16.644 TRACE_ID WARN  http-nio-8888-exec-2 Generator4MethodAccessor field not found limit of object class name com.sparrow.coder.protocol.query.ProjectConfigQuery
2026-10-04 13:49:16.644 TRACE_ID WARN  http-nio-8888-exec-2 Generator4MethodAccessor field not found limit of object class name com.sparrow.coder.dao.query.ProjectConfigDBPagerQuery
2026-10-04 13:49:16.647 TRACE_ID WARN  http-nio-8888-exec-2 Generator4MethodAccessor field not found displayText of object class name com.sparrow.coder.po.ProjectConfig
2026-10-04 13:49:23.067 TRACE_ID WARN  http-nio-8888-exec-3 Generator4MethodAccessor field not found limit of object class name com.sparrow.coder.protocol.query.TableConfigQuery
2026-10-04 13:49:23.067 TRACE_ID WARN  http-nio-8888-exec-3 Generator4MethodAccessor field not found limit of object class name com.sparrow.coder.dao.query.TableConfigDBPagerQuery
2026-10-04 13:49:23.075 TRACE_ID WARN  http-nio-8888-exec-3 Generator4MethodAccessor field not found limit of object class name com.sparrow.coder.protocol.query.TableConfigQuery
2026-10-04 13:49:23.075 TRACE_ID WARN  http-nio-8888-exec-3 Generator4MethodAccessor field not found limit of object class name com.sparrow.coder.dao.query.TableConfigDBPagerQuery
2026-10-04 13:49:23.076 TRACE_ID WARN  http-nio-8888-exec-3 Generator4MethodAccessor field not found limit of object class name com.sparrow.coder.protocol.query.ProjectConfigQuery
2026-10-04 13:49:23.076 TRACE_ID WARN  http-nio-8888-exec-3 Generator4MethodAccessor field not found limit of object class name com.sparrow.coder.dao.query.ProjectConfigDBPagerQuery
2026-10-04 13:49:23.078 TRACE_ID WARN  http-nio-8888-exec-3 Generator4MethodAccessor field not found displayText of object class name com.sparrow.coder.po.ProjectConfig
2026-10-04 13:49:32.504 TRACE_ID WARN  http-nio-8888-exec-7 Generator4MethodAccessor field not found limit of object class name com.sparrow.security.admin.protocol.query.AppQuery
2026-10-04 13:49:32.504 TRACE_ID WARN  http-nio-8888-exec-7 Generator4MethodAccessor field not found limit of object class name com.sparrow.security.admin.dao.query.AppDBPagerQuery
2026-10-04 13:49:32.504 TRACE_ID WARN  http-nio-8888-exec-6 Generator4MethodAccessor field not found limit of object class name com.sparrow.security.admin.protocol.query.AppQuery
2026-10-04 13:49:32.504 TRACE_ID WARN  http-nio-8888-exec-6 Generator4MethodAccessor field not found limit of object class name com.sparrow.security.admin.dao.query.AppDBPagerQuery
2026-10-04 13:49:32.511 TRACE_ID WARN  http-nio-8888-exec-7 Generator4MethodAccessor field not found limit of object class name com.sparrow.security.admin.protocol.query.AppQuery
2026-10-04 13:49:32.511 TRACE_ID WARN  http-nio-8888-exec-7 Generator4MethodAccessor field not found limit of object class name com.sparrow.security.admin.dao.query.AppDBPagerQuery
2026-10-04 13:49:32.511 TRACE_ID WARN  http-nio-8888-exec-6 Generator4MethodAccessor field not found limit of object class name com.sparrow.security.admin.protocol.query.AppQuery
2026-10-04 13:49:32.511 TRACE_ID WARN  http-nio-8888-exec-6 Generator4MethodAccessor field not found limit of object class name com.sparrow.security.admin.dao.query.AppDBPagerQuery
2026-10-04 13:49:32.514 TRACE_ID WARN  http-nio-8888-exec-7 Generator4MethodAccessor field not found displayText of object class name com.sparrow.security.po.App
2026-10-04 13:49:32.514 TRACE_ID WARN  http-nio-8888-exec-6 Generator4MethodAccessor field not found displayText of object class name com.sparrow.security.po.App
2026-10-04 13:49:54.945 TRACE_ID WARN  http-nio-8888-exec-1 Generator4MethodAccessor field not found displayText of object class name com.sparrow.security.admin.protocol.param.AppParam
2026-10-04 13:49:54.945 TRACE_ID WARN  http-nio-8888-exec-1 Generator4MethodAccessor field not found displayText of object class name com.sparrow.security.po.App
2026-10-04 13:49:54.946 TRACE_ID WARN  http-nio-8888-exec-1 Generator4MethodAccessor field not found createUserId of object class name com.sparrow.security.admin.protocol.param.AppParam
2026-10-04 13:49:54.946 TRACE_ID WARN  http-nio-8888-exec-1 Generator4MethodAccessor field not found modifiedUserId of object class name com.sparrow.security.admin.protocol.param.AppParam
2026-10-04 13:49:54.946 TRACE_ID WARN  http-nio-8888-exec-1 Generator4MethodAccessor field not found gmtCreate of object class name com.sparrow.security.admin.protocol.param.AppParam
2026-10-04 13:49:54.946 TRACE_ID WARN  http-nio-8888-exec-1 Generator4MethodAccessor field not found gmtModified of object class name com.sparrow.security.admin.protocol.param.AppParam
2026-10-04 13:49:54.946 TRACE_ID WARN  http-nio-8888-exec-1 Generator4MethodAccessor field not found createUserName of object class name com.sparrow.security.admin.protocol.param.AppParam
2026-10-04 13:49:54.946 TRACE_ID WARN  http-nio-8888-exec-1 Generator4MethodAccessor field not found modifiedUserName of object class name com.sparrow.security.admin.protocol.param.AppParam
2026-10-04 13:49:54.946 TRACE_ID WARN  http-nio-8888-exec-1 Generator4MethodAccessor field not found status of object class name com.sparrow.security.admin.protocol.param.AppParam
2026-10-04 13:49:54.946 TRACE_ID WARN  http-nio-8888-exec-1 Generator4MethodAccessor field not found deleted of object class name com.sparrow.security.admin.protocol.param.AppParam
2026-10-04 13:49:54.962 TRACE_ID WARN  http-nio-8888-exec-3 Generator4MethodAccessor field not found limit of object class name com.sparrow.security.admin.protocol.query.AppQuery
2026-10-04 13:49:54.962 TRACE_ID WARN  http-nio-8888-exec-3 Generator4MethodAccessor field not found limit of object class name com.sparrow.security.admin.dao.query.AppDBPagerQuery
2026-10-04 13:49:54.967 TRACE_ID WARN  http-nio-8888-exec-3 Generator4MethodAccessor field not found limit of object class name com.sparrow.security.admin.protocol.query.AppQuery
2026-10-04 13:49:54.968 TRACE_ID WARN  http-nio-8888-exec-3 Generator4MethodAccessor field not found limit of object class name com.sparrow.security.admin.dao.query.AppDBPagerQuery
2026-10-04 13:49:54.970 TRACE_ID WARN  http-nio-8888-exec-3 Generator4MethodAccessor field not found displayText of object class name com.sparrow.security.po.App
2026-10-04 13:50:56.215 TRACE_ID WARN  http-nio-8888-exec-9 Generator4MethodAccessor field not found createUserId of object class name com.sparrow.coder.protocol.param.TableConfigParam
2026-10-04 13:50:56.215 TRACE_ID WARN  http-nio-8888-exec-9 Generator4MethodAccessor field not found modifiedUserId of object class name com.sparrow.coder.protocol.param.TableConfigParam
2026-10-04 13:50:56.215 TRACE_ID WARN  http-nio-8888-exec-9 Generator4MethodAccessor field not found gmtCreate of object class name com.sparrow.coder.protocol.param.TableConfigParam
2026-10-04 13:50:56.215 TRACE_ID WARN  http-nio-8888-exec-9 Generator4MethodAccessor field not found gmtModified of object class name com.sparrow.coder.protocol.param.TableConfigParam
2026-10-04 13:50:56.215 TRACE_ID WARN  http-nio-8888-exec-9 Generator4MethodAccessor field not found createUserName of object class name com.sparrow.coder.protocol.param.TableConfigParam
2026-10-04 13:50:56.215 TRACE_ID WARN  http-nio-8888-exec-9 Generator4MethodAccessor field not found modifiedUserName of object class name com.sparrow.coder.protocol.param.TableConfigParam
2026-10-04 13:50:56.215 TRACE_ID WARN  http-nio-8888-exec-9 Generator4MethodAccessor field not found status of object class name com.sparrow.coder.protocol.param.TableConfigParam
2026-10-04 13:50:56.215 TRACE_ID WARN  http-nio-8888-exec-9 Generator4MethodAccessor field not found deleted of object class name com.sparrow.coder.protocol.param.TableConfigParam
2026-10-04 13:50:56.240 TRACE_ID WARN  http-nio-8888-exec-10 Generator4MethodAccessor field not found limit of object class name com.sparrow.coder.protocol.query.TableConfigQuery
2026-10-04 13:50:56.240 TRACE_ID WARN  http-nio-8888-exec-10 Generator4MethodAccessor field not found limit of object class name com.sparrow.coder.dao.query.TableConfigDBPagerQuery
2026-10-04 13:50:56.245 TRACE_ID WARN  http-nio-8888-exec-10 Generator4MethodAccessor field not found limit of object class name com.sparrow.coder.protocol.query.TableConfigQuery
2026-10-04 13:50:56.245 TRACE_ID WARN  http-nio-8888-exec-10 Generator4MethodAccessor field not found limit of object class name com.sparrow.coder.dao.query.TableConfigDBPagerQuery
2026-10-04 13:50:56.247 TRACE_ID WARN  http-nio-8888-exec-10 Generator4MethodAccessor field not found limit of object class name com.sparrow.coder.protocol.query.ProjectConfigQuery
2026-10-04 13:50:56.247 TRACE_ID WARN  http-nio-8888-exec-10 Generator4MethodAccessor field not found limit of object class name com.sparrow.coder.dao.query.ProjectConfigDBPagerQuery
2026-10-04 13:50:56.249 TRACE_ID WARN  http-nio-8888-exec-10 Generator4MethodAccessor field not found displayText of object class name com.sparrow.coder.po.ProjectConfig
2026-10-04 13:55:25.279 TRACE_ID WARN  http-nio-8888-exec-2 Generator4MethodAccessor field not found displayText of object class name com.sparrow.coder.po.ProjectConfig
2026-10-04 13:55:25.280 TRACE_ID WARN  http-nio-8888-exec-2 Generator4MethodAccessor field not found limit of object class name com.sparrow.coder.protocol.query.TableConfigQuery
2026-10-04 13:55:25.280 TRACE_ID WARN  http-nio-8888-exec-2 Generator4MethodAccessor field not found limit of object class name com.sparrow.coder.dao.query.TableConfigDBPagerQuery
2026-10-04 13:55:30.041 TRACE_ID WARN  http-nio-8888-exec-4 Generator4MethodAccessor field not found limit of object class name com.sparrow.coder.protocol.query.TableConfigQuery
2026-10-04 13:55:30.042 TRACE_ID WARN  http-nio-8888-exec-4 Generator4MethodAccessor field not found limit of object class name com.sparrow.coder.dao.query.TableConfigDBPagerQuery
2026-10-04 13:55:30.080 TRACE_ID WARN  http-nio-8888-exec-4 Generator4MethodAccessor field not found limit of object class name com.sparrow.coder.protocol.query.TableConfigQuery
2026-10-04 13:55:30.080 TRACE_ID WARN  http-nio-8888-exec-4 Generator4MethodAccessor field not found limit of object class name com.sparrow.coder.dao.query.TableConfigDBPagerQuery
2026-10-04 13:55:30.099 TRACE_ID WARN  http-nio-8888-exec-4 Generator4MethodAccessor field not found limit of object class name com.sparrow.coder.protocol.query.ProjectConfigQuery
2026-10-04 13:55:30.099 TRACE_ID WARN  http-nio-8888-exec-4 Generator4MethodAccessor field not found limit of object class name com.sparrow.coder.dao.query.ProjectConfigDBPagerQuery
2026-10-04 13:55:30.104 TRACE_ID WARN  http-nio-8888-exec-4 Generator4MethodAccessor field not found displayText of object class name com.sparrow.coder.po.ProjectConfig
2026-10-04 13:55:30.105 TRACE_ID WARN  http-nio-8888-exec-6 Generator4MethodAccessor field not found limit of object class name com.sparrow.security.admin.protocol.query.AppQuery
2026-10-04 13:55:30.106 TRACE_ID WARN  http-nio-8888-exec-6 Generator4MethodAccessor field not found limit of object class name com.sparrow.security.admin.dao.query.AppDBPagerQuery
2026-10-04 13:55:30.109 TRACE_ID WARN  http-nio-8888-exec-6 Generator4MethodAccessor field not found limit of object class name com.sparrow.security.admin.protocol.query.AppQuery
2026-10-04 13:55:30.109 TRACE_ID WARN  http-nio-8888-exec-6 Generator4MethodAccessor field not found limit of object class name com.sparrow.security.admin.dao.query.AppDBPagerQuery
2026-10-04 13:55:30.116 TRACE_ID WARN  http-nio-8888-exec-6 Generator4MethodAccessor field not found displayText of object class name com.sparrow.security.po.App
2026-10-04 13:55:32.078 TRACE_ID WARN  http-nio-8888-exec-8 Generator4MethodAccessor field not found displayText of object class name com.sparrow.coder.po.ProjectConfig
2026-10-04 13:55:32.079 TRACE_ID WARN  http-nio-8888-exec-8 Generator4MethodAccessor field not found limit of object class name com.sparrow.coder.protocol.query.TableConfigQuery
2026-10-04 13:55:32.079 TRACE_ID WARN  http-nio-8888-exec-8 Generator4MethodAccessor field not found limit of object class name com.sparrow.coder.dao.query.TableConfigDBPagerQuery
2026-10-04 13:55:37.606 TRACE_ID WARN  http-nio-8888-exec-1 Generator4MethodAccessor field not found limit of object class name com.sparrow.security.admin.protocol.query.AppQuery
2026-10-04 13:55:37.606 TRACE_ID WARN  http-nio-8888-exec-2 Generator4MethodAccessor field not found limit of object class name com.sparrow.security.admin.protocol.query.AppQuery
2026-10-04 13:55:37.606 TRACE_ID WARN  http-nio-8888-exec-1 Generator4MethodAccessor field not found limit of object class name com.sparrow.security.admin.dao.query.AppDBPagerQuery
2026-10-04 13:55:37.606 TRACE_ID WARN  http-nio-8888-exec-2 Generator4MethodAccessor field not found limit of object class name com.sparrow.security.admin.dao.query.AppDBPagerQuery
2026-10-04 13:55:37.614 TRACE_ID WARN  http-nio-8888-exec-2 Generator4MethodAccessor field not found limit of object class name com.sparrow.security.admin.protocol.query.AppQuery
2026-10-04 13:55:37.614 TRACE_ID WARN  http-nio-8888-exec-1 Generator4MethodAccessor field not found limit of object class name com.sparrow.security.admin.protocol.query.AppQuery
2026-10-04 13:55:37.614 TRACE_ID WARN  http-nio-8888-exec-1 Generator4MethodAccessor field not found limit of object class name com.sparrow.security.admin.dao.query.AppDBPagerQuery
2026-10-04 13:55:37.614 TRACE_ID WARN  http-nio-8888-exec-2 Generator4MethodAccessor field not found limit of object class name com.sparrow.security.admin.dao.query.AppDBPagerQuery
2026-10-04 13:55:37.616 TRACE_ID WARN  http-nio-8888-exec-2 Generator4MethodAccessor field not found displayText of object class name com.sparrow.security.po.App
2026-10-04 13:55:37.616 TRACE_ID WARN  http-nio-8888-exec-1 Generator4MethodAccessor field not found displayText of object class name com.sparrow.security.po.App
2026-10-04 13:55:44.100 TRACE_ID WARN  http-nio-8888-exec-4 Generator4MethodAccessor field not found limit of object class name com.sparrow.coder.protocol.query.ProjectConfigQuery
2026-10-04 13:55:44.100 TRACE_ID WARN  http-nio-8888-exec-4 Generator4MethodAccessor field not found limit of object class name com.sparrow.coder.dao.query.ProjectConfigDBPagerQuery
2026-10-04 13:55:44.100 TRACE_ID WARN  http-nio-8888-exec-6 Generator4MethodAccessor field not found limit of object class name com.sparrow.coder.protocol.query.ProjectConfigQuery
2026-10-04 13:55:44.101 TRACE_ID WARN  http-nio-8888-exec-6 Generator4MethodAccessor field not found limit of object class name com.sparrow.coder.dao.query.ProjectConfigDBPagerQuery
2026-10-04 13:55:44.102 TRACE_ID WARN  http-nio-8888-exec-4 Generator4MethodAccessor field not found limit of object class name com.sparrow.coder.protocol.query.ProjectConfigQuery
2026-10-04 13:55:44.102 TRACE_ID WARN  http-nio-8888-exec-4 Generator4MethodAccessor field not found limit of object class name com.sparrow.coder.dao.query.ProjectConfigDBPagerQuery
2026-10-04 13:55:44.102 TRACE_ID WARN  http-nio-8888-exec-6 Generator4MethodAccessor field not found limit of object class name com.sparrow.coder.protocol.query.ProjectConfigQuery
2026-10-04 13:55:44.102 TRACE_ID WARN  http-nio-8888-exec-6 Generator4MethodAccessor field not found limit of object class name com.sparrow.coder.dao.query.ProjectConfigDBPagerQuery
2026-10-04 13:55:44.103 TRACE_ID WARN  http-nio-8888-exec-6 Generator4MethodAccessor field not found displayText of object class name com.sparrow.coder.po.ProjectConfig
2026-10-04 13:55:44.104 TRACE_ID WARN  http-nio-8888-exec-4 Generator4MethodAccessor field not found displayText of object class name com.sparrow.coder.po.ProjectConfig
2026-10-04 13:55:48.546 TRACE_ID WARN  http-nio-8888-exec-10 Generator4MethodAccessor field not found limit of object class name com.sparrow.coder.protocol.query.TableConfigQuery
2026-10-04 13:55:48.546 TRACE_ID WARN  http-nio-8888-exec-9 Generator4MethodAccessor field not found limit of object class name com.sparrow.coder.protocol.query.TableConfigQuery
2026-10-04 13:55:48.546 TRACE_ID WARN  http-nio-8888-exec-10 Generator4MethodAccessor field not found limit of object class name com.sparrow.coder.dao.query.TableConfigDBPagerQuery
2026-10-04 13:55:48.546 TRACE_ID WARN  http-nio-8888-exec-9 Generator4MethodAccessor field not found limit of object class name com.sparrow.coder.dao.query.TableConfigDBPagerQuery
2026-10-04 13:55:48.556 TRACE_ID WARN  http-nio-8888-exec-9 Generator4MethodAccessor field not found limit of object class name com.sparrow.coder.protocol.query.TableConfigQuery
2026-10-04 13:55:48.556 TRACE_ID WARN  http-nio-8888-exec-10 Generator4MethodAccessor field not found limit of object class name com.sparrow.coder.protocol.query.TableConfigQuery
2026-10-04 13:55:48.556 TRACE_ID WARN  http-nio-8888-exec-9 Generator4MethodAccessor field not found limit of object class name com.sparrow.coder.dao.query.TableConfigDBPagerQuery
2026-10-04 13:55:48.556 TRACE_ID WARN  http-nio-8888-exec-10 Generator4MethodAccessor field not found limit of object class name com.sparrow.coder.dao.query.TableConfigDBPagerQuery
2026-10-04 13:55:48.558 TRACE_ID WARN  http-nio-8888-exec-10 Generator4MethodAccessor field not found limit of object class name com.sparrow.coder.protocol.query.ProjectConfigQuery
2026-10-04 13:55:48.558 TRACE_ID WARN  http-nio-8888-exec-10 Generator4MethodAccessor field not found limit of object class name com.sparrow.coder.dao.query.ProjectConfigDBPagerQuery
2026-10-04 13:55:48.558 TRACE_ID WARN  http-nio-8888-exec-9 Generator4MethodAccessor field not found limit of object class name com.sparrow.coder.protocol.query.ProjectConfigQuery
2026-10-04 13:55:48.558 TRACE_ID WARN  http-nio-8888-exec-9 Generator4MethodAccessor field not found limit of object class name com.sparrow.coder.dao.query.ProjectConfigDBPagerQuery
2026-10-04 13:55:48.560 TRACE_ID WARN  http-nio-8888-exec-9 Generator4MethodAccessor field not found displayText of object class name com.sparrow.coder.po.ProjectConfig
2026-10-04 13:55:48.560 TRACE_ID WARN  http-nio-8888-exec-10 Generator4MethodAccessor field not found displayText of object class name com.sparrow.coder.po.ProjectConfig
2026-10-04 13:57:02.550 TRACE_ID WARN  http-nio-8888-exec-3 Generator4MethodAccessor field not found limit of object class name com.sparrow.coder.protocol.query.TableConfigQuery
2026-10-04 13:57:02.551 TRACE_ID WARN  http-nio-8888-exec-3 Generator4MethodAccessor field not found limit of object class name com.sparrow.coder.dao.query.TableConfigDBPagerQuery
2026-10-04 13:57:02.556 TRACE_ID WARN  http-nio-8888-exec-3 Generator4MethodAccessor field not found limit of object class name com.sparrow.coder.protocol.query.TableConfigQuery
2026-10-04 13:57:02.556 TRACE_ID WARN  http-nio-8888-exec-3 Generator4MethodAccessor field not found limit of object class name com.sparrow.coder.dao.query.TableConfigDBPagerQuery
2026-10-04 13:57:02.559 TRACE_ID WARN  http-nio-8888-exec-3 Generator4MethodAccessor field not found limit of object class name com.sparrow.coder.protocol.query.ProjectConfigQuery
2026-10-04 13:57:02.559 TRACE_ID WARN  http-nio-8888-exec-3 Generator4MethodAccessor field not found limit of object class name com.sparrow.coder.dao.query.ProjectConfigDBPagerQuery
2026-10-04 13:57:02.563 TRACE_ID WARN  http-nio-8888-exec-3 Generator4MethodAccessor field not found displayText of object class name com.sparrow.coder.po.ProjectConfig
2026-10-04 13:57:02.608 TRACE_ID WARN  http-nio-8888-exec-4 Generator4MethodAccessor field not found limit of object class name com.sparrow.coder.protocol.query.TableConfigQuery
2026-10-04 13:57:02.608 TRACE_ID WARN  http-nio-8888-exec-4 Generator4MethodAccessor field not found limit of object class name com.sparrow.coder.dao.query.TableConfigDBPagerQuery
2026-10-04 13:57:02.610 TRACE_ID WARN  http-nio-8888-exec-4 Generator4MethodAccessor field not found limit of object class name com.sparrow.coder.protocol.query.TableConfigQuery
2026-10-04 13:57:02.610 TRACE_ID WARN  http-nio-8888-exec-4 Generator4MethodAccessor field not found limit of object class name com.sparrow.coder.dao.query.TableConfigDBPagerQuery
2026-10-04 13:57:02.614 TRACE_ID WARN  http-nio-8888-exec-4 Generator4MethodAccessor field not found limit of object class name com.sparrow.coder.protocol.query.ProjectConfigQuery
2026-10-04 13:57:02.614 TRACE_ID WARN  http-nio-8888-exec-4 Generator4MethodAccessor field not found limit of object class name com.sparrow.coder.dao.query.ProjectConfigDBPagerQuery
2026-10-04 13:57:02.615 TRACE_ID WARN  http-nio-8888-exec-4 Generator4MethodAccessor field not found displayText of object class name com.sparrow.coder.po.ProjectConfig
2026-10-04 13:57:45.299 TRACE_ID WARN  http-nio-8888-exec-8 Generator4MethodAccessor field not found createUserId of object class name com.sparrow.coder.protocol.param.TableConfigParam
2026-10-04 13:57:45.300 TRACE_ID WARN  http-nio-8888-exec-8 Generator4MethodAccessor field not found modifiedUserId of object class name com.sparrow.coder.protocol.param.TableConfigParam
2026-10-04 13:57:45.300 TRACE_ID WARN  http-nio-8888-exec-8 Generator4MethodAccessor field not found gmtCreate of object class name com.sparrow.coder.protocol.param.TableConfigParam
2026-10-04 13:57:45.300 TRACE_ID WARN  http-nio-8888-exec-8 Generator4MethodAccessor field not found gmtModified of object class name com.sparrow.coder.protocol.param.TableConfigParam
2026-10-04 13:57:45.300 TRACE_ID WARN  http-nio-8888-exec-8 Generator4MethodAccessor field not found createUserName of object class name com.sparrow.coder.protocol.param.TableConfigParam
2026-10-04 13:57:45.300 TRACE_ID WARN  http-nio-8888-exec-8 Generator4MethodAccessor field not found modifiedUserName of object class name com.sparrow.coder.protocol.param.TableConfigParam
2026-10-04 13:57:45.300 TRACE_ID WARN  http-nio-8888-exec-8 Generator4MethodAccessor field not found status of object class name com.sparrow.coder.protocol.param.TableConfigParam
2026-10-04 13:57:45.300 TRACE_ID WARN  http-nio-8888-exec-8 Generator4MethodAccessor field not found deleted of object class name com.sparrow.coder.protocol.param.TableConfigParam
2026-10-04 13:57:52.846 TRACE_ID WARN  http-nio-8888-exec-10 Generator4MethodAccessor field not found displayText of object class name com.sparrow.coder.po.ProjectConfig
2026-10-04 13:57:52.847 TRACE_ID WARN  http-nio-8888-exec-10 Generator4MethodAccessor field not found limit of object class name com.sparrow.coder.protocol.query.TableConfigQuery
2026-10-04 13:57:52.848 TRACE_ID WARN  http-nio-8888-exec-10 Generator4MethodAccessor field not found limit of object class name com.sparrow.coder.dao.query.TableConfigDBPagerQuery
2026-10-04 13:57:53.783 TRACE_ID WARN  http-nio-8888-exec-2 Generator4MethodAccessor field not found limit of object class name com.sparrow.coder.protocol.query.TableConfigQuery
2026-10-04 13:57:53.783 TRACE_ID WARN  http-nio-8888-exec-2 Generator4MethodAccessor field not found limit of object class name com.sparrow.coder.dao.query.TableConfigDBPagerQuery
2026-10-04 13:57:53.785 TRACE_ID WARN  http-nio-8888-exec-2 Generator4MethodAccessor field not found limit of object class name com.sparrow.coder.protocol.query.TableConfigQuery
2026-10-04 13:57:53.785 TRACE_ID WARN  http-nio-8888-exec-2 Generator4MethodAccessor field not found limit of object class name com.sparrow.coder.dao.query.TableConfigDBPagerQuery
2026-10-04 13:57:53.788 TRACE_ID WARN  http-nio-8888-exec-2 Generator4MethodAccessor field not found limit of object class name com.sparrow.coder.protocol.query.ProjectConfigQuery
2026-10-04 13:57:53.788 TRACE_ID WARN  http-nio-8888-exec-2 Generator4MethodAccessor field not found limit of object class name com.sparrow.coder.dao.query.ProjectConfigDBPagerQuery
2026-10-04 13:57:53.791 TRACE_ID WARN  http-nio-8888-exec-2 Generator4MethodAccessor field not found displayText of object class name com.sparrow.coder.po.ProjectConfig
2026-10-04 13:57:53.861 TRACE_ID WARN  http-nio-8888-exec-1 Generator4MethodAccessor field not found limit of object class name com.sparrow.coder.protocol.query.TableConfigQuery
2026-10-04 13:57:53.861 TRACE_ID WARN  http-nio-8888-exec-1 Generator4MethodAccessor field not found limit of object class name com.sparrow.coder.dao.query.TableConfigDBPagerQuery
2026-10-04 13:57:53.863 TRACE_ID WARN  http-nio-8888-exec-1 Generator4MethodAccessor field not found limit of object class name com.sparrow.coder.protocol.query.TableConfigQuery
2026-10-04 13:57:53.863 TRACE_ID WARN  http-nio-8888-exec-1 Generator4MethodAccessor field not found limit of object class name com.sparrow.coder.dao.query.TableConfigDBPagerQuery
2026-10-04 13:57:53.864 TRACE_ID WARN  http-nio-8888-exec-1 Generator4MethodAccessor field not found limit of object class name com.sparrow.coder.protocol.query.ProjectConfigQuery
2026-10-04 13:57:53.864 TRACE_ID WARN  http-nio-8888-exec-1 Generator4MethodAccessor field not found limit of object class name com.sparrow.coder.dao.query.ProjectConfigDBPagerQuery
2026-10-04 13:57:53.866 TRACE_ID WARN  http-nio-8888-exec-1 Generator4MethodAccessor field not found displayText of object class name com.sparrow.coder.po.ProjectConfig
2026-10-04 13:58:25.597 TRACE_ID WARN  http-nio-8888-exec-3 Generator4MethodAccessor field not found limit of object class name com.sparrow.security.admin.protocol.query.AppQuery
2026-10-04 13:58:25.597 TRACE_ID WARN  http-nio-8888-exec-4 Generator4MethodAccessor field not found limit of object class name com.sparrow.security.admin.protocol.query.AppQuery
2026-10-04 13:58:25.597 TRACE_ID WARN  http-nio-8888-exec-3 Generator4MethodAccessor field not found limit of object class name com.sparrow.security.admin.dao.query.AppDBPagerQuery
2026-10-04 13:58:25.597 TRACE_ID WARN  http-nio-8888-exec-4 Generator4MethodAccessor field not found limit of object class name com.sparrow.security.admin.dao.query.AppDBPagerQuery
2026-10-04 13:58:25.618 TRACE_ID WARN  http-nio-8888-exec-4 Generator4MethodAccessor field not found limit of object class name com.sparrow.security.admin.protocol.query.AppQuery
2026-10-04 13:58:25.618 TRACE_ID WARN  http-nio-8888-exec-3 Generator4MethodAccessor field not found limit of object class name com.sparrow.security.admin.protocol.query.AppQuery
2026-10-04 13:58:25.618 TRACE_ID WARN  http-nio-8888-exec-4 Generator4MethodAccessor field not found limit of object class name com.sparrow.security.admin.dao.query.AppDBPagerQuery
2026-10-04 13:58:25.618 TRACE_ID WARN  http-nio-8888-exec-3 Generator4MethodAccessor field not found limit of object class name com.sparrow.security.admin.dao.query.AppDBPagerQuery
2026-10-04 13:58:25.621 TRACE_ID WARN  http-nio-8888-exec-4 Generator4MethodAccessor field not found displayText of object class name com.sparrow.security.po.App
2026-10-04 13:58:25.621 TRACE_ID WARN  http-nio-8888-exec-3 Generator4MethodAccessor field not found displayText of object class name com.sparrow.security.po.App
2026-10-04 13:58:43.071 TRACE_ID WARN  http-nio-8888-exec-8 Generator4MethodAccessor field not found limit of object class name com.sparrow.security.admin.protocol.query.MicroServiceQuery
2026-10-04 13:58:43.071 TRACE_ID WARN  http-nio-8888-exec-7 Generator4MethodAccessor field not found limit of object class name com.sparrow.security.admin.protocol.query.MicroServiceQuery
2026-10-04 13:58:43.071 TRACE_ID WARN  http-nio-8888-exec-8 Generator4MethodAccessor field not found limit of object class name com.sparrow.security.admin.dao.query.MicroServiceDBPagerQuery
2026-10-04 13:58:43.071 TRACE_ID WARN  http-nio-8888-exec-7 Generator4MethodAccessor field not found limit of object class name com.sparrow.security.admin.dao.query.MicroServiceDBPagerQuery
2026-10-04 13:58:43.084 TRACE_ID WARN  http-nio-8888-exec-8 Generator4MethodAccessor field not found limit of object class name com.sparrow.security.admin.protocol.query.AppQuery
2026-10-04 13:58:43.084 TRACE_ID WARN  http-nio-8888-exec-8 Generator4MethodAccessor field not found limit of object class name com.sparrow.security.admin.dao.query.AppDBPagerQuery
2026-10-04 13:58:43.084 TRACE_ID WARN  http-nio-8888-exec-7 Generator4MethodAccessor field not found limit of object class name com.sparrow.security.admin.protocol.query.AppQuery
2026-10-04 13:58:43.084 TRACE_ID WARN  http-nio-8888-exec-7 Generator4MethodAccessor field not found limit of object class name com.sparrow.security.admin.dao.query.AppDBPagerQuery
2026-10-04 13:58:43.086 TRACE_ID WARN  http-nio-8888-exec-7 Generator4MethodAccessor field not found displayText of object class name com.sparrow.security.po.App
2026-10-04 13:58:43.086 TRACE_ID WARN  http-nio-8888-exec-8 Generator4MethodAccessor field not found displayText of object class name com.sparrow.security.po.App
2026-10-04 13:59:39.599 TRACE_ID WARN  http-nio-8888-exec-3 Generator4MethodAccessor field not found displayText of object class name com.sparrow.security.admin.protocol.param.MicroServiceParam
2026-10-04 13:59:39.599 TRACE_ID WARN  http-nio-8888-exec-3 Generator4MethodAccessor field not found displayText of object class name com.sparrow.security.po.MicroService
2026-10-04 13:59:39.599 TRACE_ID WARN  http-nio-8888-exec-3 Generator4MethodAccessor field not found status of object class name com.sparrow.security.admin.protocol.param.MicroServiceParam
2026-10-04 13:59:39.599 TRACE_ID WARN  http-nio-8888-exec-3 Generator4MethodAccessor field not found deleted of object class name com.sparrow.security.admin.protocol.param.MicroServiceParam
2026-10-04 13:59:39.600 TRACE_ID WARN  http-nio-8888-exec-3 Generator4MethodAccessor field not found createUserId of object class name com.sparrow.security.admin.protocol.param.MicroServiceParam
2026-10-04 13:59:39.600 TRACE_ID WARN  http-nio-8888-exec-3 Generator4MethodAccessor field not found modifiedUserId of object class name com.sparrow.security.admin.protocol.param.MicroServiceParam
2026-10-04 13:59:39.600 TRACE_ID WARN  http-nio-8888-exec-3 Generator4MethodAccessor field not found gmtCreate of object class name com.sparrow.security.admin.protocol.param.MicroServiceParam
2026-10-04 13:59:39.600 TRACE_ID WARN  http-nio-8888-exec-3 Generator4MethodAccessor field not found gmtModified of object class name com.sparrow.security.admin.protocol.param.MicroServiceParam
2026-10-04 13:59:39.600 TRACE_ID WARN  http-nio-8888-exec-3 Generator4MethodAccessor field not found createUserName of object class name com.sparrow.security.admin.protocol.param.MicroServiceParam
2026-10-04 13:59:39.600 TRACE_ID WARN  http-nio-8888-exec-3 Generator4MethodAccessor field not found modifiedUserName of object class name com.sparrow.security.admin.protocol.param.MicroServiceParam
2026-10-04 14:00:44.519 TRACE_ID WARN  http-nio-8888-exec-8 Generator4MethodAccessor field not found displayText of object class name com.sparrow.security.admin.protocol.param.MicroServiceParam
2026-10-04 14:00:44.520 TRACE_ID WARN  http-nio-8888-exec-8 Generator4MethodAccessor field not found displayText of object class name com.sparrow.security.po.MicroService
2026-10-04 14:00:44.520 TRACE_ID WARN  http-nio-8888-exec-8 Generator4MethodAccessor field not found status of object class name com.sparrow.security.admin.protocol.param.MicroServiceParam
2026-10-04 14:00:44.520 TRACE_ID WARN  http-nio-8888-exec-8 Generator4MethodAccessor field not found deleted of object class name com.sparrow.security.admin.protocol.param.MicroServiceParam
2026-10-04 14:00:44.520 TRACE_ID WARN  http-nio-8888-exec-8 Generator4MethodAccessor field not found createUserId of object class name com.sparrow.security.admin.protocol.param.MicroServiceParam
2026-10-04 14:00:44.520 TRACE_ID WARN  http-nio-8888-exec-8 Generator4MethodAccessor field not found modifiedUserId of object class name com.sparrow.security.admin.protocol.param.MicroServiceParam
2026-10-04 14:00:44.520 TRACE_ID WARN  http-nio-8888-exec-8 Generator4MethodAccessor field not found gmtCreate of object class name com.sparrow.security.admin.protocol.param.MicroServiceParam
2026-10-04 14:00:44.520 TRACE_ID WARN  http-nio-8888-exec-8 Generator4MethodAccessor field not found gmtModified of object class name com.sparrow.security.admin.protocol.param.MicroServiceParam
2026-10-04 14:00:44.520 TRACE_ID WARN  http-nio-8888-exec-8 Generator4MethodAccessor field not found createUserName of object class name com.sparrow.security.admin.protocol.param.MicroServiceParam
2026-10-04 14:00:44.520 TRACE_ID WARN  http-nio-8888-exec-8 Generator4MethodAccessor field not found modifiedUserName of object class name com.sparrow.security.admin.protocol.param.MicroServiceParam
2026-10-04 14:00:44.561 TRACE_ID WARN  http-nio-8888-exec-9 Generator4MethodAccessor field not found limit of object class name com.sparrow.security.admin.protocol.query.MicroServiceQuery
2026-10-04 14:00:44.562 TRACE_ID WARN  http-nio-8888-exec-9 Generator4MethodAccessor field not found limit of object class name com.sparrow.security.admin.dao.query.MicroServiceDBPagerQuery
2026-10-04 14:00:44.565 TRACE_ID WARN  http-nio-8888-exec-9 Generator4MethodAccessor field not found limit of object class name com.sparrow.security.admin.protocol.query.MicroServiceQuery
2026-10-04 14:00:44.565 TRACE_ID WARN  http-nio-8888-exec-9 Generator4MethodAccessor field not found limit of object class name com.sparrow.security.admin.dao.query.MicroServiceDBPagerQuery
2026-10-04 14:00:44.575 TRACE_ID WARN  http-nio-8888-exec-9 Generator4MethodAccessor field not found displayText of object class name com.sparrow.security.po.MicroService
2026-10-04 14:00:44.576 TRACE_ID WARN  http-nio-8888-exec-9 Generator4MethodAccessor field not found limit of object class name com.sparrow.security.admin.protocol.query.AppQuery
2026-10-04 14:00:44.576 TRACE_ID WARN  http-nio-8888-exec-9 Generator4MethodAccessor field not found limit of object class name com.sparrow.security.admin.dao.query.AppDBPagerQuery
2026-10-04 14:00:44.578 TRACE_ID WARN  http-nio-8888-exec-9 Generator4MethodAccessor field not found displayText of object class name com.sparrow.security.po.App
2026-10-04 14:01:05.052 TRACE_ID WARN  http-nio-8888-exec-4 Generator4MethodAccessor field not found displayText of object class name com.sparrow.security.admin.protocol.param.MicroServiceParam
2026-10-04 14:01:05.052 TRACE_ID WARN  http-nio-8888-exec-4 Generator4MethodAccessor field not found displayText of object class name com.sparrow.security.po.MicroService
2026-10-04 14:01:05.052 TRACE_ID WARN  http-nio-8888-exec-4 Generator4MethodAccessor field not found status of object class name com.sparrow.security.admin.protocol.param.MicroServiceParam
2026-10-04 14:01:05.052 TRACE_ID WARN  http-nio-8888-exec-4 Generator4MethodAccessor field not found deleted of object class name com.sparrow.security.admin.protocol.param.MicroServiceParam
2026-10-04 14:01:05.052 TRACE_ID WARN  http-nio-8888-exec-4 Generator4MethodAccessor field not found createUserId of object class name com.sparrow.security.admin.protocol.param.MicroServiceParam
2026-10-04 14:01:05.052 TRACE_ID WARN  http-nio-8888-exec-4 Generator4MethodAccessor field not found modifiedUserId of object class name com.sparrow.security.admin.protocol.param.MicroServiceParam
2026-10-04 14:01:05.052 TRACE_ID WARN  http-nio-8888-exec-4 Generator4MethodAccessor field not found gmtCreate of object class name com.sparrow.security.admin.protocol.param.MicroServiceParam
2026-10-04 14:01:05.052 TRACE_ID WARN  http-nio-8888-exec-4 Generator4MethodAccessor field not found gmtModified of object class name com.sparrow.security.admin.protocol.param.MicroServiceParam
2026-10-04 14:01:05.052 TRACE_ID WARN  http-nio-8888-exec-4 Generator4MethodAccessor field not found createUserName of object class name com.sparrow.security.admin.protocol.param.MicroServiceParam
2026-10-04 14:01:05.052 TRACE_ID WARN  http-nio-8888-exec-4 Generator4MethodAccessor field not found modifiedUserName of object class name com.sparrow.security.admin.protocol.param.MicroServiceParam
2026-10-04 14:01:05.076 TRACE_ID WARN  http-nio-8888-exec-5 Generator4MethodAccessor field not found limit of object class name com.sparrow.security.admin.protocol.query.MicroServiceQuery
2026-10-04 14:01:05.076 TRACE_ID WARN  http-nio-8888-exec-5 Generator4MethodAccessor field not found limit of object class name com.sparrow.security.admin.dao.query.MicroServiceDBPagerQuery
2026-10-04 14:01:05.077 TRACE_ID WARN  http-nio-8888-exec-5 Generator4MethodAccessor field not found limit of object class name com.sparrow.security.admin.protocol.query.MicroServiceQuery
2026-10-04 14:01:05.077 TRACE_ID WARN  http-nio-8888-exec-5 Generator4MethodAccessor field not found limit of object class name com.sparrow.security.admin.dao.query.MicroServiceDBPagerQuery
2026-10-04 14:01:05.079 TRACE_ID WARN  http-nio-8888-exec-5 Generator4MethodAccessor field not found displayText of object class name com.sparrow.security.po.MicroService
2026-10-04 14:01:05.083 TRACE_ID WARN  http-nio-8888-exec-5 Generator4MethodAccessor field not found limit of object class name com.sparrow.security.admin.protocol.query.AppQuery
2026-10-04 14:01:05.083 TRACE_ID WARN  http-nio-8888-exec-5 Generator4MethodAccessor field not found limit of object class name com.sparrow.security.admin.dao.query.AppDBPagerQuery
2026-10-04 14:01:05.085 TRACE_ID WARN  http-nio-8888-exec-5 Generator4MethodAccessor field not found displayText of object class name com.sparrow.security.po.App
2026-10-04 14:01:07.623 TRACE_ID WARN  http-nio-8888-exec-8 Generator4MethodAccessor field not found limit of object class name com.sparrow.security.admin.protocol.query.MicroServiceQuery
2026-10-04 14:01:07.623 TRACE_ID WARN  http-nio-8888-exec-6 Generator4MethodAccessor field not found limit of object class name com.sparrow.security.admin.protocol.query.MicroServiceQuery
2026-10-04 14:01:07.623 TRACE_ID WARN  http-nio-8888-exec-8 Generator4MethodAccessor field not found limit of object class name com.sparrow.security.admin.dao.query.MicroServiceDBPagerQuery
2026-10-04 14:01:07.623 TRACE_ID WARN  http-nio-8888-exec-6 Generator4MethodAccessor field not found limit of object class name com.sparrow.security.admin.dao.query.MicroServiceDBPagerQuery
2026-10-04 14:01:07.624 TRACE_ID WARN  http-nio-8888-exec-8 Generator4MethodAccessor field not found limit of object class name com.sparrow.security.admin.protocol.query.MicroServiceQuery
2026-10-04 14:01:07.624 TRACE_ID WARN  http-nio-8888-exec-8 Generator4MethodAccessor field not found limit of object class name com.sparrow.security.admin.dao.query.MicroServiceDBPagerQuery
2026-10-04 14:01:07.625 TRACE_ID WARN  http-nio-8888-exec-6 Generator4MethodAccessor field not found limit of object class name com.sparrow.security.admin.protocol.query.MicroServiceQuery
2026-10-04 14:01:07.625 TRACE_ID WARN  http-nio-8888-exec-6 Generator4MethodAccessor field not found limit of object class name com.sparrow.security.admin.dao.query.MicroServiceDBPagerQuery
2026-10-04 14:01:07.625 TRACE_ID WARN  http-nio-8888-exec-8 Generator4MethodAccessor field not found displayText of object class name com.sparrow.security.po.MicroService
2026-10-04 14:01:07.625 TRACE_ID WARN  http-nio-8888-exec-6 Generator4MethodAccessor field not found displayText of object class name com.sparrow.security.po.MicroService
2026-10-04 14:01:07.625 TRACE_ID WARN  http-nio-8888-exec-8 Generator4MethodAccessor field not found limit of object class name com.sparrow.security.admin.protocol.query.AppQuery
2026-10-04 14:01:07.625 TRACE_ID WARN  http-nio-8888-exec-6 Generator4MethodAccessor field not found limit of object class name com.sparrow.security.admin.protocol.query.AppQuery
2026-10-04 14:01:07.626 TRACE_ID WARN  http-nio-8888-exec-8 Generator4MethodAccessor field not found limit of object class name com.sparrow.security.admin.dao.query.AppDBPagerQuery
2026-10-04 14:01:07.626 TRACE_ID WARN  http-nio-8888-exec-6 Generator4MethodAccessor field not found limit of object class name com.sparrow.security.admin.dao.query.AppDBPagerQuery
2026-10-04 14:01:07.626 TRACE_ID WARN  http-nio-8888-exec-6 Generator4MethodAccessor field not found displayText of object class name com.sparrow.security.po.App
2026-10-04 14:01:07.626 TRACE_ID WARN  http-nio-8888-exec-8 Generator4MethodAccessor field not found displayText of object class name com.sparrow.security.po.App
2026-10-04 14:02:21.162 TRACE_ID WARN  http-nio-8888-exec-1 Generator4MethodAccessor field not found status of object class name com.sparrow.coder.protocol.param.TableConfigParam
2026-10-04 14:02:21.163 TRACE_ID WARN  http-nio-8888-exec-1 Generator4MethodAccessor field not found deleted of object class name com.sparrow.coder.protocol.param.TableConfigParam
2026-10-04 14:02:21.163 TRACE_ID WARN  http-nio-8888-exec-1 Generator4MethodAccessor field not found createUserId of object class name com.sparrow.coder.protocol.param.TableConfigParam
2026-10-04 14:02:21.163 TRACE_ID WARN  http-nio-8888-exec-1 Generator4MethodAccessor field not found modifiedUserId of object class name com.sparrow.coder.protocol.param.TableConfigParam
2026-10-04 14:02:21.163 TRACE_ID WARN  http-nio-8888-exec-1 Generator4MethodAccessor field not found gmtCreate of object class name com.sparrow.coder.protocol.param.TableConfigParam
2026-10-04 14:02:21.163 TRACE_ID WARN  http-nio-8888-exec-1 Generator4MethodAccessor field not found gmtModified of object class name com.sparrow.coder.protocol.param.TableConfigParam
2026-10-04 14:02:21.163 TRACE_ID WARN  http-nio-8888-exec-1 Generator4MethodAccessor field not found createUserName of object class name com.sparrow.coder.protocol.param.TableConfigParam
2026-10-04 14:02:21.163 TRACE_ID WARN  http-nio-8888-exec-1 Generator4MethodAccessor field not found modifiedUserName of object class name com.sparrow.coder.protocol.param.TableConfigParam
2026-10-04 14:02:21.184 TRACE_ID WARN  http-nio-8888-exec-4 Generator4MethodAccessor field not found limit of object class name com.sparrow.coder.protocol.query.TableConfigQuery
2026-10-04 14:02:21.184 TRACE_ID WARN  http-nio-8888-exec-4 Generator4MethodAccessor field not found limit of object class name com.sparrow.coder.dao.query.TableConfigDBPagerQuery
2026-10-04 14:02:21.186 TRACE_ID WARN  http-nio-8888-exec-4 Generator4MethodAccessor field not found limit of object class name com.sparrow.coder.protocol.query.TableConfigQuery
2026-10-04 14:02:21.186 TRACE_ID WARN  http-nio-8888-exec-4 Generator4MethodAccessor field not found limit of object class name com.sparrow.coder.dao.query.TableConfigDBPagerQuery
2026-10-04 14:02:21.192 TRACE_ID WARN  http-nio-8888-exec-4 Generator4MethodAccessor field not found limit of object class name com.sparrow.coder.protocol.query.ProjectConfigQuery
2026-10-04 14:02:21.192 TRACE_ID WARN  http-nio-8888-exec-4 Generator4MethodAccessor field not found limit of object class name com.sparrow.coder.dao.query.ProjectConfigDBPagerQuery
2026-10-04 14:02:21.195 TRACE_ID WARN  http-nio-8888-exec-4 Generator4MethodAccessor field not found displayText of object class name com.sparrow.coder.po.ProjectConfig
2026-10-04 14:03:49.707 TRACE_ID WARN  http-nio-8888-exec-6 Generator4MethodAccessor field not found status of object class name com.sparrow.coder.protocol.param.TableConfigParam
2026-10-04 14:03:49.707 TRACE_ID WARN  http-nio-8888-exec-6 Generator4MethodAccessor field not found deleted of object class name com.sparrow.coder.protocol.param.TableConfigParam
2026-10-04 14:03:49.707 TRACE_ID WARN  http-nio-8888-exec-6 Generator4MethodAccessor field not found createUserId of object class name com.sparrow.coder.protocol.param.TableConfigParam
2026-10-04 14:03:49.707 TRACE_ID WARN  http-nio-8888-exec-6 Generator4MethodAccessor field not found modifiedUserId of object class name com.sparrow.coder.protocol.param.TableConfigParam
2026-10-04 14:03:49.707 TRACE_ID WARN  http-nio-8888-exec-6 Generator4MethodAccessor field not found gmtCreate of object class name com.sparrow.coder.protocol.param.TableConfigParam
2026-10-04 14:03:49.707 TRACE_ID WARN  http-nio-8888-exec-6 Generator4MethodAccessor field not found gmtModified of object class name com.sparrow.coder.protocol.param.TableConfigParam
2026-10-04 14:03:49.707 TRACE_ID WARN  http-nio-8888-exec-6 Generator4MethodAccessor field not found createUserName of object class name com.sparrow.coder.protocol.param.TableConfigParam
2026-10-04 14:03:49.707 TRACE_ID WARN  http-nio-8888-exec-6 Generator4MethodAccessor field not found modifiedUserName of object class name com.sparrow.coder.protocol.param.TableConfigParam
2026-10-04 14:03:57.564 TRACE_ID WARN  http-nio-8888-exec-7 Generator4MethodAccessor field not found displayText of object class name com.sparrow.coder.po.ProjectConfig
2026-10-04 14:03:57.565 TRACE_ID WARN  http-nio-8888-exec-7 Generator4MethodAccessor field not found limit of object class name com.sparrow.coder.protocol.query.TableConfigQuery
2026-10-04 14:03:57.565 TRACE_ID WARN  http-nio-8888-exec-7 Generator4MethodAccessor field not found limit of object class name com.sparrow.coder.dao.query.TableConfigDBPagerQuery
2026-10-04 14:03:59.194 TRACE_ID WARN  http-nio-8888-exec-10 Generator4MethodAccessor field not found limit of object class name com.sparrow.security.admin.protocol.query.MicroServiceQuery
2026-10-04 14:03:59.194 TRACE_ID WARN  http-nio-8888-exec-10 Generator4MethodAccessor field not found limit of object class name com.sparrow.security.admin.dao.query.MicroServiceDBPagerQuery
2026-10-04 14:03:59.196 TRACE_ID WARN  http-nio-8888-exec-10 Generator4MethodAccessor field not found limit of object class name com.sparrow.security.admin.protocol.query.MicroServiceQuery
2026-10-04 14:03:59.197 TRACE_ID WARN  http-nio-8888-exec-10 Generator4MethodAccessor field not found limit of object class name com.sparrow.security.admin.dao.query.MicroServiceDBPagerQuery
2026-10-04 14:03:59.199 TRACE_ID WARN  http-nio-8888-exec-10 Generator4MethodAccessor field not found displayText of object class name com.sparrow.security.po.MicroService
2026-10-04 14:03:59.200 TRACE_ID WARN  http-nio-8888-exec-10 Generator4MethodAccessor field not found limit of object class name com.sparrow.security.admin.protocol.query.AppQuery
2026-10-04 14:03:59.200 TRACE_ID WARN  http-nio-8888-exec-10 Generator4MethodAccessor field not found limit of object class name com.sparrow.security.admin.dao.query.AppDBPagerQuery
2026-10-04 14:03:59.201 TRACE_ID WARN  http-nio-8888-exec-10 Generator4MethodAccessor field not found displayText of object class name com.sparrow.security.po.App
2026-10-04 14:03:59.291 TRACE_ID WARN  http-nio-8888-exec-2 Generator4MethodAccessor field not found limit of object class name com.sparrow.coder.protocol.query.TableConfigQuery
2026-10-04 14:03:59.291 TRACE_ID WARN  http-nio-8888-exec-2 Generator4MethodAccessor field not found limit of object class name com.sparrow.coder.dao.query.TableConfigDBPagerQuery
2026-10-04 14:03:59.292 TRACE_ID WARN  http-nio-8888-exec-2 Generator4MethodAccessor field not found limit of object class name com.sparrow.coder.protocol.query.TableConfigQuery
2026-10-04 14:03:59.292 TRACE_ID WARN  http-nio-8888-exec-2 Generator4MethodAccessor field not found limit of object class name com.sparrow.coder.dao.query.TableConfigDBPagerQuery
2026-10-04 14:03:59.294 TRACE_ID WARN  http-nio-8888-exec-2 Generator4MethodAccessor field not found limit of object class name com.sparrow.coder.protocol.query.ProjectConfigQuery
2026-10-04 14:03:59.294 TRACE_ID WARN  http-nio-8888-exec-2 Generator4MethodAccessor field not found limit of object class name com.sparrow.coder.dao.query.ProjectConfigDBPagerQuery
2026-10-04 14:03:59.295 TRACE_ID WARN  http-nio-8888-exec-2 Generator4MethodAccessor field not found displayText of object class name com.sparrow.coder.po.ProjectConfig
2026-10-04 14:05:01.023 TRACE_ID WARN  http-nio-8888-exec-4 Generator4MethodAccessor field not found limit of object class name com.sparrow.security.admin.protocol.query.OrganizationQuery
2026-10-04 14:05:01.023 TRACE_ID WARN  http-nio-8888-exec-3 Generator4MethodAccessor field not found limit of object class name com.sparrow.security.admin.protocol.query.OrganizationQuery
2026-10-04 14:05:01.023 TRACE_ID WARN  http-nio-8888-exec-3 Generator4MethodAccessor field not found limit of object class name com.sparrow.security.admin.dao.query.OrganizationDBPagerQuery
2026-10-04 14:05:01.023 TRACE_ID WARN  http-nio-8888-exec-4 Generator4MethodAccessor field not found limit of object class name com.sparrow.security.admin.dao.query.OrganizationDBPagerQuery
2026-10-04 14:05:01.075 TRACE_ID WARN  http-nio-8888-exec-3 Generator4MethodAccessor field not found limit of object class name com.sparrow.security.admin.protocol.query.OrganizationQuery
2026-10-04 14:05:01.075 TRACE_ID WARN  http-nio-8888-exec-3 Generator4MethodAccessor field not found limit of object class name com.sparrow.security.admin.dao.query.OrganizationDBPagerQuery
2026-10-04 14:05:01.079 TRACE_ID WARN  http-nio-8888-exec-4 Generator4MethodAccessor field not found limit of object class name com.sparrow.security.admin.protocol.query.OrganizationQuery
2026-10-04 14:05:01.079 TRACE_ID WARN  http-nio-8888-exec-4 Generator4MethodAccessor field not found limit of object class name com.sparrow.security.admin.dao.query.OrganizationDBPagerQuery
2026-10-04 14:07:32.779 TRACE_ID WARN  http-nio-8888-exec-7 Generator4MethodAccessor field not found limit of object class name com.sparrow.security.admin.protocol.query.OrganizationQuery
2026-10-04 14:07:32.779 TRACE_ID WARN  http-nio-8888-exec-9 Generator4MethodAccessor field not found limit of object class name com.sparrow.security.admin.protocol.query.OrganizationQuery
2026-10-04 14:07:32.780 TRACE_ID WARN  http-nio-8888-exec-7 Generator4MethodAccessor field not found limit of object class name com.sparrow.security.admin.dao.query.OrganizationDBPagerQuery
2026-10-04 14:07:32.780 TRACE_ID WARN  http-nio-8888-exec-9 Generator4MethodAccessor field not found limit of object class name com.sparrow.security.admin.dao.query.OrganizationDBPagerQuery
2026-10-04 14:07:32.793 TRACE_ID WARN  http-nio-8888-exec-9 Generator4MethodAccessor field not found limit of object class name com.sparrow.security.admin.protocol.query.OrganizationQuery
2026-10-04 14:07:32.793 TRACE_ID WARN  http-nio-8888-exec-9 Generator4MethodAccessor field not found limit of object class name com.sparrow.security.admin.dao.query.OrganizationDBPagerQuery
2026-10-04 14:07:32.793 TRACE_ID WARN  http-nio-8888-exec-7 Generator4MethodAccessor field not found limit of object class name com.sparrow.security.admin.protocol.query.OrganizationQuery
2026-10-04 14:07:32.793 TRACE_ID WARN  http-nio-8888-exec-7 Generator4MethodAccessor field not found limit of object class name com.sparrow.security.admin.dao.query.OrganizationDBPagerQuery
2026-10-04 15:10:31.912 TRACE_ID WARN  http-nio-8888-exec-2 Generator4MethodAccessor field not found displayText of object class name com.sparrow.coder.po.ProjectConfig
2026-10-04 15:10:31.913 TRACE_ID WARN  http-nio-8888-exec-2 Generator4MethodAccessor field not found limit of object class name com.sparrow.coder.protocol.query.TableConfigQuery
2026-10-04 15:10:31.913 TRACE_ID WARN  http-nio-8888-exec-2 Generator4MethodAccessor field not found limit of object class name com.sparrow.coder.dao.query.TableConfigDBPagerQuery
2026-10-04 15:10:38.458 TRACE_ID WARN  http-nio-8888-exec-6 Generator4MethodAccessor field not found limit of object class name com.sparrow.security.admin.protocol.query.OrganizationQuery
2026-10-04 15:10:38.458 TRACE_ID WARN  http-nio-8888-exec-5 Generator4MethodAccessor field not found limit of object class name com.sparrow.security.admin.protocol.query.OrganizationQuery
2026-10-04 15:10:38.459 TRACE_ID WARN  http-nio-8888-exec-6 Generator4MethodAccessor field not found limit of object class name com.sparrow.security.admin.dao.query.OrganizationDBPagerQuery
2026-10-04 15:10:38.459 TRACE_ID WARN  http-nio-8888-exec-5 Generator4MethodAccessor field not found limit of object class name com.sparrow.security.admin.dao.query.OrganizationDBPagerQuery
2026-10-04 15:10:38.488 TRACE_ID WARN  http-nio-8888-exec-6 Generator4MethodAccessor field not found limit of object class name com.sparrow.security.admin.protocol.query.OrganizationQuery
2026-10-04 15:10:38.488 TRACE_ID WARN  http-nio-8888-exec-6 Generator4MethodAccessor field not found limit of object class name com.sparrow.security.admin.dao.query.OrganizationDBPagerQuery
2026-10-04 15:10:38.489 TRACE_ID WARN  http-nio-8888-exec-5 Generator4MethodAccessor field not found limit of object class name com.sparrow.security.admin.protocol.query.OrganizationQuery
2026-10-04 15:10:38.489 TRACE_ID WARN  http-nio-8888-exec-5 Generator4MethodAccessor field not found limit of object class name com.sparrow.security.admin.dao.query.OrganizationDBPagerQuery
2026-10-04 15:18:12.096 TRACE_ID WARN  http-nio-8888-exec-2 Generator4MethodAccessor field not found displayText of object class name com.sparrow.coder.po.ProjectConfig
2026-10-04 15:18:12.096 TRACE_ID WARN  http-nio-8888-exec-2 Generator4MethodAccessor field not found limit of object class name com.sparrow.coder.protocol.query.TableConfigQuery
2026-10-04 15:18:12.096 TRACE_ID WARN  http-nio-8888-exec-2 Generator4MethodAccessor field not found limit of object class name com.sparrow.coder.dao.query.TableConfigDBPagerQuery
2026-10-04 15:18:45.175 TRACE_ID WARN  http-nio-8888-exec-6 Generator4MethodAccessor field not found limit of object class name com.sparrow.coder.protocol.query.ProjectConfigQuery
2026-10-04 15:18:45.175 TRACE_ID WARN  http-nio-8888-exec-5 Generator4MethodAccessor field not found limit of object class name com.sparrow.coder.protocol.query.ProjectConfigQuery
2026-10-04 15:18:45.175 TRACE_ID WARN  http-nio-8888-exec-6 Generator4MethodAccessor field not found limit of object class name com.sparrow.coder.dao.query.ProjectConfigDBPagerQuery
2026-10-04 15:18:45.175 TRACE_ID WARN  http-nio-8888-exec-5 Generator4MethodAccessor field not found limit of object class name com.sparrow.coder.dao.query.ProjectConfigDBPagerQuery
2026-10-04 15:18:45.204 TRACE_ID WARN  http-nio-8888-exec-6 Generator4MethodAccessor field not found limit of object class name com.sparrow.coder.protocol.query.ProjectConfigQuery
2026-10-04 15:18:45.204 TRACE_ID WARN  http-nio-8888-exec-5 Generator4MethodAccessor field not found limit of object class name com.sparrow.coder.protocol.query.ProjectConfigQuery
2026-10-04 15:18:45.204 TRACE_ID WARN  http-nio-8888-exec-6 Generator4MethodAccessor field not found limit of object class name com.sparrow.coder.dao.query.ProjectConfigDBPagerQuery
2026-10-04 15:18:45.204 TRACE_ID WARN  http-nio-8888-exec-5 Generator4MethodAccessor field not found limit of object class name com.sparrow.coder.dao.query.ProjectConfigDBPagerQuery
2026-10-04 15:18:45.207 TRACE_ID WARN  http-nio-8888-exec-5 Generator4MethodAccessor field not found displayText of object class name com.sparrow.coder.po.ProjectConfig
2026-10-04 15:18:45.208 TRACE_ID WARN  http-nio-8888-exec-6 Generator4MethodAccessor field not found displayText of object class name com.sparrow.coder.po.ProjectConfig
2026-10-04 15:22:23.036 TRACE_ID WARN  http-nio-8888-exec-10 Generator4MethodAccessor field not found limit of object class name com.sparrow.coder.protocol.query.ProjectConfigQuery
2026-10-04 15:22:23.037 TRACE_ID WARN  http-nio-8888-exec-10 Generator4MethodAccessor field not found limit of object class name com.sparrow.coder.dao.query.ProjectConfigDBPagerQuery
2026-10-04 15:22:23.043 TRACE_ID WARN  http-nio-8888-exec-10 Generator4MethodAccessor field not found limit of object class name com.sparrow.coder.protocol.query.ProjectConfigQuery
2026-10-04 15:22:23.043 TRACE_ID WARN  http-nio-8888-exec-10 Generator4MethodAccessor field not found limit of object class name com.sparrow.coder.dao.query.ProjectConfigDBPagerQuery
2026-10-04 15:22:23.046 TRACE_ID WARN  http-nio-8888-exec-10 Generator4MethodAccessor field not found displayText of object class name com.sparrow.coder.po.ProjectConfig
2026-10-04 15:22:23.180 TRACE_ID WARN  http-nio-8888-exec-4 Generator4MethodAccessor field not found limit of object class name com.sparrow.security.admin.protocol.query.MicroServiceQuery
2026-10-04 15:22:23.180 TRACE_ID WARN  http-nio-8888-exec-3 Generator4MethodAccessor field not found limit of object class name com.sparrow.security.admin.protocol.query.MicroServiceQuery
2026-10-04 15:22:23.180 TRACE_ID WARN  http-nio-8888-exec-3 Generator4MethodAccessor field not found limit of object class name com.sparrow.security.admin.dao.query.MicroServiceDBPagerQuery
2026-10-04 15:22:23.180 TRACE_ID WARN  http-nio-8888-exec-4 Generator4MethodAccessor field not found limit of object class name com.sparrow.security.admin.dao.query.MicroServiceDBPagerQuery
2026-10-04 15:22:23.198 TRACE_ID WARN  http-nio-8888-exec-4 Generator4MethodAccessor field not found limit of object class name com.sparrow.security.admin.protocol.query.MicroServiceQuery
2026-10-04 15:22:23.198 TRACE_ID WARN  http-nio-8888-exec-3 Generator4MethodAccessor field not found limit of object class name com.sparrow.security.admin.protocol.query.MicroServiceQuery
2026-10-04 15:22:23.198 TRACE_ID WARN  http-nio-8888-exec-3 Generator4MethodAccessor field not found limit of object class name com.sparrow.security.admin.dao.query.MicroServiceDBPagerQuery
2026-10-04 15:22:23.198 TRACE_ID WARN  http-nio-8888-exec-4 Generator4MethodAccessor field not found limit of object class name com.sparrow.security.admin.dao.query.MicroServiceDBPagerQuery
2026-10-04 15:22:23.201 TRACE_ID WARN  http-nio-8888-exec-4 Generator4MethodAccessor field not found displayText of object class name com.sparrow.security.po.MicroService
2026-10-04 15:22:23.201 TRACE_ID WARN  http-nio-8888-exec-3 Generator4MethodAccessor field not found displayText of object class name com.sparrow.security.po.MicroService
2026-10-04 15:23:36.233 TRACE_ID WARN  http-nio-8888-exec-10 Generator4MethodAccessor field not found limit of object class name com.sparrow.coder.protocol.query.TableConfigQuery
2026-10-04 15:23:36.233 TRACE_ID WARN  http-nio-8888-exec-9 Generator4MethodAccessor field not found limit of object class name com.sparrow.coder.protocol.query.TableConfigQuery
2026-10-04 15:23:36.233 TRACE_ID WARN  http-nio-8888-exec-10 Generator4MethodAccessor field not found limit of object class name com.sparrow.coder.dao.query.TableConfigDBPagerQuery
2026-10-04 15:23:36.233 TRACE_ID WARN  http-nio-8888-exec-9 Generator4MethodAccessor field not found limit of object class name com.sparrow.coder.dao.query.TableConfigDBPagerQuery
2026-10-04 15:23:36.253 TRACE_ID WARN  http-nio-8888-exec-9 Generator4MethodAccessor field not found limit of object class name com.sparrow.coder.protocol.query.TableConfigQuery
2026-10-04 15:23:36.253 TRACE_ID WARN  http-nio-8888-exec-10 Generator4MethodAccessor field not found limit of object class name com.sparrow.coder.protocol.query.TableConfigQuery
2026-10-04 15:23:36.253 TRACE_ID WARN  http-nio-8888-exec-9 Generator4MethodAccessor field not found limit of object class name com.sparrow.coder.dao.query.TableConfigDBPagerQuery
2026-10-04 15:23:36.253 TRACE_ID WARN  http-nio-8888-exec-10 Generator4MethodAccessor field not found limit of object class name com.sparrow.coder.dao.query.TableConfigDBPagerQuery
2026-10-04 15:23:36.259 TRACE_ID WARN  http-nio-8888-exec-10 Generator4MethodAccessor field not found limit of object class name com.sparrow.coder.protocol.query.ProjectConfigQuery
2026-10-04 15:23:36.259 TRACE_ID WARN  http-nio-8888-exec-9 Generator4MethodAccessor field not found limit of object class name com.sparrow.coder.protocol.query.ProjectConfigQuery
2026-10-04 15:23:36.259 TRACE_ID WARN  http-nio-8888-exec-10 Generator4MethodAccessor field not found limit of object class name com.sparrow.coder.dao.query.ProjectConfigDBPagerQuery
2026-10-04 15:23:36.260 TRACE_ID WARN  http-nio-8888-exec-9 Generator4MethodAccessor field not found limit of object class name com.sparrow.coder.dao.query.ProjectConfigDBPagerQuery
2026-10-04 15:23:36.265 TRACE_ID WARN  http-nio-8888-exec-9 Generator4MethodAccessor field not found displayText of object class name com.sparrow.coder.po.ProjectConfig
2026-10-04 15:23:36.266 TRACE_ID WARN  http-nio-8888-exec-10 Generator4MethodAccessor field not found displayText of object class name com.sparrow.coder.po.ProjectConfig
2026-10-04 15:23:38.992 TRACE_ID WARN  http-nio-8888-exec-1 Generator4MethodAccessor field not found displayText of object class name com.sparrow.coder.po.ProjectConfig
2026-10-04 15:23:38.993 TRACE_ID WARN  http-nio-8888-exec-1 Generator4MethodAccessor field not found limit of object class name com.sparrow.coder.protocol.query.TableConfigQuery
2026-10-04 15:23:38.993 TRACE_ID WARN  http-nio-8888-exec-1 Generator4MethodAccessor field not found limit of object class name com.sparrow.coder.dao.query.TableConfigDBPagerQuery
2026-10-04 15:25:01.106 TRACE_ID WARN  http-nio-8888-exec-5 Generator4MethodAccessor field not found displayText of object class name com.sparrow.coder.po.ProjectConfig
2026-10-04 15:25:01.107 TRACE_ID WARN  http-nio-8888-exec-5 Generator4MethodAccessor field not found limit of object class name com.sparrow.coder.protocol.query.TableConfigQuery
2026-10-04 15:25:01.107 TRACE_ID WARN  http-nio-8888-exec-5 Generator4MethodAccessor field not found limit of object class name com.sparrow.coder.dao.query.TableConfigDBPagerQuery
2026-10-04 15:26:42.801 TRACE_ID WARN  http-nio-8888-exec-7 Generator4MethodAccessor field not found displayText of object class name com.sparrow.coder.po.ProjectConfig
2026-10-04 15:26:42.802 TRACE_ID WARN  http-nio-8888-exec-7 Generator4MethodAccessor field not found limit of object class name com.sparrow.coder.protocol.query.TableConfigQuery
2026-10-04 15:26:42.802 TRACE_ID WARN  http-nio-8888-exec-7 Generator4MethodAccessor field not found limit of object class name com.sparrow.coder.dao.query.TableConfigDBPagerQuery
2026-10-04 15:29:24.013 TRACE_ID WARN  http-nio-8888-exec-10 Generator4MethodAccessor field not found displayText of object class name com.sparrow.coder.po.ProjectConfig
2026-10-04 15:29:24.014 TRACE_ID WARN  http-nio-8888-exec-10 Generator4MethodAccessor field not found limit of object class name com.sparrow.coder.protocol.query.TableConfigQuery
2026-10-04 15:29:24.014 TRACE_ID WARN  http-nio-8888-exec-10 Generator4MethodAccessor field not found limit of object class name com.sparrow.coder.dao.query.TableConfigDBPagerQuery
2026-10-04 15:30:31.090 TRACE_ID WARN  http-nio-8888-exec-1 Generator4MethodAccessor field not found displayText of object class name com.sparrow.coder.po.ProjectConfig
2026-10-04 15:30:31.091 TRACE_ID WARN  http-nio-8888-exec-1 Generator4MethodAccessor field not found limit of object class name com.sparrow.coder.protocol.query.TableConfigQuery
2026-10-04 15:30:31.091 TRACE_ID WARN  http-nio-8888-exec-1 Generator4MethodAccessor field not found limit of object class name com.sparrow.coder.dao.query.TableConfigDBPagerQuery
2026-10-04 15:31:19.567 TRACE_ID WARN  http-nio-8888-exec-3 Generator4MethodAccessor field not found displayText of object class name com.sparrow.coder.po.ProjectConfig
2026-10-04 15:31:19.568 TRACE_ID WARN  http-nio-8888-exec-3 Generator4MethodAccessor field not found limit of object class name com.sparrow.coder.protocol.query.TableConfigQuery
2026-10-04 15:31:19.569 TRACE_ID WARN  http-nio-8888-exec-3 Generator4MethodAccessor field not found limit of object class name com.sparrow.coder.dao.query.TableConfigDBPagerQuery
2026-10-04 15:31:41.636 TRACE_ID WARN  http-nio-8888-exec-5 Generator4MethodAccessor field not found displayText of object class name com.sparrow.coder.po.ProjectConfig
2026-10-04 15:31:41.637 TRACE_ID WARN  http-nio-8888-exec-5 Generator4MethodAccessor field not found limit of object class name com.sparrow.coder.protocol.query.TableConfigQuery
2026-10-04 15:31:41.637 TRACE_ID WARN  http-nio-8888-exec-5 Generator4MethodAccessor field not found limit of object class name com.sparrow.coder.dao.query.TableConfigDBPagerQuery
2026-10-04 15:31:57.433 TRACE_ID WARN  http-nio-8888-exec-7 Generator4MethodAccessor field not found displayText of object class name com.sparrow.coder.po.ProjectConfig
2026-10-04 15:31:57.434 TRACE_ID WARN  http-nio-8888-exec-7 Generator4MethodAccessor field not found limit of object class name com.sparrow.coder.protocol.query.TableConfigQuery
2026-10-04 15:31:57.434 TRACE_ID WARN  http-nio-8888-exec-7 Generator4MethodAccessor field not found limit of object class name com.sparrow.coder.dao.query.TableConfigDBPagerQuery
2026-10-04 15:33:33.256 TRACE_ID WARN  http-nio-8888-exec-10 Generator4MethodAccessor field not found displayText of object class name com.sparrow.coder.po.ProjectConfig
2026-10-04 15:33:33.257 TRACE_ID WARN  http-nio-8888-exec-10 Generator4MethodAccessor field not found limit of object class name com.sparrow.coder.protocol.query.TableConfigQuery
2026-10-04 15:33:33.257 TRACE_ID WARN  http-nio-8888-exec-10 Generator4MethodAccessor field not found limit of object class name com.sparrow.coder.dao.query.TableConfigDBPagerQuery
2026-10-04 15:36:08.493 TRACE_ID WARN  http-nio-8888-exec-1 Generator4MethodAccessor field not found displayText of object class name com.sparrow.coder.po.ProjectConfig
2026-10-04 15:36:08.498 TRACE_ID WARN  http-nio-8888-exec-1 Generator4MethodAccessor field not found limit of object class name com.sparrow.coder.protocol.query.TableConfigQuery
2026-10-04 15:36:08.498 TRACE_ID WARN  http-nio-8888-exec-1 Generator4MethodAccessor field not found limit of object class name com.sparrow.coder.dao.query.TableConfigDBPagerQuery
2026-10-04 15:39:11.656 TRACE_ID WARN  http-nio-8888-exec-3 Generator4MethodAccessor field not found displayText of object class name com.sparrow.coder.po.ProjectConfig
2026-10-04 15:39:11.733 TRACE_ID WARN  http-nio-8888-exec-3 Generator4MethodAccessor field not found limit of object class name com.sparrow.coder.protocol.query.TableConfigQuery
2026-10-04 15:39:11.733 TRACE_ID WARN  http-nio-8888-exec-3 Generator4MethodAccessor field not found limit of object class name com.sparrow.coder.dao.query.TableConfigDBPagerQuery
2026-10-04 15:44:07.056 TRACE_ID WARN  http-nio-8888-exec-2 Generator4MethodAccessor field not found displayText of object class name com.sparrow.coder.po.ProjectConfig
2026-10-04 15:44:09.796 TRACE_ID WARN  http-nio-8888-exec-2 Generator4MethodAccessor field not found limit of object class name com.sparrow.coder.protocol.query.TableConfigQuery
2026-10-04 15:44:09.796 TRACE_ID WARN  http-nio-8888-exec-2 Generator4MethodAccessor field not found limit of object class name com.sparrow.coder.dao.query.TableConfigDBPagerQuery
2026-10-04 15:44:34.800 TRACE_ID WARN  http-nio-8888-exec-6 Generator4MethodAccessor field not found limit of object class name com.sparrow.security.admin.protocol.query.OrganizationQuery
2026-10-04 15:44:34.800 TRACE_ID WARN  http-nio-8888-exec-5 Generator4MethodAccessor field not found limit of object class name com.sparrow.security.admin.protocol.query.OrganizationQuery
2026-10-04 15:44:34.800 TRACE_ID WARN  http-nio-8888-exec-5 Generator4MethodAccessor field not found limit of object class name com.sparrow.security.admin.dao.query.OrganizationDBPagerQuery
2026-10-04 15:44:34.800 TRACE_ID WARN  http-nio-8888-exec-6 Generator4MethodAccessor field not found limit of object class name com.sparrow.security.admin.dao.query.OrganizationDBPagerQuery
2026-10-04 15:47:12.455 TRACE_ID WARN  http-nio-8888-exec-10 Generator4MethodAccessor field not found displayText of object class name com.sparrow.coder.po.ProjectConfig
2026-10-04 15:47:12.457 TRACE_ID WARN  http-nio-8888-exec-10 Generator4MethodAccessor field not found limit of object class name com.sparrow.coder.protocol.query.TableConfigQuery
2026-10-04 15:47:12.457 TRACE_ID WARN  http-nio-8888-exec-10 Generator4MethodAccessor field not found limit of object class name com.sparrow.coder.dao.query.TableConfigDBPagerQuery
2026-10-04 15:49:00.706 TRACE_ID WARN  http-nio-8888-exec-2 Generator4MethodAccessor field not found displayText of object class name com.sparrow.coder.po.ProjectConfig
2026-10-04 15:49:00.707 TRACE_ID WARN  http-nio-8888-exec-2 Generator4MethodAccessor field not found limit of object class name com.sparrow.coder.protocol.query.TableConfigQuery
2026-10-04 15:49:00.707 TRACE_ID WARN  http-nio-8888-exec-2 Generator4MethodAccessor field not found limit of object class name com.sparrow.coder.dao.query.TableConfigDBPagerQuery
2026-10-04 15:49:02.233 TRACE_ID WARN  http-nio-8888-exec-4 Generator4MethodAccessor field not found displayText of object class name com.sparrow.coder.po.ProjectConfig
2026-10-04 15:49:02.233 TRACE_ID WARN  http-nio-8888-exec-4 Generator4MethodAccessor field not found limit of object class name com.sparrow.coder.protocol.query.TableConfigQuery
2026-10-04 15:49:02.233 TRACE_ID WARN  http-nio-8888-exec-4 Generator4MethodAccessor field not found limit of object class name com.sparrow.coder.dao.query.TableConfigDBPagerQuery
2026-10-04 15:50:07.367 TRACE_ID WARN  http-nio-8888-exec-5 Generator4MethodAccessor field not found displayText of object class name com.sparrow.coder.po.ProjectConfig
2026-10-04 15:50:07.368 TRACE_ID WARN  http-nio-8888-exec-5 Generator4MethodAccessor field not found limit of object class name com.sparrow.coder.protocol.query.TableConfigQuery
2026-10-04 15:50:07.368 TRACE_ID WARN  http-nio-8888-exec-5 Generator4MethodAccessor field not found limit of object class name com.sparrow.coder.dao.query.TableConfigDBPagerQuery
2026-10-04 15:51:18.663 TRACE_ID WARN  http-nio-8888-exec-7 Generator4MethodAccessor field not found displayText of object class name com.sparrow.coder.po.ProjectConfig
2026-10-04 15:51:18.672 TRACE_ID WARN  http-nio-8888-exec-7 Generator4MethodAccessor field not found limit of object class name com.sparrow.coder.protocol.query.TableConfigQuery
2026-10-04 15:51:18.672 TRACE_ID WARN  http-nio-8888-exec-7 Generator4MethodAccessor field not found limit of object class name com.sparrow.coder.dao.query.TableConfigDBPagerQuery
2026-10-04 15:55:37.965 TRACE_ID WARN  http-nio-8888-exec-1 Generator4MethodAccessor field not found displayText of object class name com.sparrow.coder.po.ProjectConfig
2026-10-04 15:55:37.967 TRACE_ID WARN  http-nio-8888-exec-1 Generator4MethodAccessor field not found limit of object class name com.sparrow.coder.protocol.query.TableConfigQuery
2026-10-04 15:55:37.967 TRACE_ID WARN  http-nio-8888-exec-1 Generator4MethodAccessor field not found limit of object class name com.sparrow.coder.dao.query.TableConfigDBPagerQuery
2026-10-04 15:56:27.852 TRACE_ID WARN  http-nio-8888-exec-4 Generator4MethodAccessor field not found displayText of object class name com.sparrow.coder.po.ProjectConfig
2026-10-04 15:56:27.857 TRACE_ID WARN  http-nio-8888-exec-4 Generator4MethodAccessor field not found limit of object class name com.sparrow.coder.protocol.query.TableConfigQuery
2026-10-04 15:56:27.857 TRACE_ID WARN  http-nio-8888-exec-4 Generator4MethodAccessor field not found limit of object class name com.sparrow.coder.dao.query.TableConfigDBPagerQuery
2026-10-04 15:58:30.314 TRACE_ID WARN  http-nio-8888-exec-5 Generator4MethodAccessor field not found createUserId of object class name com.sparrow.coder.protocol.param.TableConfigParam
2026-10-04 15:58:30.314 TRACE_ID WARN  http-nio-8888-exec-5 Generator4MethodAccessor field not found modifiedUserId of object class name com.sparrow.coder.protocol.param.TableConfigParam
2026-10-04 15:58:30.314 TRACE_ID WARN  http-nio-8888-exec-5 Generator4MethodAccessor field not found gmtCreate of object class name com.sparrow.coder.protocol.param.TableConfigParam
2026-10-04 15:58:30.314 TRACE_ID WARN  http-nio-8888-exec-5 Generator4MethodAccessor field not found gmtModified of object class name com.sparrow.coder.protocol.param.TableConfigParam
2026-10-04 15:58:30.314 TRACE_ID WARN  http-nio-8888-exec-5 Generator4MethodAccessor field not found createUserName of object class name com.sparrow.coder.protocol.param.TableConfigParam
2026-10-04 15:58:30.314 TRACE_ID WARN  http-nio-8888-exec-5 Generator4MethodAccessor field not found modifiedUserName of object class name com.sparrow.coder.protocol.param.TableConfigParam
2026-10-04 15:58:30.314 TRACE_ID WARN  http-nio-8888-exec-5 Generator4MethodAccessor field not found status of object class name com.sparrow.coder.protocol.param.TableConfigParam
2026-10-04 15:58:30.314 TRACE_ID WARN  http-nio-8888-exec-5 Generator4MethodAccessor field not found deleted of object class name com.sparrow.coder.protocol.param.TableConfigParam
2026-10-04 15:58:50.465 TRACE_ID WARN  http-nio-8888-exec-9 Generator4MethodAccessor field not found displayText of object class name com.sparrow.coder.po.ProjectConfig
2026-10-04 15:58:50.466 TRACE_ID WARN  http-nio-8888-exec-9 Generator4MethodAccessor field not found limit of object class name com.sparrow.coder.protocol.query.TableConfigQuery
2026-10-04 15:58:50.467 TRACE_ID WARN  http-nio-8888-exec-9 Generator4MethodAccessor field not found limit of object class name com.sparrow.coder.dao.query.TableConfigDBPagerQuery
2026-10-04 16:04:45.318 TRACE_ID WARN  http-nio-8888-exec-10 Generator4MethodAccessor field not found displayText of object class name com.sparrow.security.admin.protocol.param.OrganizationParam
2026-10-04 16:04:45.318 TRACE_ID WARN  http-nio-8888-exec-10 Generator4MethodAccessor field not found displayText of object class name com.sparrow.security.po.Organization
2026-10-04 16:04:45.319 TRACE_ID WARN  http-nio-8888-exec-10 Generator4MethodAccessor field not found createUserId of object class name com.sparrow.security.admin.protocol.param.OrganizationParam
2026-10-04 16:04:45.319 TRACE_ID WARN  http-nio-8888-exec-10 Generator4MethodAccessor field not found modifiedUserId of object class name com.sparrow.security.admin.protocol.param.OrganizationParam
2026-10-04 16:04:45.319 TRACE_ID WARN  http-nio-8888-exec-10 Generator4MethodAccessor field not found gmtCreate of object class name com.sparrow.security.admin.protocol.param.OrganizationParam
2026-10-04 16:04:45.319 TRACE_ID WARN  http-nio-8888-exec-10 Generator4MethodAccessor field not found gmtModified of object class name com.sparrow.security.admin.protocol.param.OrganizationParam
2026-10-04 16:04:45.319 TRACE_ID WARN  http-nio-8888-exec-10 Generator4MethodAccessor field not found createUserName of object class name com.sparrow.security.admin.protocol.param.OrganizationParam
2026-10-04 16:04:45.319 TRACE_ID WARN  http-nio-8888-exec-10 Generator4MethodAccessor field not found modifiedUserName of object class name com.sparrow.security.admin.protocol.param.OrganizationParam
2026-10-04 16:04:45.319 TRACE_ID WARN  http-nio-8888-exec-10 Generator4MethodAccessor field not found status of object class name com.sparrow.security.admin.protocol.param.OrganizationParam
2026-10-04 16:04:45.319 TRACE_ID WARN  http-nio-8888-exec-10 Generator4MethodAccessor field not found deleted of object class name com.sparrow.security.admin.protocol.param.OrganizationParam
2026-10-04 16:05:02.961 TRACE_ID WARN  http-nio-8888-exec-2 Generator4MethodAccessor field not found displayText of object class name com.sparrow.security.admin.protocol.param.OrganizationParam
2026-10-04 16:05:02.961 TRACE_ID WARN  http-nio-8888-exec-2 Generator4MethodAccessor field not found displayText of object class name com.sparrow.security.po.Organization
2026-10-04 16:05:02.961 TRACE_ID WARN  http-nio-8888-exec-2 Generator4MethodAccessor field not found createUserId of object class name com.sparrow.security.admin.protocol.param.OrganizationParam
2026-10-04 16:05:02.961 TRACE_ID WARN  http-nio-8888-exec-2 Generator4MethodAccessor field not found modifiedUserId of object class name com.sparrow.security.admin.protocol.param.OrganizationParam
2026-10-04 16:05:02.961 TRACE_ID WARN  http-nio-8888-exec-2 Generator4MethodAccessor field not found gmtCreate of object class name com.sparrow.security.admin.protocol.param.OrganizationParam
2026-10-04 16:05:02.961 TRACE_ID WARN  http-nio-8888-exec-2 Generator4MethodAccessor field not found gmtModified of object class name com.sparrow.security.admin.protocol.param.OrganizationParam
2026-10-04 16:05:02.961 TRACE_ID WARN  http-nio-8888-exec-2 Generator4MethodAccessor field not found createUserName of object class name com.sparrow.security.admin.protocol.param.OrganizationParam
2026-10-04 16:05:02.961 TRACE_ID WARN  http-nio-8888-exec-2 Generator4MethodAccessor field not found modifiedUserName of object class name com.sparrow.security.admin.protocol.param.OrganizationParam
2026-10-04 16:05:02.961 TRACE_ID WARN  http-nio-8888-exec-2 Generator4MethodAccessor field not found status of object class name com.sparrow.security.admin.protocol.param.OrganizationParam
2026-10-04 16:05:02.961 TRACE_ID WARN  http-nio-8888-exec-2 Generator4MethodAccessor field not found deleted of object class name com.sparrow.security.admin.protocol.param.OrganizationParam
2026-10-04 16:05:30.424 TRACE_ID WARN  http-nio-8888-exec-3 Generator4MethodAccessor field not found displayText of object class name com.sparrow.security.admin.protocol.param.OrganizationParam
2026-10-04 16:05:30.425 TRACE_ID WARN  http-nio-8888-exec-3 Generator4MethodAccessor field not found displayText of object class name com.sparrow.security.po.Organization
2026-10-04 16:05:30.425 TRACE_ID WARN  http-nio-8888-exec-3 Generator4MethodAccessor field not found createUserId of object class name com.sparrow.security.admin.protocol.param.OrganizationParam
2026-10-04 16:05:30.425 TRACE_ID WARN  http-nio-8888-exec-3 Generator4MethodAccessor field not found modifiedUserId of object class name com.sparrow.security.admin.protocol.param.OrganizationParam
2026-10-04 16:05:30.425 TRACE_ID WARN  http-nio-8888-exec-3 Generator4MethodAccessor field not found gmtCreate of object class name com.sparrow.security.admin.protocol.param.OrganizationParam
2026-10-04 16:05:30.425 TRACE_ID WARN  http-nio-8888-exec-3 Generator4MethodAccessor field not found gmtModified of object class name com.sparrow.security.admin.protocol.param.OrganizationParam
2026-10-04 16:05:30.425 TRACE_ID WARN  http-nio-8888-exec-3 Generator4MethodAccessor field not found createUserName of object class name com.sparrow.security.admin.protocol.param.OrganizationParam
2026-10-04 16:05:30.425 TRACE_ID WARN  http-nio-8888-exec-3 Generator4MethodAccessor field not found modifiedUserName of object class name com.sparrow.security.admin.protocol.param.OrganizationParam
2026-10-04 16:05:30.427 TRACE_ID WARN  http-nio-8888-exec-3 Generator4MethodAccessor field not found status of object class name com.sparrow.security.admin.protocol.param.OrganizationParam
2026-10-04 16:05:30.428 TRACE_ID WARN  http-nio-8888-exec-3 Generator4MethodAccessor field not found deleted of object class name com.sparrow.security.admin.protocol.param.OrganizationParam
2026-10-04 16:06:00.290 TRACE_ID WARN  http-nio-8888-exec-8 Generator4MethodAccessor field not found displayText of object class name com.sparrow.security.admin.protocol.param.OrganizationParam
2026-10-04 16:06:00.290 TRACE_ID WARN  http-nio-8888-exec-8 Generator4MethodAccessor field not found displayText of object class name com.sparrow.security.po.Organization
2026-10-04 16:06:00.290 TRACE_ID WARN  http-nio-8888-exec-8 Generator4MethodAccessor field not found createUserId of object class name com.sparrow.security.admin.protocol.param.OrganizationParam
2026-10-04 16:06:00.290 TRACE_ID WARN  http-nio-8888-exec-8 Generator4MethodAccessor field not found modifiedUserId of object class name com.sparrow.security.admin.protocol.param.OrganizationParam
2026-10-04 16:06:00.290 TRACE_ID WARN  http-nio-8888-exec-8 Generator4MethodAccessor field not found gmtCreate of object class name com.sparrow.security.admin.protocol.param.OrganizationParam
2026-10-04 16:06:00.291 TRACE_ID WARN  http-nio-8888-exec-8 Generator4MethodAccessor field not found gmtModified of object class name com.sparrow.security.admin.protocol.param.OrganizationParam
2026-10-04 16:06:00.291 TRACE_ID WARN  http-nio-8888-exec-8 Generator4MethodAccessor field not found createUserName of object class name com.sparrow.security.admin.protocol.param.OrganizationParam
2026-10-04 16:06:00.291 TRACE_ID WARN  http-nio-8888-exec-8 Generator4MethodAccessor field not found modifiedUserName of object class name com.sparrow.security.admin.protocol.param.OrganizationParam
2026-10-04 16:06:00.291 TRACE_ID WARN  http-nio-8888-exec-8 Generator4MethodAccessor field not found status of object class name com.sparrow.security.admin.protocol.param.OrganizationParam
2026-10-04 16:06:00.291 TRACE_ID WARN  http-nio-8888-exec-8 Generator4MethodAccessor field not found deleted of object class name com.sparrow.security.admin.protocol.param.OrganizationParam
2026-10-04 16:06:40.098 TRACE_ID WARN  http-nio-8888-exec-10 Generator4MethodAccessor field not found displayText of object class name com.sparrow.security.admin.protocol.param.OrganizationParam
2026-10-04 16:06:40.100 TRACE_ID WARN  http-nio-8888-exec-10 Generator4MethodAccessor field not found displayText of object class name com.sparrow.security.po.Organization
2026-10-04 16:06:40.100 TRACE_ID WARN  http-nio-8888-exec-10 Generator4MethodAccessor field not found createUserId of object class name com.sparrow.security.admin.protocol.param.OrganizationParam
2026-10-04 16:06:40.100 TRACE_ID WARN  http-nio-8888-exec-10 Generator4MethodAccessor field not found modifiedUserId of object class name com.sparrow.security.admin.protocol.param.OrganizationParam
2026-10-04 16:06:40.100 TRACE_ID WARN  http-nio-8888-exec-10 Generator4MethodAccessor field not found gmtCreate of object class name com.sparrow.security.admin.protocol.param.OrganizationParam
2026-10-04 16:06:40.100 TRACE_ID WARN  http-nio-8888-exec-10 Generator4MethodAccessor field not found gmtModified of object class name com.sparrow.security.admin.protocol.param.OrganizationParam
2026-10-04 16:06:40.101 TRACE_ID WARN  http-nio-8888-exec-10 Generator4MethodAccessor field not found createUserName of object class name com.sparrow.security.admin.protocol.param.OrganizationParam
2026-10-04 16:06:40.101 TRACE_ID WARN  http-nio-8888-exec-10 Generator4MethodAccessor field not found modifiedUserName of object class name com.sparrow.security.admin.protocol.param.OrganizationParam
2026-10-04 16:06:40.101 TRACE_ID WARN  http-nio-8888-exec-10 Generator4MethodAccessor field not found status of object class name com.sparrow.security.admin.protocol.param.OrganizationParam
2026-10-04 16:06:40.101 TRACE_ID WARN  http-nio-8888-exec-10 Generator4MethodAccessor field not found deleted of object class name com.sparrow.security.admin.protocol.param.OrganizationParam
2026-10-04 16:06:40.322 TRACE_ID WARN  http-nio-8888-exec-1 Generator4MethodAccessor field not found limit of object class name com.sparrow.security.admin.protocol.query.OrganizationQuery
2026-10-04 16:06:40.322 TRACE_ID WARN  http-nio-8888-exec-1 Generator4MethodAccessor field not found limit of object class name com.sparrow.security.admin.dao.query.OrganizationDBPagerQuery
2026-10-04 16:06:40.359 TRACE_ID WARN  http-nio-8888-exec-1 Generator4MethodAccessor field not found limit of object class name com.sparrow.security.admin.protocol.query.OrganizationQuery
2026-10-04 16:06:40.359 TRACE_ID WARN  http-nio-8888-exec-1 Generator4MethodAccessor field not found limit of object class name com.sparrow.security.admin.dao.query.OrganizationDBPagerQuery
2026-10-04 16:06:40.382 TRACE_ID WARN  http-nio-8888-exec-1 Generator4MethodAccessor field not found displayText of object class name com.sparrow.security.po.Organization
2026-10-04 16:07:17.876 TRACE_ID WARN  http-nio-8888-exec-4 Generator4MethodAccessor field not found displayText of object class name com.sparrow.security.admin.protocol.param.OrganizationParam
2026-10-04 16:07:17.876 TRACE_ID WARN  http-nio-8888-exec-4 Generator4MethodAccessor field not found displayText of object class name com.sparrow.security.po.Organization
2026-10-04 16:07:17.876 TRACE_ID WARN  http-nio-8888-exec-4 Generator4MethodAccessor field not found createUserId of object class name com.sparrow.security.admin.protocol.param.OrganizationParam
2026-10-04 16:07:17.876 TRACE_ID WARN  http-nio-8888-exec-4 Generator4MethodAccessor field not found modifiedUserId of object class name com.sparrow.security.admin.protocol.param.OrganizationParam
2026-10-04 16:07:17.876 TRACE_ID WARN  http-nio-8888-exec-4 Generator4MethodAccessor field not found gmtCreate of object class name com.sparrow.security.admin.protocol.param.OrganizationParam
2026-10-04 16:07:17.876 TRACE_ID WARN  http-nio-8888-exec-4 Generator4MethodAccessor field not found gmtModified of object class name com.sparrow.security.admin.protocol.param.OrganizationParam
2026-10-04 16:07:17.876 TRACE_ID WARN  http-nio-8888-exec-4 Generator4MethodAccessor field not found createUserName of object class name com.sparrow.security.admin.protocol.param.OrganizationParam
2026-10-04 16:07:17.876 TRACE_ID WARN  http-nio-8888-exec-4 Generator4MethodAccessor field not found modifiedUserName of object class name com.sparrow.security.admin.protocol.param.OrganizationParam
2026-10-04 16:07:17.876 TRACE_ID WARN  http-nio-8888-exec-4 Generator4MethodAccessor field not found status of object class name com.sparrow.security.admin.protocol.param.OrganizationParam
2026-10-04 16:07:17.876 TRACE_ID WARN  http-nio-8888-exec-4 Generator4MethodAccessor field not found deleted of object class name com.sparrow.security.admin.protocol.param.OrganizationParam
2026-10-04 16:07:17.903 TRACE_ID WARN  http-nio-8888-exec-6 Generator4MethodAccessor field not found limit of object class name com.sparrow.security.admin.protocol.query.OrganizationQuery
2026-10-04 16:07:17.903 TRACE_ID WARN  http-nio-8888-exec-6 Generator4MethodAccessor field not found limit of object class name com.sparrow.security.admin.dao.query.OrganizationDBPagerQuery
2026-10-04 16:07:17.905 TRACE_ID WARN  http-nio-8888-exec-6 Generator4MethodAccessor field not found limit of object class name com.sparrow.security.admin.protocol.query.OrganizationQuery
2026-10-04 16:07:17.905 TRACE_ID WARN  http-nio-8888-exec-6 Generator4MethodAccessor field not found limit of object class name com.sparrow.security.admin.dao.query.OrganizationDBPagerQuery
2026-10-04 16:07:17.906 TRACE_ID WARN  http-nio-8888-exec-6 Generator4MethodAccessor field not found displayText of object class name com.sparrow.security.po.Organization
2026-10-04 16:07:17.906 TRACE_ID WARN  http-nio-8888-exec-6 Generator4MethodAccessor field not found displayText of object class name com.sparrow.security.po.Organization
2026-10-04 16:08:38.274 TRACE_ID WARN  http-nio-8888-exec-9 Generator4MethodAccessor field not found limit of object class name com.sparrow.security.admin.protocol.query.OrganizationQuery
2026-10-04 16:08:38.274 TRACE_ID WARN  http-nio-8888-exec-10 Generator4MethodAccessor field not found limit of object class name com.sparrow.security.admin.protocol.query.OrganizationQuery
2026-10-04 16:08:38.275 TRACE_ID WARN  http-nio-8888-exec-9 Generator4MethodAccessor field not found limit of object class name com.sparrow.security.admin.dao.query.OrganizationDBPagerQuery
2026-10-04 16:08:38.275 TRACE_ID WARN  http-nio-8888-exec-10 Generator4MethodAccessor field not found limit of object class name com.sparrow.security.admin.dao.query.OrganizationDBPagerQuery
2026-10-04 16:08:38.288 TRACE_ID WARN  http-nio-8888-exec-10 Generator4MethodAccessor field not found limit of object class name com.sparrow.security.admin.protocol.query.OrganizationQuery
2026-10-04 16:08:38.288 TRACE_ID WARN  http-nio-8888-exec-10 Generator4MethodAccessor field not found limit of object class name com.sparrow.security.admin.dao.query.OrganizationDBPagerQuery
2026-10-04 16:08:38.290 TRACE_ID WARN  http-nio-8888-exec-9 Generator4MethodAccessor field not found limit of object class name com.sparrow.security.admin.protocol.query.OrganizationQuery
2026-10-04 16:08:38.290 TRACE_ID WARN  http-nio-8888-exec-9 Generator4MethodAccessor field not found limit of object class name com.sparrow.security.admin.dao.query.OrganizationDBPagerQuery
2026-10-04 16:08:38.292 TRACE_ID WARN  http-nio-8888-exec-10 Generator4MethodAccessor field not found displayText of object class name com.sparrow.security.po.Organization
2026-10-04 16:08:38.292 TRACE_ID WARN  http-nio-8888-exec-10 Generator4MethodAccessor field not found displayText of object class name com.sparrow.security.po.Organization
2026-10-04 16:08:38.294 TRACE_ID WARN  http-nio-8888-exec-9 Generator4MethodAccessor field not found displayText of object class name com.sparrow.security.po.Organization
2026-10-04 16:08:38.294 TRACE_ID WARN  http-nio-8888-exec-9 Generator4MethodAccessor field not found displayText of object class name com.sparrow.security.po.Organization
2026-10-04 16:09:00.771 TRACE_ID WARN  http-nio-8888-exec-4 Generator4MethodAccessor field not found limit of object class name com.sparrow.security.admin.protocol.query.OrganizationQuery
2026-10-04 16:09:00.773 TRACE_ID WARN  http-nio-8888-exec-3 Generator4MethodAccessor field not found limit of object class name com.sparrow.security.admin.protocol.query.OrganizationQuery
2026-10-04 16:09:00.776 TRACE_ID WARN  http-nio-8888-exec-3 Generator4MethodAccessor field not found limit of object class name com.sparrow.security.admin.dao.query.OrganizationDBPagerQuery
2026-10-04 16:09:00.776 TRACE_ID WARN  http-nio-8888-exec-4 Generator4MethodAccessor field not found limit of object class name com.sparrow.security.admin.dao.query.OrganizationDBPagerQuery
2026-10-04 16:09:00.789 TRACE_ID WARN  http-nio-8888-exec-3 Generator4MethodAccessor field not found limit of object class name com.sparrow.security.admin.protocol.query.OrganizationQuery
2026-10-04 16:09:00.790 TRACE_ID WARN  http-nio-8888-exec-3 Generator4MethodAccessor field not found limit of object class name com.sparrow.security.admin.dao.query.OrganizationDBPagerQuery
2026-10-04 16:09:00.791 TRACE_ID WARN  http-nio-8888-exec-3 Generator4MethodAccessor field not found displayText of object class name com.sparrow.security.po.Organization
2026-10-04 16:09:00.791 TRACE_ID WARN  http-nio-8888-exec-4 Generator4MethodAccessor field not found limit of object class name com.sparrow.security.admin.protocol.query.OrganizationQuery
2026-10-04 16:09:00.791 TRACE_ID WARN  http-nio-8888-exec-4 Generator4MethodAccessor field not found limit of object class name com.sparrow.security.admin.dao.query.OrganizationDBPagerQuery
2026-10-04 16:09:00.791 TRACE_ID WARN  http-nio-8888-exec-3 Generator4MethodAccessor field not found displayText of object class name com.sparrow.security.po.Organization
2026-10-04 16:09:00.793 TRACE_ID WARN  http-nio-8888-exec-4 Generator4MethodAccessor field not found displayText of object class name com.sparrow.security.po.Organization
2026-10-04 16:09:00.793 TRACE_ID WARN  http-nio-8888-exec-4 Generator4MethodAccessor field not found displayText of object class name com.sparrow.security.po.Organization
2026-10-04 16:10:14.482 TRACE_ID WARN  http-nio-8888-exec-3 Generator4MethodAccessor field not found limit of object class name com.sparrow.security.admin.protocol.query.OrganizationQuery
2026-10-04 16:10:14.482 TRACE_ID WARN  http-nio-8888-exec-3 Generator4MethodAccessor field not found limit of object class name com.sparrow.security.admin.dao.query.OrganizationDBPagerQuery
2026-10-04 16:10:14.482 TRACE_ID WARN  http-nio-8888-exec-4 Generator4MethodAccessor field not found limit of object class name com.sparrow.security.admin.protocol.query.OrganizationQuery
2026-10-04 16:10:14.482 TRACE_ID WARN  http-nio-8888-exec-4 Generator4MethodAccessor field not found limit of object class name com.sparrow.security.admin.dao.query.OrganizationDBPagerQuery
2026-10-04 16:10:14.508 TRACE_ID WARN  http-nio-8888-exec-3 Generator4MethodAccessor field not found limit of object class name com.sparrow.security.admin.protocol.query.OrganizationQuery
2026-10-04 16:10:14.508 TRACE_ID WARN  http-nio-8888-exec-3 Generator4MethodAccessor field not found limit of object class name com.sparrow.security.admin.dao.query.OrganizationDBPagerQuery
2026-10-04 16:10:14.508 TRACE_ID WARN  http-nio-8888-exec-4 Generator4MethodAccessor field not found limit of object class name com.sparrow.security.admin.protocol.query.OrganizationQuery
2026-10-04 16:10:14.509 TRACE_ID WARN  http-nio-8888-exec-4 Generator4MethodAccessor field not found limit of object class name com.sparrow.security.admin.dao.query.OrganizationDBPagerQuery
2026-10-04 16:10:14.517 TRACE_ID WARN  http-nio-8888-exec-4 Generator4MethodAccessor field not found displayText of object class name com.sparrow.security.po.Organization
2026-10-04 16:10:14.517 TRACE_ID WARN  http-nio-8888-exec-3 Generator4MethodAccessor field not found displayText of object class name com.sparrow.security.po.Organization
2026-10-04 16:10:14.517 TRACE_ID WARN  http-nio-8888-exec-4 Generator4MethodAccessor field not found displayText of object class name com.sparrow.security.po.Organization
2026-10-04 16:10:14.517 TRACE_ID WARN  http-nio-8888-exec-3 Generator4MethodAccessor field not found displayText of object class name com.sparrow.security.po.Organization
2026-10-04 16:10:17.927 TRACE_ID WARN  http-nio-8888-exec-3 Generator4MethodAccessor field not found limit of object class name com.sparrow.security.admin.protocol.query.OrganizationQuery
2026-10-04 16:10:17.926 TRACE_ID WARN  http-nio-8888-exec-4 Generator4MethodAccessor field not found limit of object class name com.sparrow.security.admin.protocol.query.OrganizationQuery
2026-10-04 16:10:17.934 TRACE_ID WARN  http-nio-8888-exec-3 Generator4MethodAccessor field not found limit of object class name com.sparrow.security.admin.dao.query.OrganizationDBPagerQuery
2026-10-04 16:10:17.934 TRACE_ID WARN  http-nio-8888-exec-4 Generator4MethodAccessor field not found limit of object class name com.sparrow.security.admin.dao.query.OrganizationDBPagerQuery
2026-10-04 16:10:17.966 TRACE_ID WARN  http-nio-8888-exec-3 Generator4MethodAccessor field not found displayText of object class name com.sparrow.security.po.Organization
2026-10-04 16:10:17.966 TRACE_ID WARN  http-nio-8888-exec-4 Generator4MethodAccessor field not found displayText of object class name com.sparrow.security.po.Organization
2026-10-04 16:10:17.967 TRACE_ID WARN  http-nio-8888-exec-3 Generator4MethodAccessor field not found displayText of object class name com.sparrow.security.po.Organization
2026-10-04 16:10:17.967 TRACE_ID WARN  http-nio-8888-exec-4 Generator4MethodAccessor field not found displayText of object class name com.sparrow.security.po.Organization
2026-10-04 16:11:00.657 TRACE_ID WARN  http-nio-8888-exec-6 Generator4MethodAccessor field not found displayText of object class name com.sparrow.security.admin.protocol.param.OrganizationParam
2026-10-04 16:11:00.657 TRACE_ID WARN  http-nio-8888-exec-6 Generator4MethodAccessor field not found displayText of object class name com.sparrow.security.po.Organization
2026-10-04 16:11:00.657 TRACE_ID WARN  http-nio-8888-exec-6 Generator4MethodAccessor field not found createUserId of object class name com.sparrow.security.admin.protocol.param.OrganizationParam
2026-10-04 16:11:00.657 TRACE_ID WARN  http-nio-8888-exec-6 Generator4MethodAccessor field not found modifiedUserId of object class name com.sparrow.security.admin.protocol.param.OrganizationParam
2026-10-04 16:11:00.657 TRACE_ID WARN  http-nio-8888-exec-6 Generator4MethodAccessor field not found gmtCreate of object class name com.sparrow.security.admin.protocol.param.OrganizationParam
2026-10-04 16:11:00.657 TRACE_ID WARN  http-nio-8888-exec-6 Generator4MethodAccessor field not found gmtModified of object class name com.sparrow.security.admin.protocol.param.OrganizationParam
2026-10-04 16:11:00.657 TRACE_ID WARN  http-nio-8888-exec-6 Generator4MethodAccessor field not found createUserName of object class name com.sparrow.security.admin.protocol.param.OrganizationParam
2026-10-04 16:11:00.657 TRACE_ID WARN  http-nio-8888-exec-6 Generator4MethodAccessor field not found modifiedUserName of object class name com.sparrow.security.admin.protocol.param.OrganizationParam
2026-10-04 16:11:00.657 TRACE_ID WARN  http-nio-8888-exec-6 Generator4MethodAccessor field not found deleted of object class name com.sparrow.security.admin.protocol.param.OrganizationParam
2026-10-04 16:11:00.657 TRACE_ID WARN  http-nio-8888-exec-6 Generator4MethodAccessor field not found status of object class name com.sparrow.security.admin.protocol.param.OrganizationParam
2026-10-04 16:11:00.687 TRACE_ID WARN  http-nio-8888-exec-8 Generator4MethodAccessor field not found limit of object class name com.sparrow.security.admin.protocol.query.OrganizationQuery
2026-10-04 16:11:00.687 TRACE_ID WARN  http-nio-8888-exec-8 Generator4MethodAccessor field not found limit of object class name com.sparrow.security.admin.dao.query.OrganizationDBPagerQuery
2026-10-04 16:11:00.691 TRACE_ID WARN  http-nio-8888-exec-8 Generator4MethodAccessor field not found limit of object class name com.sparrow.security.admin.protocol.query.OrganizationQuery
2026-10-04 16:11:00.691 TRACE_ID WARN  http-nio-8888-exec-8 Generator4MethodAccessor field not found limit of object class name com.sparrow.security.admin.dao.query.OrganizationDBPagerQuery
2026-10-04 16:11:00.693 TRACE_ID WARN  http-nio-8888-exec-8 Generator4MethodAccessor field not found displayText of object class name com.sparrow.security.po.Organization
2026-10-04 16:11:00.693 TRACE_ID WARN  http-nio-8888-exec-8 Generator4MethodAccessor field not found displayText of object class name com.sparrow.security.po.Organization
2026-10-04 16:11:00.693 TRACE_ID WARN  http-nio-8888-exec-8 Generator4MethodAccessor field not found displayText of object class name com.sparrow.security.po.Organization
2026-10-04 16:11:00.694 TRACE_ID WARN  http-nio-8888-exec-8 Generator4MethodAccessor field not found limit of object class name com.sparrow.security.admin.protocol.query.OrganizationQuery
2026-10-04 16:11:00.694 TRACE_ID WARN  http-nio-8888-exec-8 Generator4MethodAccessor field not found limit of object class name com.sparrow.security.admin.dao.query.OrganizationDBPagerQuery
2026-10-04 16:11:00.695 TRACE_ID WARN  http-nio-8888-exec-8 Generator4MethodAccessor field not found displayText of object class name com.sparrow.security.po.Organization
2026-10-04 16:11:00.695 TRACE_ID WARN  http-nio-8888-exec-8 Generator4MethodAccessor field not found displayText of object class name com.sparrow.security.po.Organization
2026-10-04 16:11:00.695 TRACE_ID WARN  http-nio-8888-exec-8 Generator4MethodAccessor field not found displayText of object class name com.sparrow.security.po.Organization
2026-10-04 16:11:26.369 TRACE_ID WARN  http-nio-8888-exec-2 Generator4MethodAccessor field not found displayText of object class name com.sparrow.security.admin.protocol.param.OrganizationParam
2026-10-04 16:11:26.370 TRACE_ID WARN  http-nio-8888-exec-2 Generator4MethodAccessor field not found displayText of object class name com.sparrow.security.po.Organization
2026-10-04 16:11:26.370 TRACE_ID WARN  http-nio-8888-exec-2 Generator4MethodAccessor field not found createUserId of object class name com.sparrow.security.admin.protocol.param.OrganizationParam
2026-10-04 16:11:26.370 TRACE_ID WARN  http-nio-8888-exec-2 Generator4MethodAccessor field not found modifiedUserId of object class name com.sparrow.security.admin.protocol.param.OrganizationParam
2026-10-04 16:11:26.370 TRACE_ID WARN  http-nio-8888-exec-2 Generator4MethodAccessor field not found gmtCreate of object class name com.sparrow.security.admin.protocol.param.OrganizationParam
2026-10-04 16:11:26.370 TRACE_ID WARN  http-nio-8888-exec-2 Generator4MethodAccessor field not found gmtModified of object class name com.sparrow.security.admin.protocol.param.OrganizationParam
2026-10-04 16:11:26.370 TRACE_ID WARN  http-nio-8888-exec-2 Generator4MethodAccessor field not found createUserName of object class name com.sparrow.security.admin.protocol.param.OrganizationParam
2026-10-04 16:11:26.370 TRACE_ID WARN  http-nio-8888-exec-2 Generator4MethodAccessor field not found modifiedUserName of object class name com.sparrow.security.admin.protocol.param.OrganizationParam
2026-10-04 16:11:26.370 TRACE_ID WARN  http-nio-8888-exec-2 Generator4MethodAccessor field not found deleted of object class name com.sparrow.security.admin.protocol.param.OrganizationParam
2026-10-04 16:11:26.370 TRACE_ID WARN  http-nio-8888-exec-2 Generator4MethodAccessor field not found status of object class name com.sparrow.security.admin.protocol.param.OrganizationParam
2026-10-04 16:11:26.392 TRACE_ID WARN  http-nio-8888-exec-4 Generator4MethodAccessor field not found limit of object class name com.sparrow.security.admin.protocol.query.OrganizationQuery
2026-10-04 16:11:26.392 TRACE_ID WARN  http-nio-8888-exec-4 Generator4MethodAccessor field not found limit of object class name com.sparrow.security.admin.dao.query.OrganizationDBPagerQuery
2026-10-04 16:11:26.393 TRACE_ID WARN  http-nio-8888-exec-4 Generator4MethodAccessor field not found limit of object class name com.sparrow.security.admin.protocol.query.OrganizationQuery
2026-10-04 16:11:26.394 TRACE_ID WARN  http-nio-8888-exec-4 Generator4MethodAccessor field not found limit of object class name com.sparrow.security.admin.dao.query.OrganizationDBPagerQuery
2026-10-04 16:11:26.395 TRACE_ID WARN  http-nio-8888-exec-4 Generator4MethodAccessor field not found displayText of object class name com.sparrow.security.po.Organization
2026-10-04 16:11:26.395 TRACE_ID WARN  http-nio-8888-exec-4 Generator4MethodAccessor field not found displayText of object class name com.sparrow.security.po.Organization
2026-10-04 16:11:26.395 TRACE_ID WARN  http-nio-8888-exec-4 Generator4MethodAccessor field not found displayText of object class name com.sparrow.security.po.Organization
2026-10-04 16:11:26.396 TRACE_ID WARN  http-nio-8888-exec-4 Generator4MethodAccessor field not found limit of object class name com.sparrow.security.admin.protocol.query.OrganizationQuery
2026-10-04 16:11:26.396 TRACE_ID WARN  http-nio-8888-exec-4 Generator4MethodAccessor field not found limit of object class name com.sparrow.security.admin.dao.query.OrganizationDBPagerQuery
2026-10-04 16:11:26.398 TRACE_ID WARN  http-nio-8888-exec-4 Generator4MethodAccessor field not found displayText of object class name com.sparrow.security.po.Organization
2026-10-04 16:11:26.398 TRACE_ID WARN  http-nio-8888-exec-4 Generator4MethodAccessor field not found displayText of object class name com.sparrow.security.po.Organization
2026-10-04 16:11:26.398 TRACE_ID WARN  http-nio-8888-exec-4 Generator4MethodAccessor field not found displayText of object class name com.sparrow.security.po.Organization
2026-10-04 16:11:35.677 TRACE_ID WARN  http-nio-8888-exec-6 Generator4MethodAccessor field not found limit of object class name com.sparrow.security.admin.protocol.query.OrganizationQuery
2026-10-04 16:11:35.677 TRACE_ID WARN  http-nio-8888-exec-7 Generator4MethodAccessor field not found limit of object class name com.sparrow.security.admin.protocol.query.OrganizationQuery
2026-10-04 16:11:35.677 TRACE_ID WARN  http-nio-8888-exec-6 Generator4MethodAccessor field not found limit of object class name com.sparrow.security.admin.dao.query.OrganizationDBPagerQuery
2026-10-04 16:11:35.677 TRACE_ID WARN  http-nio-8888-exec-7 Generator4MethodAccessor field not found limit of object class name com.sparrow.security.admin.dao.query.OrganizationDBPagerQuery
2026-10-04 16:11:35.678 TRACE_ID WARN  http-nio-8888-exec-7 Generator4MethodAccessor field not found limit of object class name com.sparrow.security.admin.protocol.query.OrganizationQuery
2026-10-04 16:11:35.678 TRACE_ID WARN  http-nio-8888-exec-6 Generator4MethodAccessor field not found limit of object class name com.sparrow.security.admin.protocol.query.OrganizationQuery
2026-10-04 16:11:35.678 TRACE_ID WARN  http-nio-8888-exec-7 Generator4MethodAccessor field not found limit of object class name com.sparrow.security.admin.dao.query.OrganizationDBPagerQuery
2026-10-04 16:11:35.678 TRACE_ID WARN  http-nio-8888-exec-6 Generator4MethodAccessor field not found limit of object class name com.sparrow.security.admin.dao.query.OrganizationDBPagerQuery
2026-10-04 16:11:35.679 TRACE_ID WARN  http-nio-8888-exec-7 Generator4MethodAccessor field not found displayText of object class name com.sparrow.security.po.Organization
2026-10-04 16:11:35.679 TRACE_ID WARN  http-nio-8888-exec-6 Generator4MethodAccessor field not found displayText of object class name com.sparrow.security.po.Organization
2026-10-04 16:11:35.679 TRACE_ID WARN  http-nio-8888-exec-7 Generator4MethodAccessor field not found displayText of object class name com.sparrow.security.po.Organization
2026-10-04 16:11:35.679 TRACE_ID WARN  http-nio-8888-exec-6 Generator4MethodAccessor field not found displayText of object class name com.sparrow.security.po.Organization
2026-10-04 16:11:35.679 TRACE_ID WARN  http-nio-8888-exec-7 Generator4MethodAccessor field not found displayText of object class name com.sparrow.security.po.Organization
2026-10-04 16:11:35.680 TRACE_ID WARN  http-nio-8888-exec-6 Generator4MethodAccessor field not found displayText of object class name com.sparrow.security.po.Organization
2026-10-04 16:11:35.680 TRACE_ID WARN  http-nio-8888-exec-6 Generator4MethodAccessor field not found limit of object class name com.sparrow.security.admin.protocol.query.OrganizationQuery
2026-10-04 16:11:35.680 TRACE_ID WARN  http-nio-8888-exec-7 Generator4MethodAccessor field not found limit of object class name com.sparrow.security.admin.protocol.query.OrganizationQuery
2026-10-04 16:11:35.680 TRACE_ID WARN  http-nio-8888-exec-6 Generator4MethodAccessor field not found limit of object class name com.sparrow.security.admin.dao.query.OrganizationDBPagerQuery
2026-10-04 16:11:35.680 TRACE_ID WARN  http-nio-8888-exec-7 Generator4MethodAccessor field not found limit of object class name com.sparrow.security.admin.dao.query.OrganizationDBPagerQuery
2026-10-04 16:11:35.681 TRACE_ID WARN  http-nio-8888-exec-6 Generator4MethodAccessor field not found displayText of object class name com.sparrow.security.po.Organization
2026-10-04 16:11:35.681 TRACE_ID WARN  http-nio-8888-exec-7 Generator4MethodAccessor field not found displayText of object class name com.sparrow.security.po.Organization
2026-10-04 16:11:35.681 TRACE_ID WARN  http-nio-8888-exec-6 Generator4MethodAccessor field not found displayText of object class name com.sparrow.security.po.Organization
2026-10-04 16:11:35.681 TRACE_ID WARN  http-nio-8888-exec-7 Generator4MethodAccessor field not found displayText of object class name com.sparrow.security.po.Organization
2026-10-04 16:11:35.681 TRACE_ID WARN  http-nio-8888-exec-6 Generator4MethodAccessor field not found displayText of object class name com.sparrow.security.po.Organization
2026-10-04 16:11:35.682 TRACE_ID WARN  http-nio-8888-exec-7 Generator4MethodAccessor field not found displayText of object class name com.sparrow.security.po.Organization
2026-10-04 16:11:52.302 TRACE_ID WARN  http-nio-8888-exec-10 Generator4MethodAccessor field not found limit of object class name com.sparrow.security.admin.protocol.query.MicroServiceQuery
2026-10-04 16:11:52.302 TRACE_ID WARN  http-nio-8888-exec-2 Generator4MethodAccessor field not found limit of object class name com.sparrow.security.admin.protocol.query.MicroServiceQuery
2026-10-04 16:11:52.302 TRACE_ID WARN  http-nio-8888-exec-10 Generator4MethodAccessor field not found limit of object class name com.sparrow.security.admin.dao.query.MicroServiceDBPagerQuery
2026-10-04 16:11:52.302 TRACE_ID WARN  http-nio-8888-exec-2 Generator4MethodAccessor field not found limit of object class name com.sparrow.security.admin.dao.query.MicroServiceDBPagerQuery
2026-10-04 16:11:52.305 TRACE_ID WARN  http-nio-8888-exec-2 Generator4MethodAccessor field not found limit of object class name com.sparrow.security.admin.protocol.query.MicroServiceQuery
2026-10-04 16:11:52.305 TRACE_ID WARN  http-nio-8888-exec-10 Generator4MethodAccessor field not found limit of object class name com.sparrow.security.admin.protocol.query.MicroServiceQuery
2026-10-04 16:11:52.305 TRACE_ID WARN  http-nio-8888-exec-2 Generator4MethodAccessor field not found limit of object class name com.sparrow.security.admin.dao.query.MicroServiceDBPagerQuery
2026-10-04 16:11:52.305 TRACE_ID WARN  http-nio-8888-exec-10 Generator4MethodAccessor field not found limit of object class name com.sparrow.security.admin.dao.query.MicroServiceDBPagerQuery
2026-10-04 16:11:52.307 TRACE_ID WARN  http-nio-8888-exec-2 Generator4MethodAccessor field not found displayText of object class name com.sparrow.security.po.MicroService
2026-10-04 16:11:52.307 TRACE_ID WARN  http-nio-8888-exec-10 Generator4MethodAccessor field not found displayText of object class name com.sparrow.security.po.MicroService
2026-10-04 16:11:52.308 TRACE_ID WARN  http-nio-8888-exec-2 Generator4MethodAccessor field not found limit of object class name com.sparrow.security.admin.protocol.query.AppQuery
2026-10-04 16:11:52.308 TRACE_ID WARN  http-nio-8888-exec-10 Generator4MethodAccessor field not found limit of object class name com.sparrow.security.admin.protocol.query.AppQuery
2026-10-04 16:11:52.308 TRACE_ID WARN  http-nio-8888-exec-2 Generator4MethodAccessor field not found limit of object class name com.sparrow.security.admin.dao.query.AppDBPagerQuery
2026-10-04 16:11:52.308 TRACE_ID WARN  http-nio-8888-exec-10 Generator4MethodAccessor field not found limit of object class name com.sparrow.security.admin.dao.query.AppDBPagerQuery
2026-10-04 16:11:52.312 TRACE_ID WARN  http-nio-8888-exec-10 Generator4MethodAccessor field not found displayText of object class name com.sparrow.security.po.App
2026-10-04 16:11:52.312 TRACE_ID WARN  http-nio-8888-exec-2 Generator4MethodAccessor field not found displayText of object class name com.sparrow.security.po.App
2026-10-04 16:11:53.283 TRACE_ID WARN  http-nio-8888-exec-5 Generator4MethodAccessor field not found limit of object class name com.sparrow.security.admin.protocol.query.OrganizationQuery
2026-10-04 16:11:53.283 TRACE_ID WARN  http-nio-8888-exec-5 Generator4MethodAccessor field not found limit of object class name com.sparrow.security.admin.dao.query.OrganizationDBPagerQuery
2026-10-04 16:11:53.283 TRACE_ID WARN  http-nio-8888-exec-3 Generator4MethodAccessor field not found limit of object class name com.sparrow.security.admin.protocol.query.OrganizationQuery
2026-10-04 16:11:53.283 TRACE_ID WARN  http-nio-8888-exec-3 Generator4MethodAccessor field not found limit of object class name com.sparrow.security.admin.dao.query.OrganizationDBPagerQuery
2026-10-04 16:11:53.285 TRACE_ID WARN  http-nio-8888-exec-5 Generator4MethodAccessor field not found limit of object class name com.sparrow.security.admin.protocol.query.OrganizationQuery
2026-10-04 16:11:53.285 TRACE_ID WARN  http-nio-8888-exec-5 Generator4MethodAccessor field not found limit of object class name com.sparrow.security.admin.dao.query.OrganizationDBPagerQuery
2026-10-04 16:11:53.285 TRACE_ID WARN  http-nio-8888-exec-3 Generator4MethodAccessor field not found limit of object class name com.sparrow.security.admin.protocol.query.OrganizationQuery
2026-10-04 16:11:53.285 TRACE_ID WARN  http-nio-8888-exec-3 Generator4MethodAccessor field not found limit of object class name com.sparrow.security.admin.dao.query.OrganizationDBPagerQuery
2026-10-04 16:11:53.288 TRACE_ID WARN  http-nio-8888-exec-5 Generator4MethodAccessor field not found displayText of object class name com.sparrow.security.po.Organization
2026-10-04 16:11:53.288 TRACE_ID WARN  http-nio-8888-exec-5 Generator4MethodAccessor field not found displayText of object class name com.sparrow.security.po.Organization
2026-10-04 16:11:53.288 TRACE_ID WARN  http-nio-8888-exec-5 Generator4MethodAccessor field not found displayText of object class name com.sparrow.security.po.Organization
2026-10-04 16:11:53.288 TRACE_ID WARN  http-nio-8888-exec-3 Generator4MethodAccessor field not found displayText of object class name com.sparrow.security.po.Organization
2026-10-04 16:11:53.288 TRACE_ID WARN  http-nio-8888-exec-3 Generator4MethodAccessor field not found displayText of object class name com.sparrow.security.po.Organization
2026-10-04 16:11:53.288 TRACE_ID WARN  http-nio-8888-exec-3 Generator4MethodAccessor field not found displayText of object class name com.sparrow.security.po.Organization
2026-10-04 16:11:53.288 TRACE_ID WARN  http-nio-8888-exec-5 Generator4MethodAccessor field not found limit of object class name com.sparrow.security.admin.protocol.query.OrganizationQuery
2026-10-04 16:11:53.288 TRACE_ID WARN  http-nio-8888-exec-5 Generator4MethodAccessor field not found limit of object class name com.sparrow.security.admin.dao.query.OrganizationDBPagerQuery
2026-10-04 16:11:53.294 TRACE_ID WARN  http-nio-8888-exec-5 Generator4MethodAccessor field not found displayText of object class name com.sparrow.security.po.Organization
2026-10-04 16:11:53.294 TRACE_ID WARN  http-nio-8888-exec-5 Generator4MethodAccessor field not found displayText of object class name com.sparrow.security.po.Organization
2026-10-04 16:11:53.294 TRACE_ID WARN  http-nio-8888-exec-5 Generator4MethodAccessor field not found displayText of object class name com.sparrow.security.po.Organization
2026-10-04 16:11:53.296 TRACE_ID WARN  http-nio-8888-exec-3 Generator4MethodAccessor field not found limit of object class name com.sparrow.security.admin.protocol.query.OrganizationQuery
2026-10-04 16:11:53.296 TRACE_ID WARN  http-nio-8888-exec-3 Generator4MethodAccessor field not found limit of object class name com.sparrow.security.admin.dao.query.OrganizationDBPagerQuery
2026-10-04 16:11:53.298 TRACE_ID WARN  http-nio-8888-exec-3 Generator4MethodAccessor field not found displayText of object class name com.sparrow.security.po.Organization
2026-10-04 16:11:53.298 TRACE_ID WARN  http-nio-8888-exec-3 Generator4MethodAccessor field not found displayText of object class name com.sparrow.security.po.Organization
2026-10-04 16:11:53.298 TRACE_ID WARN  http-nio-8888-exec-3 Generator4MethodAccessor field not found displayText of object class name com.sparrow.security.po.Organization
2026-10-04 16:12:14.339 TRACE_ID WARN  http-nio-8888-exec-9 Generator4MethodAccessor field not found limit of object class name com.sparrow.coder.protocol.query.ProjectConfigQuery
2026-10-04 16:12:14.339 TRACE_ID WARN  http-nio-8888-exec-8 Generator4MethodAccessor field not found limit of object class name com.sparrow.coder.protocol.query.ProjectConfigQuery
2026-10-04 16:12:14.339 TRACE_ID WARN  http-nio-8888-exec-8 Generator4MethodAccessor field not found limit of object class name com.sparrow.coder.dao.query.ProjectConfigDBPagerQuery
2026-10-04 16:12:14.339 TRACE_ID WARN  http-nio-8888-exec-9 Generator4MethodAccessor field not found limit of object class name com.sparrow.coder.dao.query.ProjectConfigDBPagerQuery
2026-10-04 16:12:14.348 TRACE_ID WARN  http-nio-8888-exec-9 Generator4MethodAccessor field not found limit of object class name com.sparrow.coder.protocol.query.ProjectConfigQuery
2026-10-04 16:12:14.348 TRACE_ID WARN  http-nio-8888-exec-9 Generator4MethodAccessor field not found limit of object class name com.sparrow.coder.dao.query.ProjectConfigDBPagerQuery
2026-10-04 16:12:14.350 TRACE_ID WARN  http-nio-8888-exec-8 Generator4MethodAccessor field not found limit of object class name com.sparrow.coder.protocol.query.ProjectConfigQuery
2026-10-04 16:12:14.350 TRACE_ID WARN  http-nio-8888-exec-8 Generator4MethodAccessor field not found limit of object class name com.sparrow.coder.dao.query.ProjectConfigDBPagerQuery
2026-10-04 16:12:14.356 TRACE_ID WARN  http-nio-8888-exec-9 Generator4MethodAccessor field not found displayText of object class name com.sparrow.coder.po.ProjectConfig
2026-10-04 16:12:14.356 TRACE_ID WARN  http-nio-8888-exec-8 Generator4MethodAccessor field not found displayText of object class name com.sparrow.coder.po.ProjectConfig
2026-10-04 16:12:18.895 TRACE_ID WARN  http-nio-8888-exec-1 Generator4MethodAccessor field not found limit of object class name com.sparrow.coder.protocol.query.TableConfigQuery
2026-10-04 16:12:18.895 TRACE_ID WARN  http-nio-8888-exec-1 Generator4MethodAccessor field not found limit of object class name com.sparrow.coder.dao.query.TableConfigDBPagerQuery
2026-10-04 16:12:18.895 TRACE_ID WARN  http-nio-8888-exec-4 Generator4MethodAccessor field not found limit of object class name com.sparrow.coder.protocol.query.TableConfigQuery
2026-10-04 16:12:18.895 TRACE_ID WARN  http-nio-8888-exec-4 Generator4MethodAccessor field not found limit of object class name com.sparrow.coder.dao.query.TableConfigDBPagerQuery
2026-10-04 16:12:18.900 TRACE_ID WARN  http-nio-8888-exec-4 Generator4MethodAccessor field not found limit of object class name com.sparrow.coder.protocol.query.TableConfigQuery
2026-10-04 16:12:18.900 TRACE_ID WARN  http-nio-8888-exec-4 Generator4MethodAccessor field not found limit of object class name com.sparrow.coder.dao.query.TableConfigDBPagerQuery
2026-10-04 16:12:18.900 TRACE_ID WARN  http-nio-8888-exec-1 Generator4MethodAccessor field not found limit of object class name com.sparrow.coder.protocol.query.TableConfigQuery
2026-10-04 16:12:18.900 TRACE_ID WARN  http-nio-8888-exec-1 Generator4MethodAccessor field not found limit of object class name com.sparrow.coder.dao.query.TableConfigDBPagerQuery
2026-10-04 16:12:18.904 TRACE_ID WARN  http-nio-8888-exec-1 Generator4MethodAccessor field not found limit of object class name com.sparrow.coder.protocol.query.ProjectConfigQuery
2026-10-04 16:12:18.904 TRACE_ID WARN  http-nio-8888-exec-1 Generator4MethodAccessor field not found limit of object class name com.sparrow.coder.dao.query.ProjectConfigDBPagerQuery
2026-10-04 16:12:18.904 TRACE_ID WARN  http-nio-8888-exec-4 Generator4MethodAccessor field not found limit of object class name com.sparrow.coder.protocol.query.ProjectConfigQuery
2026-10-04 16:12:18.904 TRACE_ID WARN  http-nio-8888-exec-4 Generator4MethodAccessor field not found limit of object class name com.sparrow.coder.dao.query.ProjectConfigDBPagerQuery
2026-10-04 16:12:18.906 TRACE_ID WARN  http-nio-8888-exec-4 Generator4MethodAccessor field not found displayText of object class name com.sparrow.coder.po.ProjectConfig
2026-10-04 16:12:18.906 TRACE_ID WARN  http-nio-8888-exec-1 Generator4MethodAccessor field not found displayText of object class name com.sparrow.coder.po.ProjectConfig
2026-10-04 16:12:51.213 TRACE_ID WARN  http-nio-8888-exec-3 Generator4MethodAccessor field not found createUserId of object class name com.sparrow.coder.protocol.param.TableConfigParam
2026-10-04 16:12:51.213 TRACE_ID WARN  http-nio-8888-exec-3 Generator4MethodAccessor field not found modifiedUserId of object class name com.sparrow.coder.protocol.param.TableConfigParam
2026-10-04 16:12:51.213 TRACE_ID WARN  http-nio-8888-exec-3 Generator4MethodAccessor field not found gmtCreate of object class name com.sparrow.coder.protocol.param.TableConfigParam
2026-10-04 16:12:51.213 TRACE_ID WARN  http-nio-8888-exec-3 Generator4MethodAccessor field not found gmtModified of object class name com.sparrow.coder.protocol.param.TableConfigParam
2026-10-04 16:12:51.214 TRACE_ID WARN  http-nio-8888-exec-3 Generator4MethodAccessor field not found createUserName of object class name com.sparrow.coder.protocol.param.TableConfigParam
2026-10-04 16:12:51.214 TRACE_ID WARN  http-nio-8888-exec-3 Generator4MethodAccessor field not found modifiedUserName of object class name com.sparrow.coder.protocol.param.TableConfigParam
2026-10-04 16:12:51.214 TRACE_ID WARN  http-nio-8888-exec-3 Generator4MethodAccessor field not found deleted of object class name com.sparrow.coder.protocol.param.TableConfigParam
2026-10-04 16:12:51.214 TRACE_ID WARN  http-nio-8888-exec-3 Generator4MethodAccessor field not found status of object class name com.sparrow.coder.protocol.param.TableConfigParam
2026-10-04 16:12:51.229 TRACE_ID WARN  http-nio-8888-exec-7 Generator4MethodAccessor field not found limit of object class name com.sparrow.coder.protocol.query.TableConfigQuery
2026-10-04 16:12:51.229 TRACE_ID WARN  http-nio-8888-exec-7 Generator4MethodAccessor field not found limit of object class name com.sparrow.coder.dao.query.TableConfigDBPagerQuery
2026-10-04 16:12:51.231 TRACE_ID WARN  http-nio-8888-exec-7 Generator4MethodAccessor field not found limit of object class name com.sparrow.coder.protocol.query.TableConfigQuery
2026-10-04 16:12:51.231 TRACE_ID WARN  http-nio-8888-exec-7 Generator4MethodAccessor field not found limit of object class name com.sparrow.coder.dao.query.TableConfigDBPagerQuery
2026-10-04 16:12:51.234 TRACE_ID WARN  http-nio-8888-exec-7 Generator4MethodAccessor field not found limit of object class name com.sparrow.coder.protocol.query.ProjectConfigQuery
2026-10-04 16:12:51.234 TRACE_ID WARN  http-nio-8888-exec-7 Generator4MethodAccessor field not found limit of object class name com.sparrow.coder.dao.query.ProjectConfigDBPagerQuery
2026-10-04 16:12:51.235 TRACE_ID WARN  http-nio-8888-exec-7 Generator4MethodAccessor field not found displayText of object class name com.sparrow.coder.po.ProjectConfig
2026-10-04 16:13:26.293 TRACE_ID WARN  http-nio-8888-exec-2 Generator4MethodAccessor field not found createUserId of object class name com.sparrow.coder.protocol.param.TableConfigParam
2026-10-04 16:13:26.293 TRACE_ID WARN  http-nio-8888-exec-2 Generator4MethodAccessor field not found modifiedUserId of object class name com.sparrow.coder.protocol.param.TableConfigParam
2026-10-04 16:13:26.293 TRACE_ID WARN  http-nio-8888-exec-2 Generator4MethodAccessor field not found gmtCreate of object class name com.sparrow.coder.protocol.param.TableConfigParam
2026-10-04 16:13:26.293 TRACE_ID WARN  http-nio-8888-exec-2 Generator4MethodAccessor field not found gmtModified of object class name com.sparrow.coder.protocol.param.TableConfigParam
2026-10-04 16:13:26.293 TRACE_ID WARN  http-nio-8888-exec-2 Generator4MethodAccessor field not found createUserName of object class name com.sparrow.coder.protocol.param.TableConfigParam
2026-10-04 16:13:26.293 TRACE_ID WARN  http-nio-8888-exec-2 Generator4MethodAccessor field not found modifiedUserName of object class name com.sparrow.coder.protocol.param.TableConfigParam
2026-10-04 16:13:26.293 TRACE_ID WARN  http-nio-8888-exec-2 Generator4MethodAccessor field not found deleted of object class name com.sparrow.coder.protocol.param.TableConfigParam
2026-10-04 16:13:26.293 TRACE_ID WARN  http-nio-8888-exec-2 Generator4MethodAccessor field not found status of object class name com.sparrow.coder.protocol.param.TableConfigParam
2026-10-04 16:13:37.201 TRACE_ID WARN  http-nio-8888-exec-4 Generator4MethodAccessor field not found displayText of object class name com.sparrow.coder.po.ProjectConfig
2026-10-04 16:13:37.202 TRACE_ID WARN  http-nio-8888-exec-4 Generator4MethodAccessor field not found limit of object class name com.sparrow.coder.protocol.query.TableConfigQuery
2026-10-04 16:13:37.202 TRACE_ID WARN  http-nio-8888-exec-4 Generator4MethodAccessor field not found limit of object class name com.sparrow.coder.dao.query.TableConfigDBPagerQuery
2026-10-04 16:13:39.100 TRACE_ID WARN  http-nio-8888-exec-5 Generator4MethodAccessor field not found limit of object class name com.sparrow.coder.protocol.query.TableConfigQuery
2026-10-04 16:13:39.100 TRACE_ID WARN  http-nio-8888-exec-5 Generator4MethodAccessor field not found limit of object class name com.sparrow.coder.dao.query.TableConfigDBPagerQuery
2026-10-04 16:13:39.103 TRACE_ID WARN  http-nio-8888-exec-5 Generator4MethodAccessor field not found limit of object class name com.sparrow.coder.protocol.query.TableConfigQuery
2026-10-04 16:13:39.103 TRACE_ID WARN  http-nio-8888-exec-5 Generator4MethodAccessor field not found limit of object class name com.sparrow.coder.dao.query.TableConfigDBPagerQuery
2026-10-04 16:13:39.107 TRACE_ID WARN  http-nio-8888-exec-5 Generator4MethodAccessor field not found limit of object class name com.sparrow.coder.protocol.query.ProjectConfigQuery
2026-10-04 16:13:39.107 TRACE_ID WARN  http-nio-8888-exec-5 Generator4MethodAccessor field not found limit of object class name com.sparrow.coder.dao.query.ProjectConfigDBPagerQuery
2026-10-04 16:13:39.110 TRACE_ID WARN  http-nio-8888-exec-5 Generator4MethodAccessor field not found displayText of object class name com.sparrow.coder.po.ProjectConfig
2026-10-04 16:13:39.118 TRACE_ID WARN  http-nio-8888-exec-6 Generator4MethodAccessor field not found limit of object class name com.sparrow.security.admin.protocol.query.OrganizationQuery
2026-10-04 16:13:39.118 TRACE_ID WARN  http-nio-8888-exec-6 Generator4MethodAccessor field not found limit of object class name com.sparrow.security.admin.dao.query.OrganizationDBPagerQuery
2026-10-04 16:13:39.120 TRACE_ID WARN  http-nio-8888-exec-6 Generator4MethodAccessor field not found limit of object class name com.sparrow.security.admin.protocol.query.OrganizationQuery
2026-10-04 16:13:39.120 TRACE_ID WARN  http-nio-8888-exec-6 Generator4MethodAccessor field not found limit of object class name com.sparrow.security.admin.dao.query.OrganizationDBPagerQuery
2026-10-04 16:13:39.121 TRACE_ID WARN  http-nio-8888-exec-6 Generator4MethodAccessor field not found displayText of object class name com.sparrow.security.po.Organization
2026-10-04 16:13:39.121 TRACE_ID WARN  http-nio-8888-exec-6 Generator4MethodAccessor field not found displayText of object class name com.sparrow.security.po.Organization
2026-10-04 16:13:39.121 TRACE_ID WARN  http-nio-8888-exec-6 Generator4MethodAccessor field not found displayText of object class name com.sparrow.security.po.Organization
2026-10-04 16:13:39.122 TRACE_ID WARN  http-nio-8888-exec-6 Generator4MethodAccessor field not found limit of object class name com.sparrow.security.admin.protocol.query.OrganizationQuery
2026-10-04 16:13:39.122 TRACE_ID WARN  http-nio-8888-exec-6 Generator4MethodAccessor field not found limit of object class name com.sparrow.security.admin.dao.query.OrganizationDBPagerQuery
2026-10-04 16:13:39.123 TRACE_ID WARN  http-nio-8888-exec-6 Generator4MethodAccessor field not found displayText of object class name com.sparrow.security.po.Organization
2026-10-04 16:13:39.123 TRACE_ID WARN  http-nio-8888-exec-6 Generator4MethodAccessor field not found displayText of object class name com.sparrow.security.po.Organization
2026-10-04 16:13:39.123 TRACE_ID WARN  http-nio-8888-exec-6 Generator4MethodAccessor field not found displayText of object class name com.sparrow.security.po.Organization
2026-10-04 16:13:41.801 TRACE_ID WARN  http-nio-8888-exec-9 Generator4MethodAccessor field not found limit of object class name com.sparrow.security.admin.protocol.query.OrganizationQuery
2026-10-04 16:13:41.801 TRACE_ID WARN  http-nio-8888-exec-9 Generator4MethodAccessor field not found limit of object class name com.sparrow.security.admin.dao.query.OrganizationDBPagerQuery
2026-10-04 16:13:41.801 TRACE_ID WARN  http-nio-8888-exec-7 Generator4MethodAccessor field not found limit of object class name com.sparrow.security.admin.protocol.query.OrganizationQuery
2026-10-04 16:13:41.801 TRACE_ID WARN  http-nio-8888-exec-7 Generator4MethodAccessor field not found limit of object class name com.sparrow.security.admin.dao.query.OrganizationDBPagerQuery
2026-10-04 16:13:41.803 TRACE_ID WARN  http-nio-8888-exec-7 Generator4MethodAccessor field not found limit of object class name com.sparrow.security.admin.protocol.query.OrganizationQuery
2026-10-04 16:13:41.803 TRACE_ID WARN  http-nio-8888-exec-7 Generator4MethodAccessor field not found limit of object class name com.sparrow.security.admin.dao.query.OrganizationDBPagerQuery
2026-10-04 16:13:41.803 TRACE_ID WARN  http-nio-8888-exec-9 Generator4MethodAccessor field not found limit of object class name com.sparrow.security.admin.protocol.query.OrganizationQuery
2026-10-04 16:13:41.803 TRACE_ID WARN  http-nio-8888-exec-9 Generator4MethodAccessor field not found limit of object class name com.sparrow.security.admin.dao.query.OrganizationDBPagerQuery
2026-10-04 16:13:41.804 TRACE_ID WARN  http-nio-8888-exec-9 Generator4MethodAccessor field not found displayText of object class name com.sparrow.security.po.Organization
2026-10-04 16:13:41.804 TRACE_ID WARN  http-nio-8888-exec-9 Generator4MethodAccessor field not found displayText of object class name com.sparrow.security.po.Organization
2026-10-04 16:13:41.804 TRACE_ID WARN  http-nio-8888-exec-7 Generator4MethodAccessor field not found displayText of object class name com.sparrow.security.po.Organization
2026-10-04 16:13:41.804 TRACE_ID WARN  http-nio-8888-exec-9 Generator4MethodAccessor field not found displayText of object class name com.sparrow.security.po.Organization
2026-10-04 16:13:41.804 TRACE_ID WARN  http-nio-8888-exec-7 Generator4MethodAccessor field not found displayText of object class name com.sparrow.security.po.Organization
2026-10-04 16:13:41.804 TRACE_ID WARN  http-nio-8888-exec-7 Generator4MethodAccessor field not found displayText of object class name com.sparrow.security.po.Organization
2026-10-04 16:13:41.804 TRACE_ID WARN  http-nio-8888-exec-9 Generator4MethodAccessor field not found limit of object class name com.sparrow.security.admin.protocol.query.OrganizationQuery
2026-10-04 16:13:41.804 TRACE_ID WARN  http-nio-8888-exec-9 Generator4MethodAccessor field not found limit of object class name com.sparrow.security.admin.dao.query.OrganizationDBPagerQuery
2026-10-04 16:13:41.804 TRACE_ID WARN  http-nio-8888-exec-7 Generator4MethodAccessor field not found limit of object class name com.sparrow.security.admin.protocol.query.OrganizationQuery
2026-10-04 16:13:41.804 TRACE_ID WARN  http-nio-8888-exec-7 Generator4MethodAccessor field not found limit of object class name com.sparrow.security.admin.dao.query.OrganizationDBPagerQuery
2026-10-04 16:13:41.806 TRACE_ID WARN  http-nio-8888-exec-7 Generator4MethodAccessor field not found displayText of object class name com.sparrow.security.po.Organization
2026-10-04 16:13:41.806 TRACE_ID WARN  http-nio-8888-exec-7 Generator4MethodAccessor field not found displayText of object class name com.sparrow.security.po.Organization
2026-10-04 16:13:41.806 TRACE_ID WARN  http-nio-8888-exec-7 Generator4MethodAccessor field not found displayText of object class name com.sparrow.security.po.Organization
2026-10-04 16:13:41.806 TRACE_ID WARN  http-nio-8888-exec-9 Generator4MethodAccessor field not found displayText of object class name com.sparrow.security.po.Organization
2026-10-04 16:13:41.806 TRACE_ID WARN  http-nio-8888-exec-9 Generator4MethodAccessor field not found displayText of object class name com.sparrow.security.po.Organization
2026-10-04 16:13:41.806 TRACE_ID WARN  http-nio-8888-exec-9 Generator4MethodAccessor field not found displayText of object class name com.sparrow.security.po.Organization
2026-10-04 16:13:59.831 TRACE_ID WARN  http-nio-8888-exec-4 Generator4MethodAccessor field not found limit of object class name com.sparrow.security.admin.protocol.query.PositionQuery
2026-10-04 16:13:59.831 TRACE_ID WARN  http-nio-8888-exec-3 Generator4MethodAccessor field not found limit of object class name com.sparrow.security.admin.protocol.query.PositionQuery
2026-10-04 16:13:59.832 TRACE_ID WARN  http-nio-8888-exec-3 Generator4MethodAccessor field not found limit of object class name com.sparrow.security.admin.dao.query.PositionDBPagerQuery
2026-10-04 16:13:59.832 TRACE_ID WARN  http-nio-8888-exec-4 Generator4MethodAccessor field not found limit of object class name com.sparrow.security.admin.dao.query.PositionDBPagerQuery
2026-10-04 16:13:59.870 TRACE_ID WARN  http-nio-8888-exec-3 Generator4MethodAccessor field not found limit of object class name com.sparrow.security.admin.protocol.query.OrganizationQuery
2026-10-04 16:13:59.871 TRACE_ID WARN  http-nio-8888-exec-3 Generator4MethodAccessor field not found limit of object class name com.sparrow.security.admin.dao.query.OrganizationDBPagerQuery
2026-10-04 16:13:59.873 TRACE_ID WARN  http-nio-8888-exec-4 Generator4MethodAccessor field not found limit of object class name com.sparrow.security.admin.protocol.query.OrganizationQuery
2026-10-04 16:13:59.873 TRACE_ID WARN  http-nio-8888-exec-4 Generator4MethodAccessor field not found limit of object class name com.sparrow.security.admin.dao.query.OrganizationDBPagerQuery
2026-10-04 16:13:59.879 TRACE_ID WARN  http-nio-8888-exec-3 Generator4MethodAccessor field not found displayText of object class name com.sparrow.security.po.Organization
2026-10-04 16:13:59.879 TRACE_ID WARN  http-nio-8888-exec-4 Generator4MethodAccessor field not found displayText of object class name com.sparrow.security.po.Organization
2026-10-04 16:13:59.879 TRACE_ID WARN  http-nio-8888-exec-3 Generator4MethodAccessor field not found displayText of object class name com.sparrow.security.po.Organization
2026-10-04 16:13:59.879 TRACE_ID WARN  http-nio-8888-exec-4 Generator4MethodAccessor field not found displayText of object class name com.sparrow.security.po.Organization
2026-10-04 16:13:59.879 TRACE_ID WARN  http-nio-8888-exec-4 Generator4MethodAccessor field not found displayText of object class name com.sparrow.security.po.Organization
2026-10-04 16:13:59.880 TRACE_ID WARN  http-nio-8888-exec-3 Generator4MethodAccessor field not found displayText of object class name com.sparrow.security.po.Organization
2026-10-04 16:14:24.008 TRACE_ID WARN  http-nio-8888-exec-6 Generator4MethodAccessor field not found deleted of object class name com.sparrow.coder.protocol.param.TableConfigParam
2026-10-04 16:14:24.008 TRACE_ID WARN  http-nio-8888-exec-6 Generator4MethodAccessor field not found status of object class name com.sparrow.coder.protocol.param.TableConfigParam
2026-10-04 16:14:24.008 TRACE_ID WARN  http-nio-8888-exec-6 Generator4MethodAccessor field not found createUserId of object class name com.sparrow.coder.protocol.param.TableConfigParam
2026-10-04 16:14:24.008 TRACE_ID WARN  http-nio-8888-exec-6 Generator4MethodAccessor field not found modifiedUserId of object class name com.sparrow.coder.protocol.param.TableConfigParam
2026-10-04 16:14:24.008 TRACE_ID WARN  http-nio-8888-exec-6 Generator4MethodAccessor field not found gmtCreate of object class name com.sparrow.coder.protocol.param.TableConfigParam
2026-10-04 16:14:24.008 TRACE_ID WARN  http-nio-8888-exec-6 Generator4MethodAccessor field not found gmtModified of object class name com.sparrow.coder.protocol.param.TableConfigParam
2026-10-04 16:14:24.008 TRACE_ID WARN  http-nio-8888-exec-6 Generator4MethodAccessor field not found createUserName of object class name com.sparrow.coder.protocol.param.TableConfigParam
2026-10-04 16:14:24.008 TRACE_ID WARN  http-nio-8888-exec-6 Generator4MethodAccessor field not found modifiedUserName of object class name com.sparrow.coder.protocol.param.TableConfigParam
2026-10-04 16:14:28.101 TRACE_ID WARN  http-nio-8888-exec-10 Generator4MethodAccessor field not found limit of object class name com.sparrow.security.admin.protocol.query.PositionQuery
2026-10-04 16:14:28.101 TRACE_ID WARN  http-nio-8888-exec-10 Generator4MethodAccessor field not found limit of object class name com.sparrow.security.admin.dao.query.PositionDBPagerQuery
2026-10-04 16:14:28.101 TRACE_ID WARN  http-nio-8888-exec-9 Generator4MethodAccessor field not found limit of object class name com.sparrow.security.admin.protocol.query.PositionQuery
2026-10-04 16:14:28.101 TRACE_ID WARN  http-nio-8888-exec-9 Generator4MethodAccessor field not found limit of object class name com.sparrow.security.admin.dao.query.PositionDBPagerQuery
2026-10-04 16:14:28.106 TRACE_ID WARN  http-nio-8888-exec-9 Generator4MethodAccessor field not found limit of object class name com.sparrow.security.admin.protocol.query.OrganizationQuery
2026-10-04 16:14:28.106 TRACE_ID WARN  http-nio-8888-exec-10 Generator4MethodAccessor field not found limit of object class name com.sparrow.security.admin.protocol.query.OrganizationQuery
2026-10-04 16:14:28.106 TRACE_ID WARN  http-nio-8888-exec-10 Generator4MethodAccessor field not found limit of object class name com.sparrow.security.admin.dao.query.OrganizationDBPagerQuery
2026-10-04 16:14:28.106 TRACE_ID WARN  http-nio-8888-exec-9 Generator4MethodAccessor field not found limit of object class name com.sparrow.security.admin.dao.query.OrganizationDBPagerQuery
2026-10-04 16:14:28.109 TRACE_ID WARN  http-nio-8888-exec-9 Generator4MethodAccessor field not found displayText of object class name com.sparrow.security.po.Organization
2026-10-04 16:14:28.109 TRACE_ID WARN  http-nio-8888-exec-9 Generator4MethodAccessor field not found displayText of object class name com.sparrow.security.po.Organization
2026-10-04 16:14:28.109 TRACE_ID WARN  http-nio-8888-exec-9 Generator4MethodAccessor field not found displayText of object class name com.sparrow.security.po.Organization
2026-10-04 16:14:28.109 TRACE_ID WARN  http-nio-8888-exec-10 Generator4MethodAccessor field not found displayText of object class name com.sparrow.security.po.Organization
2026-10-04 16:14:28.109 TRACE_ID WARN  http-nio-8888-exec-10 Generator4MethodAccessor field not found displayText of object class name com.sparrow.security.po.Organization
2026-10-04 16:14:28.109 TRACE_ID WARN  http-nio-8888-exec-10 Generator4MethodAccessor field not found displayText of object class name com.sparrow.security.po.Organization
2026-10-04 16:14:34.229 TRACE_ID WARN  http-nio-8888-exec-4 Generator4MethodAccessor field not found limit of object class name com.sparrow.security.admin.protocol.query.PositionQuery
2026-10-04 16:14:34.229 TRACE_ID WARN  http-nio-8888-exec-4 Generator4MethodAccessor field not found limit of object class name com.sparrow.security.admin.dao.query.PositionDBPagerQuery
2026-10-04 16:14:34.229 TRACE_ID WARN  http-nio-8888-exec-3 Generator4MethodAccessor field not found limit of object class name com.sparrow.security.admin.protocol.query.PositionQuery
2026-10-04 16:14:34.229 TRACE_ID WARN  http-nio-8888-exec-3 Generator4MethodAccessor field not found limit of object class name com.sparrow.security.admin.dao.query.PositionDBPagerQuery
2026-10-04 16:14:34.232 TRACE_ID WARN  http-nio-8888-exec-4 Generator4MethodAccessor field not found limit of object class name com.sparrow.security.admin.protocol.query.OrganizationQuery
2026-10-04 16:14:34.232 TRACE_ID WARN  http-nio-8888-exec-4 Generator4MethodAccessor field not found limit of object class name com.sparrow.security.admin.dao.query.OrganizationDBPagerQuery
2026-10-04 16:14:34.232 TRACE_ID WARN  http-nio-8888-exec-3 Generator4MethodAccessor field not found limit of object class name com.sparrow.security.admin.protocol.query.OrganizationQuery
2026-10-04 16:14:34.232 TRACE_ID WARN  http-nio-8888-exec-3 Generator4MethodAccessor field not found limit of object class name com.sparrow.security.admin.dao.query.OrganizationDBPagerQuery
2026-10-04 16:14:34.234 TRACE_ID WARN  http-nio-8888-exec-4 Generator4MethodAccessor field not found displayText of object class name com.sparrow.security.po.Organization
2026-10-04 16:14:34.234 TRACE_ID WARN  http-nio-8888-exec-4 Generator4MethodAccessor field not found displayText of object class name com.sparrow.security.po.Organization
2026-10-04 16:14:34.234 TRACE_ID WARN  http-nio-8888-exec-4 Generator4MethodAccessor field not found displayText of object class name com.sparrow.security.po.Organization
2026-10-04 16:14:34.234 TRACE_ID WARN  http-nio-8888-exec-3 Generator4MethodAccessor field not found displayText of object class name com.sparrow.security.po.Organization
2026-10-04 16:14:34.234 TRACE_ID WARN  http-nio-8888-exec-3 Generator4MethodAccessor field not found displayText of object class name com.sparrow.security.po.Organization
2026-10-04 16:14:34.234 TRACE_ID WARN  http-nio-8888-exec-3 Generator4MethodAccessor field not found displayText of object class name com.sparrow.security.po.Organization
2026-10-04 16:14:46.174 TRACE_ID WARN  http-nio-8888-exec-6 Generator4MethodAccessor field not found deleted of object class name com.sparrow.coder.protocol.param.TableConfigParam
2026-10-04 16:14:46.175 TRACE_ID WARN  http-nio-8888-exec-6 Generator4MethodAccessor field not found status of object class name com.sparrow.coder.protocol.param.TableConfigParam
2026-10-04 16:14:46.175 TRACE_ID WARN  http-nio-8888-exec-6 Generator4MethodAccessor field not found createUserId of object class name com.sparrow.coder.protocol.param.TableConfigParam
2026-10-04 16:14:46.175 TRACE_ID WARN  http-nio-8888-exec-6 Generator4MethodAccessor field not found modifiedUserId of object class name com.sparrow.coder.protocol.param.TableConfigParam
2026-10-04 16:14:46.175 TRACE_ID WARN  http-nio-8888-exec-6 Generator4MethodAccessor field not found gmtCreate of object class name com.sparrow.coder.protocol.param.TableConfigParam
2026-10-04 16:14:46.175 TRACE_ID WARN  http-nio-8888-exec-6 Generator4MethodAccessor field not found gmtModified of object class name com.sparrow.coder.protocol.param.TableConfigParam
2026-10-04 16:14:46.175 TRACE_ID WARN  http-nio-8888-exec-6 Generator4MethodAccessor field not found createUserName of object class name com.sparrow.coder.protocol.param.TableConfigParam
2026-10-04 16:14:46.175 TRACE_ID WARN  http-nio-8888-exec-6 Generator4MethodAccessor field not found modifiedUserName of object class name com.sparrow.coder.protocol.param.TableConfigParam
2026-10-04 16:14:53.594 TRACE_ID WARN  http-nio-8888-exec-7 Generator4MethodAccessor field not found displayText of object class name com.sparrow.coder.po.ProjectConfig
2026-10-04 16:14:53.596 TRACE_ID WARN  http-nio-8888-exec-7 Generator4MethodAccessor field not found limit of object class name com.sparrow.coder.protocol.query.TableConfigQuery
2026-10-04 16:14:53.596 TRACE_ID WARN  http-nio-8888-exec-7 Generator4MethodAccessor field not found limit of object class name com.sparrow.coder.dao.query.TableConfigDBPagerQuery
2026-10-04 16:14:55.255 TRACE_ID WARN  http-nio-8888-exec-2 Generator4MethodAccessor field not found limit of object class name com.sparrow.security.admin.protocol.query.PositionQuery
2026-10-04 16:14:55.255 TRACE_ID WARN  http-nio-8888-exec-2 Generator4MethodAccessor field not found limit of object class name com.sparrow.security.admin.dao.query.PositionDBPagerQuery
2026-10-04 16:14:55.256 TRACE_ID WARN  http-nio-8888-exec-1 Generator4MethodAccessor field not found limit of object class name com.sparrow.coder.protocol.query.TableConfigQuery
2026-10-04 16:14:55.256 TRACE_ID WARN  http-nio-8888-exec-1 Generator4MethodAccessor field not found limit of object class name com.sparrow.coder.dao.query.TableConfigDBPagerQuery
2026-10-04 16:14:55.259 TRACE_ID WARN  http-nio-8888-exec-1 Generator4MethodAccessor field not found limit of object class name com.sparrow.coder.protocol.query.TableConfigQuery
2026-10-04 16:14:55.259 TRACE_ID WARN  http-nio-8888-exec-1 Generator4MethodAccessor field not found limit of object class name com.sparrow.coder.dao.query.TableConfigDBPagerQuery
2026-10-04 16:14:55.264 TRACE_ID WARN  http-nio-8888-exec-1 Generator4MethodAccessor field not found limit of object class name com.sparrow.coder.protocol.query.ProjectConfigQuery
2026-10-04 16:14:55.264 TRACE_ID WARN  http-nio-8888-exec-1 Generator4MethodAccessor field not found limit of object class name com.sparrow.coder.dao.query.ProjectConfigDBPagerQuery
2026-10-04 16:14:55.271 TRACE_ID WARN  http-nio-8888-exec-2 Generator4MethodAccessor field not found limit of object class name com.sparrow.security.admin.protocol.query.OrganizationQuery
2026-10-04 16:14:55.271 TRACE_ID WARN  http-nio-8888-exec-2 Generator4MethodAccessor field not found limit of object class name com.sparrow.security.admin.dao.query.OrganizationDBPagerQuery
2026-10-04 16:14:55.272 TRACE_ID WARN  http-nio-8888-exec-1 Generator4MethodAccessor field not found displayText of object class name com.sparrow.coder.po.ProjectConfig
2026-10-04 16:14:55.276 TRACE_ID WARN  http-nio-8888-exec-2 Generator4MethodAccessor field not found displayText of object class name com.sparrow.security.po.Organization
2026-10-04 16:14:55.276 TRACE_ID WARN  http-nio-8888-exec-2 Generator4MethodAccessor field not found displayText of object class name com.sparrow.security.po.Organization
2026-10-04 16:14:55.276 TRACE_ID WARN  http-nio-8888-exec-2 Generator4MethodAccessor field not found displayText of object class name com.sparrow.security.po.Organization
2026-10-04 16:14:59.669 TRACE_ID WARN  http-nio-8888-exec-4 Generator4MethodAccessor field not found limit of object class name com.sparrow.security.admin.protocol.query.PositionQuery
2026-10-04 16:14:59.669 TRACE_ID WARN  http-nio-8888-exec-3 Generator4MethodAccessor field not found limit of object class name com.sparrow.security.admin.protocol.query.PositionQuery
2026-10-04 16:14:59.670 TRACE_ID WARN  http-nio-8888-exec-4 Generator4MethodAccessor field not found limit of object class name com.sparrow.security.admin.dao.query.PositionDBPagerQuery
2026-10-04 16:14:59.670 TRACE_ID WARN  http-nio-8888-exec-3 Generator4MethodAccessor field not found limit of object class name com.sparrow.security.admin.dao.query.PositionDBPagerQuery
2026-10-04 16:14:59.681 TRACE_ID WARN  http-nio-8888-exec-4 Generator4MethodAccessor field not found limit of object class name com.sparrow.security.admin.protocol.query.OrganizationQuery
2026-10-04 16:14:59.681 TRACE_ID WARN  http-nio-8888-exec-3 Generator4MethodAccessor field not found limit of object class name com.sparrow.security.admin.protocol.query.OrganizationQuery
2026-10-04 16:14:59.681 TRACE_ID WARN  http-nio-8888-exec-3 Generator4MethodAccessor field not found limit of object class name com.sparrow.security.admin.dao.query.OrganizationDBPagerQuery
2026-10-04 16:14:59.681 TRACE_ID WARN  http-nio-8888-exec-4 Generator4MethodAccessor field not found limit of object class name com.sparrow.security.admin.dao.query.OrganizationDBPagerQuery
2026-10-04 16:14:59.686 TRACE_ID WARN  http-nio-8888-exec-3 Generator4MethodAccessor field not found displayText of object class name com.sparrow.security.po.Organization
2026-10-04 16:14:59.687 TRACE_ID WARN  http-nio-8888-exec-3 Generator4MethodAccessor field not found displayText of object class name com.sparrow.security.po.Organization
2026-10-04 16:14:59.687 TRACE_ID WARN  http-nio-8888-exec-4 Generator4MethodAccessor field not found displayText of object class name com.sparrow.security.po.Organization
2026-10-04 16:14:59.687 TRACE_ID WARN  http-nio-8888-exec-4 Generator4MethodAccessor field not found displayText of object class name com.sparrow.security.po.Organization
2026-10-04 16:14:59.687 TRACE_ID WARN  http-nio-8888-exec-4 Generator4MethodAccessor field not found displayText of object class name com.sparrow.security.po.Organization
2026-10-04 16:14:59.687 TRACE_ID WARN  http-nio-8888-exec-3 Generator4MethodAccessor field not found displayText of object class name com.sparrow.security.po.Organization
2026-10-04 16:15:24.109 TRACE_ID WARN  http-nio-8888-exec-6 Generator4MethodAccessor field not found displayText of object class name com.sparrow.security.admin.protocol.param.PositionParam
2026-10-04 16:15:24.109 TRACE_ID WARN  http-nio-8888-exec-6 Generator4MethodAccessor field not found displayText of object class name com.sparrow.security.po.Position
2026-10-04 16:15:24.109 TRACE_ID WARN  http-nio-8888-exec-6 Generator4MethodAccessor field not found deleted of object class name com.sparrow.security.admin.protocol.param.PositionParam
2026-10-04 16:15:24.109 TRACE_ID WARN  http-nio-8888-exec-6 Generator4MethodAccessor field not found status of object class name com.sparrow.security.admin.protocol.param.PositionParam
2026-10-04 16:15:24.109 TRACE_ID WARN  http-nio-8888-exec-6 Generator4MethodAccessor field not found createUserId of object class name com.sparrow.security.admin.protocol.param.PositionParam
2026-10-04 16:15:24.109 TRACE_ID WARN  http-nio-8888-exec-6 Generator4MethodAccessor field not found modifiedUserId of object class name com.sparrow.security.admin.protocol.param.PositionParam
2026-10-04 16:15:24.110 TRACE_ID WARN  http-nio-8888-exec-6 Generator4MethodAccessor field not found gmtCreate of object class name com.sparrow.security.admin.protocol.param.PositionParam
2026-10-04 16:15:24.110 TRACE_ID WARN  http-nio-8888-exec-6 Generator4MethodAccessor field not found gmtModified of object class name com.sparrow.security.admin.protocol.param.PositionParam
2026-10-04 16:15:24.110 TRACE_ID WARN  http-nio-8888-exec-6 Generator4MethodAccessor field not found createUserName of object class name com.sparrow.security.admin.protocol.param.PositionParam
2026-10-04 16:15:24.110 TRACE_ID WARN  http-nio-8888-exec-6 Generator4MethodAccessor field not found modifiedUserName of object class name com.sparrow.security.admin.protocol.param.PositionParam
2026-10-04 16:15:46.573 TRACE_ID WARN  http-nio-8888-exec-7 Generator4MethodAccessor field not found displayText of object class name com.sparrow.security.admin.protocol.param.PositionParam
2026-10-04 16:15:46.573 TRACE_ID WARN  http-nio-8888-exec-7 Generator4MethodAccessor field not found displayText of object class name com.sparrow.security.po.Position
2026-10-04 16:15:46.573 TRACE_ID WARN  http-nio-8888-exec-7 Generator4MethodAccessor field not found deleted of object class name com.sparrow.security.admin.protocol.param.PositionParam
2026-10-04 16:15:46.573 TRACE_ID WARN  http-nio-8888-exec-7 Generator4MethodAccessor field not found status of object class name com.sparrow.security.admin.protocol.param.PositionParam
2026-10-04 16:15:46.573 TRACE_ID WARN  http-nio-8888-exec-7 Generator4MethodAccessor field not found createUserId of object class name com.sparrow.security.admin.protocol.param.PositionParam
2026-10-04 16:15:46.573 TRACE_ID WARN  http-nio-8888-exec-7 Generator4MethodAccessor field not found modifiedUserId of object class name com.sparrow.security.admin.protocol.param.PositionParam
2026-10-04 16:15:46.573 TRACE_ID WARN  http-nio-8888-exec-7 Generator4MethodAccessor field not found gmtCreate of object class name com.sparrow.security.admin.protocol.param.PositionParam
2026-10-04 16:15:46.573 TRACE_ID WARN  http-nio-8888-exec-7 Generator4MethodAccessor field not found gmtModified of object class name com.sparrow.security.admin.protocol.param.PositionParam
2026-10-04 16:15:46.573 TRACE_ID WARN  http-nio-8888-exec-7 Generator4MethodAccessor field not found createUserName of object class name com.sparrow.security.admin.protocol.param.PositionParam
2026-10-04 16:15:46.573 TRACE_ID WARN  http-nio-8888-exec-7 Generator4MethodAccessor field not found modifiedUserName of object class name com.sparrow.security.admin.protocol.param.PositionParam
2026-10-04 16:15:46.609 TRACE_ID WARN  http-nio-8888-exec-10 Generator4MethodAccessor field not found limit of object class name com.sparrow.security.admin.protocol.query.PositionQuery
2026-10-04 16:15:46.609 TRACE_ID WARN  http-nio-8888-exec-10 Generator4MethodAccessor field not found limit of object class name com.sparrow.security.admin.dao.query.PositionDBPagerQuery
2026-10-04 16:15:46.614 TRACE_ID WARN  http-nio-8888-exec-10 Generator4MethodAccessor field not found limit of object class name com.sparrow.security.admin.protocol.query.PositionQuery
2026-10-04 16:15:46.614 TRACE_ID WARN  http-nio-8888-exec-10 Generator4MethodAccessor field not found limit of object class name com.sparrow.security.admin.dao.query.PositionDBPagerQuery
2026-10-04 16:15:46.617 TRACE_ID WARN  http-nio-8888-exec-10 Generator4MethodAccessor field not found displayText of object class name com.sparrow.security.po.Position
2026-10-04 16:15:46.617 TRACE_ID WARN  http-nio-8888-exec-10 Generator4MethodAccessor field not found limit of object class name com.sparrow.security.admin.protocol.query.OrganizationQuery
2026-10-04 16:15:46.618 TRACE_ID WARN  http-nio-8888-exec-10 Generator4MethodAccessor field not found limit of object class name com.sparrow.security.admin.dao.query.OrganizationDBPagerQuery
2026-10-04 16:15:46.619 TRACE_ID WARN  http-nio-8888-exec-10 Generator4MethodAccessor field not found displayText of object class name com.sparrow.security.po.Organization
2026-10-04 16:15:46.619 TRACE_ID WARN  http-nio-8888-exec-10 Generator4MethodAccessor field not found displayText of object class name com.sparrow.security.po.Organization
2026-10-04 16:15:46.619 TRACE_ID WARN  http-nio-8888-exec-10 Generator4MethodAccessor field not found displayText of object class name com.sparrow.security.po.Organization
2026-10-04 16:16:01.121 TRACE_ID WARN  http-nio-8888-exec-4 Generator4MethodAccessor field not found displayText of object class name com.sparrow.security.admin.protocol.param.PositionParam
2026-10-04 16:16:01.121 TRACE_ID WARN  http-nio-8888-exec-4 Generator4MethodAccessor field not found displayText of object class name com.sparrow.security.po.Position
2026-10-04 16:16:01.121 TRACE_ID WARN  http-nio-8888-exec-4 Generator4MethodAccessor field not found deleted of object class name com.sparrow.security.admin.protocol.param.PositionParam
2026-10-04 16:16:01.121 TRACE_ID WARN  http-nio-8888-exec-4 Generator4MethodAccessor field not found status of object class name com.sparrow.security.admin.protocol.param.PositionParam
2026-10-04 16:16:01.121 TRACE_ID WARN  http-nio-8888-exec-4 Generator4MethodAccessor field not found createUserId of object class name com.sparrow.security.admin.protocol.param.PositionParam
2026-10-04 16:16:01.121 TRACE_ID WARN  http-nio-8888-exec-4 Generator4MethodAccessor field not found modifiedUserId of object class name com.sparrow.security.admin.protocol.param.PositionParam
2026-10-04 16:16:01.121 TRACE_ID WARN  http-nio-8888-exec-4 Generator4MethodAccessor field not found gmtCreate of object class name com.sparrow.security.admin.protocol.param.PositionParam
2026-10-04 16:16:01.121 TRACE_ID WARN  http-nio-8888-exec-4 Generator4MethodAccessor field not found gmtModified of object class name com.sparrow.security.admin.protocol.param.PositionParam
2026-10-04 16:16:01.121 TRACE_ID WARN  http-nio-8888-exec-4 Generator4MethodAccessor field not found createUserName of object class name com.sparrow.security.admin.protocol.param.PositionParam
2026-10-04 16:16:01.121 TRACE_ID WARN  http-nio-8888-exec-4 Generator4MethodAccessor field not found modifiedUserName of object class name com.sparrow.security.admin.protocol.param.PositionParam
2026-10-04 16:16:01.143 TRACE_ID WARN  http-nio-8888-exec-5 Generator4MethodAccessor field not found limit of object class name com.sparrow.security.admin.protocol.query.PositionQuery
2026-10-04 16:16:01.143 TRACE_ID WARN  http-nio-8888-exec-5 Generator4MethodAccessor field not found limit of object class name com.sparrow.security.admin.dao.query.PositionDBPagerQuery
2026-10-04 16:16:01.144 TRACE_ID WARN  http-nio-8888-exec-5 Generator4MethodAccessor field not found limit of object class name com.sparrow.security.admin.protocol.query.PositionQuery
2026-10-04 16:16:01.145 TRACE_ID WARN  http-nio-8888-exec-5 Generator4MethodAccessor field not found limit of object class name com.sparrow.security.admin.dao.query.PositionDBPagerQuery
2026-10-04 16:16:01.150 TRACE_ID WARN  http-nio-8888-exec-5 Generator4MethodAccessor field not found displayText of object class name com.sparrow.security.po.Position
2026-10-04 16:16:01.150 TRACE_ID WARN  http-nio-8888-exec-5 Generator4MethodAccessor field not found displayText of object class name com.sparrow.security.po.Position
2026-10-04 16:16:01.151 TRACE_ID WARN  http-nio-8888-exec-5 Generator4MethodAccessor field not found limit of object class name com.sparrow.security.admin.protocol.query.OrganizationQuery
2026-10-04 16:16:01.151 TRACE_ID WARN  http-nio-8888-exec-5 Generator4MethodAccessor field not found limit of object class name com.sparrow.security.admin.dao.query.OrganizationDBPagerQuery
2026-10-04 16:16:01.152 TRACE_ID WARN  http-nio-8888-exec-5 Generator4MethodAccessor field not found displayText of object class name com.sparrow.security.po.Organization
2026-10-04 16:16:01.152 TRACE_ID WARN  http-nio-8888-exec-5 Generator4MethodAccessor field not found displayText of object class name com.sparrow.security.po.Organization
2026-10-04 16:16:01.152 TRACE_ID WARN  http-nio-8888-exec-5 Generator4MethodAccessor field not found displayText of object class name com.sparrow.security.po.Organization
2026-10-04 18:04:48.965 TRACE_ID WARN  http-nio-8888-exec-8 Generator4MethodAccessor field not found limit of object class name com.sparrow.coder.protocol.query.ProjectConfigQuery
2026-10-04 18:04:48.965 TRACE_ID WARN  http-nio-8888-exec-7 Generator4MethodAccessor field not found limit of object class name com.sparrow.coder.protocol.query.TableConfigQuery
2026-10-04 18:04:48.966 TRACE_ID WARN  http-nio-8888-exec-8 Generator4MethodAccessor field not found limit of object class name com.sparrow.coder.dao.query.ProjectConfigDBPagerQuery
2026-10-04 18:04:48.966 TRACE_ID WARN  http-nio-8888-exec-7 Generator4MethodAccessor field not found limit of object class name com.sparrow.coder.dao.query.TableConfigDBPagerQuery
2026-10-04 18:04:48.969 TRACE_ID WARN  http-nio-8888-exec-5 Generator4MethodAccessor field not found limit of object class name com.sparrow.coder.protocol.query.ProjectConfigQuery
2026-10-04 18:04:48.969 TRACE_ID WARN  http-nio-8888-exec-5 Generator4MethodAccessor field not found limit of object class name com.sparrow.coder.dao.query.ProjectConfigDBPagerQuery
2026-10-04 18:04:48.969 TRACE_ID WARN  http-nio-8888-exec-6 Generator4MethodAccessor field not found limit of object class name com.sparrow.coder.protocol.query.TableConfigQuery
2026-10-04 18:04:48.969 TRACE_ID WARN  http-nio-8888-exec-6 Generator4MethodAccessor field not found limit of object class name com.sparrow.coder.dao.query.TableConfigDBPagerQuery
2026-10-04 18:04:49.055 TRACE_ID WARN  http-nio-8888-exec-8 Generator4MethodAccessor field not found limit of object class name com.sparrow.coder.protocol.query.ProjectConfigQuery
2026-10-04 18:04:49.055 TRACE_ID WARN  http-nio-8888-exec-5 Generator4MethodAccessor field not found limit of object class name com.sparrow.coder.protocol.query.ProjectConfigQuery
2026-10-04 18:04:49.055 TRACE_ID WARN  http-nio-8888-exec-6 Generator4MethodAccessor field not found limit of object class name com.sparrow.coder.protocol.query.TableConfigQuery
2026-10-04 18:04:49.055 TRACE_ID WARN  http-nio-8888-exec-7 Generator4MethodAccessor field not found limit of object class name com.sparrow.coder.protocol.query.TableConfigQuery
2026-10-04 18:04:49.055 TRACE_ID WARN  http-nio-8888-exec-8 Generator4MethodAccessor field not found limit of object class name com.sparrow.coder.dao.query.ProjectConfigDBPagerQuery
2026-10-04 18:04:49.055 TRACE_ID WARN  http-nio-8888-exec-5 Generator4MethodAccessor field not found limit of object class name com.sparrow.coder.dao.query.ProjectConfigDBPagerQuery
2026-10-04 18:04:49.055 TRACE_ID WARN  http-nio-8888-exec-6 Generator4MethodAccessor field not found limit of object class name com.sparrow.coder.dao.query.TableConfigDBPagerQuery
2026-10-04 18:04:49.055 TRACE_ID WARN  http-nio-8888-exec-7 Generator4MethodAccessor field not found limit of object class name com.sparrow.coder.dao.query.TableConfigDBPagerQuery
2026-10-04 18:04:49.062 TRACE_ID WARN  http-nio-8888-exec-5 Generator4MethodAccessor field not found displayText of object class name com.sparrow.coder.po.ProjectConfig
2026-10-04 18:04:49.062 TRACE_ID WARN  http-nio-8888-exec-8 Generator4MethodAccessor field not found displayText of object class name com.sparrow.coder.po.ProjectConfig
2026-10-04 18:04:49.067 TRACE_ID WARN  http-nio-8888-exec-6 Generator4MethodAccessor field not found limit of object class name com.sparrow.coder.protocol.query.ProjectConfigQuery
2026-10-04 18:04:49.067 TRACE_ID WARN  http-nio-8888-exec-6 Generator4MethodAccessor field not found limit of object class name com.sparrow.coder.dao.query.ProjectConfigDBPagerQuery
2026-10-04 18:04:49.067 TRACE_ID WARN  http-nio-8888-exec-7 Generator4MethodAccessor field not found limit of object class name com.sparrow.coder.protocol.query.ProjectConfigQuery
2026-10-04 18:04:49.067 TRACE_ID WARN  http-nio-8888-exec-7 Generator4MethodAccessor field not found limit of object class name com.sparrow.coder.dao.query.ProjectConfigDBPagerQuery
2026-10-04 18:04:49.069 TRACE_ID WARN  http-nio-8888-exec-6 Generator4MethodAccessor field not found displayText of object class name com.sparrow.coder.po.ProjectConfig
2026-10-04 18:04:49.069 TRACE_ID WARN  http-nio-8888-exec-7 Generator4MethodAccessor field not found displayText of object class name com.sparrow.coder.po.ProjectConfig
2026-10-04 18:04:53.417 TRACE_ID WARN  http-nio-8888-exec-9 Generator4MethodAccessor field not found limit of object class name com.sparrow.coder.protocol.query.TableConfigQuery
2026-10-04 18:04:53.417 TRACE_ID WARN  http-nio-8888-exec-9 Generator4MethodAccessor field not found limit of object class name com.sparrow.coder.dao.query.TableConfigDBPagerQuery
2026-10-04 18:04:53.417 TRACE_ID WARN  http-nio-8888-exec-10 Generator4MethodAccessor field not found limit of object class name com.sparrow.coder.protocol.query.TableConfigQuery
2026-10-04 18:04:53.417 TRACE_ID WARN  http-nio-8888-exec-10 Generator4MethodAccessor field not found limit of object class name com.sparrow.coder.dao.query.TableConfigDBPagerQuery
2026-10-04 18:04:53.425 TRACE_ID WARN  http-nio-8888-exec-9 Generator4MethodAccessor field not found limit of object class name com.sparrow.coder.protocol.query.TableConfigQuery
2026-10-04 18:04:53.425 TRACE_ID WARN  http-nio-8888-exec-9 Generator4MethodAccessor field not found limit of object class name com.sparrow.coder.dao.query.TableConfigDBPagerQuery
2026-10-04 18:04:53.426 TRACE_ID WARN  http-nio-8888-exec-10 Generator4MethodAccessor field not found limit of object class name com.sparrow.coder.protocol.query.TableConfigQuery
2026-10-04 18:04:53.426 TRACE_ID WARN  http-nio-8888-exec-10 Generator4MethodAccessor field not found limit of object class name com.sparrow.coder.dao.query.TableConfigDBPagerQuery
2026-10-04 18:04:53.430 TRACE_ID WARN  http-nio-8888-exec-9 Generator4MethodAccessor field not found limit of object class name com.sparrow.coder.protocol.query.ProjectConfigQuery
2026-10-04 18:04:53.430 TRACE_ID WARN  http-nio-8888-exec-9 Generator4MethodAccessor field not found limit of object class name com.sparrow.coder.dao.query.ProjectConfigDBPagerQuery
2026-10-04 18:04:53.430 TRACE_ID WARN  http-nio-8888-exec-10 Generator4MethodAccessor field not found limit of object class name com.sparrow.coder.protocol.query.ProjectConfigQuery
2026-10-04 18:04:53.430 TRACE_ID WARN  http-nio-8888-exec-10 Generator4MethodAccessor field not found limit of object class name com.sparrow.coder.dao.query.ProjectConfigDBPagerQuery
2026-10-04 18:04:53.433 TRACE_ID WARN  http-nio-8888-exec-10 Generator4MethodAccessor field not found displayText of object class name com.sparrow.coder.po.ProjectConfig
2026-10-04 18:04:53.433 TRACE_ID WARN  http-nio-8888-exec-9 Generator4MethodAccessor field not found displayText of object class name com.sparrow.coder.po.ProjectConfig
2026-10-04 18:04:59.722 TRACE_ID WARN  http-nio-8888-exec-1 Generator4MethodAccessor field not found displayText of object class name com.sparrow.coder.po.ProjectConfig
2026-10-04 18:04:59.723 TRACE_ID WARN  http-nio-8888-exec-1 Generator4MethodAccessor field not found limit of object class name com.sparrow.coder.protocol.query.TableConfigQuery
2026-10-04 18:04:59.723 TRACE_ID WARN  http-nio-8888-exec-1 Generator4MethodAccessor field not found limit of object class name com.sparrow.coder.dao.query.TableConfigDBPagerQuery
2026-10-04 18:07:04.721 TRACE_ID WARN  http-nio-8888-exec-7 Generator4MethodAccessor field not found displayText of object class name com.sparrow.coder.po.ProjectConfig
2026-10-04 18:07:04.724 TRACE_ID WARN  http-nio-8888-exec-7 Generator4MethodAccessor field not found limit of object class name com.sparrow.coder.protocol.query.TableConfigQuery
2026-10-04 18:07:04.724 TRACE_ID WARN  http-nio-8888-exec-7 Generator4MethodAccessor field not found limit of object class name com.sparrow.coder.dao.query.TableConfigDBPagerQuery
2026-10-04 18:09:10.958 TRACE_ID WARN  http-nio-8888-exec-3 Generator4MethodAccessor field not found limit of object class name com.sparrow.coder.protocol.query.ProjectConfigQuery
2026-10-04 18:09:10.958 TRACE_ID WARN  http-nio-8888-exec-4 Generator4MethodAccessor field not found limit of object class name com.sparrow.coder.protocol.query.ProjectConfigQuery
2026-10-04 18:09:10.959 TRACE_ID WARN  http-nio-8888-exec-4 Generator4MethodAccessor field not found limit of object class name com.sparrow.coder.dao.query.ProjectConfigDBPagerQuery
2026-10-04 18:09:10.959 TRACE_ID WARN  http-nio-8888-exec-3 Generator4MethodAccessor field not found limit of object class name com.sparrow.coder.dao.query.ProjectConfigDBPagerQuery
2026-10-04 18:09:11.008 TRACE_ID WARN  http-nio-8888-exec-3 Generator4MethodAccessor field not found limit of object class name com.sparrow.coder.protocol.query.ProjectConfigQuery
2026-10-04 18:09:11.008 TRACE_ID WARN  http-nio-8888-exec-3 Generator4MethodAccessor field not found limit of object class name com.sparrow.coder.dao.query.ProjectConfigDBPagerQuery
2026-10-04 18:09:11.008 TRACE_ID WARN  http-nio-8888-exec-4 Generator4MethodAccessor field not found limit of object class name com.sparrow.coder.protocol.query.ProjectConfigQuery
2026-10-04 18:09:11.008 TRACE_ID WARN  http-nio-8888-exec-4 Generator4MethodAccessor field not found limit of object class name com.sparrow.coder.dao.query.ProjectConfigDBPagerQuery
2026-10-04 18:09:11.017 TRACE_ID WARN  http-nio-8888-exec-3 Generator4MethodAccessor field not found displayText of object class name com.sparrow.coder.po.ProjectConfig
2026-10-04 18:09:11.017 TRACE_ID WARN  http-nio-8888-exec-4 Generator4MethodAccessor field not found displayText of object class name com.sparrow.coder.po.ProjectConfig
2026-10-04 18:09:27.819 TRACE_ID WARN  http-nio-8888-exec-6 Generator4MethodAccessor field not found displayText of object class name com.sparrow.coder.protocol.param.ProjectConfigParam
2026-10-04 18:09:27.819 TRACE_ID WARN  http-nio-8888-exec-6 Generator4MethodAccessor field not found displayText of object class name com.sparrow.coder.po.ProjectConfig
2026-10-04 18:09:27.819 TRACE_ID WARN  http-nio-8888-exec-6 Generator4MethodAccessor field not found status of object class name com.sparrow.coder.protocol.param.ProjectConfigParam
2026-10-04 18:09:27.819 TRACE_ID WARN  http-nio-8888-exec-6 Generator4MethodAccessor field not found deleted of object class name com.sparrow.coder.protocol.param.ProjectConfigParam
2026-10-04 18:09:27.819 TRACE_ID WARN  http-nio-8888-exec-6 Generator4MethodAccessor field not found createUserId of object class name com.sparrow.coder.protocol.param.ProjectConfigParam
2026-10-04 18:09:27.819 TRACE_ID WARN  http-nio-8888-exec-6 Generator4MethodAccessor field not found modifiedUserId of object class name com.sparrow.coder.protocol.param.ProjectConfigParam
2026-10-04 18:09:27.819 TRACE_ID WARN  http-nio-8888-exec-6 Generator4MethodAccessor field not found gmtCreate of object class name com.sparrow.coder.protocol.param.ProjectConfigParam
2026-10-04 18:09:27.819 TRACE_ID WARN  http-nio-8888-exec-6 Generator4MethodAccessor field not found gmtModified of object class name com.sparrow.coder.protocol.param.ProjectConfigParam
2026-10-04 18:09:27.819 TRACE_ID WARN  http-nio-8888-exec-6 Generator4MethodAccessor field not found createUserName of object class name com.sparrow.coder.protocol.param.ProjectConfigParam
2026-10-04 18:09:27.819 TRACE_ID WARN  http-nio-8888-exec-6 Generator4MethodAccessor field not found modifiedUserName of object class name com.sparrow.coder.protocol.param.ProjectConfigParam
2026-10-04 18:09:27.865 TRACE_ID WARN  http-nio-8888-exec-8 Generator4MethodAccessor field not found limit of object class name com.sparrow.coder.protocol.query.ProjectConfigQuery
2026-10-04 18:09:27.865 TRACE_ID WARN  http-nio-8888-exec-8 Generator4MethodAccessor field not found limit of object class name com.sparrow.coder.dao.query.ProjectConfigDBPagerQuery
2026-10-04 18:09:27.871 TRACE_ID WARN  http-nio-8888-exec-8 Generator4MethodAccessor field not found limit of object class name com.sparrow.coder.protocol.query.ProjectConfigQuery
2026-10-04 18:09:27.871 TRACE_ID WARN  http-nio-8888-exec-8 Generator4MethodAccessor field not found limit of object class name com.sparrow.coder.dao.query.ProjectConfigDBPagerQuery
2026-10-04 18:09:27.875 TRACE_ID WARN  http-nio-8888-exec-8 Generator4MethodAccessor field not found displayText of object class name com.sparrow.coder.po.ProjectConfig
2026-10-04 18:09:30.061 TRACE_ID WARN  http-nio-8888-exec-2 Generator4MethodAccessor field not found limit of object class name com.sparrow.coder.protocol.query.TableConfigQuery
2026-10-04 18:09:30.061 TRACE_ID WARN  http-nio-8888-exec-2 Generator4MethodAccessor field not found limit of object class name com.sparrow.coder.dao.query.TableConfigDBPagerQuery
2026-10-04 18:09:30.064 TRACE_ID WARN  http-nio-8888-exec-1 Generator4MethodAccessor field not found limit of object class name com.sparrow.coder.protocol.query.TableConfigQuery
2026-10-04 18:09:30.064 TRACE_ID WARN  http-nio-8888-exec-1 Generator4MethodAccessor field not found limit of object class name com.sparrow.coder.dao.query.TableConfigDBPagerQuery
2026-10-04 18:09:30.071 TRACE_ID WARN  http-nio-8888-exec-2 Generator4MethodAccessor field not found limit of object class name com.sparrow.coder.protocol.query.TableConfigQuery
2026-10-04 18:09:30.071 TRACE_ID WARN  http-nio-8888-exec-2 Generator4MethodAccessor field not found limit of object class name com.sparrow.coder.dao.query.TableConfigDBPagerQuery
2026-10-04 18:09:30.079 TRACE_ID WARN  http-nio-8888-exec-1 Generator4MethodAccessor field not found limit of object class name com.sparrow.coder.protocol.query.TableConfigQuery
2026-10-04 18:09:30.079 TRACE_ID WARN  http-nio-8888-exec-1 Generator4MethodAccessor field not found limit of object class name com.sparrow.coder.dao.query.TableConfigDBPagerQuery
2026-10-04 18:09:30.081 TRACE_ID WARN  http-nio-8888-exec-2 Generator4MethodAccessor field not found limit of object class name com.sparrow.coder.protocol.query.ProjectConfigQuery
2026-10-04 18:09:30.081 TRACE_ID WARN  http-nio-8888-exec-2 Generator4MethodAccessor field not found limit of object class name com.sparrow.coder.dao.query.ProjectConfigDBPagerQuery
2026-10-04 18:09:30.086 TRACE_ID WARN  http-nio-8888-exec-1 Generator4MethodAccessor field not found limit of object class name com.sparrow.coder.protocol.query.ProjectConfigQuery
2026-10-04 18:09:30.086 TRACE_ID WARN  http-nio-8888-exec-1 Generator4MethodAccessor field not found limit of object class name com.sparrow.coder.dao.query.ProjectConfigDBPagerQuery
2026-10-04 18:09:30.087 TRACE_ID WARN  http-nio-8888-exec-2 Generator4MethodAccessor field not found displayText of object class name com.sparrow.coder.po.ProjectConfig
2026-10-04 18:09:30.089 TRACE_ID WARN  http-nio-8888-exec-1 Generator4MethodAccessor field not found displayText of object class name com.sparrow.coder.po.ProjectConfig
2026-10-04 18:09:33.280 TRACE_ID WARN  http-nio-8888-exec-3 Generator4MethodAccessor field not found displayText of object class name com.sparrow.coder.po.ProjectConfig
2026-10-04 18:09:33.280 TRACE_ID WARN  http-nio-8888-exec-3 Generator4MethodAccessor field not found limit of object class name com.sparrow.coder.protocol.query.TableConfigQuery
2026-10-04 18:09:33.280 TRACE_ID WARN  http-nio-8888-exec-3 Generator4MethodAccessor field not found limit of object class name com.sparrow.coder.dao.query.TableConfigDBPagerQuery
2026-10-04 18:09:34.280 TRACE_ID WARN  http-nio-8888-exec-5 Generator4MethodAccessor field not found limit of object class name com.sparrow.coder.protocol.query.TableConfigQuery
2026-10-04 18:09:34.280 TRACE_ID WARN  http-nio-8888-exec-5 Generator4MethodAccessor field not found limit of object class name com.sparrow.coder.dao.query.TableConfigDBPagerQuery
2026-10-04 18:09:34.283 TRACE_ID WARN  http-nio-8888-exec-5 Generator4MethodAccessor field not found limit of object class name com.sparrow.coder.protocol.query.TableConfigQuery
2026-10-04 18:09:34.283 TRACE_ID WARN  http-nio-8888-exec-5 Generator4MethodAccessor field not found limit of object class name com.sparrow.coder.dao.query.TableConfigDBPagerQuery
2026-10-04 18:09:34.286 TRACE_ID WARN  http-nio-8888-exec-5 Generator4MethodAccessor field not found limit of object class name com.sparrow.coder.protocol.query.ProjectConfigQuery
2026-10-04 18:09:34.286 TRACE_ID WARN  http-nio-8888-exec-5 Generator4MethodAccessor field not found limit of object class name com.sparrow.coder.dao.query.ProjectConfigDBPagerQuery
2026-10-04 18:09:34.288 TRACE_ID WARN  http-nio-8888-exec-5 Generator4MethodAccessor field not found displayText of object class name com.sparrow.coder.po.ProjectConfig
2026-10-04 18:09:35.358 TRACE_ID WARN  http-nio-8888-exec-9 Generator4MethodAccessor field not found limit of object class name com.sparrow.security.admin.protocol.query.PositionQuery
2026-10-04 18:09:35.358 TRACE_ID WARN  http-nio-8888-exec-9 Generator4MethodAccessor field not found limit of object class name com.sparrow.security.admin.dao.query.PositionDBPagerQuery
2026-10-04 18:09:35.358 TRACE_ID WARN  http-nio-8888-exec-8 Generator4MethodAccessor field not found limit of object class name com.sparrow.security.admin.protocol.query.PositionQuery
2026-10-04 18:09:35.358 TRACE_ID WARN  http-nio-8888-exec-8 Generator4MethodAccessor field not found limit of object class name com.sparrow.security.admin.dao.query.PositionDBPagerQuery
2026-10-04 18:09:35.360 TRACE_ID WARN  http-nio-8888-exec-9 Generator4MethodAccessor field not found limit of object class name com.sparrow.security.admin.protocol.query.PositionQuery
2026-10-04 18:09:35.360 TRACE_ID WARN  http-nio-8888-exec-9 Generator4MethodAccessor field not found limit of object class name com.sparrow.security.admin.dao.query.PositionDBPagerQuery
2026-10-04 18:09:35.366 TRACE_ID WARN  http-nio-8888-exec-9 Generator4MethodAccessor field not found displayText of object class name com.sparrow.security.po.Position
2026-10-04 18:09:35.366 TRACE_ID WARN  http-nio-8888-exec-9 Generator4MethodAccessor field not found displayText of object class name com.sparrow.security.po.Position
2026-10-04 18:09:35.367 TRACE_ID WARN  http-nio-8888-exec-9 Generator4MethodAccessor field not found limit of object class name com.sparrow.security.admin.protocol.query.OrganizationQuery
2026-10-04 18:09:35.367 TRACE_ID WARN  http-nio-8888-exec-9 Generator4MethodAccessor field not found limit of object class name com.sparrow.security.admin.dao.query.OrganizationDBPagerQuery
2026-10-04 18:09:35.370 TRACE_ID WARN  http-nio-8888-exec-9 Generator4MethodAccessor field not found displayText of object class name com.sparrow.security.po.Organization
2026-10-04 18:09:35.370 TRACE_ID WARN  http-nio-8888-exec-9 Generator4MethodAccessor field not found displayText of object class name com.sparrow.security.po.Organization
2026-10-04 18:09:35.370 TRACE_ID WARN  http-nio-8888-exec-9 Generator4MethodAccessor field not found displayText of object class name com.sparrow.security.po.Organization
2026-10-04 18:09:35.371 TRACE_ID WARN  http-nio-8888-exec-8 Generator4MethodAccessor field not found limit of object class name com.sparrow.security.admin.protocol.query.PositionQuery
2026-10-04 18:09:35.372 TRACE_ID WARN  http-nio-8888-exec-8 Generator4MethodAccessor field not found limit of object class name com.sparrow.security.admin.dao.query.PositionDBPagerQuery
2026-10-04 18:09:35.378 TRACE_ID WARN  http-nio-8888-exec-8 Generator4MethodAccessor field not found displayText of object class name com.sparrow.security.po.Position
2026-10-04 18:09:35.379 TRACE_ID WARN  http-nio-8888-exec-8 Generator4MethodAccessor field not found displayText of object class name com.sparrow.security.po.Position
2026-10-04 18:09:35.379 TRACE_ID WARN  http-nio-8888-exec-8 Generator4MethodAccessor field not found limit of object class name com.sparrow.security.admin.protocol.query.OrganizationQuery
2026-10-04 18:09:35.379 TRACE_ID WARN  http-nio-8888-exec-8 Generator4MethodAccessor field not found limit of object class name com.sparrow.security.admin.dao.query.OrganizationDBPagerQuery
2026-10-04 18:09:35.399 TRACE_ID WARN  http-nio-8888-exec-8 Generator4MethodAccessor field not found displayText of object class name com.sparrow.security.po.Organization
2026-10-04 18:09:35.399 TRACE_ID WARN  http-nio-8888-exec-8 Generator4MethodAccessor field not found displayText of object class name com.sparrow.security.po.Organization
2026-10-04 18:09:35.399 TRACE_ID WARN  http-nio-8888-exec-8 Generator4MethodAccessor field not found displayText of object class name com.sparrow.security.po.Organization
2026-10-04 18:09:57.721 TRACE_ID WARN  http-nio-8888-exec-1 Generator4MethodAccessor field not found limit of object class name com.sparrow.security.admin.protocol.query.AppQuery
2026-10-04 18:09:57.721 TRACE_ID WARN  http-nio-8888-exec-1 Generator4MethodAccessor field not found limit of object class name com.sparrow.security.admin.dao.query.AppDBPagerQuery
2026-10-04 18:09:57.721 TRACE_ID WARN  http-nio-8888-exec-10 Generator4MethodAccessor field not found limit of object class name com.sparrow.security.admin.protocol.query.AppQuery
2026-10-04 18:09:57.722 TRACE_ID WARN  http-nio-8888-exec-10 Generator4MethodAccessor field not found limit of object class name com.sparrow.security.admin.dao.query.AppDBPagerQuery
2026-10-04 18:09:57.764 TRACE_ID WARN  http-nio-8888-exec-10 Generator4MethodAccessor field not found limit of object class name com.sparrow.security.admin.protocol.query.AppQuery
2026-10-04 18:09:57.765 TRACE_ID WARN  http-nio-8888-exec-10 Generator4MethodAccessor field not found limit of object class name com.sparrow.security.admin.dao.query.AppDBPagerQuery
2026-10-04 18:09:57.768 TRACE_ID WARN  http-nio-8888-exec-1 Generator4MethodAccessor field not found limit of object class name com.sparrow.security.admin.protocol.query.AppQuery
2026-10-04 18:09:57.768 TRACE_ID WARN  http-nio-8888-exec-1 Generator4MethodAccessor field not found limit of object class name com.sparrow.security.admin.dao.query.AppDBPagerQuery
2026-10-04 18:09:57.773 TRACE_ID WARN  http-nio-8888-exec-10 Generator4MethodAccessor field not found displayText of object class name com.sparrow.security.po.App
2026-10-04 18:09:57.774 TRACE_ID WARN  http-nio-8888-exec-1 Generator4MethodAccessor field not found displayText of object class name com.sparrow.security.po.App
2026-10-04 18:10:12.260 TRACE_ID WARN  http-nio-8888-exec-4 Generator4MethodAccessor field not found limit of object class name com.sparrow.security.admin.protocol.query.AppQuery
2026-10-04 18:10:12.260 TRACE_ID WARN  http-nio-8888-exec-4 Generator4MethodAccessor field not found limit of object class name com.sparrow.security.admin.dao.query.AppDBPagerQuery
2026-10-04 18:10:12.269 TRACE_ID WARN  http-nio-8888-exec-4 Generator4MethodAccessor field not found limit of object class name com.sparrow.security.admin.protocol.query.AppQuery
2026-10-04 18:10:12.269 TRACE_ID WARN  http-nio-8888-exec-4 Generator4MethodAccessor field not found limit of object class name com.sparrow.security.admin.dao.query.AppDBPagerQuery
2026-10-04 18:10:12.270 TRACE_ID WARN  http-nio-8888-exec-4 Generator4MethodAccessor field not found displayText of object class name com.sparrow.security.po.App
2026-10-04 18:10:14.976 TRACE_ID WARN  http-nio-8888-exec-3 Generator4MethodAccessor field not found limit of object class name com.sparrow.security.admin.protocol.query.AppQuery
2026-10-04 18:10:14.976 TRACE_ID WARN  http-nio-8888-exec-3 Generator4MethodAccessor field not found limit of object class name com.sparrow.security.admin.dao.query.AppDBPagerQuery
2026-10-04 18:22:29.562 TRACE_ID WARN  http-nio-8888-exec-6 Generator4MethodAccessor field not found limit of object class name com.sparrow.security.admin.protocol.query.AppQuery
2026-10-04 18:22:29.562 TRACE_ID WARN  http-nio-8888-exec-8 Generator4MethodAccessor field not found limit of object class name com.sparrow.security.admin.protocol.query.AppQuery
2026-10-04 18:22:29.563 TRACE_ID WARN  http-nio-8888-exec-8 Generator4MethodAccessor field not found limit of object class name com.sparrow.security.admin.dao.query.AppDBPagerQuery
2026-10-04 18:22:29.562 TRACE_ID WARN  http-nio-8888-exec-6 Generator4MethodAccessor field not found limit of object class name com.sparrow.security.admin.dao.query.AppDBPagerQuery
2026-10-04 18:22:29.611 TRACE_ID WARN  http-nio-8888-exec-8 Generator4MethodAccessor field not found limit of object class name com.sparrow.security.admin.protocol.query.AppQuery
2026-10-04 18:22:29.611 TRACE_ID WARN  http-nio-8888-exec-6 Generator4MethodAccessor field not found limit of object class name com.sparrow.security.admin.protocol.query.AppQuery
2026-10-04 18:22:29.612 TRACE_ID WARN  http-nio-8888-exec-6 Generator4MethodAccessor field not found limit of object class name com.sparrow.security.admin.dao.query.AppDBPagerQuery
2026-10-04 18:22:29.612 TRACE_ID WARN  http-nio-8888-exec-8 Generator4MethodAccessor field not found limit of object class name com.sparrow.security.admin.dao.query.AppDBPagerQuery
2026-10-04 18:22:29.617 TRACE_ID WARN  http-nio-8888-exec-6 Generator4MethodAccessor field not found displayText of object class name com.sparrow.security.po.App
2026-10-04 18:22:29.617 TRACE_ID WARN  http-nio-8888-exec-8 Generator4MethodAccessor field not found displayText of object class name com.sparrow.security.po.App
2026-10-04 18:22:29.944 TRACE_ID WARN  http-nio-8888-exec-2 Generator4MethodAccessor field not found limit of object class name com.sparrow.security.admin.protocol.query.PositionQuery
2026-10-04 18:22:29.944 TRACE_ID WARN  http-nio-8888-exec-2 Generator4MethodAccessor field not found limit of object class name com.sparrow.security.admin.dao.query.PositionDBPagerQuery
2026-10-04 18:22:29.944 TRACE_ID WARN  http-nio-8888-exec-4 Generator4MethodAccessor field not found limit of object class name com.sparrow.security.admin.protocol.query.PositionQuery
2026-10-04 18:22:29.944 TRACE_ID WARN  http-nio-8888-exec-4 Generator4MethodAccessor field not found limit of object class name com.sparrow.security.admin.dao.query.PositionDBPagerQuery
2026-10-04 18:22:29.945 TRACE_ID WARN  http-nio-8888-exec-2 Generator4MethodAccessor field not found limit of object class name com.sparrow.security.admin.protocol.query.PositionQuery
2026-10-04 18:22:29.945 TRACE_ID WARN  http-nio-8888-exec-2 Generator4MethodAccessor field not found limit of object class name com.sparrow.security.admin.dao.query.PositionDBPagerQuery
2026-10-04 18:22:29.946 TRACE_ID WARN  http-nio-8888-exec-4 Generator4MethodAccessor field not found limit of object class name com.sparrow.security.admin.protocol.query.PositionQuery
2026-10-04 18:22:29.946 TRACE_ID WARN  http-nio-8888-exec-4 Generator4MethodAccessor field not found limit of object class name com.sparrow.security.admin.dao.query.PositionDBPagerQuery
2026-10-04 18:22:29.947 TRACE_ID WARN  http-nio-8888-exec-2 Generator4MethodAccessor field not found displayText of object class name com.sparrow.security.po.Position
2026-10-04 18:22:29.947 TRACE_ID WARN  http-nio-8888-exec-4 Generator4MethodAccessor field not found displayText of object class name com.sparrow.security.po.Position
2026-10-04 18:22:29.947 TRACE_ID WARN  http-nio-8888-exec-4 Generator4MethodAccessor field not found displayText of object class name com.sparrow.security.po.Position
2026-10-04 18:22:29.947 TRACE_ID WARN  http-nio-8888-exec-2 Generator4MethodAccessor field not found displayText of object class name com.sparrow.security.po.Position
2026-10-04 18:22:29.947 TRACE_ID WARN  http-nio-8888-exec-4 Generator4MethodAccessor field not found limit of object class name com.sparrow.security.admin.protocol.query.OrganizationQuery
2026-10-04 18:22:29.947 TRACE_ID WARN  http-nio-8888-exec-4 Generator4MethodAccessor field not found limit of object class name com.sparrow.security.admin.dao.query.OrganizationDBPagerQuery
2026-10-04 18:22:29.947 TRACE_ID WARN  http-nio-8888-exec-2 Generator4MethodAccessor field not found limit of object class name com.sparrow.security.admin.protocol.query.OrganizationQuery
2026-10-04 18:22:29.947 TRACE_ID WARN  http-nio-8888-exec-2 Generator4MethodAccessor field not found limit of object class name com.sparrow.security.admin.dao.query.OrganizationDBPagerQuery
2026-10-04 18:22:29.949 TRACE_ID WARN  http-nio-8888-exec-4 Generator4MethodAccessor field not found displayText of object class name com.sparrow.security.po.Organization
2026-10-04 18:22:29.949 TRACE_ID WARN  http-nio-8888-exec-4 Generator4MethodAccessor field not found displayText of object class name com.sparrow.security.po.Organization
2026-10-04 18:22:29.949 TRACE_ID WARN  http-nio-8888-exec-4 Generator4MethodAccessor field not found displayText of object class name com.sparrow.security.po.Organization
2026-10-04 18:22:29.949 TRACE_ID WARN  http-nio-8888-exec-2 Generator4MethodAccessor field not found displayText of object class name com.sparrow.security.po.Organization
2026-10-04 18:22:29.949 TRACE_ID WARN  http-nio-8888-exec-2 Generator4MethodAccessor field not found displayText of object class name com.sparrow.security.po.Organization
2026-10-04 18:22:29.949 TRACE_ID WARN  http-nio-8888-exec-2 Generator4MethodAccessor field not found displayText of object class name com.sparrow.security.po.Organization
2026-10-04 18:22:35.768 TRACE_ID WARN  http-nio-8888-exec-5 Generator4MethodAccessor field not found limit of object class name com.sparrow.security.admin.protocol.query.AppQuery
2026-10-04 18:22:35.768 TRACE_ID WARN  http-nio-8888-exec-5 Generator4MethodAccessor field not found limit of object class name com.sparrow.security.admin.dao.query.AppDBPagerQuery
2026-10-04 18:22:35.768 TRACE_ID WARN  http-nio-8888-exec-3 Generator4MethodAccessor field not found limit of object class name com.sparrow.security.admin.protocol.query.PositionQuery
2026-10-04 18:22:35.772 TRACE_ID WARN  http-nio-8888-exec-3 Generator4MethodAccessor field not found limit of object class name com.sparrow.security.admin.dao.query.PositionDBPagerQuery
2026-10-04 18:22:35.789 TRACE_ID WARN  http-nio-8888-exec-3 Generator4MethodAccessor field not found limit of object class name com.sparrow.security.admin.protocol.query.PositionQuery
2026-10-04 18:22:35.789 TRACE_ID WARN  http-nio-8888-exec-3 Generator4MethodAccessor field not found limit of object class name com.sparrow.security.admin.dao.query.PositionDBPagerQuery
2026-10-04 18:22:35.790 TRACE_ID WARN  http-nio-8888-exec-5 Generator4MethodAccessor field not found limit of object class name com.sparrow.security.admin.protocol.query.AppQuery
2026-10-04 18:22:35.790 TRACE_ID WARN  http-nio-8888-exec-5 Generator4MethodAccessor field not found limit of object class name com.sparrow.security.admin.dao.query.AppDBPagerQuery
2026-10-04 18:22:35.791 TRACE_ID WARN  http-nio-8888-exec-3 Generator4MethodAccessor field not found displayText of object class name com.sparrow.security.po.Position
2026-10-04 18:22:35.791 TRACE_ID WARN  http-nio-8888-exec-3 Generator4MethodAccessor field not found displayText of object class name com.sparrow.security.po.Position
2026-10-04 18:22:35.791 TRACE_ID WARN  http-nio-8888-exec-5 Generator4MethodAccessor field not found displayText of object class name com.sparrow.security.po.App
2026-10-04 18:22:35.792 TRACE_ID WARN  http-nio-8888-exec-3 Generator4MethodAccessor field not found limit of object class name com.sparrow.security.admin.protocol.query.OrganizationQuery
2026-10-04 18:22:35.792 TRACE_ID WARN  http-nio-8888-exec-3 Generator4MethodAccessor field not found limit of object class name com.sparrow.security.admin.dao.query.OrganizationDBPagerQuery
2026-10-04 18:22:35.795 TRACE_ID WARN  http-nio-8888-exec-3 Generator4MethodAccessor field not found displayText of object class name com.sparrow.security.po.Organization
2026-10-04 18:22:35.795 TRACE_ID WARN  http-nio-8888-exec-3 Generator4MethodAccessor field not found displayText of object class name com.sparrow.security.po.Organization
2026-10-04 18:22:35.795 TRACE_ID WARN  http-nio-8888-exec-3 Generator4MethodAccessor field not found displayText of object class name com.sparrow.security.po.Organization
2026-10-04 18:22:41.586 TRACE_ID WARN  http-nio-8888-exec-6 Generator4MethodAccessor field not found limit of object class name com.sparrow.security.admin.protocol.query.AppQuery
2026-10-04 18:22:41.586 TRACE_ID WARN  http-nio-8888-exec-6 Generator4MethodAccessor field not found limit of object class name com.sparrow.security.admin.dao.query.AppDBPagerQuery
2026-10-04 18:22:41.588 TRACE_ID WARN  http-nio-8888-exec-8 Generator4MethodAccessor field not found limit of object class name com.sparrow.security.admin.protocol.query.PositionQuery
2026-10-04 18:22:41.588 TRACE_ID WARN  http-nio-8888-exec-8 Generator4MethodAccessor field not found limit of object class name com.sparrow.security.admin.dao.query.PositionDBPagerQuery
2026-10-04 18:22:41.594 TRACE_ID WARN  http-nio-8888-exec-8 Generator4MethodAccessor field not found limit of object class name com.sparrow.security.admin.protocol.query.PositionQuery
2026-10-04 18:22:41.594 TRACE_ID WARN  http-nio-8888-exec-6 Generator4MethodAccessor field not found limit of object class name com.sparrow.security.admin.protocol.query.AppQuery
2026-10-04 18:22:41.594 TRACE_ID WARN  http-nio-8888-exec-8 Generator4MethodAccessor field not found limit of object class name com.sparrow.security.admin.dao.query.PositionDBPagerQuery
2026-10-04 18:22:41.594 TRACE_ID WARN  http-nio-8888-exec-6 Generator4MethodAccessor field not found limit of object class name com.sparrow.security.admin.dao.query.AppDBPagerQuery
2026-10-04 18:22:41.595 TRACE_ID WARN  http-nio-8888-exec-6 Generator4MethodAccessor field not found displayText of object class name com.sparrow.security.po.App
2026-10-04 18:22:41.595 TRACE_ID WARN  http-nio-8888-exec-8 Generator4MethodAccessor field not found displayText of object class name com.sparrow.security.po.Position
2026-10-04 18:22:41.596 TRACE_ID WARN  http-nio-8888-exec-8 Generator4MethodAccessor field not found displayText of object class name com.sparrow.security.po.Position
2026-10-04 18:22:41.596 TRACE_ID WARN  http-nio-8888-exec-8 Generator4MethodAccessor field not found limit of object class name com.sparrow.security.admin.protocol.query.OrganizationQuery
2026-10-04 18:22:41.596 TRACE_ID WARN  http-nio-8888-exec-8 Generator4MethodAccessor field not found limit of object class name com.sparrow.security.admin.dao.query.OrganizationDBPagerQuery
2026-10-04 18:22:41.598 TRACE_ID WARN  http-nio-8888-exec-8 Generator4MethodAccessor field not found displayText of object class name com.sparrow.security.po.Organization
2026-10-04 18:22:41.599 TRACE_ID WARN  http-nio-8888-exec-8 Generator4MethodAccessor field not found displayText of object class name com.sparrow.security.po.Organization
2026-10-04 18:22:41.599 TRACE_ID WARN  http-nio-8888-exec-8 Generator4MethodAccessor field not found displayText of object class name com.sparrow.security.po.Organization
2026-10-04 18:28:35.439 TRACE_ID WARN  http-nio-8888-exec-5 Generator4MethodAccessor field not found limit of object class name com.sparrow.security.admin.protocol.query.PositionQuery
2026-10-04 18:28:35.439 TRACE_ID WARN  http-nio-8888-exec-3 Generator4MethodAccessor field not found limit of object class name com.sparrow.security.admin.protocol.query.PositionQuery
2026-10-04 18:28:35.440 TRACE_ID WARN  http-nio-8888-exec-3 Generator4MethodAccessor field not found limit of object class name com.sparrow.security.admin.dao.query.PositionDBPagerQuery
2026-10-04 18:28:35.440 TRACE_ID WARN  http-nio-8888-exec-5 Generator4MethodAccessor field not found limit of object class name com.sparrow.security.admin.dao.query.PositionDBPagerQuery
2026-10-04 18:28:35.447 TRACE_ID WARN  http-nio-8888-exec-5 Generator4MethodAccessor field not found limit of object class name com.sparrow.security.admin.protocol.query.PositionQuery
2026-10-04 18:28:35.447 TRACE_ID WARN  http-nio-8888-exec-5 Generator4MethodAccessor field not found limit of object class name com.sparrow.security.admin.dao.query.PositionDBPagerQuery
2026-10-04 18:28:35.456 TRACE_ID WARN  http-nio-8888-exec-3 Generator4MethodAccessor field not found limit of object class name com.sparrow.security.admin.protocol.query.PositionQuery
2026-10-04 18:28:35.456 TRACE_ID WARN  http-nio-8888-exec-3 Generator4MethodAccessor field not found limit of object class name com.sparrow.security.admin.dao.query.PositionDBPagerQuery
2026-10-04 18:28:35.456 TRACE_ID WARN  http-nio-8888-exec-5 Generator4MethodAccessor field not found displayText of object class name com.sparrow.security.po.Position
2026-10-04 18:28:35.456 TRACE_ID WARN  http-nio-8888-exec-5 Generator4MethodAccessor field not found displayText of object class name com.sparrow.security.po.Position
2026-10-04 18:28:35.457 TRACE_ID WARN  http-nio-8888-exec-5 Generator4MethodAccessor field not found limit of object class name com.sparrow.security.admin.protocol.query.OrganizationQuery
2026-10-04 18:28:35.457 TRACE_ID WARN  http-nio-8888-exec-5 Generator4MethodAccessor field not found limit of object class name com.sparrow.security.admin.dao.query.OrganizationDBPagerQuery
2026-10-04 18:28:35.457 TRACE_ID WARN  http-nio-8888-exec-3 Generator4MethodAccessor field not found displayText of object class name com.sparrow.security.po.Position
2026-10-04 18:28:35.457 TRACE_ID WARN  http-nio-8888-exec-3 Generator4MethodAccessor field not found displayText of object class name com.sparrow.security.po.Position
2026-10-04 18:28:35.457 TRACE_ID WARN  http-nio-8888-exec-3 Generator4MethodAccessor field not found limit of object class name com.sparrow.security.admin.protocol.query.OrganizationQuery
2026-10-04 18:28:35.457 TRACE_ID WARN  http-nio-8888-exec-3 Generator4MethodAccessor field not found limit of object class name com.sparrow.security.admin.dao.query.OrganizationDBPagerQuery
2026-10-04 18:28:35.458 TRACE_ID WARN  http-nio-8888-exec-5 Generator4MethodAccessor field not found displayText of object class name com.sparrow.security.po.Organization
2026-10-04 18:28:35.458 TRACE_ID WARN  http-nio-8888-exec-5 Generator4MethodAccessor field not found displayText of object class name com.sparrow.security.po.Organization
2026-10-04 18:28:35.458 TRACE_ID WARN  http-nio-8888-exec-5 Generator4MethodAccessor field not found displayText of object class name com.sparrow.security.po.Organization
2026-10-04 18:28:35.458 TRACE_ID WARN  http-nio-8888-exec-3 Generator4MethodAccessor field not found displayText of object class name com.sparrow.security.po.Organization
2026-10-04 18:28:35.458 TRACE_ID WARN  http-nio-8888-exec-3 Generator4MethodAccessor field not found displayText of object class name com.sparrow.security.po.Organization
2026-10-04 18:28:35.458 TRACE_ID WARN  http-nio-8888-exec-3 Generator4MethodAccessor field not found displayText of object class name com.sparrow.security.po.Organization
2026-10-04 18:28:46.300 TRACE_ID WARN  http-nio-8888-exec-9 Generator4MethodAccessor field not found limit of object class name com.sparrow.security.admin.protocol.query.PositionQuery
2026-10-04 18:28:46.305 TRACE_ID WARN  http-nio-8888-exec-9 Generator4MethodAccessor field not found limit of object class name com.sparrow.security.admin.dao.query.PositionDBPagerQuery
2026-10-04 18:28:46.328 TRACE_ID WARN  http-nio-8888-exec-9 Generator4MethodAccessor field not found limit of object class name com.sparrow.security.admin.protocol.query.PositionQuery
2026-10-04 18:28:46.328 TRACE_ID WARN  http-nio-8888-exec-9 Generator4MethodAccessor field not found limit of object class name com.sparrow.security.admin.dao.query.PositionDBPagerQuery
2026-10-04 18:28:46.331 TRACE_ID WARN  http-nio-8888-exec-9 Generator4MethodAccessor field not found displayText of object class name com.sparrow.security.po.Position
2026-10-04 18:28:46.331 TRACE_ID WARN  http-nio-8888-exec-9 Generator4MethodAccessor field not found displayText of object class name com.sparrow.security.po.Position
2026-10-04 18:28:46.332 TRACE_ID WARN  http-nio-8888-exec-9 Generator4MethodAccessor field not found limit of object class name com.sparrow.security.admin.protocol.query.OrganizationQuery
2026-10-04 18:28:46.333 TRACE_ID WARN  http-nio-8888-exec-9 Generator4MethodAccessor field not found limit of object class name com.sparrow.security.admin.dao.query.OrganizationDBPagerQuery
2026-10-04 18:28:46.337 TRACE_ID WARN  http-nio-8888-exec-9 Generator4MethodAccessor field not found displayText of object class name com.sparrow.security.po.Organization
2026-10-04 18:28:46.337 TRACE_ID WARN  http-nio-8888-exec-9 Generator4MethodAccessor field not found displayText of object class name com.sparrow.security.po.Organization
2026-10-04 18:28:46.337 TRACE_ID WARN  http-nio-8888-exec-9 Generator4MethodAccessor field not found displayText of object class name com.sparrow.security.po.Organization
2026-10-04 18:28:50.726 TRACE_ID WARN  http-nio-8888-exec-7 Generator4MethodAccessor field not found limit of object class name com.sparrow.security.admin.protocol.query.PositionQuery
2026-10-04 18:28:50.726 TRACE_ID WARN  http-nio-8888-exec-7 Generator4MethodAccessor field not found limit of object class name com.sparrow.security.admin.dao.query.PositionDBPagerQuery
2026-10-04 18:28:50.737 TRACE_ID WARN  http-nio-8888-exec-7 Generator4MethodAccessor field not found limit of object class name com.sparrow.security.admin.protocol.query.PositionQuery
2026-10-04 18:28:50.737 TRACE_ID WARN  http-nio-8888-exec-7 Generator4MethodAccessor field not found limit of object class name com.sparrow.security.admin.dao.query.PositionDBPagerQuery
2026-10-04 18:28:50.749 TRACE_ID WARN  http-nio-8888-exec-7 Generator4MethodAccessor field not found displayText of object class name com.sparrow.security.po.Position
2026-10-04 18:28:50.750 TRACE_ID WARN  http-nio-8888-exec-7 Generator4MethodAccessor field not found displayText of object class name com.sparrow.security.po.Position
2026-10-04 18:28:50.751 TRACE_ID WARN  http-nio-8888-exec-7 Generator4MethodAccessor field not found limit of object class name com.sparrow.security.admin.protocol.query.OrganizationQuery
2026-10-04 18:28:50.751 TRACE_ID WARN  http-nio-8888-exec-7 Generator4MethodAccessor field not found limit of object class name com.sparrow.security.admin.dao.query.OrganizationDBPagerQuery
2026-10-04 18:28:50.753 TRACE_ID WARN  http-nio-8888-exec-7 Generator4MethodAccessor field not found displayText of object class name com.sparrow.security.po.Organization
2026-10-04 18:28:50.753 TRACE_ID WARN  http-nio-8888-exec-7 Generator4MethodAccessor field not found displayText of object class name com.sparrow.security.po.Organization
2026-10-04 18:28:50.753 TRACE_ID WARN  http-nio-8888-exec-7 Generator4MethodAccessor field not found displayText of object class name com.sparrow.security.po.Organization
2026-10-04 18:29:10.065 TRACE_ID WARN  http-nio-8888-exec-6 Generator4MethodAccessor field not found limit of object class name com.sparrow.security.admin.protocol.query.AppQuery
2026-10-04 18:29:10.065 TRACE_ID WARN  http-nio-8888-exec-6 Generator4MethodAccessor field not found limit of object class name com.sparrow.security.admin.dao.query.AppDBPagerQuery
2026-10-04 18:29:10.065 TRACE_ID WARN  http-nio-8888-exec-1 Generator4MethodAccessor field not found limit of object class name com.sparrow.security.admin.protocol.query.AppQuery
2026-10-04 18:29:10.065 TRACE_ID WARN  http-nio-8888-exec-1 Generator4MethodAccessor field not found limit of object class name com.sparrow.security.admin.dao.query.AppDBPagerQuery
2026-10-04 18:29:10.074 TRACE_ID WARN  http-nio-8888-exec-6 Generator4MethodAccessor field not found limit of object class name com.sparrow.security.admin.protocol.query.AppQuery
2026-10-04 18:29:10.074 TRACE_ID WARN  http-nio-8888-exec-6 Generator4MethodAccessor field not found limit of object class name com.sparrow.security.admin.dao.query.AppDBPagerQuery
2026-10-04 18:29:10.075 TRACE_ID WARN  http-nio-8888-exec-1 Generator4MethodAccessor field not found limit of object class name com.sparrow.security.admin.protocol.query.AppQuery
2026-10-04 18:29:10.075 TRACE_ID WARN  http-nio-8888-exec-1 Generator4MethodAccessor field not found limit of object class name com.sparrow.security.admin.dao.query.AppDBPagerQuery
2026-10-04 18:29:10.076 TRACE_ID WARN  http-nio-8888-exec-6 Generator4MethodAccessor field not found displayText of object class name com.sparrow.security.po.App
2026-10-04 18:29:10.076 TRACE_ID WARN  http-nio-8888-exec-1 Generator4MethodAccessor field not found displayText of object class name com.sparrow.security.po.App
2026-10-04 18:29:23.103 TRACE_ID WARN  http-nio-8888-exec-3 Generator4MethodAccessor field not found limit of object class name com.sparrow.security.admin.protocol.query.OrganizationQuery
2026-10-04 18:29:23.104 TRACE_ID WARN  http-nio-8888-exec-3 Generator4MethodAccessor field not found limit of object class name com.sparrow.security.admin.dao.query.OrganizationDBPagerQuery
2026-10-04 18:29:23.104 TRACE_ID WARN  http-nio-8888-exec-5 Generator4MethodAccessor field not found limit of object class name com.sparrow.security.admin.protocol.query.OrganizationQuery
2026-10-04 18:29:23.104 TRACE_ID WARN  http-nio-8888-exec-5 Generator4MethodAccessor field not found limit of object class name com.sparrow.security.admin.dao.query.OrganizationDBPagerQuery
2026-10-04 18:29:23.120 TRACE_ID WARN  http-nio-8888-exec-3 Generator4MethodAccessor field not found limit of object class name com.sparrow.security.admin.protocol.query.OrganizationQuery
2026-10-04 18:29:23.120 TRACE_ID WARN  http-nio-8888-exec-3 Generator4MethodAccessor field not found limit of object class name com.sparrow.security.admin.dao.query.OrganizationDBPagerQuery
2026-10-04 18:29:23.122 TRACE_ID WARN  http-nio-8888-exec-5 Generator4MethodAccessor field not found limit of object class name com.sparrow.security.admin.protocol.query.OrganizationQuery
2026-10-04 18:29:23.122 TRACE_ID WARN  http-nio-8888-exec-5 Generator4MethodAccessor field not found limit of object class name com.sparrow.security.admin.dao.query.OrganizationDBPagerQuery
2026-10-04 18:29:23.125 TRACE_ID WARN  http-nio-8888-exec-3 Generator4MethodAccessor field not found displayText of object class name com.sparrow.security.po.Organization
2026-10-04 18:29:23.125 TRACE_ID WARN  http-nio-8888-exec-3 Generator4MethodAccessor field not found displayText of object class name com.sparrow.security.po.Organization
2026-10-04 18:29:23.125 TRACE_ID WARN  http-nio-8888-exec-3 Generator4MethodAccessor field not found displayText of object class name com.sparrow.security.po.Organization
2026-10-04 18:29:23.126 TRACE_ID WARN  http-nio-8888-exec-5 Generator4MethodAccessor field not found displayText of object class name com.sparrow.security.po.Organization
2026-10-04 18:29:23.126 TRACE_ID WARN  http-nio-8888-exec-5 Generator4MethodAccessor field not found displayText of object class name com.sparrow.security.po.Organization
2026-10-04 18:29:23.126 TRACE_ID WARN  http-nio-8888-exec-5 Generator4MethodAccessor field not found displayText of object class name com.sparrow.security.po.Organization
2026-10-04 18:29:23.132 TRACE_ID WARN  http-nio-8888-exec-5 Generator4MethodAccessor field not found limit of object class name com.sparrow.security.admin.protocol.query.OrganizationQuery
2026-10-04 18:29:23.132 TRACE_ID WARN  http-nio-8888-exec-5 Generator4MethodAccessor field not found limit of object class name com.sparrow.security.admin.dao.query.OrganizationDBPagerQuery
2026-10-04 18:29:23.134 TRACE_ID WARN  http-nio-8888-exec-3 Generator4MethodAccessor field not found limit of object class name com.sparrow.security.admin.protocol.query.OrganizationQuery
2026-10-04 18:29:23.134 TRACE_ID WARN  http-nio-8888-exec-3 Generator4MethodAccessor field not found limit of object class name com.sparrow.security.admin.dao.query.OrganizationDBPagerQuery
2026-10-04 18:29:23.138 TRACE_ID WARN  http-nio-8888-exec-5 Generator4MethodAccessor field not found displayText of object class name com.sparrow.security.po.Organization
2026-10-04 18:29:23.138 TRACE_ID WARN  http-nio-8888-exec-5 Generator4MethodAccessor field not found displayText of object class name com.sparrow.security.po.Organization
2026-10-04 18:29:23.138 TRACE_ID WARN  http-nio-8888-exec-5 Generator4MethodAccessor field not found displayText of object class name com.sparrow.security.po.Organization
2026-10-04 18:29:23.139 TRACE_ID WARN  http-nio-8888-exec-3 Generator4MethodAccessor field not found displayText of object class name com.sparrow.security.po.Organization
2026-10-04 18:29:23.139 TRACE_ID WARN  http-nio-8888-exec-3 Generator4MethodAccessor field not found displayText of object class name com.sparrow.security.po.Organization
2026-10-04 18:29:23.139 TRACE_ID WARN  http-nio-8888-exec-3 Generator4MethodAccessor field not found displayText of object class name com.sparrow.security.po.Organization
2026-10-04 18:29:27.038 TRACE_ID WARN  http-nio-8888-exec-10 Generator4MethodAccessor field not found limit of object class name com.sparrow.security.admin.protocol.query.PositionQuery
2026-10-04 18:29:27.038 TRACE_ID WARN  http-nio-8888-exec-10 Generator4MethodAccessor field not found limit of object class name com.sparrow.security.admin.dao.query.PositionDBPagerQuery
2026-10-04 18:29:27.038 TRACE_ID WARN  http-nio-8888-exec-8 Generator4MethodAccessor field not found limit of object class name com.sparrow.security.admin.protocol.query.PositionQuery
2026-10-04 18:29:27.038 TRACE_ID WARN  http-nio-8888-exec-8 Generator4MethodAccessor field not found limit of object class name com.sparrow.security.admin.dao.query.PositionDBPagerQuery
2026-10-04 18:29:27.041 TRACE_ID WARN  http-nio-8888-exec-10 Generator4MethodAccessor field not found limit of object class name com.sparrow.security.admin.protocol.query.PositionQuery
2026-10-04 18:29:27.041 TRACE_ID WARN  http-nio-8888-exec-8 Generator4MethodAccessor field not found limit of object class name com.sparrow.security.admin.protocol.query.PositionQuery
2026-10-04 18:29:27.041 TRACE_ID WARN  http-nio-8888-exec-10 Generator4MethodAccessor field not found limit of object class name com.sparrow.security.admin.dao.query.PositionDBPagerQuery
2026-10-04 18:29:27.041 TRACE_ID WARN  http-nio-8888-exec-8 Generator4MethodAccessor field not found limit of object class name com.sparrow.security.admin.dao.query.PositionDBPagerQuery
2026-10-04 18:29:27.042 TRACE_ID WARN  http-nio-8888-exec-10 Generator4MethodAccessor field not found displayText of object class name com.sparrow.security.po.Position
2026-10-04 18:29:27.042 TRACE_ID WARN  http-nio-8888-exec-8 Generator4MethodAccessor field not found displayText of object class name com.sparrow.security.po.Position
2026-10-04 18:29:27.042 TRACE_ID WARN  http-nio-8888-exec-10 Generator4MethodAccessor field not found displayText of object class name com.sparrow.security.po.Position
2026-10-04 18:29:27.042 TRACE_ID WARN  http-nio-8888-exec-8 Generator4MethodAccessor field not found displayText of object class name com.sparrow.security.po.Position
2026-10-04 18:29:27.043 TRACE_ID WARN  http-nio-8888-exec-10 Generator4MethodAccessor field not found limit of object class name com.sparrow.security.admin.protocol.query.OrganizationQuery
2026-10-04 18:29:27.043 TRACE_ID WARN  http-nio-8888-exec-8 Generator4MethodAccessor field not found limit of object class name com.sparrow.security.admin.protocol.query.OrganizationQuery
2026-10-04 18:29:27.043 TRACE_ID WARN  http-nio-8888-exec-10 Generator4MethodAccessor field not found limit of object class name com.sparrow.security.admin.dao.query.OrganizationDBPagerQuery
2026-10-04 18:29:27.043 TRACE_ID WARN  http-nio-8888-exec-8 Generator4MethodAccessor field not found limit of object class name com.sparrow.security.admin.dao.query.OrganizationDBPagerQuery
2026-10-04 18:29:27.044 TRACE_ID WARN  http-nio-8888-exec-10 Generator4MethodAccessor field not found displayText of object class name com.sparrow.security.po.Organization
2026-10-04 18:29:27.044 TRACE_ID WARN  http-nio-8888-exec-8 Generator4MethodAccessor field not found displayText of object class name com.sparrow.security.po.Organization
2026-10-04 18:29:27.044 TRACE_ID WARN  http-nio-8888-exec-10 Generator4MethodAccessor field not found displayText of object class name com.sparrow.security.po.Organization
2026-10-04 18:29:27.044 TRACE_ID WARN  http-nio-8888-exec-8 Generator4MethodAccessor field not found displayText of object class name com.sparrow.security.po.Organization
2026-10-04 18:29:27.044 TRACE_ID WARN  http-nio-8888-exec-10 Generator4MethodAccessor field not found displayText of object class name com.sparrow.security.po.Organization
2026-10-04 18:29:27.044 TRACE_ID WARN  http-nio-8888-exec-8 Generator4MethodAccessor field not found displayText of object class name com.sparrow.security.po.Organization
2026-10-04 18:29:29.332 TRACE_ID WARN  http-nio-8888-exec-4 Generator4MethodAccessor field not found limit of object class name com.sparrow.security.admin.protocol.query.AppQuery
2026-10-04 18:29:29.332 TRACE_ID WARN  http-nio-8888-exec-2 Generator4MethodAccessor field not found limit of object class name com.sparrow.security.admin.protocol.query.AppQuery
2026-10-04 18:29:29.332 TRACE_ID WARN  http-nio-8888-exec-2 Generator4MethodAccessor field not found limit of object class name com.sparrow.security.admin.dao.query.AppDBPagerQuery
2026-10-04 18:29:29.332 TRACE_ID WARN  http-nio-8888-exec-4 Generator4MethodAccessor field not found limit of object class name com.sparrow.security.admin.dao.query.AppDBPagerQuery
2026-10-04 18:29:29.334 TRACE_ID WARN  http-nio-8888-exec-4 Generator4MethodAccessor field not found limit of object class name com.sparrow.security.admin.protocol.query.AppQuery
2026-10-04 18:29:29.334 TRACE_ID WARN  http-nio-8888-exec-4 Generator4MethodAccessor field not found limit of object class name com.sparrow.security.admin.dao.query.AppDBPagerQuery
2026-10-04 18:29:29.335 TRACE_ID WARN  http-nio-8888-exec-2 Generator4MethodAccessor field not found limit of object class name com.sparrow.security.admin.protocol.query.AppQuery
2026-10-04 18:29:29.335 TRACE_ID WARN  http-nio-8888-exec-2 Generator4MethodAccessor field not found limit of object class name com.sparrow.security.admin.dao.query.AppDBPagerQuery
2026-10-04 18:29:29.336 TRACE_ID WARN  http-nio-8888-exec-4 Generator4MethodAccessor field not found displayText of object class name com.sparrow.security.po.App
2026-10-04 18:29:29.336 TRACE_ID WARN  http-nio-8888-exec-2 Generator4MethodAccessor field not found displayText of object class name com.sparrow.security.po.App
2026-10-04 18:29:35.498 TRACE_ID WARN  http-nio-8888-exec-9 Generator4MethodAccessor field not found limit of object class name com.sparrow.security.admin.protocol.query.AppQuery
2026-10-04 18:29:35.498 TRACE_ID WARN  http-nio-8888-exec-7 Generator4MethodAccessor field not found limit of object class name com.sparrow.security.admin.protocol.query.AppQuery
2026-10-04 18:29:35.500 TRACE_ID WARN  http-nio-8888-exec-9 Generator4MethodAccessor field not found limit of object class name com.sparrow.security.admin.dao.query.AppDBPagerQuery
2026-10-04 18:29:35.500 TRACE_ID WARN  http-nio-8888-exec-7 Generator4MethodAccessor field not found limit of object class name com.sparrow.security.admin.dao.query.AppDBPagerQuery
2026-10-04 18:29:35.514 TRACE_ID WARN  http-nio-8888-exec-7 Generator4MethodAccessor field not found limit of object class name com.sparrow.security.admin.protocol.query.AppQuery
2026-10-04 18:29:35.514 TRACE_ID WARN  http-nio-8888-exec-7 Generator4MethodAccessor field not found limit of object class name com.sparrow.security.admin.dao.query.AppDBPagerQuery
2026-10-04 18:29:35.514 TRACE_ID WARN  http-nio-8888-exec-9 Generator4MethodAccessor field not found limit of object class name com.sparrow.security.admin.protocol.query.AppQuery
2026-10-04 18:29:35.515 TRACE_ID WARN  http-nio-8888-exec-9 Generator4MethodAccessor field not found limit of object class name com.sparrow.security.admin.dao.query.AppDBPagerQuery
2026-10-04 18:29:35.517 TRACE_ID WARN  http-nio-8888-exec-7 Generator4MethodAccessor field not found displayText of object class name com.sparrow.security.po.App
2026-10-04 18:29:35.519 TRACE_ID WARN  http-nio-8888-exec-9 Generator4MethodAccessor field not found displayText of object class name com.sparrow.security.po.App
2026-10-04 18:29:38.337 TRACE_ID WARN  http-nio-8888-exec-1 Generator4MethodAccessor field not found limit of object class name com.sparrow.coder.protocol.query.ProjectConfigQuery
2026-10-04 18:29:38.337 TRACE_ID WARN  http-nio-8888-exec-6 Generator4MethodAccessor field not found limit of object class name com.sparrow.coder.protocol.query.ProjectConfigQuery
2026-10-04 18:29:38.338 TRACE_ID WARN  http-nio-8888-exec-1 Generator4MethodAccessor field not found limit of object class name com.sparrow.coder.dao.query.ProjectConfigDBPagerQuery
2026-10-04 18:29:38.338 TRACE_ID WARN  http-nio-8888-exec-6 Generator4MethodAccessor field not found limit of object class name com.sparrow.coder.dao.query.ProjectConfigDBPagerQuery
2026-10-04 18:29:38.354 TRACE_ID WARN  http-nio-8888-exec-1 Generator4MethodAccessor field not found limit of object class name com.sparrow.coder.protocol.query.ProjectConfigQuery
2026-10-04 18:29:38.354 TRACE_ID WARN  http-nio-8888-exec-1 Generator4MethodAccessor field not found limit of object class name com.sparrow.coder.dao.query.ProjectConfigDBPagerQuery
2026-10-04 18:29:38.355 TRACE_ID WARN  http-nio-8888-exec-6 Generator4MethodAccessor field not found limit of object class name com.sparrow.coder.protocol.query.ProjectConfigQuery
2026-10-04 18:29:38.355 TRACE_ID WARN  http-nio-8888-exec-6 Generator4MethodAccessor field not found limit of object class name com.sparrow.coder.dao.query.ProjectConfigDBPagerQuery
2026-10-04 18:29:38.359 TRACE_ID WARN  http-nio-8888-exec-6 Generator4MethodAccessor field not found displayText of object class name com.sparrow.coder.po.ProjectConfig
2026-10-04 18:29:38.359 TRACE_ID WARN  http-nio-8888-exec-1 Generator4MethodAccessor field not found displayText of object class name com.sparrow.coder.po.ProjectConfig
2026-10-04 18:30:07.366 TRACE_ID WARN  http-nio-8888-exec-3 Generator4MethodAccessor field not found limit of object class name com.sparrow.coder.protocol.query.ProjectConfigQuery
2026-10-04 18:30:07.366 TRACE_ID WARN  http-nio-8888-exec-5 Generator4MethodAccessor field not found limit of object class name com.sparrow.coder.protocol.query.ProjectConfigQuery
2026-10-04 18:30:07.366 TRACE_ID WARN  http-nio-8888-exec-3 Generator4MethodAccessor field not found limit of object class name com.sparrow.coder.dao.query.ProjectConfigDBPagerQuery
2026-10-04 18:30:07.366 TRACE_ID WARN  http-nio-8888-exec-5 Generator4MethodAccessor field not found limit of object class name com.sparrow.coder.dao.query.ProjectConfigDBPagerQuery
2026-10-04 18:30:07.371 TRACE_ID WARN  http-nio-8888-exec-5 Generator4MethodAccessor field not found limit of object class name com.sparrow.coder.protocol.query.ProjectConfigQuery
2026-10-04 18:30:07.371 TRACE_ID WARN  http-nio-8888-exec-3 Generator4MethodAccessor field not found limit of object class name com.sparrow.coder.protocol.query.ProjectConfigQuery
2026-10-04 18:30:07.371 TRACE_ID WARN  http-nio-8888-exec-3 Generator4MethodAccessor field not found limit of object class name com.sparrow.coder.dao.query.ProjectConfigDBPagerQuery
2026-10-04 18:30:07.371 TRACE_ID WARN  http-nio-8888-exec-5 Generator4MethodAccessor field not found limit of object class name com.sparrow.coder.dao.query.ProjectConfigDBPagerQuery
2026-10-04 18:30:07.373 TRACE_ID WARN  http-nio-8888-exec-3 Generator4MethodAccessor field not found displayText of object class name com.sparrow.coder.po.ProjectConfig
2026-10-04 18:30:07.373 TRACE_ID WARN  http-nio-8888-exec-5 Generator4MethodAccessor field not found displayText of object class name com.sparrow.coder.po.ProjectConfig
2026-10-04 18:33:52.732 TRACE_ID WARN  http-nio-8888-exec-6 Generator4MethodAccessor field not found limit of object class name com.sparrow.coder.protocol.query.ProjectConfigQuery
2026-10-04 18:33:52.732 TRACE_ID WARN  http-nio-8888-exec-1 Generator4MethodAccessor field not found limit of object class name com.sparrow.coder.protocol.query.ProjectConfigQuery
2026-10-04 18:33:52.733 TRACE_ID WARN  http-nio-8888-exec-6 Generator4MethodAccessor field not found limit of object class name com.sparrow.coder.dao.query.ProjectConfigDBPagerQuery
2026-10-04 18:33:52.733 TRACE_ID WARN  http-nio-8888-exec-1 Generator4MethodAccessor field not found limit of object class name com.sparrow.coder.dao.query.ProjectConfigDBPagerQuery
2026-10-04 18:33:52.780 TRACE_ID WARN  http-nio-8888-exec-6 Generator4MethodAccessor field not found limit of object class name com.sparrow.coder.protocol.query.ProjectConfigQuery
2026-10-04 18:33:52.780 TRACE_ID WARN  http-nio-8888-exec-1 Generator4MethodAccessor field not found limit of object class name com.sparrow.coder.protocol.query.ProjectConfigQuery
2026-10-04 18:33:52.780 TRACE_ID WARN  http-nio-8888-exec-6 Generator4MethodAccessor field not found limit of object class name com.sparrow.coder.dao.query.ProjectConfigDBPagerQuery
2026-10-04 18:33:52.780 TRACE_ID WARN  http-nio-8888-exec-1 Generator4MethodAccessor field not found limit of object class name com.sparrow.coder.dao.query.ProjectConfigDBPagerQuery
2026-10-04 18:33:52.786 TRACE_ID WARN  http-nio-8888-exec-1 Generator4MethodAccessor field not found displayText of object class name com.sparrow.coder.po.ProjectConfig
2026-10-04 18:33:52.786 TRACE_ID WARN  http-nio-8888-exec-6 Generator4MethodAccessor field not found displayText of object class name com.sparrow.coder.po.ProjectConfig
2026-10-04 18:33:53.469 TRACE_ID WARN  http-nio-8888-exec-3 Generator4MethodAccessor field not found limit of object class name com.sparrow.security.admin.protocol.query.PositionQuery
2026-10-04 18:33:53.469 TRACE_ID WARN  http-nio-8888-exec-3 Generator4MethodAccessor field not found limit of object class name com.sparrow.security.admin.dao.query.PositionDBPagerQuery
2026-10-04 18:33:53.469 TRACE_ID WARN  http-nio-8888-exec-5 Generator4MethodAccessor field not found limit of object class name com.sparrow.security.admin.protocol.query.PositionQuery
2026-10-04 18:33:53.469 TRACE_ID WARN  http-nio-8888-exec-5 Generator4MethodAccessor field not found limit of object class name com.sparrow.security.admin.dao.query.PositionDBPagerQuery
2026-10-04 18:33:53.470 TRACE_ID WARN  http-nio-8888-exec-3 Generator4MethodAccessor field not found limit of object class name com.sparrow.security.admin.protocol.query.PositionQuery
2026-10-04 18:33:53.470 TRACE_ID WARN  http-nio-8888-exec-3 Generator4MethodAccessor field not found limit of object class name com.sparrow.security.admin.dao.query.PositionDBPagerQuery
2026-10-04 18:33:53.470 TRACE_ID WARN  http-nio-8888-exec-5 Generator4MethodAccessor field not found limit of object class name com.sparrow.security.admin.protocol.query.PositionQuery
2026-10-04 18:33:53.470 TRACE_ID WARN  http-nio-8888-exec-5 Generator4MethodAccessor field not found limit of object class name com.sparrow.security.admin.dao.query.PositionDBPagerQuery
2026-10-04 18:33:53.471 TRACE_ID WARN  http-nio-8888-exec-3 Generator4MethodAccessor field not found displayText of object class name com.sparrow.security.po.Position
2026-10-04 18:33:53.471 TRACE_ID WARN  http-nio-8888-exec-3 Generator4MethodAccessor field not found displayText of object class name com.sparrow.security.po.Position
2026-10-04 18:33:53.471 TRACE_ID WARN  http-nio-8888-exec-5 Generator4MethodAccessor field not found displayText of object class name com.sparrow.security.po.Position
2026-10-04 18:33:53.471 TRACE_ID WARN  http-nio-8888-exec-5 Generator4MethodAccessor field not found displayText of object class name com.sparrow.security.po.Position
2026-10-04 18:33:53.471 TRACE_ID WARN  http-nio-8888-exec-5 Generator4MethodAccessor field not found limit of object class name com.sparrow.security.admin.protocol.query.OrganizationQuery
2026-10-04 18:33:53.471 TRACE_ID WARN  http-nio-8888-exec-5 Generator4MethodAccessor field not found limit of object class name com.sparrow.security.admin.dao.query.OrganizationDBPagerQuery
2026-10-04 18:33:53.471 TRACE_ID WARN  http-nio-8888-exec-3 Generator4MethodAccessor field not found limit of object class name com.sparrow.security.admin.protocol.query.OrganizationQuery
2026-10-04 18:33:53.471 TRACE_ID WARN  http-nio-8888-exec-3 Generator4MethodAccessor field not found limit of object class name com.sparrow.security.admin.dao.query.OrganizationDBPagerQuery
2026-10-04 18:33:53.472 TRACE_ID WARN  http-nio-8888-exec-3 Generator4MethodAccessor field not found displayText of object class name com.sparrow.security.po.Organization
2026-10-04 18:33:53.472 TRACE_ID WARN  http-nio-8888-exec-3 Generator4MethodAccessor field not found displayText of object class name com.sparrow.security.po.Organization
2026-10-04 18:33:53.472 TRACE_ID WARN  http-nio-8888-exec-3 Generator4MethodAccessor field not found displayText of object class name com.sparrow.security.po.Organization
2026-10-04 18:33:53.472 TRACE_ID WARN  http-nio-8888-exec-5 Generator4MethodAccessor field not found displayText of object class name com.sparrow.security.po.Organization
2026-10-04 18:33:53.472 TRACE_ID WARN  http-nio-8888-exec-5 Generator4MethodAccessor field not found displayText of object class name com.sparrow.security.po.Organization
2026-10-04 18:33:53.472 TRACE_ID WARN  http-nio-8888-exec-5 Generator4MethodAccessor field not found displayText of object class name com.sparrow.security.po.Organization
2026-10-04 18:34:06.892 TRACE_ID WARN  http-nio-8888-exec-7 Generator4MethodAccessor field not found limit of object class name com.sparrow.coder.protocol.query.ProjectConfigQuery
2026-10-04 18:34:06.892 TRACE_ID WARN  http-nio-8888-exec-7 Generator4MethodAccessor field not found limit of object class name com.sparrow.coder.dao.query.ProjectConfigDBPagerQuery
2026-10-04 18:34:06.897 TRACE_ID WARN  http-nio-8888-exec-8 Generator4MethodAccessor field not found limit of object class name com.sparrow.security.admin.protocol.query.PositionQuery
2026-10-04 18:34:06.897 TRACE_ID WARN  http-nio-8888-exec-8 Generator4MethodAccessor field not found limit of object class name com.sparrow.security.admin.dao.query.PositionDBPagerQuery
2026-10-04 18:34:06.908 TRACE_ID WARN  http-nio-8888-exec-8 Generator4MethodAccessor field not found limit of object class name com.sparrow.security.admin.protocol.query.PositionQuery
2026-10-04 18:34:06.908 TRACE_ID WARN  http-nio-8888-exec-8 Generator4MethodAccessor field not found limit of object class name com.sparrow.security.admin.dao.query.PositionDBPagerQuery
2026-10-04 18:34:06.908 TRACE_ID WARN  http-nio-8888-exec-7 Generator4MethodAccessor field not found limit of object class name com.sparrow.coder.protocol.query.ProjectConfigQuery
2026-10-04 18:34:06.908 TRACE_ID WARN  http-nio-8888-exec-7 Generator4MethodAccessor field not found limit of object class name com.sparrow.coder.dao.query.ProjectConfigDBPagerQuery
2026-10-04 18:34:06.911 TRACE_ID WARN  http-nio-8888-exec-8 Generator4MethodAccessor field not found displayText of object class name com.sparrow.security.po.Position
2026-10-04 18:34:06.911 TRACE_ID WARN  http-nio-8888-exec-8 Generator4MethodAccessor field not found displayText of object class name com.sparrow.security.po.Position
2026-10-04 18:34:06.912 TRACE_ID WARN  http-nio-8888-exec-8 Generator4MethodAccessor field not found limit of object class name com.sparrow.security.admin.protocol.query.OrganizationQuery
2026-10-04 18:34:06.912 TRACE_ID WARN  http-nio-8888-exec-8 Generator4MethodAccessor field not found limit of object class name com.sparrow.security.admin.dao.query.OrganizationDBPagerQuery
2026-10-04 18:34:06.913 TRACE_ID WARN  http-nio-8888-exec-7 Generator4MethodAccessor field not found displayText of object class name com.sparrow.coder.po.ProjectConfig
2026-10-04 18:34:06.916 TRACE_ID WARN  http-nio-8888-exec-8 Generator4MethodAccessor field not found displayText of object class name com.sparrow.security.po.Organization
2026-10-04 18:34:06.916 TRACE_ID WARN  http-nio-8888-exec-8 Generator4MethodAccessor field not found displayText of object class name com.sparrow.security.po.Organization
2026-10-04 18:34:06.916 TRACE_ID WARN  http-nio-8888-exec-8 Generator4MethodAccessor field not found displayText of object class name com.sparrow.security.po.Organization
2026-10-04 18:34:10.142 TRACE_ID WARN  http-nio-8888-exec-6 Generator4MethodAccessor field not found limit of object class name com.sparrow.security.admin.protocol.query.PositionQuery
2026-10-04 18:34:10.142 TRACE_ID WARN  http-nio-8888-exec-6 Generator4MethodAccessor field not found limit of object class name com.sparrow.security.admin.dao.query.PositionDBPagerQuery
2026-10-04 18:34:10.142 TRACE_ID WARN  http-nio-8888-exec-1 Generator4MethodAccessor field not found limit of object class name com.sparrow.coder.protocol.query.ProjectConfigQuery
2026-10-04 18:34:10.144 TRACE_ID WARN  http-nio-8888-exec-1 Generator4MethodAccessor field not found limit of object class name com.sparrow.coder.dao.query.ProjectConfigDBPagerQuery
2026-10-04 18:34:10.158 TRACE_ID WARN  http-nio-8888-exec-6 Generator4MethodAccessor field not found limit of object class name com.sparrow.security.admin.protocol.query.PositionQuery
2026-10-04 18:34:10.158 TRACE_ID WARN  http-nio-8888-exec-6 Generator4MethodAccessor field not found limit of object class name com.sparrow.security.admin.dao.query.PositionDBPagerQuery
2026-10-04 18:34:10.159 TRACE_ID WARN  http-nio-8888-exec-1 Generator4MethodAccessor field not found limit of object class name com.sparrow.coder.protocol.query.ProjectConfigQuery
2026-10-04 18:34:10.159 TRACE_ID WARN  http-nio-8888-exec-1 Generator4MethodAccessor field not found limit of object class name com.sparrow.coder.dao.query.ProjectConfigDBPagerQuery
2026-10-04 18:34:10.161 TRACE_ID WARN  http-nio-8888-exec-1 Generator4MethodAccessor field not found displayText of object class name com.sparrow.coder.po.ProjectConfig
2026-10-04 18:34:10.161 TRACE_ID WARN  http-nio-8888-exec-6 Generator4MethodAccessor field not found displayText of object class name com.sparrow.security.po.Position
2026-10-04 18:34:10.161 TRACE_ID WARN  http-nio-8888-exec-6 Generator4MethodAccessor field not found displayText of object class name com.sparrow.security.po.Position
2026-10-04 18:34:10.162 TRACE_ID WARN  http-nio-8888-exec-6 Generator4MethodAccessor field not found limit of object class name com.sparrow.security.admin.protocol.query.OrganizationQuery
2026-10-04 18:34:10.162 TRACE_ID WARN  http-nio-8888-exec-6 Generator4MethodAccessor field not found limit of object class name com.sparrow.security.admin.dao.query.OrganizationDBPagerQuery
2026-10-04 18:34:10.167 TRACE_ID WARN  http-nio-8888-exec-6 Generator4MethodAccessor field not found displayText of object class name com.sparrow.security.po.Organization
2026-10-04 18:34:10.167 TRACE_ID WARN  http-nio-8888-exec-6 Generator4MethodAccessor field not found displayText of object class name com.sparrow.security.po.Organization
2026-10-04 18:34:10.167 TRACE_ID WARN  http-nio-8888-exec-6 Generator4MethodAccessor field not found displayText of object class name com.sparrow.security.po.Organization
2026-10-04 18:34:29.744 TRACE_ID WARN  http-nio-8888-exec-5 Generator4MethodAccessor field not found limit of object class name com.sparrow.coder.protocol.query.ProjectConfigQuery
2026-10-04 18:34:29.744 TRACE_ID WARN  http-nio-8888-exec-3 Generator4MethodAccessor field not found limit of object class name com.sparrow.coder.protocol.query.ProjectConfigQuery
2026-10-04 18:34:29.745 TRACE_ID WARN  http-nio-8888-exec-5 Generator4MethodAccessor field not found limit of object class name com.sparrow.coder.dao.query.ProjectConfigDBPagerQuery
2026-10-04 18:34:29.745 TRACE_ID WARN  http-nio-8888-exec-3 Generator4MethodAccessor field not found limit of object class name com.sparrow.coder.dao.query.ProjectConfigDBPagerQuery
2026-10-04 18:34:29.749 TRACE_ID WARN  http-nio-8888-exec-5 Generator4MethodAccessor field not found limit of object class name com.sparrow.coder.protocol.query.ProjectConfigQuery
2026-10-04 18:34:29.749 TRACE_ID WARN  http-nio-8888-exec-3 Generator4MethodAccessor field not found limit of object class name com.sparrow.coder.protocol.query.ProjectConfigQuery
2026-10-04 18:34:29.749 TRACE_ID WARN  http-nio-8888-exec-5 Generator4MethodAccessor field not found limit of object class name com.sparrow.coder.dao.query.ProjectConfigDBPagerQuery
2026-10-04 18:34:29.749 TRACE_ID WARN  http-nio-8888-exec-3 Generator4MethodAccessor field not found limit of object class name com.sparrow.coder.dao.query.ProjectConfigDBPagerQuery
2026-10-04 18:34:29.750 TRACE_ID WARN  http-nio-8888-exec-3 Generator4MethodAccessor field not found displayText of object class name com.sparrow.coder.po.ProjectConfig
2026-10-04 18:34:29.750 TRACE_ID WARN  http-nio-8888-exec-5 Generator4MethodAccessor field not found displayText of object class name com.sparrow.coder.po.ProjectConfig
2026-10-04 18:34:36.606 TRACE_ID WARN  http-nio-8888-exec-7 Generator4MethodAccessor field not found limit of object class name com.sparrow.security.admin.protocol.query.AppQuery
2026-10-04 18:34:36.606 TRACE_ID WARN  http-nio-8888-exec-7 Generator4MethodAccessor field not found limit of object class name com.sparrow.security.admin.dao.query.AppDBPagerQuery
2026-10-04 18:34:36.606 TRACE_ID WARN  http-nio-8888-exec-8 Generator4MethodAccessor field not found limit of object class name com.sparrow.security.admin.protocol.query.AppQuery
2026-10-04 18:34:36.606 TRACE_ID WARN  http-nio-8888-exec-8 Generator4MethodAccessor field not found limit of object class name com.sparrow.security.admin.dao.query.AppDBPagerQuery
2026-10-04 18:34:36.620 TRACE_ID WARN  http-nio-8888-exec-7 Generator4MethodAccessor field not found limit of object class name com.sparrow.security.admin.protocol.query.AppQuery
2026-10-04 18:34:36.621 TRACE_ID WARN  http-nio-8888-exec-7 Generator4MethodAccessor field not found limit of object class name com.sparrow.security.admin.dao.query.AppDBPagerQuery
2026-10-04 18:34:36.623 TRACE_ID WARN  http-nio-8888-exec-8 Generator4MethodAccessor field not found limit of object class name com.sparrow.security.admin.protocol.query.AppQuery
2026-10-04 18:34:36.624 TRACE_ID WARN  http-nio-8888-exec-8 Generator4MethodAccessor field not found limit of object class name com.sparrow.security.admin.dao.query.AppDBPagerQuery
2026-10-04 18:34:36.624 TRACE_ID WARN  http-nio-8888-exec-7 Generator4MethodAccessor field not found displayText of object class name com.sparrow.security.po.App
2026-10-04 18:34:36.630 TRACE_ID WARN  http-nio-8888-exec-8 Generator4MethodAccessor field not found displayText of object class name com.sparrow.security.po.App
2026-10-04 18:34:40.165 TRACE_ID WARN  http-nio-8888-exec-1 Generator4MethodAccessor field not found limit of object class name com.sparrow.security.admin.protocol.query.AppQuery
2026-10-04 18:34:40.165 TRACE_ID WARN  http-nio-8888-exec-1 Generator4MethodAccessor field not found limit of object class name com.sparrow.security.admin.dao.query.AppDBPagerQuery
2026-10-04 18:34:40.165 TRACE_ID WARN  http-nio-8888-exec-6 Generator4MethodAccessor field not found limit of object class name com.sparrow.security.admin.protocol.query.AppQuery
2026-10-04 18:34:40.165 TRACE_ID WARN  http-nio-8888-exec-6 Generator4MethodAccessor field not found limit of object class name com.sparrow.security.admin.dao.query.AppDBPagerQuery
2026-10-04 18:34:40.166 TRACE_ID WARN  http-nio-8888-exec-6 Generator4MethodAccessor field not found limit of object class name com.sparrow.security.admin.protocol.query.AppQuery
2026-10-04 18:34:40.166 TRACE_ID WARN  http-nio-8888-exec-6 Generator4MethodAccessor field not found limit of object class name com.sparrow.security.admin.dao.query.AppDBPagerQuery
2026-10-04 18:34:40.166 TRACE_ID WARN  http-nio-8888-exec-1 Generator4MethodAccessor field not found limit of object class name com.sparrow.security.admin.protocol.query.AppQuery
2026-10-04 18:34:40.166 TRACE_ID WARN  http-nio-8888-exec-1 Generator4MethodAccessor field not found limit of object class name com.sparrow.security.admin.dao.query.AppDBPagerQuery
2026-10-04 18:34:40.167 TRACE_ID WARN  http-nio-8888-exec-1 Generator4MethodAccessor field not found displayText of object class name com.sparrow.security.po.App
2026-10-04 18:34:40.167 TRACE_ID WARN  http-nio-8888-exec-6 Generator4MethodAccessor field not found displayText of object class name com.sparrow.security.po.App
2026-10-04 18:34:52.160 TRACE_ID WARN  http-nio-8888-exec-5 Generator4MethodAccessor field not found limit of object class name com.sparrow.security.admin.protocol.query.OrganizationQuery
2026-10-04 18:34:52.160 TRACE_ID WARN  http-nio-8888-exec-5 Generator4MethodAccessor field not found limit of object class name com.sparrow.security.admin.dao.query.OrganizationDBPagerQuery
2026-10-04 18:34:52.160 TRACE_ID WARN  http-nio-8888-exec-3 Generator4MethodAccessor field not found limit of object class name com.sparrow.security.admin.protocol.query.OrganizationQuery
2026-10-04 18:34:52.160 TRACE_ID WARN  http-nio-8888-exec-3 Generator4MethodAccessor field not found limit of object class name com.sparrow.security.admin.dao.query.OrganizationDBPagerQuery
2026-10-04 18:34:52.171 TRACE_ID WARN  http-nio-8888-exec-3 Generator4MethodAccessor field not found limit of object class name com.sparrow.security.admin.protocol.query.OrganizationQuery
2026-10-04 18:34:52.171 TRACE_ID WARN  http-nio-8888-exec-3 Generator4MethodAccessor field not found limit of object class name com.sparrow.security.admin.dao.query.OrganizationDBPagerQuery
2026-10-04 18:34:52.171 TRACE_ID WARN  http-nio-8888-exec-5 Generator4MethodAccessor field not found limit of object class name com.sparrow.security.admin.protocol.query.OrganizationQuery
2026-10-04 18:34:52.171 TRACE_ID WARN  http-nio-8888-exec-5 Generator4MethodAccessor field not found limit of object class name com.sparrow.security.admin.dao.query.OrganizationDBPagerQuery
2026-10-04 18:34:52.179 TRACE_ID WARN  http-nio-8888-exec-3 Generator4MethodAccessor field not found displayText of object class name com.sparrow.security.po.Organization
2026-10-04 18:34:52.179 TRACE_ID WARN  http-nio-8888-exec-5 Generator4MethodAccessor field not found displayText of object class name com.sparrow.security.po.Organization
2026-10-04 18:34:52.179 TRACE_ID WARN  http-nio-8888-exec-5 Generator4MethodAccessor field not found displayText of object class name com.sparrow.security.po.Organization
2026-10-04 18:34:52.179 TRACE_ID WARN  http-nio-8888-exec-3 Generator4MethodAccessor field not found displayText of object class name com.sparrow.security.po.Organization
2026-10-04 18:34:52.179 TRACE_ID WARN  http-nio-8888-exec-5 Generator4MethodAccessor field not found displayText of object class name com.sparrow.security.po.Organization
2026-10-04 18:34:52.179 TRACE_ID WARN  http-nio-8888-exec-3 Generator4MethodAccessor field not found displayText of object class name com.sparrow.security.po.Organization
2026-10-04 18:34:52.180 TRACE_ID WARN  http-nio-8888-exec-5 Generator4MethodAccessor field not found limit of object class name com.sparrow.security.admin.protocol.query.OrganizationQuery
2026-10-04 18:34:52.180 TRACE_ID WARN  http-nio-8888-exec-5 Generator4MethodAccessor field not found limit of object class name com.sparrow.security.admin.dao.query.OrganizationDBPagerQuery
2026-10-04 18:34:52.180 TRACE_ID WARN  http-nio-8888-exec-3 Generator4MethodAccessor field not found limit of object class name com.sparrow.security.admin.protocol.query.OrganizationQuery
2026-10-04 18:34:52.181 TRACE_ID WARN  http-nio-8888-exec-3 Generator4MethodAccessor field not found limit of object class name com.sparrow.security.admin.dao.query.OrganizationDBPagerQuery
2026-10-04 18:34:52.182 TRACE_ID WARN  http-nio-8888-exec-5 Generator4MethodAccessor field not found displayText of object class name com.sparrow.security.po.Organization
2026-10-04 18:34:52.182 TRACE_ID WARN  http-nio-8888-exec-3 Generator4MethodAccessor field not found displayText of object class name com.sparrow.security.po.Organization
2026-10-04 18:34:52.182 TRACE_ID WARN  http-nio-8888-exec-5 Generator4MethodAccessor field not found displayText of object class name com.sparrow.security.po.Organization
2026-10-04 18:34:52.182 TRACE_ID WARN  http-nio-8888-exec-3 Generator4MethodAccessor field not found displayText of object class name com.sparrow.security.po.Organization
2026-10-04 18:34:52.182 TRACE_ID WARN  http-nio-8888-exec-3 Generator4MethodAccessor field not found displayText of object class name com.sparrow.security.po.Organization
2026-10-04 18:34:52.182 TRACE_ID WARN  http-nio-8888-exec-5 Generator4MethodAccessor field not found displayText of object class name com.sparrow.security.po.Organization
2026-10-04 18:34:53.341 TRACE_ID WARN  http-nio-8888-exec-7 Generator4MethodAccessor field not found limit of object class name com.sparrow.security.admin.protocol.query.PositionQuery
2026-10-04 18:34:53.342 TRACE_ID WARN  http-nio-8888-exec-7 Generator4MethodAccessor field not found limit of object class name com.sparrow.security.admin.dao.query.PositionDBPagerQuery
2026-10-04 18:34:53.342 TRACE_ID WARN  http-nio-8888-exec-8 Generator4MethodAccessor field not found limit of object class name com.sparrow.security.admin.protocol.query.PositionQuery
2026-10-04 18:34:53.342 TRACE_ID WARN  http-nio-8888-exec-8 Generator4MethodAccessor field not found limit of object class name com.sparrow.security.admin.dao.query.PositionDBPagerQuery
2026-10-04 18:34:53.345 TRACE_ID WARN  http-nio-8888-exec-8 Generator4MethodAccessor field not found limit of object class name com.sparrow.security.admin.protocol.query.PositionQuery
2026-10-04 18:34:53.346 TRACE_ID WARN  http-nio-8888-exec-8 Generator4MethodAccessor field not found limit of object class name com.sparrow.security.admin.dao.query.PositionDBPagerQuery
2026-10-04 18:34:53.346 TRACE_ID WARN  http-nio-8888-exec-7 Generator4MethodAccessor field not found limit of object class name com.sparrow.security.admin.protocol.query.PositionQuery
2026-10-04 18:34:53.346 TRACE_ID WARN  http-nio-8888-exec-7 Generator4MethodAccessor field not found limit of object class name com.sparrow.security.admin.dao.query.PositionDBPagerQuery
2026-10-04 18:34:53.348 TRACE_ID WARN  http-nio-8888-exec-7 Generator4MethodAccessor field not found displayText of object class name com.sparrow.security.po.Position
2026-10-04 18:34:53.348 TRACE_ID WARN  http-nio-8888-exec-7 Generator4MethodAccessor field not found displayText of object class name com.sparrow.security.po.Position
2026-10-04 18:34:53.348 TRACE_ID WARN  http-nio-8888-exec-8 Generator4MethodAccessor field not found displayText of object class name com.sparrow.security.po.Position
2026-10-04 18:34:53.349 TRACE_ID WARN  http-nio-8888-exec-8 Generator4MethodAccessor field not found displayText of object class name com.sparrow.security.po.Position
2026-10-04 18:34:53.349 TRACE_ID WARN  http-nio-8888-exec-8 Generator4MethodAccessor field not found limit of object class name com.sparrow.security.admin.protocol.query.OrganizationQuery
2026-10-04 18:34:53.349 TRACE_ID WARN  http-nio-8888-exec-8 Generator4MethodAccessor field not found limit of object class name com.sparrow.security.admin.dao.query.OrganizationDBPagerQuery
2026-10-04 18:34:53.349 TRACE_ID WARN  http-nio-8888-exec-7 Generator4MethodAccessor field not found limit of object class name com.sparrow.security.admin.protocol.query.OrganizationQuery
2026-10-04 18:34:53.349 TRACE_ID WARN  http-nio-8888-exec-7 Generator4MethodAccessor field not found limit of object class name com.sparrow.security.admin.dao.query.OrganizationDBPagerQuery
2026-10-04 18:34:53.352 TRACE_ID WARN  http-nio-8888-exec-7 Generator4MethodAccessor field not found displayText of object class name com.sparrow.security.po.Organization
2026-10-04 18:34:53.352 TRACE_ID WARN  http-nio-8888-exec-7 Generator4MethodAccessor field not found displayText of object class name com.sparrow.security.po.Organization
2026-10-04 18:34:53.352 TRACE_ID WARN  http-nio-8888-exec-7 Generator4MethodAccessor field not found displayText of object class name com.sparrow.security.po.Organization
2026-10-04 18:34:53.352 TRACE_ID WARN  http-nio-8888-exec-8 Generator4MethodAccessor field not found displayText of object class name com.sparrow.security.po.Organization
2026-10-04 18:34:53.352 TRACE_ID WARN  http-nio-8888-exec-8 Generator4MethodAccessor field not found displayText of object class name com.sparrow.security.po.Organization
2026-10-04 18:34:53.352 TRACE_ID WARN  http-nio-8888-exec-8 Generator4MethodAccessor field not found displayText of object class name com.sparrow.security.po.Organization
2026-10-04 18:34:57.333 TRACE_ID WARN  http-nio-8888-exec-1 Generator4MethodAccessor field not found limit of object class name com.sparrow.security.admin.protocol.query.PositionQuery
2026-10-04 18:34:57.333 TRACE_ID WARN  http-nio-8888-exec-1 Generator4MethodAccessor field not found limit of object class name com.sparrow.security.admin.dao.query.PositionDBPagerQuery
2026-10-04 18:34:57.333 TRACE_ID WARN  http-nio-8888-exec-6 Generator4MethodAccessor field not found limit of object class name com.sparrow.security.admin.protocol.query.PositionQuery
2026-10-04 18:34:57.333 TRACE_ID WARN  http-nio-8888-exec-6 Generator4MethodAccessor field not found limit of object class name com.sparrow.security.admin.dao.query.PositionDBPagerQuery
2026-10-04 18:34:57.340 TRACE_ID WARN  http-nio-8888-exec-1 Generator4MethodAccessor field not found limit of object class name com.sparrow.security.admin.protocol.query.PositionQuery
2026-10-04 18:34:57.340 TRACE_ID WARN  http-nio-8888-exec-1 Generator4MethodAccessor field not found limit of object class name com.sparrow.security.admin.dao.query.PositionDBPagerQuery
2026-10-04 18:34:57.340 TRACE_ID WARN  http-nio-8888-exec-6 Generator4MethodAccessor field not found limit of object class name com.sparrow.security.admin.protocol.query.PositionQuery
2026-10-04 18:34:57.340 TRACE_ID WARN  http-nio-8888-exec-6 Generator4MethodAccessor field not found limit of object class name com.sparrow.security.admin.dao.query.PositionDBPagerQuery
2026-10-04 18:34:57.345 TRACE_ID WARN  http-nio-8888-exec-6 Generator4MethodAccessor field not found displayText of object class name com.sparrow.security.po.Position
2026-10-04 18:34:57.346 TRACE_ID WARN  http-nio-8888-exec-6 Generator4MethodAccessor field not found displayText of object class name com.sparrow.security.po.Position
2026-10-04 18:34:57.345 TRACE_ID WARN  http-nio-8888-exec-1 Generator4MethodAccessor field not found displayText of object class name com.sparrow.security.po.Position
2026-10-04 18:34:57.346 TRACE_ID WARN  http-nio-8888-exec-1 Generator4MethodAccessor field not found displayText of object class name com.sparrow.security.po.Position
2026-10-04 18:34:57.346 TRACE_ID WARN  http-nio-8888-exec-6 Generator4MethodAccessor field not found limit of object class name com.sparrow.security.admin.protocol.query.OrganizationQuery
2026-10-04 18:34:57.346 TRACE_ID WARN  http-nio-8888-exec-1 Generator4MethodAccessor field not found limit of object class name com.sparrow.security.admin.protocol.query.OrganizationQuery
2026-10-04 18:34:57.346 TRACE_ID WARN  http-nio-8888-exec-1 Generator4MethodAccessor field not found limit of object class name com.sparrow.security.admin.dao.query.OrganizationDBPagerQuery
2026-10-04 18:34:57.346 TRACE_ID WARN  http-nio-8888-exec-6 Generator4MethodAccessor field not found limit of object class name com.sparrow.security.admin.dao.query.OrganizationDBPagerQuery
2026-10-04 18:34:57.348 TRACE_ID WARN  http-nio-8888-exec-1 Generator4MethodAccessor field not found displayText of object class name com.sparrow.security.po.Organization
2026-10-04 18:34:57.348 TRACE_ID WARN  http-nio-8888-exec-6 Generator4MethodAccessor field not found displayText of object class name com.sparrow.security.po.Organization
2026-10-04 18:34:57.348 TRACE_ID WARN  http-nio-8888-exec-1 Generator4MethodAccessor field not found displayText of object class name com.sparrow.security.po.Organization
2026-10-04 18:34:57.348 TRACE_ID WARN  http-nio-8888-exec-6 Generator4MethodAccessor field not found displayText of object class name com.sparrow.security.po.Organization
2026-10-04 18:34:57.348 TRACE_ID WARN  http-nio-8888-exec-1 Generator4MethodAccessor field not found displayText of object class name com.sparrow.security.po.Organization
2026-10-04 18:34:57.348 TRACE_ID WARN  http-nio-8888-exec-6 Generator4MethodAccessor field not found displayText of object class name com.sparrow.security.po.Organization
2026-10-04 18:34:58.396 TRACE_ID WARN  http-nio-8888-exec-5 Generator4MethodAccessor field not found limit of object class name com.sparrow.security.admin.protocol.query.AppQuery
2026-10-04 18:34:58.396 TRACE_ID WARN  http-nio-8888-exec-5 Generator4MethodAccessor field not found limit of object class name com.sparrow.security.admin.dao.query.AppDBPagerQuery
2026-10-04 18:34:58.396 TRACE_ID WARN  http-nio-8888-exec-3 Generator4MethodAccessor field not found limit of object class name com.sparrow.security.admin.protocol.query.AppQuery
2026-10-04 18:34:58.396 TRACE_ID WARN  http-nio-8888-exec-3 Generator4MethodAccessor field not found limit of object class name com.sparrow.security.admin.dao.query.AppDBPagerQuery
2026-10-04 18:34:58.399 TRACE_ID WARN  http-nio-8888-exec-3 Generator4MethodAccessor field not found limit of object class name com.sparrow.security.admin.protocol.query.AppQuery
2026-10-04 18:34:58.399 TRACE_ID WARN  http-nio-8888-exec-5 Generator4MethodAccessor field not found limit of object class name com.sparrow.security.admin.protocol.query.AppQuery
2026-10-04 18:34:58.399 TRACE_ID WARN  http-nio-8888-exec-5 Generator4MethodAccessor field not found limit of object class name com.sparrow.security.admin.dao.query.AppDBPagerQuery
2026-10-04 18:34:58.399 TRACE_ID WARN  http-nio-8888-exec-3 Generator4MethodAccessor field not found limit of object class name com.sparrow.security.admin.dao.query.AppDBPagerQuery
2026-10-04 18:34:58.400 TRACE_ID WARN  http-nio-8888-exec-5 Generator4MethodAccessor field not found displayText of object class name com.sparrow.security.po.App
2026-10-04 18:34:58.400 TRACE_ID WARN  http-nio-8888-exec-3 Generator4MethodAccessor field not found displayText of object class name com.sparrow.security.po.App
2026-10-04 18:35:00.470 TRACE_ID WARN  http-nio-8888-exec-8 Generator4MethodAccessor field not found limit of object class name com.sparrow.coder.protocol.query.ProjectConfigQuery
2026-10-04 18:35:00.470 TRACE_ID WARN  http-nio-8888-exec-8 Generator4MethodAccessor field not found limit of object class name com.sparrow.coder.dao.query.ProjectConfigDBPagerQuery
2026-10-04 18:35:00.470 TRACE_ID WARN  http-nio-8888-exec-7 Generator4MethodAccessor field not found limit of object class name com.sparrow.coder.protocol.query.ProjectConfigQuery
2026-10-04 18:35:00.470 TRACE_ID WARN  http-nio-8888-exec-7 Generator4MethodAccessor field not found limit of object class name com.sparrow.coder.dao.query.ProjectConfigDBPagerQuery
2026-10-04 18:35:00.472 TRACE_ID WARN  http-nio-8888-exec-8 Generator4MethodAccessor field not found limit of object class name com.sparrow.coder.protocol.query.ProjectConfigQuery
2026-10-04 18:35:00.472 TRACE_ID WARN  http-nio-8888-exec-7 Generator4MethodAccessor field not found limit of object class name com.sparrow.coder.protocol.query.ProjectConfigQuery
2026-10-04 18:35:00.472 TRACE_ID WARN  http-nio-8888-exec-8 Generator4MethodAccessor field not found limit of object class name com.sparrow.coder.dao.query.ProjectConfigDBPagerQuery
2026-10-04 18:35:00.472 TRACE_ID WARN  http-nio-8888-exec-7 Generator4MethodAccessor field not found limit of object class name com.sparrow.coder.dao.query.ProjectConfigDBPagerQuery
2026-10-04 18:35:00.474 TRACE_ID WARN  http-nio-8888-exec-8 Generator4MethodAccessor field not found displayText of object class name com.sparrow.coder.po.ProjectConfig
2026-10-04 18:35:00.474 TRACE_ID WARN  http-nio-8888-exec-7 Generator4MethodAccessor field not found displayText of object class name com.sparrow.coder.po.ProjectConfig
2026-10-04 18:35:03.938 TRACE_ID WARN  http-nio-8888-exec-6 Generator4MethodAccessor field not found limit of object class name com.sparrow.coder.protocol.query.TableConfigQuery
2026-10-04 18:35:03.938 TRACE_ID WARN  http-nio-8888-exec-6 Generator4MethodAccessor field not found limit of object class name com.sparrow.coder.dao.query.TableConfigDBPagerQuery
2026-10-04 18:35:03.940 TRACE_ID WARN  http-nio-8888-exec-2 Generator4MethodAccessor field not found limit of object class name com.sparrow.coder.protocol.query.TableConfigQuery
2026-10-04 18:35:03.940 TRACE_ID WARN  http-nio-8888-exec-2 Generator4MethodAccessor field not found limit of object class name com.sparrow.coder.dao.query.TableConfigDBPagerQuery
2026-10-04 18:35:03.942 TRACE_ID WARN  http-nio-8888-exec-6 Generator4MethodAccessor field not found limit of object class name com.sparrow.coder.protocol.query.TableConfigQuery
2026-10-04 18:35:03.942 TRACE_ID WARN  http-nio-8888-exec-6 Generator4MethodAccessor field not found limit of object class name com.sparrow.coder.dao.query.TableConfigDBPagerQuery
2026-10-04 18:35:03.942 TRACE_ID WARN  http-nio-8888-exec-2 Generator4MethodAccessor field not found limit of object class name com.sparrow.coder.protocol.query.TableConfigQuery
2026-10-04 18:35:03.942 TRACE_ID WARN  http-nio-8888-exec-2 Generator4MethodAccessor field not found limit of object class name com.sparrow.coder.dao.query.TableConfigDBPagerQuery
2026-10-04 18:35:03.945 TRACE_ID WARN  http-nio-8888-exec-6 Generator4MethodAccessor field not found limit of object class name com.sparrow.coder.protocol.query.ProjectConfigQuery
2026-10-04 18:35:03.945 TRACE_ID WARN  http-nio-8888-exec-6 Generator4MethodAccessor field not found limit of object class name com.sparrow.coder.dao.query.ProjectConfigDBPagerQuery
2026-10-04 18:35:03.946 TRACE_ID WARN  http-nio-8888-exec-2 Generator4MethodAccessor field not found limit of object class name com.sparrow.coder.protocol.query.ProjectConfigQuery
2026-10-04 18:35:03.946 TRACE_ID WARN  http-nio-8888-exec-2 Generator4MethodAccessor field not found limit of object class name com.sparrow.coder.dao.query.ProjectConfigDBPagerQuery
2026-10-04 18:35:03.947 TRACE_ID WARN  http-nio-8888-exec-6 Generator4MethodAccessor field not found displayText of object class name com.sparrow.coder.po.ProjectConfig
2026-10-04 18:35:03.947 TRACE_ID WARN  http-nio-8888-exec-2 Generator4MethodAccessor field not found displayText of object class name com.sparrow.coder.po.ProjectConfig
2026-10-04 18:35:08.985 TRACE_ID WARN  http-nio-8888-exec-3 Generator4MethodAccessor field not found displayText of object class name com.sparrow.coder.po.ProjectConfig
2026-10-04 18:35:08.987 TRACE_ID WARN  http-nio-8888-exec-3 Generator4MethodAccessor field not found limit of object class name com.sparrow.coder.protocol.query.TableConfigQuery
2026-10-04 18:35:08.987 TRACE_ID WARN  http-nio-8888-exec-3 Generator4MethodAccessor field not found limit of object class name com.sparrow.coder.dao.query.TableConfigDBPagerQuery
2026-10-04 18:36:59.888 TRACE_ID WARN  http-nio-8888-exec-1 Generator4MethodAccessor field not found limit of object class name com.sparrow.security.admin.protocol.query.MicroServiceQuery
2026-10-04 18:36:59.888 TRACE_ID WARN  http-nio-8888-exec-4 Generator4MethodAccessor field not found limit of object class name com.sparrow.security.admin.protocol.query.MicroServiceQuery
2026-10-04 18:36:59.888 TRACE_ID WARN  http-nio-8888-exec-1 Generator4MethodAccessor field not found limit of object class name com.sparrow.security.admin.dao.query.MicroServiceDBPagerQuery
2026-10-04 18:36:59.888 TRACE_ID WARN  http-nio-8888-exec-4 Generator4MethodAccessor field not found limit of object class name com.sparrow.security.admin.dao.query.MicroServiceDBPagerQuery
2026-10-04 18:36:59.938 TRACE_ID WARN  http-nio-8888-exec-1 Generator4MethodAccessor field not found limit of object class name com.sparrow.security.admin.protocol.query.MicroServiceQuery
2026-10-04 18:36:59.938 TRACE_ID WARN  http-nio-8888-exec-1 Generator4MethodAccessor field not found limit of object class name com.sparrow.security.admin.dao.query.MicroServiceDBPagerQuery
2026-10-04 18:36:59.939 TRACE_ID WARN  http-nio-8888-exec-4 Generator4MethodAccessor field not found limit of object class name com.sparrow.security.admin.protocol.query.MicroServiceQuery
2026-10-04 18:36:59.939 TRACE_ID WARN  http-nio-8888-exec-4 Generator4MethodAccessor field not found limit of object class name com.sparrow.security.admin.dao.query.MicroServiceDBPagerQuery
2026-10-04 18:36:59.942 TRACE_ID WARN  http-nio-8888-exec-1 Generator4MethodAccessor field not found displayText of object class name com.sparrow.security.po.MicroService
2026-10-04 18:36:59.942 TRACE_ID WARN  http-nio-8888-exec-4 Generator4MethodAccessor field not found displayText of object class name com.sparrow.security.po.MicroService
2026-10-04 18:36:59.943 TRACE_ID WARN  http-nio-8888-exec-1 Generator4MethodAccessor field not found limit of object class name com.sparrow.security.admin.protocol.query.AppQuery
2026-10-04 18:36:59.943 TRACE_ID WARN  http-nio-8888-exec-4 Generator4MethodAccessor field not found limit of object class name com.sparrow.security.admin.protocol.query.AppQuery
2026-10-04 18:36:59.943 TRACE_ID WARN  http-nio-8888-exec-1 Generator4MethodAccessor field not found limit of object class name com.sparrow.security.admin.dao.query.AppDBPagerQuery
2026-10-04 18:36:59.943 TRACE_ID WARN  http-nio-8888-exec-4 Generator4MethodAccessor field not found limit of object class name com.sparrow.security.admin.dao.query.AppDBPagerQuery
2026-10-04 18:36:59.944 TRACE_ID WARN  http-nio-8888-exec-1 Generator4MethodAccessor field not found displayText of object class name com.sparrow.security.po.App
2026-10-04 18:36:59.944 TRACE_ID WARN  http-nio-8888-exec-4 Generator4MethodAccessor field not found displayText of object class name com.sparrow.security.po.App
2026-10-04 18:37:03.395 TRACE_ID WARN  http-nio-8888-exec-5 Generator4MethodAccessor field not found limit of object class name com.sparrow.security.admin.protocol.query.OrganizationQuery
2026-10-04 18:37:03.395 TRACE_ID WARN  http-nio-8888-exec-5 Generator4MethodAccessor field not found limit of object class name com.sparrow.security.admin.dao.query.OrganizationDBPagerQuery
2026-10-04 18:37:03.395 TRACE_ID WARN  http-nio-8888-exec-3 Generator4MethodAccessor field not found limit of object class name com.sparrow.security.admin.protocol.query.OrganizationQuery
2026-10-04 18:37:03.395 TRACE_ID WARN  http-nio-8888-exec-3 Generator4MethodAccessor field not found limit of object class name com.sparrow.security.admin.dao.query.OrganizationDBPagerQuery
2026-10-04 18:37:03.396 TRACE_ID WARN  http-nio-8888-exec-5 Generator4MethodAccessor field not found limit of object class name com.sparrow.security.admin.protocol.query.OrganizationQuery
2026-10-04 18:37:03.396 TRACE_ID WARN  http-nio-8888-exec-5 Generator4MethodAccessor field not found limit of object class name com.sparrow.security.admin.dao.query.OrganizationDBPagerQuery
2026-10-04 18:37:03.397 TRACE_ID WARN  http-nio-8888-exec-3 Generator4MethodAccessor field not found limit of object class name com.sparrow.security.admin.protocol.query.OrganizationQuery
2026-10-04 18:37:03.397 TRACE_ID WARN  http-nio-8888-exec-3 Generator4MethodAccessor field not found limit of object class name com.sparrow.security.admin.dao.query.OrganizationDBPagerQuery
2026-10-04 18:37:03.397 TRACE_ID WARN  http-nio-8888-exec-5 Generator4MethodAccessor field not found displayText of object class name com.sparrow.security.po.Organization
2026-10-04 18:37:03.397 TRACE_ID WARN  http-nio-8888-exec-5 Generator4MethodAccessor field not found displayText of object class name com.sparrow.security.po.Organization
2026-10-04 18:37:03.397 TRACE_ID WARN  http-nio-8888-exec-5 Generator4MethodAccessor field not found displayText of object class name com.sparrow.security.po.Organization
2026-10-04 18:37:03.397 TRACE_ID WARN  http-nio-8888-exec-5 Generator4MethodAccessor field not found limit of object class name com.sparrow.security.admin.protocol.query.OrganizationQuery
2026-10-04 18:37:03.397 TRACE_ID WARN  http-nio-8888-exec-5 Generator4MethodAccessor field not found limit of object class name com.sparrow.security.admin.dao.query.OrganizationDBPagerQuery
2026-10-04 18:37:03.397 TRACE_ID WARN  http-nio-8888-exec-3 Generator4MethodAccessor field not found displayText of object class name com.sparrow.security.po.Organization
2026-10-04 18:37:03.397 TRACE_ID WARN  http-nio-8888-exec-3 Generator4MethodAccessor field not found displayText of object class name com.sparrow.security.po.Organization
2026-10-04 18:37:03.397 TRACE_ID WARN  http-nio-8888-exec-3 Generator4MethodAccessor field not found displayText of object class name com.sparrow.security.po.Organization
2026-10-04 18:37:03.398 TRACE_ID WARN  http-nio-8888-exec-3 Generator4MethodAccessor field not found limit of object class name com.sparrow.security.admin.protocol.query.OrganizationQuery
2026-10-04 18:37:03.398 TRACE_ID WARN  http-nio-8888-exec-3 Generator4MethodAccessor field not found limit of object class name com.sparrow.security.admin.dao.query.OrganizationDBPagerQuery
2026-10-04 18:37:03.398 TRACE_ID WARN  http-nio-8888-exec-5 Generator4MethodAccessor field not found displayText of object class name com.sparrow.security.po.Organization
2026-10-04 18:37:03.398 TRACE_ID WARN  http-nio-8888-exec-5 Generator4MethodAccessor field not found displayText of object class name com.sparrow.security.po.Organization
2026-10-04 18:37:03.398 TRACE_ID WARN  http-nio-8888-exec-5 Generator4MethodAccessor field not found displayText of object class name com.sparrow.security.po.Organization
2026-10-04 18:37:03.398 TRACE_ID WARN  http-nio-8888-exec-3 Generator4MethodAccessor field not found displayText of object class name com.sparrow.security.po.Organization
2026-10-04 18:37:03.398 TRACE_ID WARN  http-nio-8888-exec-3 Generator4MethodAccessor field not found displayText of object class name com.sparrow.security.po.Organization
2026-10-04 18:37:03.398 TRACE_ID WARN  http-nio-8888-exec-3 Generator4MethodAccessor field not found displayText of object class name com.sparrow.security.po.Organization
2026-10-04 18:37:04.817 TRACE_ID WARN  http-nio-8888-exec-1 Generator4MethodAccessor field not found limit of object class name com.sparrow.security.admin.protocol.query.PositionQuery
2026-10-04 18:37:04.817 TRACE_ID WARN  http-nio-8888-exec-4 Generator4MethodAccessor field not found limit of object class name com.sparrow.security.admin.protocol.query.PositionQuery
2026-10-04 18:37:04.818 TRACE_ID WARN  http-nio-8888-exec-1 Generator4MethodAccessor field not found limit of object class name com.sparrow.security.admin.dao.query.PositionDBPagerQuery
2026-10-04 18:37:04.818 TRACE_ID WARN  http-nio-8888-exec-4 Generator4MethodAccessor field not found limit of object class name com.sparrow.security.admin.dao.query.PositionDBPagerQuery
2026-10-04 18:37:04.819 TRACE_ID WARN  http-nio-8888-exec-1 Generator4MethodAccessor field not found limit of object class name com.sparrow.security.admin.protocol.query.PositionQuery
2026-10-04 18:37:04.819 TRACE_ID WARN  http-nio-8888-exec-4 Generator4MethodAccessor field not found limit of object class name com.sparrow.security.admin.protocol.query.PositionQuery
2026-10-04 18:37:04.819 TRACE_ID WARN  http-nio-8888-exec-1 Generator4MethodAccessor field not found limit of object class name com.sparrow.security.admin.dao.query.PositionDBPagerQuery
2026-10-04 18:37:04.819 TRACE_ID WARN  http-nio-8888-exec-4 Generator4MethodAccessor field not found limit of object class name com.sparrow.security.admin.dao.query.PositionDBPagerQuery
2026-10-04 18:37:04.822 TRACE_ID WARN  http-nio-8888-exec-4 Generator4MethodAccessor field not found displayText of object class name com.sparrow.security.po.Position
2026-10-04 18:37:04.822 TRACE_ID WARN  http-nio-8888-exec-4 Generator4MethodAccessor field not found displayText of object class name com.sparrow.security.po.Position
2026-10-04 18:37:04.822 TRACE_ID WARN  http-nio-8888-exec-1 Generator4MethodAccessor field not found displayText of object class name com.sparrow.security.po.Position
2026-10-04 18:37:04.823 TRACE_ID WARN  http-nio-8888-exec-1 Generator4MethodAccessor field not found displayText of object class name com.sparrow.security.po.Position
2026-10-04 18:37:04.823 TRACE_ID WARN  http-nio-8888-exec-4 Generator4MethodAccessor field not found limit of object class name com.sparrow.security.admin.protocol.query.OrganizationQuery
2026-10-04 18:37:04.823 TRACE_ID WARN  http-nio-8888-exec-1 Generator4MethodAccessor field not found limit of object class name com.sparrow.security.admin.protocol.query.OrganizationQuery
2026-10-04 18:37:04.823 TRACE_ID WARN  http-nio-8888-exec-4 Generator4MethodAccessor field not found limit of object class name com.sparrow.security.admin.dao.query.OrganizationDBPagerQuery
2026-10-04 18:37:04.823 TRACE_ID WARN  http-nio-8888-exec-1 Generator4MethodAccessor field not found limit of object class name com.sparrow.security.admin.dao.query.OrganizationDBPagerQuery
2026-10-04 18:37:04.824 TRACE_ID WARN  http-nio-8888-exec-1 Generator4MethodAccessor field not found displayText of object class name com.sparrow.security.po.Organization
2026-10-04 18:37:04.824 TRACE_ID WARN  http-nio-8888-exec-4 Generator4MethodAccessor field not found displayText of object class name com.sparrow.security.po.Organization
2026-10-04 18:37:04.824 TRACE_ID WARN  http-nio-8888-exec-1 Generator4MethodAccessor field not found displayText of object class name com.sparrow.security.po.Organization
2026-10-04 18:37:04.824 TRACE_ID WARN  http-nio-8888-exec-4 Generator4MethodAccessor field not found displayText of object class name com.sparrow.security.po.Organization
2026-10-04 18:37:04.824 TRACE_ID WARN  http-nio-8888-exec-1 Generator4MethodAccessor field not found displayText of object class name com.sparrow.security.po.Organization
2026-10-04 18:37:04.824 TRACE_ID WARN  http-nio-8888-exec-4 Generator4MethodAccessor field not found displayText of object class name com.sparrow.security.po.Organization
2026-10-04 18:37:06.385 TRACE_ID WARN  http-nio-8888-exec-10 Generator4MethodAccessor field not found limit of object class name com.sparrow.security.admin.protocol.query.AppQuery
2026-10-04 18:37:06.385 TRACE_ID WARN  http-nio-8888-exec-10 Generator4MethodAccessor field not found limit of object class name com.sparrow.security.admin.dao.query.AppDBPagerQuery
2026-10-04 18:37:06.386 TRACE_ID WARN  http-nio-8888-exec-9 Generator4MethodAccessor field not found limit of object class name com.sparrow.security.admin.protocol.query.AppQuery
2026-10-04 18:37:06.386 TRACE_ID WARN  http-nio-8888-exec-9 Generator4MethodAccessor field not found limit of object class name com.sparrow.security.admin.dao.query.AppDBPagerQuery
2026-10-04 18:37:06.387 TRACE_ID WARN  http-nio-8888-exec-9 Generator4MethodAccessor field not found limit of object class name com.sparrow.security.admin.protocol.query.AppQuery
2026-10-04 18:37:06.387 TRACE_ID WARN  http-nio-8888-exec-9 Generator4MethodAccessor field not found limit of object class name com.sparrow.security.admin.dao.query.AppDBPagerQuery
2026-10-04 18:37:06.387 TRACE_ID WARN  http-nio-8888-exec-10 Generator4MethodAccessor field not found limit of object class name com.sparrow.security.admin.protocol.query.AppQuery
2026-10-04 18:37:06.387 TRACE_ID WARN  http-nio-8888-exec-10 Generator4MethodAccessor field not found limit of object class name com.sparrow.security.admin.dao.query.AppDBPagerQuery
2026-10-04 18:37:06.387 TRACE_ID WARN  http-nio-8888-exec-10 Generator4MethodAccessor field not found displayText of object class name com.sparrow.security.po.App
2026-10-04 18:37:06.387 TRACE_ID WARN  http-nio-8888-exec-9 Generator4MethodAccessor field not found displayText of object class name com.sparrow.security.po.App
2026-10-04 20:02:00.969 TRACE_ID WARN  http-nio-8888-exec-1 Generator4MethodAccessor field not found limit of object class name com.sparrow.coder.protocol.query.ProjectConfigQuery
2026-10-04 20:02:00.969 TRACE_ID WARN  http-nio-8888-exec-4 Generator4MethodAccessor field not found limit of object class name com.sparrow.coder.protocol.query.ProjectConfigQuery
2026-10-04 20:02:00.972 TRACE_ID WARN  http-nio-8888-exec-4 Generator4MethodAccessor field not found limit of object class name com.sparrow.coder.dao.query.ProjectConfigDBPagerQuery
2026-10-04 20:02:00.972 TRACE_ID WARN  http-nio-8888-exec-1 Generator4MethodAccessor field not found limit of object class name com.sparrow.coder.dao.query.ProjectConfigDBPagerQuery
2026-10-04 20:02:01.415 TRACE_ID WARN  http-nio-8888-exec-4 Generator4MethodAccessor field not found limit of object class name com.sparrow.coder.protocol.query.ProjectConfigQuery
2026-10-04 20:02:01.415 TRACE_ID WARN  http-nio-8888-exec-4 Generator4MethodAccessor field not found limit of object class name com.sparrow.coder.dao.query.ProjectConfigDBPagerQuery
2026-10-04 20:02:01.415 TRACE_ID WARN  http-nio-8888-exec-1 Generator4MethodAccessor field not found limit of object class name com.sparrow.coder.protocol.query.ProjectConfigQuery
2026-10-04 20:02:01.416 TRACE_ID WARN  http-nio-8888-exec-1 Generator4MethodAccessor field not found limit of object class name com.sparrow.coder.dao.query.ProjectConfigDBPagerQuery
2026-10-04 20:02:01.436 TRACE_ID WARN  http-nio-8888-exec-1 Generator4MethodAccessor field not found displayText of object class name com.sparrow.coder.po.ProjectConfig
2026-10-04 20:02:01.436 TRACE_ID WARN  http-nio-8888-exec-4 Generator4MethodAccessor field not found displayText of object class name com.sparrow.coder.po.ProjectConfig
2026-10-04 20:02:15.785 TRACE_ID WARN  http-nio-8888-exec-3 Generator4MethodAccessor field not found limit of object class name com.sparrow.coder.protocol.query.TableConfigQuery
2026-10-04 20:02:15.785 TRACE_ID WARN  http-nio-8888-exec-3 Generator4MethodAccessor field not found limit of object class name com.sparrow.coder.dao.query.TableConfigDBPagerQuery
2026-10-04 20:02:15.785 TRACE_ID WARN  http-nio-8888-exec-5 Generator4MethodAccessor field not found limit of object class name com.sparrow.coder.protocol.query.TableConfigQuery
2026-10-04 20:02:15.785 TRACE_ID WARN  http-nio-8888-exec-5 Generator4MethodAccessor field not found limit of object class name com.sparrow.coder.dao.query.TableConfigDBPagerQuery
2026-10-04 20:02:15.797 TRACE_ID WARN  http-nio-8888-exec-3 Generator4MethodAccessor field not found limit of object class name com.sparrow.coder.protocol.query.TableConfigQuery
2026-10-04 20:02:15.798 TRACE_ID WARN  http-nio-8888-exec-3 Generator4MethodAccessor field not found limit of object class name com.sparrow.coder.dao.query.TableConfigDBPagerQuery
2026-10-04 20:02:15.803 TRACE_ID WARN  http-nio-8888-exec-5 Generator4MethodAccessor field not found limit of object class name com.sparrow.coder.protocol.query.TableConfigQuery
2026-10-04 20:02:15.803 TRACE_ID WARN  http-nio-8888-exec-5 Generator4MethodAccessor field not found limit of object class name com.sparrow.coder.dao.query.TableConfigDBPagerQuery
2026-10-04 20:02:15.807 TRACE_ID WARN  http-nio-8888-exec-3 Generator4MethodAccessor field not found limit of object class name com.sparrow.coder.protocol.query.ProjectConfigQuery
2026-10-04 20:02:15.807 TRACE_ID WARN  http-nio-8888-exec-3 Generator4MethodAccessor field not found limit of object class name com.sparrow.coder.dao.query.ProjectConfigDBPagerQuery
2026-10-04 20:02:15.809 TRACE_ID WARN  http-nio-8888-exec-3 Generator4MethodAccessor field not found displayText of object class name com.sparrow.coder.po.ProjectConfig
2026-10-04 20:02:15.811 TRACE_ID WARN  http-nio-8888-exec-5 Generator4MethodAccessor field not found limit of object class name com.sparrow.coder.protocol.query.ProjectConfigQuery
2026-10-04 20:02:15.811 TRACE_ID WARN  http-nio-8888-exec-5 Generator4MethodAccessor field not found limit of object class name com.sparrow.coder.dao.query.ProjectConfigDBPagerQuery
2026-10-04 20:02:15.817 TRACE_ID WARN  http-nio-8888-exec-5 Generator4MethodAccessor field not found displayText of object class name com.sparrow.coder.po.ProjectConfig
2026-10-04 20:03:00.236 TRACE_ID WARN  http-nio-8888-exec-7 Generator4MethodAccessor field not found status of object class name com.sparrow.coder.protocol.param.TableConfigParam
2026-10-04 20:03:00.236 TRACE_ID WARN  http-nio-8888-exec-7 Generator4MethodAccessor field not found deleted of object class name com.sparrow.coder.protocol.param.TableConfigParam
2026-10-04 20:03:00.236 TRACE_ID WARN  http-nio-8888-exec-7 Generator4MethodAccessor field not found createUserId of object class name com.sparrow.coder.protocol.param.TableConfigParam
2026-10-04 20:03:00.236 TRACE_ID WARN  http-nio-8888-exec-7 Generator4MethodAccessor field not found modifiedUserId of object class name com.sparrow.coder.protocol.param.TableConfigParam
2026-10-04 20:03:00.236 TRACE_ID WARN  http-nio-8888-exec-7 Generator4MethodAccessor field not found gmtCreate of object class name com.sparrow.coder.protocol.param.TableConfigParam
2026-10-04 20:03:00.236 TRACE_ID WARN  http-nio-8888-exec-7 Generator4MethodAccessor field not found gmtModified of object class name com.sparrow.coder.protocol.param.TableConfigParam
2026-10-04 20:03:00.236 TRACE_ID WARN  http-nio-8888-exec-7 Generator4MethodAccessor field not found createUserName of object class name com.sparrow.coder.protocol.param.TableConfigParam
2026-10-04 20:03:00.236 TRACE_ID WARN  http-nio-8888-exec-7 Generator4MethodAccessor field not found modifiedUserName of object class name com.sparrow.coder.protocol.param.TableConfigParam
2026-10-04 20:03:00.283 TRACE_ID WARN  http-nio-8888-exec-4 Generator4MethodAccessor field not found limit of object class name com.sparrow.coder.protocol.query.TableConfigQuery
2026-10-04 20:03:00.283 TRACE_ID WARN  http-nio-8888-exec-4 Generator4MethodAccessor field not found limit of object class name com.sparrow.coder.dao.query.TableConfigDBPagerQuery
2026-10-04 20:03:00.284 TRACE_ID WARN  http-nio-8888-exec-4 Generator4MethodAccessor field not found limit of object class name com.sparrow.coder.protocol.query.TableConfigQuery
2026-10-04 20:03:00.284 TRACE_ID WARN  http-nio-8888-exec-4 Generator4MethodAccessor field not found limit of object class name com.sparrow.coder.dao.query.TableConfigDBPagerQuery
2026-10-04 20:03:00.287 TRACE_ID WARN  http-nio-8888-exec-4 Generator4MethodAccessor field not found limit of object class name com.sparrow.coder.protocol.query.ProjectConfigQuery
2026-10-04 20:03:00.287 TRACE_ID WARN  http-nio-8888-exec-4 Generator4MethodAccessor field not found limit of object class name com.sparrow.coder.dao.query.ProjectConfigDBPagerQuery
2026-10-04 20:03:00.288 TRACE_ID WARN  http-nio-8888-exec-4 Generator4MethodAccessor field not found displayText of object class name com.sparrow.coder.po.ProjectConfig
2026-10-04 20:04:39.692 TRACE_ID WARN  http-nio-8888-exec-5 Generator4MethodAccessor field not found status of object class name com.sparrow.coder.protocol.param.TableConfigParam
2026-10-04 20:04:39.693 TRACE_ID WARN  http-nio-8888-exec-5 Generator4MethodAccessor field not found deleted of object class name com.sparrow.coder.protocol.param.TableConfigParam
2026-10-04 20:04:39.693 TRACE_ID WARN  http-nio-8888-exec-5 Generator4MethodAccessor field not found createUserId of object class name com.sparrow.coder.protocol.param.TableConfigParam
2026-10-04 20:04:39.693 TRACE_ID WARN  http-nio-8888-exec-5 Generator4MethodAccessor field not found modifiedUserId of object class name com.sparrow.coder.protocol.param.TableConfigParam
2026-10-04 20:04:39.693 TRACE_ID WARN  http-nio-8888-exec-5 Generator4MethodAccessor field not found gmtCreate of object class name com.sparrow.coder.protocol.param.TableConfigParam
2026-10-04 20:04:39.693 TRACE_ID WARN  http-nio-8888-exec-5 Generator4MethodAccessor field not found gmtModified of object class name com.sparrow.coder.protocol.param.TableConfigParam
2026-10-04 20:04:39.693 TRACE_ID WARN  http-nio-8888-exec-5 Generator4MethodAccessor field not found createUserName of object class name com.sparrow.coder.protocol.param.TableConfigParam
2026-10-04 20:04:39.693 TRACE_ID WARN  http-nio-8888-exec-5 Generator4MethodAccessor field not found modifiedUserName of object class name com.sparrow.coder.protocol.param.TableConfigParam
2026-10-04 20:04:50.813 TRACE_ID WARN  http-nio-8888-exec-9 Generator4MethodAccessor field not found displayText of object class name com.sparrow.coder.po.ProjectConfig
2026-10-04 20:04:50.816 TRACE_ID WARN  http-nio-8888-exec-9 Generator4MethodAccessor field not found limit of object class name com.sparrow.coder.protocol.query.TableConfigQuery
2026-10-04 20:04:50.816 TRACE_ID WARN  http-nio-8888-exec-9 Generator4MethodAccessor field not found limit of object class name com.sparrow.coder.dao.query.TableConfigDBPagerQuery
2026-10-04 20:05:41.514 TRACE_ID WARN  http-nio-8888-exec-3 Generator4MethodAccessor field not found limit of object class name com.sparrow.security.admin.protocol.query.AdminUserQuery
2026-10-04 20:05:41.515 TRACE_ID WARN  http-nio-8888-exec-3 Generator4MethodAccessor field not found limit of object class name com.sparrow.security.admin.dao.query.AdminUserDBPagerQuery
2026-10-04 20:05:41.515 TRACE_ID WARN  http-nio-8888-exec-4 Generator4MethodAccessor field not found limit of object class name com.sparrow.security.admin.protocol.query.AdminUserQuery
2026-10-04 20:05:41.515 TRACE_ID WARN  http-nio-8888-exec-4 Generator4MethodAccessor field not found limit of object class name com.sparrow.security.admin.dao.query.AdminUserDBPagerQuery
2026-10-04 20:05:41.601 TRACE_ID WARN  http-nio-8888-exec-3 Generator4MethodAccessor field not found limit of object class name com.sparrow.security.admin.protocol.query.OrganizationQuery
2026-10-04 20:05:41.601 TRACE_ID WARN  http-nio-8888-exec-3 Generator4MethodAccessor field not found limit of object class name com.sparrow.security.admin.dao.query.OrganizationDBPagerQuery
2026-10-04 20:05:41.602 TRACE_ID WARN  http-nio-8888-exec-4 Generator4MethodAccessor field not found limit of object class name com.sparrow.security.admin.protocol.query.OrganizationQuery
2026-10-04 20:05:41.602 TRACE_ID WARN  http-nio-8888-exec-4 Generator4MethodAccessor field not found limit of object class name com.sparrow.security.admin.dao.query.OrganizationDBPagerQuery
2026-10-04 20:05:41.612 TRACE_ID WARN  http-nio-8888-exec-4 Generator4MethodAccessor field not found displayText of object class name com.sparrow.security.po.Organization
2026-10-04 20:05:41.612 TRACE_ID WARN  http-nio-8888-exec-4 Generator4MethodAccessor field not found displayText of object class name com.sparrow.security.po.Organization
2026-10-04 20:05:41.612 TRACE_ID WARN  http-nio-8888-exec-4 Generator4MethodAccessor field not found displayText of object class name com.sparrow.security.po.Organization
2026-10-04 20:05:41.613 TRACE_ID WARN  http-nio-8888-exec-4 Generator4MethodAccessor field not found limit of object class name com.sparrow.security.admin.protocol.query.PositionQuery
2026-10-04 20:05:41.613 TRACE_ID WARN  http-nio-8888-exec-4 Generator4MethodAccessor field not found limit of object class name com.sparrow.security.admin.dao.query.PositionDBPagerQuery
2026-10-04 20:05:41.613 TRACE_ID WARN  http-nio-8888-exec-3 Generator4MethodAccessor field not found displayText of object class name com.sparrow.security.po.Organization
2026-10-04 20:05:41.613 TRACE_ID WARN  http-nio-8888-exec-3 Generator4MethodAccessor field not found displayText of object class name com.sparrow.security.po.Organization
2026-10-04 20:05:41.613 TRACE_ID WARN  http-nio-8888-exec-3 Generator4MethodAccessor field not found displayText of object class name com.sparrow.security.po.Organization
2026-10-04 20:05:41.613 TRACE_ID WARN  http-nio-8888-exec-3 Generator4MethodAccessor field not found limit of object class name com.sparrow.security.admin.protocol.query.PositionQuery
2026-10-04 20:05:41.613 TRACE_ID WARN  http-nio-8888-exec-3 Generator4MethodAccessor field not found limit of object class name com.sparrow.security.admin.dao.query.PositionDBPagerQuery
2026-10-04 20:05:41.615 TRACE_ID WARN  http-nio-8888-exec-4 Generator4MethodAccessor field not found displayText of object class name com.sparrow.security.po.Position
2026-10-04 20:05:41.616 TRACE_ID WARN  http-nio-8888-exec-4 Generator4MethodAccessor field not found displayText of object class name com.sparrow.security.po.Position
2026-10-04 20:05:41.616 TRACE_ID WARN  http-nio-8888-exec-3 Generator4MethodAccessor field not found displayText of object class name com.sparrow.security.po.Position
2026-10-04 20:05:41.617 TRACE_ID WARN  http-nio-8888-exec-3 Generator4MethodAccessor field not found displayText of object class name com.sparrow.security.po.Position
2026-10-04 20:05:54.718 TRACE_ID WARN  http-nio-8888-exec-6 Generator4MethodAccessor field not found deleted of object class name com.sparrow.security.admin.protocol.param.AdminUserParam
2026-10-04 20:05:54.718 TRACE_ID WARN  http-nio-8888-exec-6 Generator4MethodAccessor field not found status of object class name com.sparrow.security.admin.protocol.param.AdminUserParam
2026-10-04 20:05:54.718 TRACE_ID WARN  http-nio-8888-exec-6 Generator4MethodAccessor field not found createUserId of object class name com.sparrow.security.admin.protocol.param.AdminUserParam
2026-10-04 20:05:54.718 TRACE_ID WARN  http-nio-8888-exec-6 Generator4MethodAccessor field not found modifiedUserId of object class name com.sparrow.security.admin.protocol.param.AdminUserParam
2026-10-04 20:05:54.718 TRACE_ID WARN  http-nio-8888-exec-6 Generator4MethodAccessor field not found gmtCreate of object class name com.sparrow.security.admin.protocol.param.AdminUserParam
2026-10-04 20:05:54.718 TRACE_ID WARN  http-nio-8888-exec-6 Generator4MethodAccessor field not found gmtModified of object class name com.sparrow.security.admin.protocol.param.AdminUserParam
2026-10-04 20:05:54.719 TRACE_ID WARN  http-nio-8888-exec-6 Generator4MethodAccessor field not found createUserName of object class name com.sparrow.security.admin.protocol.param.AdminUserParam
2026-10-04 20:05:54.719 TRACE_ID WARN  http-nio-8888-exec-6 Generator4MethodAccessor field not found modifiedUserName of object class name com.sparrow.security.admin.protocol.param.AdminUserParam
2026-10-04 20:06:19.970 TRACE_ID WARN  http-nio-8888-exec-8 Generator4MethodAccessor field not found deleted of object class name com.sparrow.security.admin.protocol.param.AdminUserParam
2026-10-04 20:06:19.970 TRACE_ID WARN  http-nio-8888-exec-8 Generator4MethodAccessor field not found status of object class name com.sparrow.security.admin.protocol.param.AdminUserParam
2026-10-04 20:06:19.970 TRACE_ID WARN  http-nio-8888-exec-8 Generator4MethodAccessor field not found createUserId of object class name com.sparrow.security.admin.protocol.param.AdminUserParam
2026-10-04 20:06:19.970 TRACE_ID WARN  http-nio-8888-exec-8 Generator4MethodAccessor field not found modifiedUserId of object class name com.sparrow.security.admin.protocol.param.AdminUserParam
2026-10-04 20:06:19.970 TRACE_ID WARN  http-nio-8888-exec-8 Generator4MethodAccessor field not found gmtCreate of object class name com.sparrow.security.admin.protocol.param.AdminUserParam
2026-10-04 20:06:19.970 TRACE_ID WARN  http-nio-8888-exec-8 Generator4MethodAccessor field not found gmtModified of object class name com.sparrow.security.admin.protocol.param.AdminUserParam
2026-10-04 20:06:19.970 TRACE_ID WARN  http-nio-8888-exec-8 Generator4MethodAccessor field not found createUserName of object class name com.sparrow.security.admin.protocol.param.AdminUserParam
2026-10-04 20:06:19.970 TRACE_ID WARN  http-nio-8888-exec-8 Generator4MethodAccessor field not found modifiedUserName of object class name com.sparrow.security.admin.protocol.param.AdminUserParam
2026-10-04 20:06:43.105 TRACE_ID WARN  http-nio-8888-exec-1 Generator4MethodAccessor field not found deleted of object class name com.sparrow.security.admin.protocol.param.AdminUserParam
2026-10-04 20:06:43.106 TRACE_ID WARN  http-nio-8888-exec-1 Generator4MethodAccessor field not found status of object class name com.sparrow.security.admin.protocol.param.AdminUserParam
2026-10-04 20:06:43.106 TRACE_ID WARN  http-nio-8888-exec-1 Generator4MethodAccessor field not found createUserId of object class name com.sparrow.security.admin.protocol.param.AdminUserParam
2026-10-04 20:06:43.106 TRACE_ID WARN  http-nio-8888-exec-1 Generator4MethodAccessor field not found modifiedUserId of object class name com.sparrow.security.admin.protocol.param.AdminUserParam
2026-10-04 20:06:43.106 TRACE_ID WARN  http-nio-8888-exec-1 Generator4MethodAccessor field not found gmtCreate of object class name com.sparrow.security.admin.protocol.param.AdminUserParam
2026-10-04 20:06:43.106 TRACE_ID WARN  http-nio-8888-exec-1 Generator4MethodAccessor field not found gmtModified of object class name com.sparrow.security.admin.protocol.param.AdminUserParam
2026-10-04 20:06:43.106 TRACE_ID WARN  http-nio-8888-exec-1 Generator4MethodAccessor field not found createUserName of object class name com.sparrow.security.admin.protocol.param.AdminUserParam
2026-10-04 20:06:43.106 TRACE_ID WARN  http-nio-8888-exec-1 Generator4MethodAccessor field not found modifiedUserName of object class name com.sparrow.security.admin.protocol.param.AdminUserParam
2026-10-04 20:06:43.136 TRACE_ID WARN  http-nio-8888-exec-3 Generator4MethodAccessor field not found limit of object class name com.sparrow.security.admin.protocol.query.AdminUserQuery
2026-10-04 20:06:43.136 TRACE_ID WARN  http-nio-8888-exec-3 Generator4MethodAccessor field not found limit of object class name com.sparrow.security.admin.dao.query.AdminUserDBPagerQuery
2026-10-04 20:06:43.145 TRACE_ID WARN  http-nio-8888-exec-3 Generator4MethodAccessor field not found limit of object class name com.sparrow.security.admin.protocol.query.AdminUserQuery
2026-10-04 20:06:43.145 TRACE_ID WARN  http-nio-8888-exec-3 Generator4MethodAccessor field not found limit of object class name com.sparrow.security.admin.dao.query.AdminUserDBPagerQuery
2026-10-04 20:06:43.158 TRACE_ID WARN  http-nio-8888-exec-3 Generator4MethodAccessor field not found limit of object class name com.sparrow.security.admin.protocol.query.OrganizationQuery
2026-10-04 20:06:43.158 TRACE_ID WARN  http-nio-8888-exec-3 Generator4MethodAccessor field not found limit of object class name com.sparrow.security.admin.dao.query.OrganizationDBPagerQuery
2026-10-04 20:06:43.162 TRACE_ID WARN  http-nio-8888-exec-3 Generator4MethodAccessor field not found displayText of object class name com.sparrow.security.po.Organization
2026-10-04 20:06:43.163 TRACE_ID WARN  http-nio-8888-exec-3 Generator4MethodAccessor field not found displayText of object class name com.sparrow.security.po.Organization
2026-10-04 20:06:43.163 TRACE_ID WARN  http-nio-8888-exec-3 Generator4MethodAccessor field not found displayText of object class name com.sparrow.security.po.Organization
2026-10-04 20:06:43.163 TRACE_ID WARN  http-nio-8888-exec-3 Generator4MethodAccessor field not found limit of object class name com.sparrow.security.admin.protocol.query.PositionQuery
2026-10-04 20:06:43.163 TRACE_ID WARN  http-nio-8888-exec-3 Generator4MethodAccessor field not found limit of object class name com.sparrow.security.admin.dao.query.PositionDBPagerQuery
2026-10-04 20:06:43.165 TRACE_ID WARN  http-nio-8888-exec-3 Generator4MethodAccessor field not found displayText of object class name com.sparrow.security.po.Position
2026-10-04 20:06:43.165 TRACE_ID WARN  http-nio-8888-exec-3 Generator4MethodAccessor field not found displayText of object class name com.sparrow.security.po.Position
2026-10-04 20:07:23.958 TRACE_ID WARN  http-nio-8888-exec-5 Generator4MethodAccessor field not found deleted of object class name com.sparrow.coder.protocol.param.TableConfigParam
2026-10-04 20:07:23.958 TRACE_ID WARN  http-nio-8888-exec-5 Generator4MethodAccessor field not found status of object class name com.sparrow.coder.protocol.param.TableConfigParam
2026-10-04 20:07:23.958 TRACE_ID WARN  http-nio-8888-exec-5 Generator4MethodAccessor field not found createUserId of object class name com.sparrow.coder.protocol.param.TableConfigParam
2026-10-04 20:07:23.958 TRACE_ID WARN  http-nio-8888-exec-5 Generator4MethodAccessor field not found modifiedUserId of object class name com.sparrow.coder.protocol.param.TableConfigParam
2026-10-04 20:07:23.958 TRACE_ID WARN  http-nio-8888-exec-5 Generator4MethodAccessor field not found gmtCreate of object class name com.sparrow.coder.protocol.param.TableConfigParam
2026-10-04 20:07:23.958 TRACE_ID WARN  http-nio-8888-exec-5 Generator4MethodAccessor field not found gmtModified of object class name com.sparrow.coder.protocol.param.TableConfigParam
2026-10-04 20:07:23.958 TRACE_ID WARN  http-nio-8888-exec-5 Generator4MethodAccessor field not found createUserName of object class name com.sparrow.coder.protocol.param.TableConfigParam
2026-10-04 20:07:23.958 TRACE_ID WARN  http-nio-8888-exec-5 Generator4MethodAccessor field not found modifiedUserName of object class name com.sparrow.coder.protocol.param.TableConfigParam
2026-10-04 20:07:23.975 TRACE_ID WARN  http-nio-8888-exec-7 Generator4MethodAccessor field not found limit of object class name com.sparrow.coder.protocol.query.TableConfigQuery
2026-10-04 20:07:23.975 TRACE_ID WARN  http-nio-8888-exec-7 Generator4MethodAccessor field not found limit of object class name com.sparrow.coder.dao.query.TableConfigDBPagerQuery
2026-10-04 20:07:23.978 TRACE_ID WARN  http-nio-8888-exec-7 Generator4MethodAccessor field not found limit of object class name com.sparrow.coder.protocol.query.TableConfigQuery
2026-10-04 20:07:23.978 TRACE_ID WARN  http-nio-8888-exec-7 Generator4MethodAccessor field not found limit of object class name com.sparrow.coder.dao.query.TableConfigDBPagerQuery
2026-10-04 20:07:23.984 TRACE_ID WARN  http-nio-8888-exec-7 Generator4MethodAccessor field not found limit of object class name com.sparrow.coder.protocol.query.ProjectConfigQuery
2026-10-04 20:07:23.984 TRACE_ID WARN  http-nio-8888-exec-7 Generator4MethodAccessor field not found limit of object class name com.sparrow.coder.dao.query.ProjectConfigDBPagerQuery
2026-10-04 20:07:23.990 TRACE_ID WARN  http-nio-8888-exec-7 Generator4MethodAccessor field not found displayText of object class name com.sparrow.coder.po.ProjectConfig
2026-10-04 20:08:04.111 TRACE_ID WARN  http-nio-8888-exec-9 Generator4MethodAccessor field not found deleted of object class name com.sparrow.coder.protocol.param.TableConfigParam
2026-10-04 20:08:04.111 TRACE_ID WARN  http-nio-8888-exec-9 Generator4MethodAccessor field not found status of object class name com.sparrow.coder.protocol.param.TableConfigParam
2026-10-04 20:08:04.111 TRACE_ID WARN  http-nio-8888-exec-9 Generator4MethodAccessor field not found createUserId of object class name com.sparrow.coder.protocol.param.TableConfigParam
2026-10-04 20:08:04.111 TRACE_ID WARN  http-nio-8888-exec-9 Generator4MethodAccessor field not found modifiedUserId of object class name com.sparrow.coder.protocol.param.TableConfigParam
2026-10-04 20:08:04.111 TRACE_ID WARN  http-nio-8888-exec-9 Generator4MethodAccessor field not found gmtCreate of object class name com.sparrow.coder.protocol.param.TableConfigParam
2026-10-04 20:08:04.111 TRACE_ID WARN  http-nio-8888-exec-9 Generator4MethodAccessor field not found gmtModified of object class name com.sparrow.coder.protocol.param.TableConfigParam
2026-10-04 20:08:04.111 TRACE_ID WARN  http-nio-8888-exec-9 Generator4MethodAccessor field not found createUserName of object class name com.sparrow.coder.protocol.param.TableConfigParam
2026-10-04 20:08:04.111 TRACE_ID WARN  http-nio-8888-exec-9 Generator4MethodAccessor field not found modifiedUserName of object class name com.sparrow.coder.protocol.param.TableConfigParam
2026-10-04 20:08:09.278 TRACE_ID WARN  http-nio-8888-exec-1 Generator4MethodAccessor field not found displayText of object class name com.sparrow.coder.po.ProjectConfig
2026-10-04 20:08:09.279 TRACE_ID WARN  http-nio-8888-exec-1 Generator4MethodAccessor field not found limit of object class name com.sparrow.coder.protocol.query.TableConfigQuery
2026-10-04 20:08:09.279 TRACE_ID WARN  http-nio-8888-exec-1 Generator4MethodAccessor field not found limit of object class name com.sparrow.coder.dao.query.TableConfigDBPagerQuery
2026-10-04 20:08:10.528 TRACE_ID WARN  http-nio-8888-exec-3 Generator4MethodAccessor field not found limit of object class name com.sparrow.security.admin.protocol.query.AdminUserQuery
2026-10-04 20:08:10.528 TRACE_ID WARN  http-nio-8888-exec-3 Generator4MethodAccessor field not found limit of object class name com.sparrow.security.admin.dao.query.AdminUserDBPagerQuery
2026-10-04 20:08:10.530 TRACE_ID WARN  http-nio-8888-exec-3 Generator4MethodAccessor field not found limit of object class name com.sparrow.security.admin.protocol.query.AdminUserQuery
2026-10-04 20:08:10.530 TRACE_ID WARN  http-nio-8888-exec-3 Generator4MethodAccessor field not found limit of object class name com.sparrow.security.admin.dao.query.AdminUserDBPagerQuery
2026-10-04 20:08:10.531 TRACE_ID WARN  http-nio-8888-exec-3 Generator4MethodAccessor field not found limit of object class name com.sparrow.security.admin.protocol.query.OrganizationQuery
2026-10-04 20:08:10.531 TRACE_ID WARN  http-nio-8888-exec-3 Generator4MethodAccessor field not found limit of object class name com.sparrow.security.admin.dao.query.OrganizationDBPagerQuery
2026-10-04 20:08:10.532 TRACE_ID WARN  http-nio-8888-exec-3 Generator4MethodAccessor field not found displayText of object class name com.sparrow.security.po.Organization
2026-10-04 20:08:10.532 TRACE_ID WARN  http-nio-8888-exec-3 Generator4MethodAccessor field not found displayText of object class name com.sparrow.security.po.Organization
2026-10-04 20:08:10.532 TRACE_ID WARN  http-nio-8888-exec-3 Generator4MethodAccessor field not found displayText of object class name com.sparrow.security.po.Organization
2026-10-04 20:08:10.532 TRACE_ID WARN  http-nio-8888-exec-3 Generator4MethodAccessor field not found limit of object class name com.sparrow.security.admin.protocol.query.PositionQuery
2026-10-04 20:08:10.532 TRACE_ID WARN  http-nio-8888-exec-3 Generator4MethodAccessor field not found limit of object class name com.sparrow.security.admin.dao.query.PositionDBPagerQuery
2026-10-04 20:08:10.534 TRACE_ID WARN  http-nio-8888-exec-3 Generator4MethodAccessor field not found displayText of object class name com.sparrow.security.po.Position
2026-10-04 20:08:10.534 TRACE_ID WARN  http-nio-8888-exec-3 Generator4MethodAccessor field not found displayText of object class name com.sparrow.security.po.Position
2026-10-04 20:09:22.504 TRACE_ID WARN  http-nio-8888-exec-6 Generator4MethodAccessor field not found deleted of object class name com.sparrow.coder.protocol.param.TableConfigParam
2026-10-04 20:09:22.504 TRACE_ID WARN  http-nio-8888-exec-6 Generator4MethodAccessor field not found status of object class name com.sparrow.coder.protocol.param.TableConfigParam
2026-10-04 20:09:22.504 TRACE_ID WARN  http-nio-8888-exec-6 Generator4MethodAccessor field not found createUserId of object class name com.sparrow.coder.protocol.param.TableConfigParam
2026-10-04 20:09:22.505 TRACE_ID WARN  http-nio-8888-exec-6 Generator4MethodAccessor field not found modifiedUserId of object class name com.sparrow.coder.protocol.param.TableConfigParam
2026-10-04 20:09:22.505 TRACE_ID WARN  http-nio-8888-exec-6 Generator4MethodAccessor field not found gmtCreate of object class name com.sparrow.coder.protocol.param.TableConfigParam
2026-10-04 20:09:22.505 TRACE_ID WARN  http-nio-8888-exec-6 Generator4MethodAccessor field not found gmtModified of object class name com.sparrow.coder.protocol.param.TableConfigParam
2026-10-04 20:09:22.505 TRACE_ID WARN  http-nio-8888-exec-6 Generator4MethodAccessor field not found createUserName of object class name com.sparrow.coder.protocol.param.TableConfigParam
2026-10-04 20:09:22.505 TRACE_ID WARN  http-nio-8888-exec-6 Generator4MethodAccessor field not found modifiedUserName of object class name com.sparrow.coder.protocol.param.TableConfigParam
2026-10-04 20:09:22.520 TRACE_ID WARN  http-nio-8888-exec-8 Generator4MethodAccessor field not found limit of object class name com.sparrow.coder.protocol.query.TableConfigQuery
2026-10-04 20:09:22.520 TRACE_ID WARN  http-nio-8888-exec-8 Generator4MethodAccessor field not found limit of object class name com.sparrow.coder.dao.query.TableConfigDBPagerQuery
2026-10-04 20:09:22.521 TRACE_ID WARN  http-nio-8888-exec-8 Generator4MethodAccessor field not found limit of object class name com.sparrow.coder.protocol.query.TableConfigQuery
2026-10-04 20:09:22.522 TRACE_ID WARN  http-nio-8888-exec-8 Generator4MethodAccessor field not found limit of object class name com.sparrow.coder.dao.query.TableConfigDBPagerQuery
2026-10-04 20:09:22.525 TRACE_ID WARN  http-nio-8888-exec-8 Generator4MethodAccessor field not found limit of object class name com.sparrow.coder.protocol.query.ProjectConfigQuery
2026-10-04 20:09:22.525 TRACE_ID WARN  http-nio-8888-exec-8 Generator4MethodAccessor field not found limit of object class name com.sparrow.coder.dao.query.ProjectConfigDBPagerQuery
2026-10-04 20:09:22.527 TRACE_ID WARN  http-nio-8888-exec-8 Generator4MethodAccessor field not found displayText of object class name com.sparrow.coder.po.ProjectConfig
2026-10-04 20:11:24.402 TRACE_ID WARN  http-nio-8888-exec-1 Generator4MethodAccessor field not found deleted of object class name com.sparrow.coder.protocol.param.TableConfigParam
2026-10-04 20:11:24.402 TRACE_ID WARN  http-nio-8888-exec-1 Generator4MethodAccessor field not found status of object class name com.sparrow.coder.protocol.param.TableConfigParam
2026-10-04 20:11:24.402 TRACE_ID WARN  http-nio-8888-exec-1 Generator4MethodAccessor field not found createUserId of object class name com.sparrow.coder.protocol.param.TableConfigParam
2026-10-04 20:11:24.402 TRACE_ID WARN  http-nio-8888-exec-1 Generator4MethodAccessor field not found modifiedUserId of object class name com.sparrow.coder.protocol.param.TableConfigParam
2026-10-04 20:11:24.402 TRACE_ID WARN  http-nio-8888-exec-1 Generator4MethodAccessor field not found gmtCreate of object class name com.sparrow.coder.protocol.param.TableConfigParam
2026-10-04 20:11:24.402 TRACE_ID WARN  http-nio-8888-exec-1 Generator4MethodAccessor field not found gmtModified of object class name com.sparrow.coder.protocol.param.TableConfigParam
2026-10-04 20:11:24.402 TRACE_ID WARN  http-nio-8888-exec-1 Generator4MethodAccessor field not found createUserName of object class name com.sparrow.coder.protocol.param.TableConfigParam
2026-10-04 20:11:24.402 TRACE_ID WARN  http-nio-8888-exec-1 Generator4MethodAccessor field not found modifiedUserName of object class name com.sparrow.coder.protocol.param.TableConfigParam
2026-10-04 20:25:13.773 TRACE_ID WARN  http-nio-8888-exec-5 Generator4MethodAccessor field not found limit of object class name com.sparrow.security.admin.protocol.query.AdminUserQuery
2026-10-04 20:25:13.773 TRACE_ID WARN  http-nio-8888-exec-5 Generator4MethodAccessor field not found limit of object class name com.sparrow.security.admin.dao.query.AdminUserDBPagerQuery
2026-10-04 20:25:13.773 TRACE_ID WARN  http-nio-8888-exec-6 Generator4MethodAccessor field not found limit of object class name com.sparrow.security.admin.protocol.query.AdminUserQuery
2026-10-04 20:25:13.773 TRACE_ID WARN  http-nio-8888-exec-6 Generator4MethodAccessor field not found limit of object class name com.sparrow.security.admin.dao.query.AdminUserDBPagerQuery
2026-10-04 20:25:13.781 TRACE_ID WARN  http-nio-8888-exec-5 Generator4MethodAccessor field not found limit of object class name com.sparrow.security.admin.protocol.query.AdminUserQuery
2026-10-04 20:25:13.781 TRACE_ID WARN  http-nio-8888-exec-5 Generator4MethodAccessor field not found limit of object class name com.sparrow.security.admin.dao.query.AdminUserDBPagerQuery
2026-10-04 20:25:13.783 TRACE_ID WARN  http-nio-8888-exec-6 Generator4MethodAccessor field not found limit of object class name com.sparrow.security.admin.protocol.query.AdminUserQuery
2026-10-04 20:25:13.783 TRACE_ID WARN  http-nio-8888-exec-6 Generator4MethodAccessor field not found limit of object class name com.sparrow.security.admin.dao.query.AdminUserDBPagerQuery
2026-10-04 20:25:13.785 TRACE_ID WARN  http-nio-8888-exec-5 Generator4MethodAccessor field not found limit of object class name com.sparrow.security.admin.protocol.query.OrganizationQuery
2026-10-04 20:25:13.785 TRACE_ID WARN  http-nio-8888-exec-5 Generator4MethodAccessor field not found limit of object class name com.sparrow.security.admin.dao.query.OrganizationDBPagerQuery
2026-10-04 20:25:13.787 TRACE_ID WARN  http-nio-8888-exec-6 Generator4MethodAccessor field not found limit of object class name com.sparrow.security.admin.protocol.query.OrganizationQuery
2026-10-04 20:25:13.787 TRACE_ID WARN  http-nio-8888-exec-6 Generator4MethodAccessor field not found limit of object class name com.sparrow.security.admin.dao.query.OrganizationDBPagerQuery
2026-10-04 20:25:13.788 TRACE_ID WARN  http-nio-8888-exec-5 Generator4MethodAccessor field not found displayText of object class name com.sparrow.security.po.Organization
2026-10-04 20:25:13.789 TRACE_ID WARN  http-nio-8888-exec-5 Generator4MethodAccessor field not found displayText of object class name com.sparrow.security.po.Organization
2026-10-04 20:25:13.789 TRACE_ID WARN  http-nio-8888-exec-5 Generator4MethodAccessor field not found displayText of object class name com.sparrow.security.po.Organization
2026-10-04 20:25:13.789 TRACE_ID WARN  http-nio-8888-exec-5 Generator4MethodAccessor field not found limit of object class name com.sparrow.security.admin.protocol.query.PositionQuery
2026-10-04 20:25:13.789 TRACE_ID WARN  http-nio-8888-exec-5 Generator4MethodAccessor field not found limit of object class name com.sparrow.security.admin.dao.query.PositionDBPagerQuery
2026-10-04 20:25:13.789 TRACE_ID WARN  http-nio-8888-exec-6 Generator4MethodAccessor field not found displayText of object class name com.sparrow.security.po.Organization
2026-10-04 20:25:13.789 TRACE_ID WARN  http-nio-8888-exec-6 Generator4MethodAccessor field not found displayText of object class name com.sparrow.security.po.Organization
2026-10-04 20:25:13.789 TRACE_ID WARN  http-nio-8888-exec-6 Generator4MethodAccessor field not found displayText of object class name com.sparrow.security.po.Organization
2026-10-04 20:25:13.789 TRACE_ID WARN  http-nio-8888-exec-6 Generator4MethodAccessor field not found limit of object class name com.sparrow.security.admin.protocol.query.PositionQuery
2026-10-04 20:25:13.789 TRACE_ID WARN  http-nio-8888-exec-6 Generator4MethodAccessor field not found limit of object class name com.sparrow.security.admin.dao.query.PositionDBPagerQuery
2026-10-04 20:25:13.790 TRACE_ID WARN  http-nio-8888-exec-5 Generator4MethodAccessor field not found displayText of object class name com.sparrow.security.po.Position
2026-10-04 20:25:13.790 TRACE_ID WARN  http-nio-8888-exec-5 Generator4MethodAccessor field not found displayText of object class name com.sparrow.security.po.Position
2026-10-04 20:25:13.791 TRACE_ID WARN  http-nio-8888-exec-6 Generator4MethodAccessor field not found displayText of object class name com.sparrow.security.po.Position
2026-10-04 20:25:13.791 TRACE_ID WARN  http-nio-8888-exec-6 Generator4MethodAccessor field not found displayText of object class name com.sparrow.security.po.Position
2026-10-04 20:26:28.489 TRACE_ID WARN  http-nio-8888-exec-2 Generator4MethodAccessor field not found limit of object class name com.sparrow.security.admin.protocol.query.AdminUserQuery
2026-10-04 20:26:28.490 TRACE_ID WARN  http-nio-8888-exec-2 Generator4MethodAccessor field not found limit of object class name com.sparrow.security.admin.dao.query.AdminUserDBPagerQuery
2026-10-04 20:26:28.489 TRACE_ID WARN  http-nio-8888-exec-1 Generator4MethodAccessor field not found limit of object class name com.sparrow.security.admin.protocol.query.AdminUserQuery
2026-10-04 20:26:28.490 TRACE_ID WARN  http-nio-8888-exec-1 Generator4MethodAccessor field not found limit of object class name com.sparrow.security.admin.dao.query.AdminUserDBPagerQuery
2026-10-04 20:26:28.495 TRACE_ID WARN  http-nio-8888-exec-2 Generator4MethodAccessor field not found limit of object class name com.sparrow.security.admin.protocol.query.AdminUserQuery
2026-10-04 20:26:28.495 TRACE_ID WARN  http-nio-8888-exec-1 Generator4MethodAccessor field not found limit of object class name com.sparrow.security.admin.protocol.query.AdminUserQuery
2026-10-04 20:26:28.495 TRACE_ID WARN  http-nio-8888-exec-2 Generator4MethodAccessor field not found limit of object class name com.sparrow.security.admin.dao.query.AdminUserDBPagerQuery
2026-10-04 20:26:28.495 TRACE_ID WARN  http-nio-8888-exec-1 Generator4MethodAccessor field not found limit of object class name com.sparrow.security.admin.dao.query.AdminUserDBPagerQuery
2026-10-04 20:26:28.497 TRACE_ID WARN  http-nio-8888-exec-2 Generator4MethodAccessor field not found limit of object class name com.sparrow.security.admin.protocol.query.OrganizationQuery
2026-10-04 20:26:28.497 TRACE_ID WARN  http-nio-8888-exec-2 Generator4MethodAccessor field not found limit of object class name com.sparrow.security.admin.dao.query.OrganizationDBPagerQuery
2026-10-04 20:26:28.498 TRACE_ID WARN  http-nio-8888-exec-1 Generator4MethodAccessor field not found limit of object class name com.sparrow.security.admin.protocol.query.OrganizationQuery
2026-10-04 20:26:28.498 TRACE_ID WARN  http-nio-8888-exec-1 Generator4MethodAccessor field not found limit of object class name com.sparrow.security.admin.dao.query.OrganizationDBPagerQuery
2026-10-04 20:26:28.499 TRACE_ID WARN  http-nio-8888-exec-1 Generator4MethodAccessor field not found displayText of object class name com.sparrow.security.po.Organization
2026-10-04 20:26:28.499 TRACE_ID WARN  http-nio-8888-exec-2 Generator4MethodAccessor field not found displayText of object class name com.sparrow.security.po.Organization
2026-10-04 20:26:28.499 TRACE_ID WARN  http-nio-8888-exec-1 Generator4MethodAccessor field not found displayText of object class name com.sparrow.security.po.Organization
2026-10-04 20:26:28.499 TRACE_ID WARN  http-nio-8888-exec-1 Generator4MethodAccessor field not found displayText of object class name com.sparrow.security.po.Organization
2026-10-04 20:26:28.499 TRACE_ID WARN  http-nio-8888-exec-2 Generator4MethodAccessor field not found displayText of object class name com.sparrow.security.po.Organization
2026-10-04 20:26:28.499 TRACE_ID WARN  http-nio-8888-exec-2 Generator4MethodAccessor field not found displayText of object class name com.sparrow.security.po.Organization
2026-10-04 20:26:28.499 TRACE_ID WARN  http-nio-8888-exec-2 Generator4MethodAccessor field not found limit of object class name com.sparrow.security.admin.protocol.query.PositionQuery
2026-10-04 20:26:28.499 TRACE_ID WARN  http-nio-8888-exec-2 Generator4MethodAccessor field not found limit of object class name com.sparrow.security.admin.dao.query.PositionDBPagerQuery
2026-10-04 20:26:28.499 TRACE_ID WARN  http-nio-8888-exec-1 Generator4MethodAccessor field not found limit of object class name com.sparrow.security.admin.protocol.query.PositionQuery
2026-10-04 20:26:28.499 TRACE_ID WARN  http-nio-8888-exec-1 Generator4MethodAccessor field not found limit of object class name com.sparrow.security.admin.dao.query.PositionDBPagerQuery
2026-10-04 20:26:28.501 TRACE_ID WARN  http-nio-8888-exec-1 Generator4MethodAccessor field not found displayText of object class name com.sparrow.security.po.Position
2026-10-04 20:26:28.501 TRACE_ID WARN  http-nio-8888-exec-1 Generator4MethodAccessor field not found displayText of object class name com.sparrow.security.po.Position
2026-10-04 20:26:28.501 TRACE_ID WARN  http-nio-8888-exec-2 Generator4MethodAccessor field not found displayText of object class name com.sparrow.security.po.Position
2026-10-04 20:26:28.501 TRACE_ID WARN  http-nio-8888-exec-2 Generator4MethodAccessor field not found displayText of object class name com.sparrow.security.po.Position
2026-10-04 20:26:29.331 TRACE_ID WARN  http-nio-8888-exec-4 Generator4MethodAccessor field not found limit of object class name com.sparrow.security.admin.protocol.query.AdminUserQuery
2026-10-04 20:26:29.331 TRACE_ID WARN  http-nio-8888-exec-4 Generator4MethodAccessor field not found limit of object class name com.sparrow.security.admin.dao.query.AdminUserDBPagerQuery
2026-10-04 20:26:29.331 TRACE_ID WARN  http-nio-8888-exec-3 Generator4MethodAccessor field not found limit of object class name com.sparrow.security.admin.protocol.query.AdminUserQuery
2026-10-04 20:26:29.331 TRACE_ID WARN  http-nio-8888-exec-3 Generator4MethodAccessor field not found limit of object class name com.sparrow.security.admin.dao.query.AdminUserDBPagerQuery
2026-10-04 20:26:29.332 TRACE_ID WARN  http-nio-8888-exec-3 Generator4MethodAccessor field not found limit of object class name com.sparrow.security.admin.protocol.query.AdminUserQuery
2026-10-04 20:26:29.332 TRACE_ID WARN  http-nio-8888-exec-4 Generator4MethodAccessor field not found limit of object class name com.sparrow.security.admin.protocol.query.AdminUserQuery
2026-10-04 20:26:29.332 TRACE_ID WARN  http-nio-8888-exec-3 Generator4MethodAccessor field not found limit of object class name com.sparrow.security.admin.dao.query.AdminUserDBPagerQuery
2026-10-04 20:26:29.332 TRACE_ID WARN  http-nio-8888-exec-4 Generator4MethodAccessor field not found limit of object class name com.sparrow.security.admin.dao.query.AdminUserDBPagerQuery
2026-10-04 20:26:29.333 TRACE_ID WARN  http-nio-8888-exec-4 Generator4MethodAccessor field not found limit of object class name com.sparrow.security.admin.protocol.query.OrganizationQuery
2026-10-04 20:26:29.333 TRACE_ID WARN  http-nio-8888-exec-4 Generator4MethodAccessor field not found limit of object class name com.sparrow.security.admin.dao.query.OrganizationDBPagerQuery
2026-10-04 20:26:29.333 TRACE_ID WARN  http-nio-8888-exec-3 Generator4MethodAccessor field not found limit of object class name com.sparrow.security.admin.protocol.query.OrganizationQuery
2026-10-04 20:26:29.333 TRACE_ID WARN  http-nio-8888-exec-3 Generator4MethodAccessor field not found limit of object class name com.sparrow.security.admin.dao.query.OrganizationDBPagerQuery
2026-10-04 20:26:29.333 TRACE_ID WARN  http-nio-8888-exec-3 Generator4MethodAccessor field not found displayText of object class name com.sparrow.security.po.Organization
2026-10-04 20:26:29.333 TRACE_ID WARN  http-nio-8888-exec-4 Generator4MethodAccessor field not found displayText of object class name com.sparrow.security.po.Organization
2026-10-04 20:26:29.334 TRACE_ID WARN  http-nio-8888-exec-3 Generator4MethodAccessor field not found displayText of object class name com.sparrow.security.po.Organization
2026-10-04 20:26:29.334 TRACE_ID WARN  http-nio-8888-exec-4 Generator4MethodAccessor field not found displayText of object class name com.sparrow.security.po.Organization
2026-10-04 20:26:29.334 TRACE_ID WARN  http-nio-8888-exec-3 Generator4MethodAccessor field not found displayText of object class name com.sparrow.security.po.Organization
2026-10-04 20:26:29.334 TRACE_ID WARN  http-nio-8888-exec-4 Generator4MethodAccessor field not found displayText of object class name com.sparrow.security.po.Organization
2026-10-04 20:26:29.334 TRACE_ID WARN  http-nio-8888-exec-3 Generator4MethodAccessor field not found limit of object class name com.sparrow.security.admin.protocol.query.PositionQuery
2026-10-04 20:26:29.334 TRACE_ID WARN  http-nio-8888-exec-3 Generator4MethodAccessor field not found limit of object class name com.sparrow.security.admin.dao.query.PositionDBPagerQuery
2026-10-04 20:26:29.334 TRACE_ID WARN  http-nio-8888-exec-4 Generator4MethodAccessor field not found limit of object class name com.sparrow.security.admin.protocol.query.PositionQuery
2026-10-04 20:26:29.334 TRACE_ID WARN  http-nio-8888-exec-4 Generator4MethodAccessor field not found limit of object class name com.sparrow.security.admin.dao.query.PositionDBPagerQuery
2026-10-04 20:26:29.334 TRACE_ID WARN  http-nio-8888-exec-3 Generator4MethodAccessor field not found displayText of object class name com.sparrow.security.po.Position
2026-10-04 20:26:29.335 TRACE_ID WARN  http-nio-8888-exec-3 Generator4MethodAccessor field not found displayText of object class name com.sparrow.security.po.Position
2026-10-04 20:26:29.335 TRACE_ID WARN  http-nio-8888-exec-4 Generator4MethodAccessor field not found displayText of object class name com.sparrow.security.po.Position
2026-10-04 20:26:29.335 TRACE_ID WARN  http-nio-8888-exec-4 Generator4MethodAccessor field not found displayText of object class name com.sparrow.security.po.Position
2026-10-04 20:27:35.497 TRACE_ID WARN  http-nio-8888-exec-9 Generator4MethodAccessor field not found limit of object class name com.sparrow.security.admin.protocol.query.AdminUserQuery
2026-10-04 20:27:35.497 TRACE_ID WARN  http-nio-8888-exec-10 Generator4MethodAccessor field not found limit of object class name com.sparrow.security.admin.protocol.query.AdminUserQuery
2026-10-04 20:27:35.497 TRACE_ID WARN  http-nio-8888-exec-9 Generator4MethodAccessor field not found limit of object class name com.sparrow.security.admin.dao.query.AdminUserDBPagerQuery
2026-10-04 20:27:35.497 TRACE_ID WARN  http-nio-8888-exec-10 Generator4MethodAccessor field not found limit of object class name com.sparrow.security.admin.dao.query.AdminUserDBPagerQuery
2026-10-04 20:27:35.502 TRACE_ID WARN  http-nio-8888-exec-10 Generator4MethodAccessor field not found limit of object class name com.sparrow.security.admin.protocol.query.AdminUserQuery
2026-10-04 20:27:35.502 TRACE_ID WARN  http-nio-8888-exec-10 Generator4MethodAccessor field not found limit of object class name com.sparrow.security.admin.dao.query.AdminUserDBPagerQuery
2026-10-04 20:27:35.502 TRACE_ID WARN  http-nio-8888-exec-9 Generator4MethodAccessor field not found limit of object class name com.sparrow.security.admin.protocol.query.AdminUserQuery
2026-10-04 20:27:35.502 TRACE_ID WARN  http-nio-8888-exec-9 Generator4MethodAccessor field not found limit of object class name com.sparrow.security.admin.dao.query.AdminUserDBPagerQuery
2026-10-04 20:27:35.503 TRACE_ID WARN  http-nio-8888-exec-10 Generator4MethodAccessor field not found limit of object class name com.sparrow.security.admin.protocol.query.OrganizationQuery
2026-10-04 20:27:35.503 TRACE_ID WARN  http-nio-8888-exec-10 Generator4MethodAccessor field not found limit of object class name com.sparrow.security.admin.dao.query.OrganizationDBPagerQuery
2026-10-04 20:27:35.504 TRACE_ID WARN  http-nio-8888-exec-9 Generator4MethodAccessor field not found limit of object class name com.sparrow.security.admin.protocol.query.OrganizationQuery
2026-10-04 20:27:35.504 TRACE_ID WARN  http-nio-8888-exec-9 Generator4MethodAccessor field not found limit of object class name com.sparrow.security.admin.dao.query.OrganizationDBPagerQuery
2026-10-04 20:27:35.505 TRACE_ID WARN  http-nio-8888-exec-10 Generator4MethodAccessor field not found displayText of object class name com.sparrow.security.po.Organization
2026-10-04 20:27:35.505 TRACE_ID WARN  http-nio-8888-exec-10 Generator4MethodAccessor field not found displayText of object class name com.sparrow.security.po.Organization
2026-10-04 20:27:35.505 TRACE_ID WARN  http-nio-8888-exec-10 Generator4MethodAccessor field not found displayText of object class name com.sparrow.security.po.Organization
2026-10-04 20:27:35.505 TRACE_ID WARN  http-nio-8888-exec-10 Generator4MethodAccessor field not found limit of object class name com.sparrow.security.admin.protocol.query.PositionQuery
2026-10-04 20:27:35.505 TRACE_ID WARN  http-nio-8888-exec-10 Generator4MethodAccessor field not found limit of object class name com.sparrow.security.admin.dao.query.PositionDBPagerQuery
2026-10-04 20:27:35.505 TRACE_ID WARN  http-nio-8888-exec-9 Generator4MethodAccessor field not found displayText of object class name com.sparrow.security.po.Organization
2026-10-04 20:27:35.505 TRACE_ID WARN  http-nio-8888-exec-9 Generator4MethodAccessor field not found displayText of object class name com.sparrow.security.po.Organization
2026-10-04 20:27:35.505 TRACE_ID WARN  http-nio-8888-exec-9 Generator4MethodAccessor field not found displayText of object class name com.sparrow.security.po.Organization
2026-10-04 20:27:35.505 TRACE_ID WARN  http-nio-8888-exec-9 Generator4MethodAccessor field not found limit of object class name com.sparrow.security.admin.protocol.query.PositionQuery
2026-10-04 20:27:35.505 TRACE_ID WARN  http-nio-8888-exec-9 Generator4MethodAccessor field not found limit of object class name com.sparrow.security.admin.dao.query.PositionDBPagerQuery
2026-10-04 20:27:35.506 TRACE_ID WARN  http-nio-8888-exec-10 Generator4MethodAccessor field not found displayText of object class name com.sparrow.security.po.Position
2026-10-04 20:27:35.506 TRACE_ID WARN  http-nio-8888-exec-10 Generator4MethodAccessor field not found displayText of object class name com.sparrow.security.po.Position
2026-10-04 20:27:35.506 TRACE_ID WARN  http-nio-8888-exec-9 Generator4MethodAccessor field not found displayText of object class name com.sparrow.security.po.Position
2026-10-04 20:27:35.506 TRACE_ID WARN  http-nio-8888-exec-9 Generator4MethodAccessor field not found displayText of object class name com.sparrow.security.po.Position
2026-10-04 20:30:06.203 TRACE_ID WARN  http-nio-8888-exec-2 Generator4MethodAccessor field not found createUserId of object class name com.sparrow.coder.protocol.param.TableConfigParam
2026-10-04 20:30:06.203 TRACE_ID WARN  http-nio-8888-exec-2 Generator4MethodAccessor field not found modifiedUserId of object class name com.sparrow.coder.protocol.param.TableConfigParam
2026-10-04 20:30:06.203 TRACE_ID WARN  http-nio-8888-exec-2 Generator4MethodAccessor field not found gmtCreate of object class name com.sparrow.coder.protocol.param.TableConfigParam
2026-10-04 20:30:06.203 TRACE_ID WARN  http-nio-8888-exec-2 Generator4MethodAccessor field not found gmtModified of object class name com.sparrow.coder.protocol.param.TableConfigParam
2026-10-04 20:30:06.203 TRACE_ID WARN  http-nio-8888-exec-2 Generator4MethodAccessor field not found createUserName of object class name com.sparrow.coder.protocol.param.TableConfigParam
2026-10-04 20:30:06.203 TRACE_ID WARN  http-nio-8888-exec-2 Generator4MethodAccessor field not found modifiedUserName of object class name com.sparrow.coder.protocol.param.TableConfigParam
2026-10-04 20:30:06.203 TRACE_ID WARN  http-nio-8888-exec-2 Generator4MethodAccessor field not found status of object class name com.sparrow.coder.protocol.param.TableConfigParam
2026-10-04 20:30:06.203 TRACE_ID WARN  http-nio-8888-exec-2 Generator4MethodAccessor field not found deleted of object class name com.sparrow.coder.protocol.param.TableConfigParam
2026-10-04 20:30:13.544 TRACE_ID WARN  http-nio-8888-exec-4 Generator4MethodAccessor field not found displayText of object class name com.sparrow.coder.po.ProjectConfig
2026-10-04 20:30:13.545 TRACE_ID WARN  http-nio-8888-exec-4 Generator4MethodAccessor field not found limit of object class name com.sparrow.coder.protocol.query.TableConfigQuery
2026-10-04 20:30:13.545 TRACE_ID WARN  http-nio-8888-exec-4 Generator4MethodAccessor field not found limit of object class name com.sparrow.coder.dao.query.TableConfigDBPagerQuery
2026-10-04 20:30:15.689 TRACE_ID WARN  http-nio-8888-exec-6 Generator4MethodAccessor field not found limit of object class name com.sparrow.security.admin.protocol.query.AdminUserQuery
2026-10-04 20:30:15.689 TRACE_ID WARN  http-nio-8888-exec-6 Generator4MethodAccessor field not found limit of object class name com.sparrow.security.admin.dao.query.AdminUserDBPagerQuery
2026-10-04 20:30:15.700 TRACE_ID WARN  http-nio-8888-exec-6 Generator4MethodAccessor field not found limit of object class name com.sparrow.security.admin.protocol.query.AdminUserQuery
2026-10-04 20:30:15.700 TRACE_ID WARN  http-nio-8888-exec-6 Generator4MethodAccessor field not found limit of object class name com.sparrow.security.admin.dao.query.AdminUserDBPagerQuery
2026-10-04 20:30:15.703 TRACE_ID WARN  http-nio-8888-exec-6 Generator4MethodAccessor field not found limit of object class name com.sparrow.security.admin.protocol.query.OrganizationQuery
2026-10-04 20:30:15.703 TRACE_ID WARN  http-nio-8888-exec-6 Generator4MethodAccessor field not found limit of object class name com.sparrow.security.admin.dao.query.OrganizationDBPagerQuery
2026-10-04 20:30:15.705 TRACE_ID WARN  http-nio-8888-exec-6 Generator4MethodAccessor field not found displayText of object class name com.sparrow.security.po.Organization
2026-10-04 20:30:15.706 TRACE_ID WARN  http-nio-8888-exec-6 Generator4MethodAccessor field not found displayText of object class name com.sparrow.security.po.Organization
2026-10-04 20:30:15.706 TRACE_ID WARN  http-nio-8888-exec-6 Generator4MethodAccessor field not found displayText of object class name com.sparrow.security.po.Organization
2026-10-04 20:30:15.706 TRACE_ID WARN  http-nio-8888-exec-6 Generator4MethodAccessor field not found limit of object class name com.sparrow.security.admin.protocol.query.PositionQuery
2026-10-04 20:30:15.706 TRACE_ID WARN  http-nio-8888-exec-6 Generator4MethodAccessor field not found limit of object class name com.sparrow.security.admin.dao.query.PositionDBPagerQuery
2026-10-04 20:30:15.709 TRACE_ID WARN  http-nio-8888-exec-6 Generator4MethodAccessor field not found displayText of object class name com.sparrow.security.po.Position
2026-10-04 20:30:15.709 TRACE_ID WARN  http-nio-8888-exec-6 Generator4MethodAccessor field not found displayText of object class name com.sparrow.security.po.Position
2026-10-04 20:36:10.766 TRACE_ID WARN  http-nio-8888-exec-9 Generator4MethodAccessor field not found createUserId of object class name com.sparrow.coder.protocol.param.TableConfigParam
2026-10-04 20:36:10.767 TRACE_ID WARN  http-nio-8888-exec-9 Generator4MethodAccessor field not found modifiedUserId of object class name com.sparrow.coder.protocol.param.TableConfigParam
2026-10-04 20:36:10.767 TRACE_ID WARN  http-nio-8888-exec-9 Generator4MethodAccessor field not found gmtCreate of object class name com.sparrow.coder.protocol.param.TableConfigParam
2026-10-04 20:36:10.767 TRACE_ID WARN  http-nio-8888-exec-9 Generator4MethodAccessor field not found gmtModified of object class name com.sparrow.coder.protocol.param.TableConfigParam
2026-10-04 20:36:10.767 TRACE_ID WARN  http-nio-8888-exec-9 Generator4MethodAccessor field not found createUserName of object class name com.sparrow.coder.protocol.param.TableConfigParam
2026-10-04 20:36:10.767 TRACE_ID WARN  http-nio-8888-exec-9 Generator4MethodAccessor field not found modifiedUserName of object class name com.sparrow.coder.protocol.param.TableConfigParam
2026-10-04 20:36:10.767 TRACE_ID WARN  http-nio-8888-exec-9 Generator4MethodAccessor field not found status of object class name com.sparrow.coder.protocol.param.TableConfigParam
2026-10-04 20:36:10.767 TRACE_ID WARN  http-nio-8888-exec-9 Generator4MethodAccessor field not found deleted of object class name com.sparrow.coder.protocol.param.TableConfigParam
2026-10-04 20:36:10.797 TRACE_ID WARN  http-nio-8888-exec-1 Generator4MethodAccessor field not found limit of object class name com.sparrow.coder.protocol.query.TableConfigQuery
2026-10-04 20:36:10.797 TRACE_ID WARN  http-nio-8888-exec-1 Generator4MethodAccessor field not found limit of object class name com.sparrow.coder.dao.query.TableConfigDBPagerQuery
2026-10-04 20:36:10.799 TRACE_ID WARN  http-nio-8888-exec-1 Generator4MethodAccessor field not found limit of object class name com.sparrow.coder.protocol.query.TableConfigQuery
2026-10-04 20:36:10.799 TRACE_ID WARN  http-nio-8888-exec-1 Generator4MethodAccessor field not found limit of object class name com.sparrow.coder.dao.query.TableConfigDBPagerQuery
2026-10-04 20:36:10.805 TRACE_ID WARN  http-nio-8888-exec-1 Generator4MethodAccessor field not found limit of object class name com.sparrow.coder.protocol.query.ProjectConfigQuery
2026-10-04 20:36:10.805 TRACE_ID WARN  http-nio-8888-exec-1 Generator4MethodAccessor field not found limit of object class name com.sparrow.coder.dao.query.ProjectConfigDBPagerQuery
2026-10-04 20:36:10.808 TRACE_ID WARN  http-nio-8888-exec-1 Generator4MethodAccessor field not found displayText of object class name com.sparrow.coder.po.ProjectConfig
2026-10-04 20:36:42.510 TRACE_ID WARN  http-nio-8888-exec-3 Generator4MethodAccessor field not found createUserId of object class name com.sparrow.coder.protocol.param.TableConfigParam
2026-10-04 20:36:42.510 TRACE_ID WARN  http-nio-8888-exec-3 Generator4MethodAccessor field not found modifiedUserId of object class name com.sparrow.coder.protocol.param.TableConfigParam
2026-10-04 20:36:42.510 TRACE_ID WARN  http-nio-8888-exec-3 Generator4MethodAccessor field not found gmtCreate of object class name com.sparrow.coder.protocol.param.TableConfigParam
2026-10-04 20:36:42.510 TRACE_ID WARN  http-nio-8888-exec-3 Generator4MethodAccessor field not found gmtModified of object class name com.sparrow.coder.protocol.param.TableConfigParam
2026-10-04 20:36:42.510 TRACE_ID WARN  http-nio-8888-exec-3 Generator4MethodAccessor field not found createUserName of object class name com.sparrow.coder.protocol.param.TableConfigParam
2026-10-04 20:36:42.510 TRACE_ID WARN  http-nio-8888-exec-3 Generator4MethodAccessor field not found modifiedUserName of object class name com.sparrow.coder.protocol.param.TableConfigParam
2026-10-04 20:36:42.510 TRACE_ID WARN  http-nio-8888-exec-3 Generator4MethodAccessor field not found status of object class name com.sparrow.coder.protocol.param.TableConfigParam
2026-10-04 20:36:42.510 TRACE_ID WARN  http-nio-8888-exec-3 Generator4MethodAccessor field not found deleted of object class name com.sparrow.coder.protocol.param.TableConfigParam
2026-10-04 20:40:17.223 TRACE_ID WARN  http-nio-8888-exec-8 Generator4MethodAccessor field not found limit of object class name com.sparrow.security.admin.protocol.query.AppQuery
2026-10-04 20:40:17.223 TRACE_ID WARN  http-nio-8888-exec-7 Generator4MethodAccessor field not found limit of object class name com.sparrow.security.admin.protocol.query.AppQuery
2026-10-04 20:40:17.223 TRACE_ID WARN  http-nio-8888-exec-8 Generator4MethodAccessor field not found limit of object class name com.sparrow.security.admin.dao.query.AppDBPagerQuery
2026-10-04 20:40:17.224 TRACE_ID WARN  http-nio-8888-exec-7 Generator4MethodAccessor field not found limit of object class name com.sparrow.security.admin.dao.query.AppDBPagerQuery
2026-10-04 20:40:17.229 TRACE_ID WARN  http-nio-8888-exec-8 Generator4MethodAccessor field not found limit of object class name com.sparrow.security.admin.protocol.query.AppQuery
2026-10-04 20:40:17.229 TRACE_ID WARN  http-nio-8888-exec-8 Generator4MethodAccessor field not found limit of object class name com.sparrow.security.admin.dao.query.AppDBPagerQuery
2026-10-04 20:40:17.229 TRACE_ID WARN  http-nio-8888-exec-7 Generator4MethodAccessor field not found limit of object class name com.sparrow.security.admin.protocol.query.AppQuery
2026-10-04 20:40:17.229 TRACE_ID WARN  http-nio-8888-exec-7 Generator4MethodAccessor field not found limit of object class name com.sparrow.security.admin.dao.query.AppDBPagerQuery
2026-10-04 20:40:17.231 TRACE_ID WARN  http-nio-8888-exec-7 Generator4MethodAccessor field not found displayText of object class name com.sparrow.security.po.App
2026-10-04 20:40:17.231 TRACE_ID WARN  http-nio-8888-exec-8 Generator4MethodAccessor field not found displayText of object class name com.sparrow.security.po.App
2026-10-04 20:40:18.735 TRACE_ID WARN  http-nio-8888-exec-2 Generator4MethodAccessor field not found limit of object class name com.sparrow.security.admin.protocol.query.MicroServiceQuery
2026-10-04 20:40:18.735 TRACE_ID WARN  http-nio-8888-exec-2 Generator4MethodAccessor field not found limit of object class name com.sparrow.security.admin.dao.query.MicroServiceDBPagerQuery
2026-10-04 20:40:18.735 TRACE_ID WARN  http-nio-8888-exec-1 Generator4MethodAccessor field not found limit of object class name com.sparrow.security.admin.protocol.query.MicroServiceQuery
2026-10-04 20:40:18.735 TRACE_ID WARN  http-nio-8888-exec-1 Generator4MethodAccessor field not found limit of object class name com.sparrow.security.admin.dao.query.MicroServiceDBPagerQuery
2026-10-04 20:40:18.738 TRACE_ID WARN  http-nio-8888-exec-2 Generator4MethodAccessor field not found limit of object class name com.sparrow.security.admin.protocol.query.MicroServiceQuery
2026-10-04 20:40:18.738 TRACE_ID WARN  http-nio-8888-exec-2 Generator4MethodAccessor field not found limit of object class name com.sparrow.security.admin.dao.query.MicroServiceDBPagerQuery
2026-10-04 20:40:18.739 TRACE_ID WARN  http-nio-8888-exec-1 Generator4MethodAccessor field not found limit of object class name com.sparrow.security.admin.protocol.query.MicroServiceQuery
2026-10-04 20:40:18.739 TRACE_ID WARN  http-nio-8888-exec-1 Generator4MethodAccessor field not found limit of object class name com.sparrow.security.admin.dao.query.MicroServiceDBPagerQuery
2026-10-04 20:40:18.740 TRACE_ID WARN  http-nio-8888-exec-2 Generator4MethodAccessor field not found displayText of object class name com.sparrow.security.po.MicroService
2026-10-04 20:40:18.741 TRACE_ID WARN  http-nio-8888-exec-1 Generator4MethodAccessor field not found displayText of object class name com.sparrow.security.po.MicroService
2026-10-04 20:40:18.741 TRACE_ID WARN  http-nio-8888-exec-1 Generator4MethodAccessor field not found limit of object class name com.sparrow.security.admin.protocol.query.AppQuery
2026-10-04 20:40:18.741 TRACE_ID WARN  http-nio-8888-exec-1 Generator4MethodAccessor field not found limit of object class name com.sparrow.security.admin.dao.query.AppDBPagerQuery
2026-10-04 20:40:18.743 TRACE_ID WARN  http-nio-8888-exec-2 Generator4MethodAccessor field not found limit of object class name com.sparrow.security.admin.protocol.query.AppQuery
2026-10-04 20:40:18.743 TRACE_ID WARN  http-nio-8888-exec-2 Generator4MethodAccessor field not found limit of object class name com.sparrow.security.admin.dao.query.AppDBPagerQuery
2026-10-04 20:40:18.745 TRACE_ID WARN  http-nio-8888-exec-2 Generator4MethodAccessor field not found displayText of object class name com.sparrow.security.po.App
2026-10-04 20:40:18.746 TRACE_ID WARN  http-nio-8888-exec-1 Generator4MethodAccessor field not found displayText of object class name com.sparrow.security.po.App
2026-10-04 20:40:20.281 TRACE_ID WARN  http-nio-8888-exec-6 Generator4MethodAccessor field not found limit of object class name com.sparrow.security.admin.protocol.query.OrganizationQuery
2026-10-04 20:40:20.281 TRACE_ID WARN  http-nio-8888-exec-5 Generator4MethodAccessor field not found limit of object class name com.sparrow.security.admin.protocol.query.OrganizationQuery
2026-10-04 20:40:20.281 TRACE_ID WARN  http-nio-8888-exec-5 Generator4MethodAccessor field not found limit of object class name com.sparrow.security.admin.dao.query.OrganizationDBPagerQuery
2026-10-04 20:40:20.281 TRACE_ID WARN  http-nio-8888-exec-6 Generator4MethodAccessor field not found limit of object class name com.sparrow.security.admin.dao.query.OrganizationDBPagerQuery
2026-10-04 20:40:20.283 TRACE_ID WARN  http-nio-8888-exec-5 Generator4MethodAccessor field not found limit of object class name com.sparrow.security.admin.protocol.query.OrganizationQuery
2026-10-04 20:40:20.283 TRACE_ID WARN  http-nio-8888-exec-5 Generator4MethodAccessor field not found limit of object class name com.sparrow.security.admin.dao.query.OrganizationDBPagerQuery
2026-10-04 20:40:20.283 TRACE_ID WARN  http-nio-8888-exec-6 Generator4MethodAccessor field not found limit of object class name com.sparrow.security.admin.protocol.query.OrganizationQuery
2026-10-04 20:40:20.283 TRACE_ID WARN  http-nio-8888-exec-6 Generator4MethodAccessor field not found limit of object class name com.sparrow.security.admin.dao.query.OrganizationDBPagerQuery
2026-10-04 20:40:20.284 TRACE_ID WARN  http-nio-8888-exec-5 Generator4MethodAccessor field not found displayText of object class name com.sparrow.security.po.Organization
2026-10-04 20:40:20.284 TRACE_ID WARN  http-nio-8888-exec-5 Generator4MethodAccessor field not found displayText of object class name com.sparrow.security.po.Organization
2026-10-04 20:40:20.284 TRACE_ID WARN  http-nio-8888-exec-5 Generator4MethodAccessor field not found displayText of object class name com.sparrow.security.po.Organization
2026-10-04 20:40:20.284 TRACE_ID WARN  http-nio-8888-exec-5 Generator4MethodAccessor field not found limit of object class name com.sparrow.security.admin.protocol.query.OrganizationQuery
2026-10-04 20:40:20.284 TRACE_ID WARN  http-nio-8888-exec-5 Generator4MethodAccessor field not found limit of object class name com.sparrow.security.admin.dao.query.OrganizationDBPagerQuery
2026-10-04 20:40:20.285 TRACE_ID WARN  http-nio-8888-exec-6 Generator4MethodAccessor field not found displayText of object class name com.sparrow.security.po.Organization
2026-10-04 20:40:20.285 TRACE_ID WARN  http-nio-8888-exec-6 Generator4MethodAccessor field not found displayText of object class name com.sparrow.security.po.Organization
2026-10-04 20:40:20.285 TRACE_ID WARN  http-nio-8888-exec-6 Generator4MethodAccessor field not found displayText of object class name com.sparrow.security.po.Organization
2026-10-04 20:40:20.285 TRACE_ID WARN  http-nio-8888-exec-6 Generator4MethodAccessor field not found limit of object class name com.sparrow.security.admin.protocol.query.OrganizationQuery
2026-10-04 20:40:20.285 TRACE_ID WARN  http-nio-8888-exec-6 Generator4MethodAccessor field not found limit of object class name com.sparrow.security.admin.dao.query.OrganizationDBPagerQuery
2026-10-04 20:40:20.285 TRACE_ID WARN  http-nio-8888-exec-5 Generator4MethodAccessor field not found displayText of object class name com.sparrow.security.po.Organization
2026-10-04 20:40:20.285 TRACE_ID WARN  http-nio-8888-exec-5 Generator4MethodAccessor field not found displayText of object class name com.sparrow.security.po.Organization
2026-10-04 20:40:20.285 TRACE_ID WARN  http-nio-8888-exec-5 Generator4MethodAccessor field not found displayText of object class name com.sparrow.security.po.Organization
2026-10-04 20:40:20.286 TRACE_ID WARN  http-nio-8888-exec-6 Generator4MethodAccessor field not found displayText of object class name com.sparrow.security.po.Organization
2026-10-04 20:40:20.286 TRACE_ID WARN  http-nio-8888-exec-6 Generator4MethodAccessor field not found displayText of object class name com.sparrow.security.po.Organization
2026-10-04 20:40:20.286 TRACE_ID WARN  http-nio-8888-exec-6 Generator4MethodAccessor field not found displayText of object class name com.sparrow.security.po.Organization
2026-10-04 20:40:21.652 TRACE_ID WARN  http-nio-8888-exec-10 Generator4MethodAccessor field not found limit of object class name com.sparrow.security.admin.protocol.query.PositionQuery
2026-10-04 20:40:21.652 TRACE_ID WARN  http-nio-8888-exec-10 Generator4MethodAccessor field not found limit of object class name com.sparrow.security.admin.dao.query.PositionDBPagerQuery
2026-10-04 20:40:21.652 TRACE_ID WARN  http-nio-8888-exec-9 Generator4MethodAccessor field not found limit of object class name com.sparrow.security.admin.protocol.query.PositionQuery
2026-10-04 20:40:21.652 TRACE_ID WARN  http-nio-8888-exec-9 Generator4MethodAccessor field not found limit of object class name com.sparrow.security.admin.dao.query.PositionDBPagerQuery
2026-10-04 20:40:21.655 TRACE_ID WARN  http-nio-8888-exec-9 Generator4MethodAccessor field not found limit of object class name com.sparrow.security.admin.protocol.query.PositionQuery
2026-10-04 20:40:21.655 TRACE_ID WARN  http-nio-8888-exec-10 Generator4MethodAccessor field not found limit of object class name com.sparrow.security.admin.protocol.query.PositionQuery
2026-10-04 20:40:21.655 TRACE_ID WARN  http-nio-8888-exec-9 Generator4MethodAccessor field not found limit of object class name com.sparrow.security.admin.dao.query.PositionDBPagerQuery
2026-10-04 20:40:21.655 TRACE_ID WARN  http-nio-8888-exec-10 Generator4MethodAccessor field not found limit of object class name com.sparrow.security.admin.dao.query.PositionDBPagerQuery
2026-10-04 20:40:21.656 TRACE_ID WARN  http-nio-8888-exec-9 Generator4MethodAccessor field not found displayText of object class name com.sparrow.security.po.Position
2026-10-04 20:40:21.656 TRACE_ID WARN  http-nio-8888-exec-9 Generator4MethodAccessor field not found displayText of object class name com.sparrow.security.po.Position
2026-10-04 20:40:21.656 TRACE_ID WARN  http-nio-8888-exec-10 Generator4MethodAccessor field not found displayText of object class name com.sparrow.security.po.Position
2026-10-04 20:40:21.656 TRACE_ID WARN  http-nio-8888-exec-10 Generator4MethodAccessor field not found displayText of object class name com.sparrow.security.po.Position
2026-10-04 20:40:21.657 TRACE_ID WARN  http-nio-8888-exec-9 Generator4MethodAccessor field not found limit of object class name com.sparrow.security.admin.protocol.query.OrganizationQuery
2026-10-04 20:40:21.657 TRACE_ID WARN  http-nio-8888-exec-10 Generator4MethodAccessor field not found limit of object class name com.sparrow.security.admin.protocol.query.OrganizationQuery
2026-10-04 20:40:21.657 TRACE_ID WARN  http-nio-8888-exec-9 Generator4MethodAccessor field not found limit of object class name com.sparrow.security.admin.dao.query.OrganizationDBPagerQuery
2026-10-04 20:40:21.657 TRACE_ID WARN  http-nio-8888-exec-10 Generator4MethodAccessor field not found limit of object class name com.sparrow.security.admin.dao.query.OrganizationDBPagerQuery
2026-10-04 20:40:21.658 TRACE_ID WARN  http-nio-8888-exec-9 Generator4MethodAccessor field not found displayText of object class name com.sparrow.security.po.Organization
2026-10-04 20:40:21.658 TRACE_ID WARN  http-nio-8888-exec-10 Generator4MethodAccessor field not found displayText of object class name com.sparrow.security.po.Organization
2026-10-04 20:40:21.658 TRACE_ID WARN  http-nio-8888-exec-9 Generator4MethodAccessor field not found displayText of object class name com.sparrow.security.po.Organization
2026-10-04 20:40:21.658 TRACE_ID WARN  http-nio-8888-exec-10 Generator4MethodAccessor field not found displayText of object class name com.sparrow.security.po.Organization
2026-10-04 20:40:21.658 TRACE_ID WARN  http-nio-8888-exec-9 Generator4MethodAccessor field not found displayText of object class name com.sparrow.security.po.Organization
2026-10-04 20:40:21.658 TRACE_ID WARN  http-nio-8888-exec-10 Generator4MethodAccessor field not found displayText of object class name com.sparrow.security.po.Organization
2026-10-04 20:40:31.740 TRACE_ID WARN  http-nio-8888-exec-4 Generator4MethodAccessor field not found limit of object class name com.sparrow.coder.protocol.query.ProjectConfigQuery
2026-10-04 20:40:31.740 TRACE_ID WARN  http-nio-8888-exec-4 Generator4MethodAccessor field not found limit of object class name com.sparrow.coder.dao.query.ProjectConfigDBPagerQuery
2026-10-04 20:40:31.743 TRACE_ID WARN  http-nio-8888-exec-3 Generator4MethodAccessor field not found limit of object class name com.sparrow.coder.protocol.query.ProjectConfigQuery
2026-10-04 20:40:31.743 TRACE_ID WARN  http-nio-8888-exec-3 Generator4MethodAccessor field not found limit of object class name com.sparrow.coder.dao.query.ProjectConfigDBPagerQuery
2026-10-04 20:40:31.762 TRACE_ID WARN  http-nio-8888-exec-3 Generator4MethodAccessor field not found limit of object class name com.sparrow.coder.protocol.query.ProjectConfigQuery
2026-10-04 20:40:31.762 TRACE_ID WARN  http-nio-8888-exec-3 Generator4MethodAccessor field not found limit of object class name com.sparrow.coder.dao.query.ProjectConfigDBPagerQuery
2026-10-04 20:40:31.762 TRACE_ID WARN  http-nio-8888-exec-4 Generator4MethodAccessor field not found limit of object class name com.sparrow.coder.protocol.query.ProjectConfigQuery
2026-10-04 20:40:31.762 TRACE_ID WARN  http-nio-8888-exec-4 Generator4MethodAccessor field not found limit of object class name com.sparrow.coder.dao.query.ProjectConfigDBPagerQuery
2026-10-04 20:40:31.766 TRACE_ID WARN  http-nio-8888-exec-3 Generator4MethodAccessor field not found displayText of object class name com.sparrow.coder.po.ProjectConfig
2026-10-04 20:40:31.767 TRACE_ID WARN  http-nio-8888-exec-4 Generator4MethodAccessor field not found displayText of object class name com.sparrow.coder.po.ProjectConfig
2026-10-04 20:40:37.361 TRACE_ID WARN  http-nio-8888-exec-7 Generator4MethodAccessor field not found limit of object class name com.sparrow.security.admin.protocol.query.AppQuery
2026-10-04 20:40:37.361 TRACE_ID WARN  http-nio-8888-exec-7 Generator4MethodAccessor field not found limit of object class name com.sparrow.security.admin.dao.query.AppDBPagerQuery
2026-10-04 20:40:37.361 TRACE_ID WARN  http-nio-8888-exec-8 Generator4MethodAccessor field not found limit of object class name com.sparrow.security.admin.protocol.query.AppQuery
2026-10-04 20:40:37.361 TRACE_ID WARN  http-nio-8888-exec-8 Generator4MethodAccessor field not found limit of object class name com.sparrow.security.admin.dao.query.AppDBPagerQuery
2026-10-04 20:40:37.363 TRACE_ID WARN  http-nio-8888-exec-7 Generator4MethodAccessor field not found limit of object class name com.sparrow.security.admin.protocol.query.AppQuery
2026-10-04 20:40:37.363 TRACE_ID WARN  http-nio-8888-exec-8 Generator4MethodAccessor field not found limit of object class name com.sparrow.security.admin.protocol.query.AppQuery
2026-10-04 20:40:37.363 TRACE_ID WARN  http-nio-8888-exec-7 Generator4MethodAccessor field not found limit of object class name com.sparrow.security.admin.dao.query.AppDBPagerQuery
2026-10-04 20:40:37.363 TRACE_ID WARN  http-nio-8888-exec-8 Generator4MethodAccessor field not found limit of object class name com.sparrow.security.admin.dao.query.AppDBPagerQuery
2026-10-04 20:40:37.364 TRACE_ID WARN  http-nio-8888-exec-7 Generator4MethodAccessor field not found displayText of object class name com.sparrow.security.po.App
2026-10-04 20:40:37.364 TRACE_ID WARN  http-nio-8888-exec-8 Generator4MethodAccessor field not found displayText of object class name com.sparrow.security.po.App
2026-10-04 20:40:38.366 TRACE_ID WARN  http-nio-8888-exec-1 Generator4MethodAccessor field not found limit of object class name com.sparrow.security.admin.protocol.query.MicroServiceQuery
2026-10-04 20:40:38.366 TRACE_ID WARN  http-nio-8888-exec-2 Generator4MethodAccessor field not found limit of object class name com.sparrow.security.admin.protocol.query.MicroServiceQuery
2026-10-04 20:40:38.366 TRACE_ID WARN  http-nio-8888-exec-2 Generator4MethodAccessor field not found limit of object class name com.sparrow.security.admin.dao.query.MicroServiceDBPagerQuery
2026-10-04 20:40:38.366 TRACE_ID WARN  http-nio-8888-exec-1 Generator4MethodAccessor field not found limit of object class name com.sparrow.security.admin.dao.query.MicroServiceDBPagerQuery
2026-10-04 20:40:38.368 TRACE_ID WARN  http-nio-8888-exec-2 Generator4MethodAccessor field not found limit of object class name com.sparrow.security.admin.protocol.query.MicroServiceQuery
2026-10-04 20:40:38.368 TRACE_ID WARN  http-nio-8888-exec-1 Generator4MethodAccessor field not found limit of object class name com.sparrow.security.admin.protocol.query.MicroServiceQuery
2026-10-04 20:40:38.368 TRACE_ID WARN  http-nio-8888-exec-2 Generator4MethodAccessor field not found limit of object class name com.sparrow.security.admin.dao.query.MicroServiceDBPagerQuery
2026-10-04 20:40:38.368 TRACE_ID WARN  http-nio-8888-exec-1 Generator4MethodAccessor field not found limit of object class name com.sparrow.security.admin.dao.query.MicroServiceDBPagerQuery
2026-10-04 20:40:38.369 TRACE_ID WARN  http-nio-8888-exec-1 Generator4MethodAccessor field not found displayText of object class name com.sparrow.security.po.MicroService
2026-10-04 20:40:38.369 TRACE_ID WARN  http-nio-8888-exec-2 Generator4MethodAccessor field not found displayText of object class name com.sparrow.security.po.MicroService
2026-10-04 20:40:38.369 TRACE_ID WARN  http-nio-8888-exec-1 Generator4MethodAccessor field not found limit of object class name com.sparrow.security.admin.protocol.query.AppQuery
2026-10-04 20:40:38.369 TRACE_ID WARN  http-nio-8888-exec-2 Generator4MethodAccessor field not found limit of object class name com.sparrow.security.admin.protocol.query.AppQuery
2026-10-04 20:40:38.369 TRACE_ID WARN  http-nio-8888-exec-1 Generator4MethodAccessor field not found limit of object class name com.sparrow.security.admin.dao.query.AppDBPagerQuery
2026-10-04 20:40:38.369 TRACE_ID WARN  http-nio-8888-exec-2 Generator4MethodAccessor field not found limit of object class name com.sparrow.security.admin.dao.query.AppDBPagerQuery
2026-10-04 20:40:38.370 TRACE_ID WARN  http-nio-8888-exec-1 Generator4MethodAccessor field not found displayText of object class name com.sparrow.security.po.App
2026-10-04 20:40:38.370 TRACE_ID WARN  http-nio-8888-exec-2 Generator4MethodAccessor field not found displayText of object class name com.sparrow.security.po.App
2026-10-04 20:41:42.930 TRACE_ID WARN  http-nio-8888-exec-8 Generator4MethodAccessor field not found limit of object class name com.sparrow.coder.protocol.query.ProjectConfigQuery
2026-10-04 20:41:42.930 TRACE_ID WARN  http-nio-8888-exec-7 Generator4MethodAccessor field not found limit of object class name com.sparrow.coder.protocol.query.ProjectConfigQuery
2026-10-04 20:41:42.930 TRACE_ID WARN  http-nio-8888-exec-7 Generator4MethodAccessor field not found limit of object class name com.sparrow.coder.dao.query.ProjectConfigDBPagerQuery
2026-10-04 20:41:42.930 TRACE_ID WARN  http-nio-8888-exec-8 Generator4MethodAccessor field not found limit of object class name com.sparrow.coder.dao.query.ProjectConfigDBPagerQuery
2026-10-04 20:41:42.941 TRACE_ID WARN  http-nio-8888-exec-7 Generator4MethodAccessor field not found limit of object class name com.sparrow.coder.protocol.query.ProjectConfigQuery
2026-10-04 20:41:42.941 TRACE_ID WARN  http-nio-8888-exec-7 Generator4MethodAccessor field not found limit of object class name com.sparrow.coder.dao.query.ProjectConfigDBPagerQuery
2026-10-04 20:41:42.941 TRACE_ID WARN  http-nio-8888-exec-8 Generator4MethodAccessor field not found limit of object class name com.sparrow.coder.protocol.query.ProjectConfigQuery
2026-10-04 20:41:42.941 TRACE_ID WARN  http-nio-8888-exec-8 Generator4MethodAccessor field not found limit of object class name com.sparrow.coder.dao.query.ProjectConfigDBPagerQuery
2026-10-04 20:41:42.943 TRACE_ID WARN  http-nio-8888-exec-8 Generator4MethodAccessor field not found displayText of object class name com.sparrow.coder.po.ProjectConfig
2026-10-04 20:41:42.943 TRACE_ID WARN  http-nio-8888-exec-7 Generator4MethodAccessor field not found displayText of object class name com.sparrow.coder.po.ProjectConfig
2026-10-04 20:41:46.303 TRACE_ID WARN  http-nio-8888-exec-1 Generator4MethodAccessor field not found limit of object class name com.sparrow.coder.protocol.query.TableConfigQuery
2026-10-04 20:41:46.303 TRACE_ID WARN  http-nio-8888-exec-1 Generator4MethodAccessor field not found limit of object class name com.sparrow.coder.dao.query.TableConfigDBPagerQuery
2026-10-04 20:41:46.303 TRACE_ID WARN  http-nio-8888-exec-2 Generator4MethodAccessor field not found limit of object class name com.sparrow.coder.protocol.query.TableConfigQuery
2026-10-04 20:41:46.304 TRACE_ID WARN  http-nio-8888-exec-2 Generator4MethodAccessor field not found limit of object class name com.sparrow.coder.dao.query.TableConfigDBPagerQuery
2026-10-04 20:41:46.311 TRACE_ID WARN  http-nio-8888-exec-2 Generator4MethodAccessor field not found limit of object class name com.sparrow.coder.protocol.query.TableConfigQuery
2026-10-04 20:41:46.311 TRACE_ID WARN  http-nio-8888-exec-1 Generator4MethodAccessor field not found limit of object class name com.sparrow.coder.protocol.query.TableConfigQuery
2026-10-04 20:41:46.311 TRACE_ID WARN  http-nio-8888-exec-2 Generator4MethodAccessor field not found limit of object class name com.sparrow.coder.dao.query.TableConfigDBPagerQuery
2026-10-04 20:41:46.311 TRACE_ID WARN  http-nio-8888-exec-1 Generator4MethodAccessor field not found limit of object class name com.sparrow.coder.dao.query.TableConfigDBPagerQuery
2026-10-04 20:41:46.314 TRACE_ID WARN  http-nio-8888-exec-1 Generator4MethodAccessor field not found limit of object class name com.sparrow.coder.protocol.query.ProjectConfigQuery
2026-10-04 20:41:46.314 TRACE_ID WARN  http-nio-8888-exec-1 Generator4MethodAccessor field not found limit of object class name com.sparrow.coder.dao.query.ProjectConfigDBPagerQuery
2026-10-04 20:41:46.315 TRACE_ID WARN  http-nio-8888-exec-2 Generator4MethodAccessor field not found limit of object class name com.sparrow.coder.protocol.query.ProjectConfigQuery
2026-10-04 20:41:46.315 TRACE_ID WARN  http-nio-8888-exec-2 Generator4MethodAccessor field not found limit of object class name com.sparrow.coder.dao.query.ProjectConfigDBPagerQuery
2026-10-04 20:41:46.316 TRACE_ID WARN  http-nio-8888-exec-2 Generator4MethodAccessor field not found displayText of object class name com.sparrow.coder.po.ProjectConfig
2026-10-04 20:41:46.316 TRACE_ID WARN  http-nio-8888-exec-1 Generator4MethodAccessor field not found displayText of object class name com.sparrow.coder.po.ProjectConfig
2026-10-04 20:41:50.889 TRACE_ID WARN  http-nio-8888-exec-4 Generator4MethodAccessor field not found displayText of object class name com.sparrow.coder.po.ProjectConfig
2026-10-04 20:41:50.890 TRACE_ID WARN  http-nio-8888-exec-4 Generator4MethodAccessor field not found limit of object class name com.sparrow.coder.protocol.query.TableConfigQuery
2026-10-04 20:41:50.890 TRACE_ID WARN  http-nio-8888-exec-4 Generator4MethodAccessor field not found limit of object class name com.sparrow.coder.dao.query.TableConfigDBPagerQuery
2026-10-04 20:41:57.975 TRACE_ID WARN  http-nio-8888-exec-6 Generator4MethodAccessor field not found limit of object class name com.sparrow.coder.protocol.query.TableConfigQuery
2026-10-04 20:41:57.976 TRACE_ID WARN  http-nio-8888-exec-6 Generator4MethodAccessor field not found limit of object class name com.sparrow.coder.dao.query.TableConfigDBPagerQuery
2026-10-04 20:41:57.981 TRACE_ID WARN  http-nio-8888-exec-6 Generator4MethodAccessor field not found limit of object class name com.sparrow.coder.protocol.query.TableConfigQuery
2026-10-04 20:41:57.982 TRACE_ID WARN  http-nio-8888-exec-6 Generator4MethodAccessor field not found limit of object class name com.sparrow.coder.dao.query.TableConfigDBPagerQuery
2026-10-04 20:41:57.985 TRACE_ID WARN  http-nio-8888-exec-6 Generator4MethodAccessor field not found limit of object class name com.sparrow.coder.protocol.query.ProjectConfigQuery
2026-10-04 20:41:57.985 TRACE_ID WARN  http-nio-8888-exec-6 Generator4MethodAccessor field not found limit of object class name com.sparrow.coder.dao.query.ProjectConfigDBPagerQuery
2026-10-04 20:41:57.986 TRACE_ID WARN  http-nio-8888-exec-6 Generator4MethodAccessor field not found displayText of object class name com.sparrow.coder.po.ProjectConfig
2026-10-04 20:43:57.575 TRACE_ID WARN  http-nio-8888-exec-10 Generator4MethodAccessor field not found limit of object class name com.sparrow.coder.protocol.query.TableConfigQuery
2026-10-04 20:43:57.575 TRACE_ID WARN  http-nio-8888-exec-10 Generator4MethodAccessor field not found limit of object class name com.sparrow.coder.dao.query.TableConfigDBPagerQuery
2026-10-04 20:43:57.580 TRACE_ID WARN  http-nio-8888-exec-10 Generator4MethodAccessor field not found limit of object class name com.sparrow.coder.protocol.query.TableConfigQuery
2026-10-04 20:43:57.580 TRACE_ID WARN  http-nio-8888-exec-10 Generator4MethodAccessor field not found limit of object class name com.sparrow.coder.dao.query.TableConfigDBPagerQuery
2026-10-04 20:43:57.584 TRACE_ID WARN  http-nio-8888-exec-10 Generator4MethodAccessor field not found limit of object class name com.sparrow.coder.protocol.query.ProjectConfigQuery
2026-10-04 20:43:57.584 TRACE_ID WARN  http-nio-8888-exec-10 Generator4MethodAccessor field not found limit of object class name com.sparrow.coder.dao.query.ProjectConfigDBPagerQuery
2026-10-04 20:43:57.586 TRACE_ID WARN  http-nio-8888-exec-10 Generator4MethodAccessor field not found displayText of object class name com.sparrow.coder.po.ProjectConfig
2026-10-04 20:43:58.644 TRACE_ID WARN  http-nio-8888-exec-1 Generator4MethodAccessor field not found limit of object class name com.sparrow.coder.protocol.query.TableConfigQuery
2026-10-04 20:43:58.644 TRACE_ID WARN  http-nio-8888-exec-1 Generator4MethodAccessor field not found limit of object class name com.sparrow.coder.dao.query.TableConfigDBPagerQuery
2026-10-04 20:43:58.646 TRACE_ID WARN  http-nio-8888-exec-1 Generator4MethodAccessor field not found limit of object class name com.sparrow.coder.protocol.query.TableConfigQuery
2026-10-04 20:43:58.646 TRACE_ID WARN  http-nio-8888-exec-1 Generator4MethodAccessor field not found limit of object class name com.sparrow.coder.dao.query.TableConfigDBPagerQuery
2026-10-04 20:43:58.648 TRACE_ID WARN  http-nio-8888-exec-1 Generator4MethodAccessor field not found limit of object class name com.sparrow.coder.protocol.query.ProjectConfigQuery
2026-10-04 20:43:58.648 TRACE_ID WARN  http-nio-8888-exec-1 Generator4MethodAccessor field not found limit of object class name com.sparrow.coder.dao.query.ProjectConfigDBPagerQuery
2026-10-04 20:43:58.649 TRACE_ID WARN  http-nio-8888-exec-1 Generator4MethodAccessor field not found displayText of object class name com.sparrow.coder.po.ProjectConfig
2026-10-04 20:44:10.014 TRACE_ID WARN  http-nio-8888-exec-5 Generator4MethodAccessor field not found limit of object class name com.sparrow.security.admin.protocol.query.AdminUserQuery
2026-10-04 20:44:10.014 TRACE_ID WARN  http-nio-8888-exec-4 Generator4MethodAccessor field not found limit of object class name com.sparrow.security.admin.protocol.query.AdminUserQuery
2026-10-04 20:44:10.014 TRACE_ID WARN  http-nio-8888-exec-5 Generator4MethodAccessor field not found limit of object class name com.sparrow.security.admin.dao.query.AdminUserDBPagerQuery
2026-10-04 20:44:10.014 TRACE_ID WARN  http-nio-8888-exec-4 Generator4MethodAccessor field not found limit of object class name com.sparrow.security.admin.dao.query.AdminUserDBPagerQuery
2026-10-04 20:44:10.028 TRACE_ID WARN  http-nio-8888-exec-4 Generator4MethodAccessor field not found limit of object class name com.sparrow.security.admin.protocol.query.AdminUserQuery
2026-10-04 20:44:10.028 TRACE_ID WARN  http-nio-8888-exec-4 Generator4MethodAccessor field not found limit of object class name com.sparrow.security.admin.dao.query.AdminUserDBPagerQuery
2026-10-04 20:44:10.029 TRACE_ID WARN  http-nio-8888-exec-5 Generator4MethodAccessor field not found limit of object class name com.sparrow.security.admin.protocol.query.AdminUserQuery
2026-10-04 20:44:10.029 TRACE_ID WARN  http-nio-8888-exec-5 Generator4MethodAccessor field not found limit of object class name com.sparrow.security.admin.dao.query.AdminUserDBPagerQuery
2026-10-04 20:44:10.030 TRACE_ID WARN  http-nio-8888-exec-5 Generator4MethodAccessor field not found limit of object class name com.sparrow.security.admin.protocol.query.OrganizationQuery
2026-10-04 20:44:10.030 TRACE_ID WARN  http-nio-8888-exec-4 Generator4MethodAccessor field not found limit of object class name com.sparrow.security.admin.protocol.query.OrganizationQuery
2026-10-04 20:44:10.030 TRACE_ID WARN  http-nio-8888-exec-5 Generator4MethodAccessor field not found limit of object class name com.sparrow.security.admin.dao.query.OrganizationDBPagerQuery
2026-10-04 20:44:10.030 TRACE_ID WARN  http-nio-8888-exec-4 Generator4MethodAccessor field not found limit of object class name com.sparrow.security.admin.dao.query.OrganizationDBPagerQuery
2026-10-04 20:44:10.032 TRACE_ID WARN  http-nio-8888-exec-5 Generator4MethodAccessor field not found displayText of object class name com.sparrow.security.po.Organization
2026-10-04 20:44:10.032 TRACE_ID WARN  http-nio-8888-exec-4 Generator4MethodAccessor field not found displayText of object class name com.sparrow.security.po.Organization
2026-10-04 20:44:10.032 TRACE_ID WARN  http-nio-8888-exec-4 Generator4MethodAccessor field not found displayText of object class name com.sparrow.security.po.Organization
2026-10-04 20:44:10.032 TRACE_ID WARN  http-nio-8888-exec-5 Generator4MethodAccessor field not found displayText of object class name com.sparrow.security.po.Organization
2026-10-04 20:44:10.032 TRACE_ID WARN  http-nio-8888-exec-4 Generator4MethodAccessor field not found displayText of object class name com.sparrow.security.po.Organization
2026-10-04 20:44:10.032 TRACE_ID WARN  http-nio-8888-exec-5 Generator4MethodAccessor field not found displayText of object class name com.sparrow.security.po.Organization
2026-10-04 20:44:10.032 TRACE_ID WARN  http-nio-8888-exec-5 Generator4MethodAccessor field not found limit of object class name com.sparrow.security.admin.protocol.query.PositionQuery
2026-10-04 20:44:10.032 TRACE_ID WARN  http-nio-8888-exec-4 Generator4MethodAccessor field not found limit of object class name com.sparrow.security.admin.protocol.query.PositionQuery
2026-10-04 20:44:10.032 TRACE_ID WARN  http-nio-8888-exec-4 Generator4MethodAccessor field not found limit of object class name com.sparrow.security.admin.dao.query.PositionDBPagerQuery
2026-10-04 20:44:10.032 TRACE_ID WARN  http-nio-8888-exec-5 Generator4MethodAccessor field not found limit of object class name com.sparrow.security.admin.dao.query.PositionDBPagerQuery
2026-10-04 20:44:10.035 TRACE_ID WARN  http-nio-8888-exec-4 Generator4MethodAccessor field not found displayText of object class name com.sparrow.security.po.Position
2026-10-04 20:44:10.036 TRACE_ID WARN  http-nio-8888-exec-5 Generator4MethodAccessor field not found displayText of object class name com.sparrow.security.po.Position
2026-10-04 20:44:10.036 TRACE_ID WARN  http-nio-8888-exec-4 Generator4MethodAccessor field not found displayText of object class name com.sparrow.security.po.Position
2026-10-04 20:44:10.036 TRACE_ID WARN  http-nio-8888-exec-5 Generator4MethodAccessor field not found displayText of object class name com.sparrow.security.po.Position
2026-10-04 20:44:15.282 TRACE_ID WARN  http-nio-8888-exec-2 Generator4MethodAccessor field not found limit of object class name com.sparrow.security.admin.protocol.query.RoleQuery
2026-10-04 20:44:15.282 TRACE_ID WARN  http-nio-8888-exec-3 Generator4MethodAccessor field not found limit of object class name com.sparrow.security.admin.protocol.query.RoleQuery
2026-10-04 20:44:15.282 TRACE_ID WARN  http-nio-8888-exec-2 Generator4MethodAccessor field not found limit of object class name com.sparrow.security.admin.dao.query.RoleDBPagerQuery
2026-10-04 20:44:15.282 TRACE_ID WARN  http-nio-8888-exec-3 Generator4MethodAccessor field not found limit of object class name com.sparrow.security.admin.dao.query.RoleDBPagerQuery
2026-10-04 20:44:35.579 TRACE_ID WARN  http-nio-8888-exec-4 Generator4MethodAccessor field not found limit of object class name com.sparrow.security.admin.protocol.query.RoleQuery
2026-10-04 20:44:35.579 TRACE_ID WARN  http-nio-8888-exec-1 Generator4MethodAccessor field not found limit of object class name com.sparrow.security.admin.protocol.query.RoleQuery
2026-10-04 20:44:35.580 TRACE_ID WARN  http-nio-8888-exec-4 Generator4MethodAccessor field not found limit of object class name com.sparrow.security.admin.dao.query.RoleDBPagerQuery
2026-10-04 20:44:35.580 TRACE_ID WARN  http-nio-8888-exec-1 Generator4MethodAccessor field not found limit of object class name com.sparrow.security.admin.dao.query.RoleDBPagerQuery
2026-10-04 20:44:37.409 TRACE_ID WARN  http-nio-8888-exec-7 Generator4MethodAccessor field not found limit of object class name com.sparrow.security.admin.protocol.query.PermissionQuery
2026-10-04 20:44:37.409 TRACE_ID WARN  http-nio-8888-exec-8 Generator4MethodAccessor field not found limit of object class name com.sparrow.security.admin.protocol.query.PermissionQuery
2026-10-04 20:44:37.409 TRACE_ID WARN  http-nio-8888-exec-7 Generator4MethodAccessor field not found limit of object class name com.sparrow.security.admin.dao.query.PermissionDBPagerQuery
2026-10-04 20:44:37.409 TRACE_ID WARN  http-nio-8888-exec-8 Generator4MethodAccessor field not found limit of object class name com.sparrow.security.admin.dao.query.PermissionDBPagerQuery
2026-10-04 20:44:46.854 TRACE_ID WARN  http-nio-8888-exec-3 Generator4MethodAccessor field not found limit of object class name com.sparrow.security.admin.protocol.query.MicroServiceQuery
2026-10-04 20:44:46.854 TRACE_ID WARN  http-nio-8888-exec-3 Generator4MethodAccessor field not found limit of object class name com.sparrow.security.admin.dao.query.MicroServiceDBPagerQuery
2026-10-04 20:44:46.854 TRACE_ID WARN  http-nio-8888-exec-2 Generator4MethodAccessor field not found limit of object class name com.sparrow.security.admin.protocol.query.MicroServiceQuery
2026-10-04 20:44:46.854 TRACE_ID WARN  http-nio-8888-exec-2 Generator4MethodAccessor field not found limit of object class name com.sparrow.security.admin.dao.query.MicroServiceDBPagerQuery
2026-10-04 20:44:46.859 TRACE_ID WARN  http-nio-8888-exec-2 Generator4MethodAccessor field not found limit of object class name com.sparrow.security.admin.protocol.query.MicroServiceQuery
2026-10-04 20:44:46.859 TRACE_ID WARN  http-nio-8888-exec-2 Generator4MethodAccessor field not found limit of object class name com.sparrow.security.admin.dao.query.MicroServiceDBPagerQuery
2026-10-04 20:44:46.859 TRACE_ID WARN  http-nio-8888-exec-3 Generator4MethodAccessor field not found limit of object class name com.sparrow.security.admin.protocol.query.MicroServiceQuery
2026-10-04 20:44:46.859 TRACE_ID WARN  http-nio-8888-exec-3 Generator4MethodAccessor field not found limit of object class name com.sparrow.security.admin.dao.query.MicroServiceDBPagerQuery
2026-10-04 20:44:46.865 TRACE_ID WARN  http-nio-8888-exec-2 Generator4MethodAccessor field not found displayText of object class name com.sparrow.security.po.MicroService
2026-10-04 20:44:46.865 TRACE_ID WARN  http-nio-8888-exec-3 Generator4MethodAccessor field not found displayText of object class name com.sparrow.security.po.MicroService
2026-10-04 20:44:46.867 TRACE_ID WARN  http-nio-8888-exec-3 Generator4MethodAccessor field not found limit of object class name com.sparrow.security.admin.protocol.query.AppQuery
2026-10-04 20:44:46.867 TRACE_ID WARN  http-nio-8888-exec-2 Generator4MethodAccessor field not found limit of object class name com.sparrow.security.admin.protocol.query.AppQuery
2026-10-04 20:44:46.867 TRACE_ID WARN  http-nio-8888-exec-2 Generator4MethodAccessor field not found limit of object class name com.sparrow.security.admin.dao.query.AppDBPagerQuery
2026-10-04 20:44:46.867 TRACE_ID WARN  http-nio-8888-exec-3 Generator4MethodAccessor field not found limit of object class name com.sparrow.security.admin.dao.query.AppDBPagerQuery
2026-10-04 20:44:46.871 TRACE_ID WARN  http-nio-8888-exec-3 Generator4MethodAccessor field not found displayText of object class name com.sparrow.security.po.App
2026-10-04 20:44:46.871 TRACE_ID WARN  http-nio-8888-exec-2 Generator4MethodAccessor field not found displayText of object class name com.sparrow.security.po.App
2026-10-04 20:45:45.649 TRACE_ID WARN  http-nio-8888-exec-8 Generator4MethodAccessor field not found limit of object class name com.sparrow.security.admin.protocol.query.AdminUserQuery
2026-10-04 20:45:45.649 TRACE_ID WARN  http-nio-8888-exec-7 Generator4MethodAccessor field not found limit of object class name com.sparrow.security.admin.protocol.query.AdminUserQuery
2026-10-04 20:45:45.649 TRACE_ID WARN  http-nio-8888-exec-8 Generator4MethodAccessor field not found limit of object class name com.sparrow.security.admin.dao.query.AdminUserDBPagerQuery
2026-10-04 20:45:45.649 TRACE_ID WARN  http-nio-8888-exec-7 Generator4MethodAccessor field not found limit of object class name com.sparrow.security.admin.dao.query.AdminUserDBPagerQuery
2026-10-04 20:45:45.657 TRACE_ID WARN  http-nio-8888-exec-8 Generator4MethodAccessor field not found limit of object class name com.sparrow.security.admin.protocol.query.AdminUserQuery
2026-10-04 20:45:45.657 TRACE_ID WARN  http-nio-8888-exec-7 Generator4MethodAccessor field not found limit of object class name com.sparrow.security.admin.protocol.query.AdminUserQuery
2026-10-04 20:45:45.657 TRACE_ID WARN  http-nio-8888-exec-8 Generator4MethodAccessor field not found limit of object class name com.sparrow.security.admin.dao.query.AdminUserDBPagerQuery
2026-10-04 20:45:45.657 TRACE_ID WARN  http-nio-8888-exec-7 Generator4MethodAccessor field not found limit of object class name com.sparrow.security.admin.dao.query.AdminUserDBPagerQuery
2026-10-04 20:45:45.660 TRACE_ID WARN  http-nio-8888-exec-7 Generator4MethodAccessor field not found limit of object class name com.sparrow.security.admin.protocol.query.OrganizationQuery
2026-10-04 20:45:45.660 TRACE_ID WARN  http-nio-8888-exec-8 Generator4MethodAccessor field not found limit of object class name com.sparrow.security.admin.protocol.query.OrganizationQuery
2026-10-04 20:45:45.660 TRACE_ID WARN  http-nio-8888-exec-7 Generator4MethodAccessor field not found limit of object class name com.sparrow.security.admin.dao.query.OrganizationDBPagerQuery
2026-10-04 20:45:45.660 TRACE_ID WARN  http-nio-8888-exec-8 Generator4MethodAccessor field not found limit of object class name com.sparrow.security.admin.dao.query.OrganizationDBPagerQuery
2026-10-04 20:45:45.663 TRACE_ID WARN  http-nio-8888-exec-7 Generator4MethodAccessor field not found displayText of object class name com.sparrow.security.po.Organization
2026-10-04 20:45:45.663 TRACE_ID WARN  http-nio-8888-exec-8 Generator4MethodAccessor field not found displayText of object class name com.sparrow.security.po.Organization
2026-10-04 20:45:45.663 TRACE_ID WARN  http-nio-8888-exec-8 Generator4MethodAccessor field not found displayText of object class name com.sparrow.security.po.Organization
2026-10-04 20:45:45.663 TRACE_ID WARN  http-nio-8888-exec-7 Generator4MethodAccessor field not found displayText of object class name com.sparrow.security.po.Organization
2026-10-04 20:45:45.663 TRACE_ID WARN  http-nio-8888-exec-8 Generator4MethodAccessor field not found displayText of object class name com.sparrow.security.po.Organization
2026-10-04 20:45:45.663 TRACE_ID WARN  http-nio-8888-exec-7 Generator4MethodAccessor field not found displayText of object class name com.sparrow.security.po.Organization
2026-10-04 20:45:45.663 TRACE_ID WARN  http-nio-8888-exec-8 Generator4MethodAccessor field not found limit of object class name com.sparrow.security.admin.protocol.query.PositionQuery
2026-10-04 20:45:45.663 TRACE_ID WARN  http-nio-8888-exec-7 Generator4MethodAccessor field not found limit of object class name com.sparrow.security.admin.protocol.query.PositionQuery
2026-10-04 20:45:45.663 TRACE_ID WARN  http-nio-8888-exec-8 Generator4MethodAccessor field not found limit of object class name com.sparrow.security.admin.dao.query.PositionDBPagerQuery
2026-10-04 20:45:45.663 TRACE_ID WARN  http-nio-8888-exec-7 Generator4MethodAccessor field not found limit of object class name com.sparrow.security.admin.dao.query.PositionDBPagerQuery
2026-10-04 20:45:45.666 TRACE_ID WARN  http-nio-8888-exec-8 Generator4MethodAccessor field not found displayText of object class name com.sparrow.security.po.Position
2026-10-04 20:45:45.666 TRACE_ID WARN  http-nio-8888-exec-7 Generator4MethodAccessor field not found displayText of object class name com.sparrow.security.po.Position
2026-10-04 20:45:45.666 TRACE_ID WARN  http-nio-8888-exec-8 Generator4MethodAccessor field not found displayText of object class name com.sparrow.security.po.Position
2026-10-04 20:45:45.666 TRACE_ID WARN  http-nio-8888-exec-7 Generator4MethodAccessor field not found displayText of object class name com.sparrow.security.po.Position
2026-10-04 20:45:47.099 TRACE_ID WARN  http-nio-8888-exec-9 Generator4MethodAccessor field not found limit of object class name com.sparrow.security.admin.protocol.query.UserGroupQuery
2026-10-04 20:45:47.100 TRACE_ID WARN  http-nio-8888-exec-9 Generator4MethodAccessor field not found limit of object class name com.sparrow.security.admin.dao.query.UserGroupDBPagerQuery
2026-10-04 20:45:47.100 TRACE_ID WARN  http-nio-8888-exec-3 Generator4MethodAccessor field not found limit of object class name com.sparrow.security.admin.protocol.query.UserGroupQuery
2026-10-04 20:45:47.100 TRACE_ID WARN  http-nio-8888-exec-3 Generator4MethodAccessor field not found limit of object class name com.sparrow.security.admin.dao.query.UserGroupDBPagerQuery
2026-10-04 20:45:48.575 TRACE_ID WARN  http-nio-8888-exec-5 Generator4MethodAccessor field not found limit of object class name com.sparrow.security.admin.protocol.query.RoleQuery
2026-10-04 20:45:48.575 TRACE_ID WARN  http-nio-8888-exec-5 Generator4MethodAccessor field not found limit of object class name com.sparrow.security.admin.dao.query.RoleDBPagerQuery
2026-10-04 20:45:48.575 TRACE_ID WARN  http-nio-8888-exec-6 Generator4MethodAccessor field not found limit of object class name com.sparrow.security.admin.protocol.query.RoleQuery
2026-10-04 20:45:48.575 TRACE_ID WARN  http-nio-8888-exec-6 Generator4MethodAccessor field not found limit of object class name com.sparrow.security.admin.dao.query.RoleDBPagerQuery
2026-10-04 20:45:49.863 TRACE_ID WARN  http-nio-8888-exec-2 Generator4MethodAccessor field not found limit of object class name com.sparrow.security.admin.protocol.query.PermissionQuery
2026-10-04 20:45:49.863 TRACE_ID WARN  http-nio-8888-exec-10 Generator4MethodAccessor field not found limit of object class name com.sparrow.security.admin.protocol.query.PermissionQuery
2026-10-04 20:45:49.863 TRACE_ID WARN  http-nio-8888-exec-2 Generator4MethodAccessor field not found limit of object class name com.sparrow.security.admin.dao.query.PermissionDBPagerQuery
2026-10-04 20:45:49.863 TRACE_ID WARN  http-nio-8888-exec-10 Generator4MethodAccessor field not found limit of object class name com.sparrow.security.admin.dao.query.PermissionDBPagerQuery
2026-10-04 20:45:57.951 TRACE_ID WARN  http-nio-8888-exec-4 Generator4MethodAccessor field not found limit of object class name com.sparrow.coder.protocol.query.ProjectConfigQuery
2026-10-04 20:45:57.951 TRACE_ID WARN  http-nio-8888-exec-1 Generator4MethodAccessor field not found limit of object class name com.sparrow.coder.protocol.query.ProjectConfigQuery
2026-10-04 20:45:57.952 TRACE_ID WARN  http-nio-8888-exec-1 Generator4MethodAccessor field not found limit of object class name com.sparrow.coder.dao.query.ProjectConfigDBPagerQuery
2026-10-04 20:45:57.952 TRACE_ID WARN  http-nio-8888-exec-4 Generator4MethodAccessor field not found limit of object class name com.sparrow.coder.dao.query.ProjectConfigDBPagerQuery
2026-10-04 20:45:57.956 TRACE_ID WARN  http-nio-8888-exec-1 Generator4MethodAccessor field not found limit of object class name com.sparrow.coder.protocol.query.ProjectConfigQuery
2026-10-04 20:45:57.956 TRACE_ID WARN  http-nio-8888-exec-1 Generator4MethodAccessor field not found limit of object class name com.sparrow.coder.dao.query.ProjectConfigDBPagerQuery
2026-10-04 20:45:57.956 TRACE_ID WARN  http-nio-8888-exec-4 Generator4MethodAccessor field not found limit of object class name com.sparrow.coder.protocol.query.ProjectConfigQuery
2026-10-04 20:45:57.956 TRACE_ID WARN  http-nio-8888-exec-4 Generator4MethodAccessor field not found limit of object class name com.sparrow.coder.dao.query.ProjectConfigDBPagerQuery
2026-10-04 20:45:57.962 TRACE_ID WARN  http-nio-8888-exec-4 Generator4MethodAccessor field not found displayText of object class name com.sparrow.coder.po.ProjectConfig
2026-10-04 20:45:57.962 TRACE_ID WARN  http-nio-8888-exec-1 Generator4MethodAccessor field not found displayText of object class name com.sparrow.coder.po.ProjectConfig
2026-10-04 20:46:01.516 TRACE_ID WARN  http-nio-8888-exec-8 Generator4MethodAccessor field not found limit of object class name com.sparrow.coder.protocol.query.TableConfigQuery
2026-10-04 20:46:01.516 TRACE_ID WARN  http-nio-8888-exec-8 Generator4MethodAccessor field not found limit of object class name com.sparrow.coder.dao.query.TableConfigDBPagerQuery
2026-10-04 20:46:01.516 TRACE_ID WARN  http-nio-8888-exec-7 Generator4MethodAccessor field not found limit of object class name com.sparrow.coder.protocol.query.TableConfigQuery
2026-10-04 20:46:01.516 TRACE_ID WARN  http-nio-8888-exec-7 Generator4MethodAccessor field not found limit of object class name com.sparrow.coder.dao.query.TableConfigDBPagerQuery
2026-10-04 20:46:01.523 TRACE_ID WARN  http-nio-8888-exec-7 Generator4MethodAccessor field not found limit of object class name com.sparrow.coder.protocol.query.TableConfigQuery
2026-10-04 20:46:01.523 TRACE_ID WARN  http-nio-8888-exec-7 Generator4MethodAccessor field not found limit of object class name com.sparrow.coder.dao.query.TableConfigDBPagerQuery
2026-10-04 20:46:01.523 TRACE_ID WARN  http-nio-8888-exec-8 Generator4MethodAccessor field not found limit of object class name com.sparrow.coder.protocol.query.TableConfigQuery
2026-10-04 20:46:01.523 TRACE_ID WARN  http-nio-8888-exec-8 Generator4MethodAccessor field not found limit of object class name com.sparrow.coder.dao.query.TableConfigDBPagerQuery
2026-10-04 20:46:01.529 TRACE_ID WARN  http-nio-8888-exec-8 Generator4MethodAccessor field not found limit of object class name com.sparrow.coder.protocol.query.ProjectConfigQuery
2026-10-04 20:46:01.529 TRACE_ID WARN  http-nio-8888-exec-7 Generator4MethodAccessor field not found limit of object class name com.sparrow.coder.protocol.query.ProjectConfigQuery
2026-10-04 20:46:01.529 TRACE_ID WARN  http-nio-8888-exec-8 Generator4MethodAccessor field not found limit of object class name com.sparrow.coder.dao.query.ProjectConfigDBPagerQuery
2026-10-04 20:46:01.529 TRACE_ID WARN  http-nio-8888-exec-7 Generator4MethodAccessor field not found limit of object class name com.sparrow.coder.dao.query.ProjectConfigDBPagerQuery
2026-10-04 20:46:01.531 TRACE_ID WARN  http-nio-8888-exec-7 Generator4MethodAccessor field not found displayText of object class name com.sparrow.coder.po.ProjectConfig
2026-10-04 20:46:01.531 TRACE_ID WARN  http-nio-8888-exec-8 Generator4MethodAccessor field not found displayText of object class name com.sparrow.coder.po.ProjectConfig
2026-10-04 20:47:18.062 TRACE_ID WARN  http-nio-8888-exec-9 Generator4MethodAccessor field not found deleted of object class name com.sparrow.coder.protocol.param.TableConfigParam
2026-10-04 20:47:18.062 TRACE_ID WARN  http-nio-8888-exec-9 Generator4MethodAccessor field not found status of object class name com.sparrow.coder.protocol.param.TableConfigParam
2026-10-04 20:47:18.062 TRACE_ID WARN  http-nio-8888-exec-9 Generator4MethodAccessor field not found createUserId of object class name com.sparrow.coder.protocol.param.TableConfigParam
2026-10-04 20:47:18.062 TRACE_ID WARN  http-nio-8888-exec-9 Generator4MethodAccessor field not found modifiedUserId of object class name com.sparrow.coder.protocol.param.TableConfigParam
2026-10-04 20:47:18.062 TRACE_ID WARN  http-nio-8888-exec-9 Generator4MethodAccessor field not found gmtCreate of object class name com.sparrow.coder.protocol.param.TableConfigParam
2026-10-04 20:47:18.062 TRACE_ID WARN  http-nio-8888-exec-9 Generator4MethodAccessor field not found gmtModified of object class name com.sparrow.coder.protocol.param.TableConfigParam
2026-10-04 20:47:18.062 TRACE_ID WARN  http-nio-8888-exec-9 Generator4MethodAccessor field not found createUserName of object class name com.sparrow.coder.protocol.param.TableConfigParam
2026-10-04 20:47:18.062 TRACE_ID WARN  http-nio-8888-exec-9 Generator4MethodAccessor field not found modifiedUserName of object class name com.sparrow.coder.protocol.param.TableConfigParam
2026-10-04 20:47:27.054 TRACE_ID WARN  http-nio-8888-exec-4 Generator4MethodAccessor field not found displayText of object class name com.sparrow.coder.po.ProjectConfig
2026-10-04 20:47:27.055 TRACE_ID WARN  http-nio-8888-exec-4 Generator4MethodAccessor field not found limit of object class name com.sparrow.coder.protocol.query.TableConfigQuery
2026-10-04 20:47:27.055 TRACE_ID WARN  http-nio-8888-exec-4 Generator4MethodAccessor field not found limit of object class name com.sparrow.coder.dao.query.TableConfigDBPagerQuery
2026-10-04 20:47:27.671 TRACE_ID WARN  http-nio-8888-exec-6 Generator4MethodAccessor field not found limit of object class name com.sparrow.security.admin.protocol.query.PermissionQuery
2026-10-04 20:47:27.671 TRACE_ID WARN  http-nio-8888-exec-6 Generator4MethodAccessor field not found limit of object class name com.sparrow.security.admin.dao.query.PermissionDBPagerQuery
2026-10-04 20:47:34.524 TRACE_ID WARN  http-nio-8888-exec-8 Generator4MethodAccessor field not found limit of object class name com.sparrow.coder.protocol.query.TableConfigQuery
2026-10-04 20:47:34.524 TRACE_ID WARN  http-nio-8888-exec-8 Generator4MethodAccessor field not found limit of object class name com.sparrow.coder.dao.query.TableConfigDBPagerQuery
2026-10-04 20:47:34.535 TRACE_ID WARN  http-nio-8888-exec-8 Generator4MethodAccessor field not found limit of object class name com.sparrow.coder.protocol.query.TableConfigQuery
2026-10-04 20:47:34.535 TRACE_ID WARN  http-nio-8888-exec-8 Generator4MethodAccessor field not found limit of object class name com.sparrow.coder.dao.query.TableConfigDBPagerQuery
2026-10-04 20:47:34.539 TRACE_ID WARN  http-nio-8888-exec-8 Generator4MethodAccessor field not found limit of object class name com.sparrow.coder.protocol.query.ProjectConfigQuery
2026-10-04 20:47:34.539 TRACE_ID WARN  http-nio-8888-exec-8 Generator4MethodAccessor field not found limit of object class name com.sparrow.coder.dao.query.ProjectConfigDBPagerQuery
2026-10-04 20:47:34.541 TRACE_ID WARN  http-nio-8888-exec-8 Generator4MethodAccessor field not found displayText of object class name com.sparrow.coder.po.ProjectConfig
2026-10-04 20:47:34.601 TRACE_ID WARN  http-nio-8888-exec-10 Generator4MethodAccessor field not found limit of object class name com.sparrow.security.admin.protocol.query.PermissionQuery
2026-10-04 20:47:34.601 TRACE_ID WARN  http-nio-8888-exec-10 Generator4MethodAccessor field not found limit of object class name com.sparrow.security.admin.dao.query.PermissionDBPagerQuery
2026-10-04 20:47:41.472 TRACE_ID WARN  http-nio-8888-exec-9 Generator4MethodAccessor field not found limit of object class name com.sparrow.security.admin.protocol.query.AppQuery
2026-10-04 20:47:41.472 TRACE_ID WARN  http-nio-8888-exec-1 Generator4MethodAccessor field not found limit of object class name com.sparrow.security.admin.protocol.query.AppQuery
2026-10-04 20:47:41.472 TRACE_ID WARN  http-nio-8888-exec-1 Generator4MethodAccessor field not found limit of object class name com.sparrow.security.admin.dao.query.AppDBPagerQuery
2026-10-04 20:47:41.472 TRACE_ID WARN  http-nio-8888-exec-9 Generator4MethodAccessor field not found limit of object class name com.sparrow.security.admin.dao.query.AppDBPagerQuery
2026-10-04 20:47:41.481 TRACE_ID WARN  http-nio-8888-exec-1 Generator4MethodAccessor field not found limit of object class name com.sparrow.security.admin.protocol.query.AppQuery
2026-10-04 20:47:41.481 TRACE_ID WARN  http-nio-8888-exec-1 Generator4MethodAccessor field not found limit of object class name com.sparrow.security.admin.dao.query.AppDBPagerQuery
2026-10-04 20:47:41.481 TRACE_ID WARN  http-nio-8888-exec-9 Generator4MethodAccessor field not found limit of object class name com.sparrow.security.admin.protocol.query.AppQuery
2026-10-04 20:47:41.481 TRACE_ID WARN  http-nio-8888-exec-9 Generator4MethodAccessor field not found limit of object class name com.sparrow.security.admin.dao.query.AppDBPagerQuery
2026-10-04 20:47:41.482 TRACE_ID WARN  http-nio-8888-exec-9 Generator4MethodAccessor field not found displayText of object class name com.sparrow.security.po.App
2026-10-04 20:47:41.483 TRACE_ID WARN  http-nio-8888-exec-1 Generator4MethodAccessor field not found displayText of object class name com.sparrow.security.po.App
2026-10-04 20:47:42.845 TRACE_ID WARN  http-nio-8888-exec-5 Generator4MethodAccessor field not found limit of object class name com.sparrow.security.admin.protocol.query.MicroServiceQuery
2026-10-04 20:47:42.845 TRACE_ID WARN  http-nio-8888-exec-5 Generator4MethodAccessor field not found limit of object class name com.sparrow.security.admin.dao.query.MicroServiceDBPagerQuery
2026-10-04 20:47:42.846 TRACE_ID WARN  http-nio-8888-exec-8 Generator4MethodAccessor field not found limit of object class name com.sparrow.security.admin.protocol.query.MicroServiceQuery
2026-10-04 20:47:42.846 TRACE_ID WARN  http-nio-8888-exec-8 Generator4MethodAccessor field not found limit of object class name com.sparrow.security.admin.dao.query.MicroServiceDBPagerQuery
2026-10-04 20:47:42.847 TRACE_ID WARN  http-nio-8888-exec-5 Generator4MethodAccessor field not found limit of object class name com.sparrow.security.admin.protocol.query.MicroServiceQuery
2026-10-04 20:47:42.847 TRACE_ID WARN  http-nio-8888-exec-8 Generator4MethodAccessor field not found limit of object class name com.sparrow.security.admin.protocol.query.MicroServiceQuery
2026-10-04 20:47:42.847 TRACE_ID WARN  http-nio-8888-exec-5 Generator4MethodAccessor field not found limit of object class name com.sparrow.security.admin.dao.query.MicroServiceDBPagerQuery
2026-10-04 20:47:42.847 TRACE_ID WARN  http-nio-8888-exec-8 Generator4MethodAccessor field not found limit of object class name com.sparrow.security.admin.dao.query.MicroServiceDBPagerQuery
2026-10-04 20:47:42.848 TRACE_ID WARN  http-nio-8888-exec-5 Generator4MethodAccessor field not found displayText of object class name com.sparrow.security.po.MicroService
2026-10-04 20:47:42.848 TRACE_ID WARN  http-nio-8888-exec-5 Generator4MethodAccessor field not found limit of object class name com.sparrow.security.admin.protocol.query.AppQuery
2026-10-04 20:47:42.848 TRACE_ID WARN  http-nio-8888-exec-5 Generator4MethodAccessor field not found limit of object class name com.sparrow.security.admin.dao.query.AppDBPagerQuery
2026-10-04 20:47:42.848 TRACE_ID WARN  http-nio-8888-exec-8 Generator4MethodAccessor field not found displayText of object class name com.sparrow.security.po.MicroService
2026-10-04 20:47:42.849 TRACE_ID WARN  http-nio-8888-exec-8 Generator4MethodAccessor field not found limit of object class name com.sparrow.security.admin.protocol.query.AppQuery
2026-10-04 20:47:42.849 TRACE_ID WARN  http-nio-8888-exec-8 Generator4MethodAccessor field not found limit of object class name com.sparrow.security.admin.dao.query.AppDBPagerQuery
2026-10-04 20:47:42.850 TRACE_ID WARN  http-nio-8888-exec-8 Generator4MethodAccessor field not found displayText of object class name com.sparrow.security.po.App
2026-10-04 20:47:42.850 TRACE_ID WARN  http-nio-8888-exec-5 Generator4MethodAccessor field not found displayText of object class name com.sparrow.security.po.App
2026-10-04 20:47:44.017 TRACE_ID WARN  http-nio-8888-exec-2 Generator4MethodAccessor field not found limit of object class name com.sparrow.security.admin.protocol.query.OrganizationQuery
2026-10-04 20:47:44.017 TRACE_ID WARN  http-nio-8888-exec-2 Generator4MethodAccessor field not found limit of object class name com.sparrow.security.admin.dao.query.OrganizationDBPagerQuery
2026-10-04 20:47:44.017 TRACE_ID WARN  http-nio-8888-exec-3 Generator4MethodAccessor field not found limit of object class name com.sparrow.security.admin.protocol.query.OrganizationQuery
2026-10-04 20:47:44.018 TRACE_ID WARN  http-nio-8888-exec-3 Generator4MethodAccessor field not found limit of object class name com.sparrow.security.admin.dao.query.OrganizationDBPagerQuery
2026-10-04 20:47:44.025 TRACE_ID WARN  http-nio-8888-exec-2 Generator4MethodAccessor field not found limit of object class name com.sparrow.security.admin.protocol.query.OrganizationQuery
2026-10-04 20:47:44.025 TRACE_ID WARN  http-nio-8888-exec-2 Generator4MethodAccessor field not found limit of object class name com.sparrow.security.admin.dao.query.OrganizationDBPagerQuery
2026-10-04 20:47:44.026 TRACE_ID WARN  http-nio-8888-exec-3 Generator4MethodAccessor field not found limit of object class name com.sparrow.security.admin.protocol.query.OrganizationQuery
2026-10-04 20:47:44.026 TRACE_ID WARN  http-nio-8888-exec-3 Generator4MethodAccessor field not found limit of object class name com.sparrow.security.admin.dao.query.OrganizationDBPagerQuery
2026-10-04 20:47:44.028 TRACE_ID WARN  http-nio-8888-exec-3 Generator4MethodAccessor field not found displayText of object class name com.sparrow.security.po.Organization
2026-10-04 20:47:44.028 TRACE_ID WARN  http-nio-8888-exec-3 Generator4MethodAccessor field not found displayText of object class name com.sparrow.security.po.Organization
2026-10-04 20:47:44.029 TRACE_ID WARN  http-nio-8888-exec-2 Generator4MethodAccessor field not found displayText of object class name com.sparrow.security.po.Organization
2026-10-04 20:47:44.029 TRACE_ID WARN  http-nio-8888-exec-3 Generator4MethodAccessor field not found displayText of object class name com.sparrow.security.po.Organization
2026-10-04 20:47:44.029 TRACE_ID WARN  http-nio-8888-exec-2 Generator4MethodAccessor field not found displayText of object class name com.sparrow.security.po.Organization
2026-10-04 20:47:44.029 TRACE_ID WARN  http-nio-8888-exec-2 Generator4MethodAccessor field not found displayText of object class name com.sparrow.security.po.Organization
2026-10-04 20:47:44.033 TRACE_ID WARN  http-nio-8888-exec-2 Generator4MethodAccessor field not found limit of object class name com.sparrow.security.admin.protocol.query.OrganizationQuery
2026-10-04 20:47:44.033 TRACE_ID WARN  http-nio-8888-exec-2 Generator4MethodAccessor field not found limit of object class name com.sparrow.security.admin.dao.query.OrganizationDBPagerQuery
2026-10-04 20:47:44.034 TRACE_ID WARN  http-nio-8888-exec-3 Generator4MethodAccessor field not found limit of object class name com.sparrow.security.admin.protocol.query.OrganizationQuery
2026-10-04 20:47:44.034 TRACE_ID WARN  http-nio-8888-exec-3 Generator4MethodAccessor field not found limit of object class name com.sparrow.security.admin.dao.query.OrganizationDBPagerQuery
2026-10-04 20:47:44.036 TRACE_ID WARN  http-nio-8888-exec-2 Generator4MethodAccessor field not found displayText of object class name com.sparrow.security.po.Organization
2026-10-04 20:47:44.036 TRACE_ID WARN  http-nio-8888-exec-3 Generator4MethodAccessor field not found displayText of object class name com.sparrow.security.po.Organization
2026-10-04 20:47:44.036 TRACE_ID WARN  http-nio-8888-exec-3 Generator4MethodAccessor field not found displayText of object class name com.sparrow.security.po.Organization
2026-10-04 20:47:44.036 TRACE_ID WARN  http-nio-8888-exec-3 Generator4MethodAccessor field not found displayText of object class name com.sparrow.security.po.Organization
2026-10-04 20:47:44.037 TRACE_ID WARN  http-nio-8888-exec-2 Generator4MethodAccessor field not found displayText of object class name com.sparrow.security.po.Organization
2026-10-04 20:47:44.037 TRACE_ID WARN  http-nio-8888-exec-2 Generator4MethodAccessor field not found displayText of object class name com.sparrow.security.po.Organization
2026-10-04 20:47:45.229 TRACE_ID WARN  http-nio-8888-exec-4 Generator4MethodAccessor field not found limit of object class name com.sparrow.security.admin.protocol.query.PositionQuery
2026-10-04 20:47:45.229 TRACE_ID WARN  http-nio-8888-exec-4 Generator4MethodAccessor field not found limit of object class name com.sparrow.security.admin.dao.query.PositionDBPagerQuery
2026-10-04 20:47:45.229 TRACE_ID WARN  http-nio-8888-exec-6 Generator4MethodAccessor field not found limit of object class name com.sparrow.security.admin.protocol.query.PositionQuery
2026-10-04 20:47:45.229 TRACE_ID WARN  http-nio-8888-exec-6 Generator4MethodAccessor field not found limit of object class name com.sparrow.security.admin.dao.query.PositionDBPagerQuery
2026-10-04 20:47:45.232 TRACE_ID WARN  http-nio-8888-exec-4 Generator4MethodAccessor field not found limit of object class name com.sparrow.security.admin.protocol.query.PositionQuery
2026-10-04 20:47:45.232 TRACE_ID WARN  http-nio-8888-exec-4 Generator4MethodAccessor field not found limit of object class name com.sparrow.security.admin.dao.query.PositionDBPagerQuery
2026-10-04 20:47:45.232 TRACE_ID WARN  http-nio-8888-exec-6 Generator4MethodAccessor field not found limit of object class name com.sparrow.security.admin.protocol.query.PositionQuery
2026-10-04 20:47:45.232 TRACE_ID WARN  http-nio-8888-exec-6 Generator4MethodAccessor field not found limit of object class name com.sparrow.security.admin.dao.query.PositionDBPagerQuery
2026-10-04 20:47:45.233 TRACE_ID WARN  http-nio-8888-exec-6 Generator4MethodAccessor field not found displayText of object class name com.sparrow.security.po.Position
2026-10-04 20:47:45.233 TRACE_ID WARN  http-nio-8888-exec-6 Generator4MethodAccessor field not found displayText of object class name com.sparrow.security.po.Position
2026-10-04 20:47:45.233 TRACE_ID WARN  http-nio-8888-exec-4 Generator4MethodAccessor field not found displayText of object class name com.sparrow.security.po.Position
2026-10-04 20:47:45.233 TRACE_ID WARN  http-nio-8888-exec-4 Generator4MethodAccessor field not found displayText of object class name com.sparrow.security.po.Position
2026-10-04 20:47:45.234 TRACE_ID WARN  http-nio-8888-exec-6 Generator4MethodAccessor field not found limit of object class name com.sparrow.security.admin.protocol.query.OrganizationQuery
2026-10-04 20:47:45.234 TRACE_ID WARN  http-nio-8888-exec-6 Generator4MethodAccessor field not found limit of object class name com.sparrow.security.admin.dao.query.OrganizationDBPagerQuery
2026-10-04 20:47:45.234 TRACE_ID WARN  http-nio-8888-exec-4 Generator4MethodAccessor field not found limit of object class name com.sparrow.security.admin.protocol.query.OrganizationQuery
2026-10-04 20:47:45.234 TRACE_ID WARN  http-nio-8888-exec-4 Generator4MethodAccessor field not found limit of object class name com.sparrow.security.admin.dao.query.OrganizationDBPagerQuery
2026-10-04 20:47:45.236 TRACE_ID WARN  http-nio-8888-exec-6 Generator4MethodAccessor field not found displayText of object class name com.sparrow.security.po.Organization
2026-10-04 20:47:45.236 TRACE_ID WARN  http-nio-8888-exec-6 Generator4MethodAccessor field not found displayText of object class name com.sparrow.security.po.Organization
2026-10-04 20:47:45.236 TRACE_ID WARN  http-nio-8888-exec-6 Generator4MethodAccessor field not found displayText of object class name com.sparrow.security.po.Organization
2026-10-04 20:47:45.237 TRACE_ID WARN  http-nio-8888-exec-4 Generator4MethodAccessor field not found displayText of object class name com.sparrow.security.po.Organization
2026-10-04 20:47:45.237 TRACE_ID WARN  http-nio-8888-exec-4 Generator4MethodAccessor field not found displayText of object class name com.sparrow.security.po.Organization
2026-10-04 20:47:45.237 TRACE_ID WARN  http-nio-8888-exec-4 Generator4MethodAccessor field not found displayText of object class name com.sparrow.security.po.Organization
2026-10-04 20:47:46.212 TRACE_ID WARN  http-nio-8888-exec-7 Generator4MethodAccessor field not found limit of object class name com.sparrow.security.admin.protocol.query.AdminUserQuery
2026-10-04 20:47:46.212 TRACE_ID WARN  http-nio-8888-exec-7 Generator4MethodAccessor field not found limit of object class name com.sparrow.security.admin.dao.query.AdminUserDBPagerQuery
2026-10-04 20:47:46.212 TRACE_ID WARN  http-nio-8888-exec-10 Generator4MethodAccessor field not found limit of object class name com.sparrow.security.admin.protocol.query.AdminUserQuery
2026-10-04 20:47:46.212 TRACE_ID WARN  http-nio-8888-exec-10 Generator4MethodAccessor field not found limit of object class name com.sparrow.security.admin.dao.query.AdminUserDBPagerQuery
2026-10-04 20:47:46.213 TRACE_ID WARN  http-nio-8888-exec-7 Generator4MethodAccessor field not found limit of object class name com.sparrow.security.admin.protocol.query.AdminUserQuery
2026-10-04 20:47:46.213 TRACE_ID WARN  http-nio-8888-exec-7 Generator4MethodAccessor field not found limit of object class name com.sparrow.security.admin.dao.query.AdminUserDBPagerQuery
2026-10-04 20:47:46.214 TRACE_ID WARN  http-nio-8888-exec-10 Generator4MethodAccessor field not found limit of object class name com.sparrow.security.admin.protocol.query.AdminUserQuery
2026-10-04 20:47:46.214 TRACE_ID WARN  http-nio-8888-exec-10 Generator4MethodAccessor field not found limit of object class name com.sparrow.security.admin.dao.query.AdminUserDBPagerQuery
2026-10-04 20:47:46.214 TRACE_ID WARN  http-nio-8888-exec-7 Generator4MethodAccessor field not found limit of object class name com.sparrow.security.admin.protocol.query.OrganizationQuery
2026-10-04 20:47:46.214 TRACE_ID WARN  http-nio-8888-exec-7 Generator4MethodAccessor field not found limit of object class name com.sparrow.security.admin.dao.query.OrganizationDBPagerQuery
2026-10-04 20:47:46.214 TRACE_ID WARN  http-nio-8888-exec-10 Generator4MethodAccessor field not found limit of object class name com.sparrow.security.admin.protocol.query.OrganizationQuery
2026-10-04 20:47:46.214 TRACE_ID WARN  http-nio-8888-exec-10 Generator4MethodAccessor field not found limit of object class name com.sparrow.security.admin.dao.query.OrganizationDBPagerQuery
2026-10-04 20:47:46.215 TRACE_ID WARN  http-nio-8888-exec-7 Generator4MethodAccessor field not found displayText of object class name com.sparrow.security.po.Organization
2026-10-04 20:47:46.215 TRACE_ID WARN  http-nio-8888-exec-7 Generator4MethodAccessor field not found displayText of object class name com.sparrow.security.po.Organization
2026-10-04 20:47:46.215 TRACE_ID WARN  http-nio-8888-exec-7 Generator4MethodAccessor field not found displayText of object class name com.sparrow.security.po.Organization
2026-10-04 20:47:46.215 TRACE_ID WARN  http-nio-8888-exec-7 Generator4MethodAccessor field not found limit of object class name com.sparrow.security.admin.protocol.query.PositionQuery
2026-10-04 20:47:46.215 TRACE_ID WARN  http-nio-8888-exec-7 Generator4MethodAccessor field not found limit of object class name com.sparrow.security.admin.dao.query.PositionDBPagerQuery
2026-10-04 20:47:46.215 TRACE_ID WARN  http-nio-8888-exec-10 Generator4MethodAccessor field not found displayText of object class name com.sparrow.security.po.Organization
2026-10-04 20:47:46.215 TRACE_ID WARN  http-nio-8888-exec-10 Generator4MethodAccessor field not found displayText of object class name com.sparrow.security.po.Organization
2026-10-04 20:47:46.215 TRACE_ID WARN  http-nio-8888-exec-10 Generator4MethodAccessor field not found displayText of object class name com.sparrow.security.po.Organization
2026-10-04 20:47:46.215 TRACE_ID WARN  http-nio-8888-exec-10 Generator4MethodAccessor field not found limit of object class name com.sparrow.security.admin.protocol.query.PositionQuery
2026-10-04 20:47:46.215 TRACE_ID WARN  http-nio-8888-exec-10 Generator4MethodAccessor field not found limit of object class name com.sparrow.security.admin.dao.query.PositionDBPagerQuery
2026-10-04 20:47:46.216 TRACE_ID WARN  http-nio-8888-exec-7 Generator4MethodAccessor field not found displayText of object class name com.sparrow.security.po.Position
2026-10-04 20:47:46.216 TRACE_ID WARN  http-nio-8888-exec-7 Generator4MethodAccessor field not found displayText of object class name com.sparrow.security.po.Position
2026-10-04 20:47:46.216 TRACE_ID WARN  http-nio-8888-exec-10 Generator4MethodAccessor field not found displayText of object class name com.sparrow.security.po.Position
2026-10-04 20:47:46.216 TRACE_ID WARN  http-nio-8888-exec-10 Generator4MethodAccessor field not found displayText of object class name com.sparrow.security.po.Position
2026-10-04 20:47:47.357 TRACE_ID WARN  http-nio-8888-exec-1 Generator4MethodAccessor field not found limit of object class name com.sparrow.security.admin.protocol.query.UserGroupQuery
2026-10-04 20:47:47.357 TRACE_ID WARN  http-nio-8888-exec-9 Generator4MethodAccessor field not found limit of object class name com.sparrow.security.admin.protocol.query.UserGroupQuery
2026-10-04 20:47:47.357 TRACE_ID WARN  http-nio-8888-exec-1 Generator4MethodAccessor field not found limit of object class name com.sparrow.security.admin.dao.query.UserGroupDBPagerQuery
2026-10-04 20:47:47.357 TRACE_ID WARN  http-nio-8888-exec-9 Generator4MethodAccessor field not found limit of object class name com.sparrow.security.admin.dao.query.UserGroupDBPagerQuery
2026-10-04 20:47:48.503 TRACE_ID WARN  http-nio-8888-exec-5 Generator4MethodAccessor field not found limit of object class name com.sparrow.security.admin.protocol.query.RoleQuery
2026-10-04 20:47:48.503 TRACE_ID WARN  http-nio-8888-exec-5 Generator4MethodAccessor field not found limit of object class name com.sparrow.security.admin.dao.query.RoleDBPagerQuery
2026-10-04 20:47:48.503 TRACE_ID WARN  http-nio-8888-exec-8 Generator4MethodAccessor field not found limit of object class name com.sparrow.security.admin.protocol.query.RoleQuery
2026-10-04 20:47:48.503 TRACE_ID WARN  http-nio-8888-exec-8 Generator4MethodAccessor field not found limit of object class name com.sparrow.security.admin.dao.query.RoleDBPagerQuery
2026-10-04 20:47:49.493 TRACE_ID WARN  http-nio-8888-exec-2 Generator4MethodAccessor field not found limit of object class name com.sparrow.security.admin.protocol.query.PermissionQuery
2026-10-04 20:47:49.493 TRACE_ID WARN  http-nio-8888-exec-2 Generator4MethodAccessor field not found limit of object class name com.sparrow.security.admin.dao.query.PermissionDBPagerQuery
2026-10-04 20:47:49.493 TRACE_ID WARN  http-nio-8888-exec-3 Generator4MethodAccessor field not found limit of object class name com.sparrow.security.admin.protocol.query.PermissionQuery
2026-10-04 20:47:49.493 TRACE_ID WARN  http-nio-8888-exec-3 Generator4MethodAccessor field not found limit of object class name com.sparrow.security.admin.dao.query.PermissionDBPagerQuery
2026-10-04 20:47:50.293 TRACE_ID WARN  http-nio-8888-exec-1 Generator4MethodAccessor field not found limit of object class name com.sparrow.security.admin.protocol.query.UserGroupQuery
2026-10-04 20:47:50.293 TRACE_ID WARN  http-nio-8888-exec-9 Generator4MethodAccessor field not found limit of object class name com.sparrow.security.admin.protocol.query.UserGroupQuery
2026-10-04 20:47:50.293 TRACE_ID WARN  http-nio-8888-exec-1 Generator4MethodAccessor field not found limit of object class name com.sparrow.security.admin.dao.query.UserGroupDBPagerQuery
2026-10-04 20:47:50.293 TRACE_ID WARN  http-nio-8888-exec-9 Generator4MethodAccessor field not found limit of object class name com.sparrow.security.admin.dao.query.UserGroupDBPagerQuery
2026-10-04 20:48:16.070 TRACE_ID WARN  http-nio-8888-exec-6 Generator4MethodAccessor field not found deleted of object class name com.sparrow.security.admin.protocol.param.UserGroupParam
2026-10-04 20:48:16.070 TRACE_ID WARN  http-nio-8888-exec-6 Generator4MethodAccessor field not found status of object class name com.sparrow.security.admin.protocol.param.UserGroupParam
2026-10-04 20:48:16.070 TRACE_ID WARN  http-nio-8888-exec-6 Generator4MethodAccessor field not found createUserId of object class name com.sparrow.security.admin.protocol.param.UserGroupParam
2026-10-04 20:48:16.070 TRACE_ID WARN  http-nio-8888-exec-6 Generator4MethodAccessor field not found modifiedUserId of object class name com.sparrow.security.admin.protocol.param.UserGroupParam
2026-10-04 20:48:16.070 TRACE_ID WARN  http-nio-8888-exec-6 Generator4MethodAccessor field not found gmtCreate of object class name com.sparrow.security.admin.protocol.param.UserGroupParam
2026-10-04 20:48:16.070 TRACE_ID WARN  http-nio-8888-exec-6 Generator4MethodAccessor field not found gmtModified of object class name com.sparrow.security.admin.protocol.param.UserGroupParam
2026-10-04 20:48:16.070 TRACE_ID WARN  http-nio-8888-exec-6 Generator4MethodAccessor field not found createUserName of object class name com.sparrow.security.admin.protocol.param.UserGroupParam
2026-10-04 20:48:16.070 TRACE_ID WARN  http-nio-8888-exec-6 Generator4MethodAccessor field not found modifiedUserName of object class name com.sparrow.security.admin.protocol.param.UserGroupParam
2026-10-04 20:48:34.564 TRACE_ID WARN  http-nio-8888-exec-7 Generator4MethodAccessor field not found limit of object class name com.sparrow.security.admin.protocol.query.AppQuery
2026-10-04 20:48:34.564 TRACE_ID WARN  http-nio-8888-exec-10 Generator4MethodAccessor field not found limit of object class name com.sparrow.security.admin.protocol.query.AppQuery
2026-10-04 20:48:34.564 TRACE_ID WARN  http-nio-8888-exec-7 Generator4MethodAccessor field not found limit of object class name com.sparrow.security.admin.dao.query.AppDBPagerQuery
2026-10-04 20:48:34.564 TRACE_ID WARN  http-nio-8888-exec-10 Generator4MethodAccessor field not found limit of object class name com.sparrow.security.admin.dao.query.AppDBPagerQuery
2026-10-04 20:48:34.569 TRACE_ID WARN  http-nio-8888-exec-10 Generator4MethodAccessor field not found limit of object class name com.sparrow.security.admin.protocol.query.AppQuery
2026-10-04 20:48:34.569 TRACE_ID WARN  http-nio-8888-exec-7 Generator4MethodAccessor field not found limit of object class name com.sparrow.security.admin.protocol.query.AppQuery
2026-10-04 20:48:34.569 TRACE_ID WARN  http-nio-8888-exec-10 Generator4MethodAccessor field not found limit of object class name com.sparrow.security.admin.dao.query.AppDBPagerQuery
2026-10-04 20:48:34.569 TRACE_ID WARN  http-nio-8888-exec-7 Generator4MethodAccessor field not found limit of object class name com.sparrow.security.admin.dao.query.AppDBPagerQuery
2026-10-04 20:48:34.571 TRACE_ID WARN  http-nio-8888-exec-10 Generator4MethodAccessor field not found displayText of object class name com.sparrow.security.po.App
2026-10-04 20:48:34.571 TRACE_ID WARN  http-nio-8888-exec-7 Generator4MethodAccessor field not found displayText of object class name com.sparrow.security.po.App
2026-10-04 20:48:35.359 TRACE_ID WARN  http-nio-8888-exec-1 Generator4MethodAccessor field not found limit of object class name com.sparrow.security.admin.protocol.query.MicroServiceQuery
2026-10-04 20:48:35.359 TRACE_ID WARN  http-nio-8888-exec-1 Generator4MethodAccessor field not found limit of object class name com.sparrow.security.admin.dao.query.MicroServiceDBPagerQuery
2026-10-04 20:48:35.361 TRACE_ID WARN  http-nio-8888-exec-1 Generator4MethodAccessor field not found limit of object class name com.sparrow.security.admin.protocol.query.MicroServiceQuery
2026-10-04 20:48:35.361 TRACE_ID WARN  http-nio-8888-exec-1 Generator4MethodAccessor field not found limit of object class name com.sparrow.security.admin.dao.query.MicroServiceDBPagerQuery
2026-10-04 20:48:35.361 TRACE_ID WARN  http-nio-8888-exec-9 Generator4MethodAccessor field not found limit of object class name com.sparrow.security.admin.protocol.query.MicroServiceQuery
2026-10-04 20:48:35.361 TRACE_ID WARN  http-nio-8888-exec-9 Generator4MethodAccessor field not found limit of object class name com.sparrow.security.admin.dao.query.MicroServiceDBPagerQuery
2026-10-04 20:48:35.362 TRACE_ID WARN  http-nio-8888-exec-9 Generator4MethodAccessor field not found limit of object class name com.sparrow.security.admin.protocol.query.MicroServiceQuery
2026-10-04 20:48:35.362 TRACE_ID WARN  http-nio-8888-exec-9 Generator4MethodAccessor field not found limit of object class name com.sparrow.security.admin.dao.query.MicroServiceDBPagerQuery
2026-10-04 20:48:35.362 TRACE_ID WARN  http-nio-8888-exec-1 Generator4MethodAccessor field not found displayText of object class name com.sparrow.security.po.MicroService
2026-10-04 20:48:35.362 TRACE_ID WARN  http-nio-8888-exec-1 Generator4MethodAccessor field not found limit of object class name com.sparrow.security.admin.protocol.query.AppQuery
2026-10-04 20:48:35.362 TRACE_ID WARN  http-nio-8888-exec-1 Generator4MethodAccessor field not found limit of object class name com.sparrow.security.admin.dao.query.AppDBPagerQuery
2026-10-04 20:48:35.363 TRACE_ID WARN  http-nio-8888-exec-9 Generator4MethodAccessor field not found displayText of object class name com.sparrow.security.po.MicroService
2026-10-04 20:48:35.363 TRACE_ID WARN  http-nio-8888-exec-9 Generator4MethodAccessor field not found limit of object class name com.sparrow.security.admin.protocol.query.AppQuery
2026-10-04 20:48:35.363 TRACE_ID WARN  http-nio-8888-exec-9 Generator4MethodAccessor field not found limit of object class name com.sparrow.security.admin.dao.query.AppDBPagerQuery
2026-10-04 20:48:35.363 TRACE_ID WARN  http-nio-8888-exec-1 Generator4MethodAccessor field not found displayText of object class name com.sparrow.security.po.App
2026-10-04 20:48:35.363 TRACE_ID WARN  http-nio-8888-exec-9 Generator4MethodAccessor field not found displayText of object class name com.sparrow.security.po.App
2026-10-04 20:48:41.647 TRACE_ID WARN  http-nio-8888-exec-8 Generator4MethodAccessor field not found limit of object class name com.sparrow.security.admin.protocol.query.OrganizationQuery
2026-10-04 20:48:41.649 TRACE_ID WARN  http-nio-8888-exec-8 Generator4MethodAccessor field not found limit of object class name com.sparrow.security.admin.dao.query.OrganizationDBPagerQuery
2026-10-04 20:48:41.647 TRACE_ID WARN  http-nio-8888-exec-5 Generator4MethodAccessor field not found limit of object class name com.sparrow.security.admin.protocol.query.OrganizationQuery
2026-10-04 20:48:41.650 TRACE_ID WARN  http-nio-8888-exec-5 Generator4MethodAccessor field not found limit of object class name com.sparrow.security.admin.dao.query.OrganizationDBPagerQuery
2026-10-04 20:48:41.674 TRACE_ID WARN  http-nio-8888-exec-8 Generator4MethodAccessor field not found limit of object class name com.sparrow.security.admin.protocol.query.OrganizationQuery
2026-10-04 20:48:41.674 TRACE_ID WARN  http-nio-8888-exec-8 Generator4MethodAccessor field not found limit of object class name com.sparrow.security.admin.dao.query.OrganizationDBPagerQuery
2026-10-04 20:48:41.675 TRACE_ID WARN  http-nio-8888-exec-5 Generator4MethodAccessor field not found limit of object class name com.sparrow.security.admin.protocol.query.OrganizationQuery
2026-10-04 20:48:41.675 TRACE_ID WARN  http-nio-8888-exec-5 Generator4MethodAccessor field not found limit of object class name com.sparrow.security.admin.dao.query.OrganizationDBPagerQuery
2026-10-04 20:48:41.676 TRACE_ID WARN  http-nio-8888-exec-8 Generator4MethodAccessor field not found displayText of object class name com.sparrow.security.po.Organization
2026-10-04 20:48:41.676 TRACE_ID WARN  http-nio-8888-exec-8 Generator4MethodAccessor field not found displayText of object class name com.sparrow.security.po.Organization
2026-10-04 20:48:41.676 TRACE_ID WARN  http-nio-8888-exec-8 Generator4MethodAccessor field not found displayText of object class name com.sparrow.security.po.Organization
2026-10-04 20:48:41.676 TRACE_ID WARN  http-nio-8888-exec-5 Generator4MethodAccessor field not found displayText of object class name com.sparrow.security.po.Organization
2026-10-04 20:48:41.676 TRACE_ID WARN  http-nio-8888-exec-5 Generator4MethodAccessor field not found displayText of object class name com.sparrow.security.po.Organization
2026-10-04 20:48:41.676 TRACE_ID WARN  http-nio-8888-exec-5 Generator4MethodAccessor field not found displayText of object class name com.sparrow.security.po.Organization
2026-10-04 20:48:41.679 TRACE_ID WARN  http-nio-8888-exec-8 Generator4MethodAccessor field not found limit of object class name com.sparrow.security.admin.protocol.query.OrganizationQuery
2026-10-04 20:48:41.679 TRACE_ID WARN  http-nio-8888-exec-8 Generator4MethodAccessor field not found limit of object class name com.sparrow.security.admin.dao.query.OrganizationDBPagerQuery
2026-10-04 20:48:41.681 TRACE_ID WARN  http-nio-8888-exec-5 Generator4MethodAccessor field not found limit of object class name com.sparrow.security.admin.protocol.query.OrganizationQuery
2026-10-04 20:48:41.682 TRACE_ID WARN  http-nio-8888-exec-5 Generator4MethodAccessor field not found limit of object class name com.sparrow.security.admin.dao.query.OrganizationDBPagerQuery
2026-10-04 20:48:41.683 TRACE_ID WARN  http-nio-8888-exec-8 Generator4MethodAccessor field not found displayText of object class name com.sparrow.security.po.Organization
2026-10-04 20:48:41.683 TRACE_ID WARN  http-nio-8888-exec-8 Generator4MethodAccessor field not found displayText of object class name com.sparrow.security.po.Organization
2026-10-04 20:48:41.683 TRACE_ID WARN  http-nio-8888-exec-8 Generator4MethodAccessor field not found displayText of object class name com.sparrow.security.po.Organization
2026-10-04 20:48:41.683 TRACE_ID WARN  http-nio-8888-exec-5 Generator4MethodAccessor field not found displayText of object class name com.sparrow.security.po.Organization
2026-10-04 20:48:41.684 TRACE_ID WARN  http-nio-8888-exec-5 Generator4MethodAccessor field not found displayText of object class name com.sparrow.security.po.Organization
2026-10-04 20:48:41.684 TRACE_ID WARN  http-nio-8888-exec-5 Generator4MethodAccessor field not found displayText of object class name com.sparrow.security.po.Organization
2026-10-04 20:48:43.052 TRACE_ID WARN  http-nio-8888-exec-2 Generator4MethodAccessor field not found limit of object class name com.sparrow.security.admin.protocol.query.PositionQuery
2026-10-04 20:48:43.052 TRACE_ID WARN  http-nio-8888-exec-2 Generator4MethodAccessor field not found limit of object class name com.sparrow.security.admin.dao.query.PositionDBPagerQuery
2026-10-04 20:48:43.054 TRACE_ID WARN  http-nio-8888-exec-3 Generator4MethodAccessor field not found limit of object class name com.sparrow.security.admin.protocol.query.PositionQuery
2026-10-04 20:48:43.054 TRACE_ID WARN  http-nio-8888-exec-3 Generator4MethodAccessor field not found limit of object class name com.sparrow.security.admin.dao.query.PositionDBPagerQuery
2026-10-04 20:48:43.056 TRACE_ID WARN  http-nio-8888-exec-2 Generator4MethodAccessor field not found limit of object class name com.sparrow.security.admin.protocol.query.PositionQuery
2026-10-04 20:48:43.056 TRACE_ID WARN  http-nio-8888-exec-3 Generator4MethodAccessor field not found limit of object class name com.sparrow.security.admin.protocol.query.PositionQuery
2026-10-04 20:48:43.057 TRACE_ID WARN  http-nio-8888-exec-3 Generator4MethodAccessor field not found limit of object class name com.sparrow.security.admin.dao.query.PositionDBPagerQuery
2026-10-04 20:48:43.057 TRACE_ID WARN  http-nio-8888-exec-2 Generator4MethodAccessor field not found limit of object class name com.sparrow.security.admin.dao.query.PositionDBPagerQuery
2026-10-04 20:48:43.060 TRACE_ID WARN  http-nio-8888-exec-2 Generator4MethodAccessor field not found displayText of object class name com.sparrow.security.po.Position
2026-10-04 20:48:43.060 TRACE_ID WARN  http-nio-8888-exec-2 Generator4MethodAccessor field not found displayText of object class name com.sparrow.security.po.Position
2026-10-04 20:48:43.061 TRACE_ID WARN  http-nio-8888-exec-2 Generator4MethodAccessor field not found limit of object class name com.sparrow.security.admin.protocol.query.OrganizationQuery
2026-10-04 20:48:43.061 TRACE_ID WARN  http-nio-8888-exec-2 Generator4MethodAccessor field not found limit of object class name com.sparrow.security.admin.dao.query.OrganizationDBPagerQuery
2026-10-04 20:48:43.062 TRACE_ID WARN  http-nio-8888-exec-3 Generator4MethodAccessor field not found displayText of object class name com.sparrow.security.po.Position
2026-10-04 20:48:43.062 TRACE_ID WARN  http-nio-8888-exec-3 Generator4MethodAccessor field not found displayText of object class name com.sparrow.security.po.Position
2026-10-04 20:48:43.062 TRACE_ID WARN  http-nio-8888-exec-3 Generator4MethodAccessor field not found limit of object class name com.sparrow.security.admin.protocol.query.OrganizationQuery
2026-10-04 20:48:43.062 TRACE_ID WARN  http-nio-8888-exec-3 Generator4MethodAccessor field not found limit of object class name com.sparrow.security.admin.dao.query.OrganizationDBPagerQuery
2026-10-04 20:48:43.064 TRACE_ID WARN  http-nio-8888-exec-2 Generator4MethodAccessor field not found displayText of object class name com.sparrow.security.po.Organization
2026-10-04 20:48:43.064 TRACE_ID WARN  http-nio-8888-exec-2 Generator4MethodAccessor field not found displayText of object class name com.sparrow.security.po.Organization
2026-10-04 20:48:43.064 TRACE_ID WARN  http-nio-8888-exec-2 Generator4MethodAccessor field not found displayText of object class name com.sparrow.security.po.Organization
2026-10-04 20:48:43.064 TRACE_ID WARN  http-nio-8888-exec-3 Generator4MethodAccessor field not found displayText of object class name com.sparrow.security.po.Organization
2026-10-04 20:48:43.067 TRACE_ID WARN  http-nio-8888-exec-3 Generator4MethodAccessor field not found displayText of object class name com.sparrow.security.po.Organization
2026-10-04 20:48:43.067 TRACE_ID WARN  http-nio-8888-exec-3 Generator4MethodAccessor field not found displayText of object class name com.sparrow.security.po.Organization
2026-10-04 20:48:44.983 TRACE_ID WARN  http-nio-8888-exec-6 Generator4MethodAccessor field not found limit of object class name com.sparrow.security.admin.protocol.query.AdminUserQuery
2026-10-04 20:48:44.983 TRACE_ID WARN  http-nio-8888-exec-6 Generator4MethodAccessor field not found limit of object class name com.sparrow.security.admin.dao.query.AdminUserDBPagerQuery
2026-10-04 20:48:44.983 TRACE_ID WARN  http-nio-8888-exec-4 Generator4MethodAccessor field not found limit of object class name com.sparrow.security.admin.protocol.query.AdminUserQuery
2026-10-04 20:48:44.983 TRACE_ID WARN  http-nio-8888-exec-4 Generator4MethodAccessor field not found limit of object class name com.sparrow.security.admin.dao.query.AdminUserDBPagerQuery
2026-10-04 20:48:45.032 TRACE_ID WARN  http-nio-8888-exec-4 Generator4MethodAccessor field not found limit of object class name com.sparrow.security.admin.protocol.query.AdminUserQuery
2026-10-04 20:48:45.032 TRACE_ID WARN  http-nio-8888-exec-4 Generator4MethodAccessor field not found limit of object class name com.sparrow.security.admin.dao.query.AdminUserDBPagerQuery
2026-10-04 20:48:45.032 TRACE_ID WARN  http-nio-8888-exec-6 Generator4MethodAccessor field not found limit of object class name com.sparrow.security.admin.protocol.query.AdminUserQuery
2026-10-04 20:48:45.032 TRACE_ID WARN  http-nio-8888-exec-6 Generator4MethodAccessor field not found limit of object class name com.sparrow.security.admin.dao.query.AdminUserDBPagerQuery
2026-10-04 20:48:45.039 TRACE_ID WARN  http-nio-8888-exec-4 Generator4MethodAccessor field not found limit of object class name com.sparrow.security.admin.protocol.query.OrganizationQuery
2026-10-04 20:48:45.039 TRACE_ID WARN  http-nio-8888-exec-4 Generator4MethodAccessor field not found limit of object class name com.sparrow.security.admin.dao.query.OrganizationDBPagerQuery
2026-10-04 20:48:45.039 TRACE_ID WARN  http-nio-8888-exec-6 Generator4MethodAccessor field not found limit of object class name com.sparrow.security.admin.protocol.query.OrganizationQuery
2026-10-04 20:48:45.039 TRACE_ID WARN  http-nio-8888-exec-6 Generator4MethodAccessor field not found limit of object class name com.sparrow.security.admin.dao.query.OrganizationDBPagerQuery
2026-10-04 20:48:45.048 TRACE_ID WARN  http-nio-8888-exec-4 Generator4MethodAccessor field not found displayText of object class name com.sparrow.security.po.Organization
2026-10-04 20:48:45.048 TRACE_ID WARN  http-nio-8888-exec-4 Generator4MethodAccessor field not found displayText of object class name com.sparrow.security.po.Organization
2026-10-04 20:48:45.049 TRACE_ID WARN  http-nio-8888-exec-6 Generator4MethodAccessor field not found displayText of object class name com.sparrow.security.po.Organization
2026-10-04 20:48:45.049 TRACE_ID WARN  http-nio-8888-exec-6 Generator4MethodAccessor field not found displayText of object class name com.sparrow.security.po.Organization
2026-10-04 20:48:45.049 TRACE_ID WARN  http-nio-8888-exec-6 Generator4MethodAccessor field not found displayText of object class name com.sparrow.security.po.Organization
2026-10-04 20:48:45.049 TRACE_ID WARN  http-nio-8888-exec-6 Generator4MethodAccessor field not found limit of object class name com.sparrow.security.admin.protocol.query.PositionQuery
2026-10-04 20:48:45.049 TRACE_ID WARN  http-nio-8888-exec-6 Generator4MethodAccessor field not found limit of object class name com.sparrow.security.admin.dao.query.PositionDBPagerQuery
2026-10-04 20:48:45.050 TRACE_ID WARN  http-nio-8888-exec-4 Generator4MethodAccessor field not found displayText of object class name com.sparrow.security.po.Organization
2026-10-04 20:48:45.050 TRACE_ID WARN  http-nio-8888-exec-4 Generator4MethodAccessor field not found limit of object class name com.sparrow.security.admin.protocol.query.PositionQuery
2026-10-04 20:48:45.050 TRACE_ID WARN  http-nio-8888-exec-4 Generator4MethodAccessor field not found limit of object class name com.sparrow.security.admin.dao.query.PositionDBPagerQuery
2026-10-04 20:48:45.051 TRACE_ID WARN  http-nio-8888-exec-6 Generator4MethodAccessor field not found displayText of object class name com.sparrow.security.po.Position
2026-10-04 20:48:45.051 TRACE_ID WARN  http-nio-8888-exec-6 Generator4MethodAccessor field not found displayText of object class name com.sparrow.security.po.Position
2026-10-04 20:48:45.051 TRACE_ID WARN  http-nio-8888-exec-4 Generator4MethodAccessor field not found displayText of object class name com.sparrow.security.po.Position
2026-10-04 20:48:45.051 TRACE_ID WARN  http-nio-8888-exec-4 Generator4MethodAccessor field not found displayText of object class name com.sparrow.security.po.Position
2026-10-04 20:48:46.247 TRACE_ID WARN  http-nio-8888-exec-7 Generator4MethodAccessor field not found limit of object class name com.sparrow.security.admin.protocol.query.UserGroupQuery
2026-10-04 20:48:46.247 TRACE_ID WARN  http-nio-8888-exec-10 Generator4MethodAccessor field not found limit of object class name com.sparrow.security.admin.protocol.query.UserGroupQuery
2026-10-04 20:48:46.247 TRACE_ID WARN  http-nio-8888-exec-7 Generator4MethodAccessor field not found limit of object class name com.sparrow.security.admin.dao.query.UserGroupDBPagerQuery
2026-10-04 20:48:46.247 TRACE_ID WARN  http-nio-8888-exec-10 Generator4MethodAccessor field not found limit of object class name com.sparrow.security.admin.dao.query.UserGroupDBPagerQuery
2026-10-04 20:48:49.010 TRACE_ID WARN  http-nio-8888-exec-2 Generator4MethodAccessor field not found limit of object class name com.sparrow.security.admin.protocol.query.UserGroupQuery
2026-10-04 20:48:49.010 TRACE_ID WARN  http-nio-8888-exec-3 Generator4MethodAccessor field not found limit of object class name com.sparrow.security.admin.protocol.query.UserGroupQuery
2026-10-04 20:48:49.010 TRACE_ID WARN  http-nio-8888-exec-2 Generator4MethodAccessor field not found limit of object class name com.sparrow.security.admin.dao.query.UserGroupDBPagerQuery
2026-10-04 20:48:49.010 TRACE_ID WARN  http-nio-8888-exec-3 Generator4MethodAccessor field not found limit of object class name com.sparrow.security.admin.dao.query.UserGroupDBPagerQuery
2026-10-04 20:48:52.310 TRACE_ID WARN  http-nio-8888-exec-6 Generator4MethodAccessor field not found limit of object class name com.sparrow.security.admin.protocol.query.RoleQuery
2026-10-04 20:48:52.310 TRACE_ID WARN  http-nio-8888-exec-4 Generator4MethodAccessor field not found limit of object class name com.sparrow.security.admin.protocol.query.RoleQuery
2026-10-04 20:48:52.310 TRACE_ID WARN  http-nio-8888-exec-6 Generator4MethodAccessor field not found limit of object class name com.sparrow.security.admin.dao.query.RoleDBPagerQuery
2026-10-04 20:48:52.310 TRACE_ID WARN  http-nio-8888-exec-4 Generator4MethodAccessor field not found limit of object class name com.sparrow.security.admin.dao.query.RoleDBPagerQuery
2026-10-04 20:48:53.549 TRACE_ID WARN  http-nio-8888-exec-10 Generator4MethodAccessor field not found limit of object class name com.sparrow.security.admin.protocol.query.PermissionQuery
2026-10-04 20:48:53.549 TRACE_ID WARN  http-nio-8888-exec-10 Generator4MethodAccessor field not found limit of object class name com.sparrow.security.admin.dao.query.PermissionDBPagerQuery
2026-10-04 20:48:53.550 TRACE_ID WARN  http-nio-8888-exec-7 Generator4MethodAccessor field not found limit of object class name com.sparrow.security.admin.protocol.query.PermissionQuery
2026-10-04 20:48:53.550 TRACE_ID WARN  http-nio-8888-exec-7 Generator4MethodAccessor field not found limit of object class name com.sparrow.security.admin.dao.query.PermissionDBPagerQuery
2026-10-04 20:48:55.086 TRACE_ID WARN  http-nio-8888-exec-1 Generator4MethodAccessor field not found limit of object class name com.sparrow.security.admin.protocol.query.PositionQuery
2026-10-04 20:48:55.086 TRACE_ID WARN  http-nio-8888-exec-1 Generator4MethodAccessor field not found limit of object class name com.sparrow.security.admin.dao.query.PositionDBPagerQuery
2026-10-04 20:48:55.087 TRACE_ID WARN  http-nio-8888-exec-9 Generator4MethodAccessor field not found limit of object class name com.sparrow.security.admin.protocol.query.PositionQuery
2026-10-04 20:48:55.087 TRACE_ID WARN  http-nio-8888-exec-9 Generator4MethodAccessor field not found limit of object class name com.sparrow.security.admin.dao.query.PositionDBPagerQuery
2026-10-04 20:48:55.088 TRACE_ID WARN  http-nio-8888-exec-1 Generator4MethodAccessor field not found limit of object class name com.sparrow.security.admin.protocol.query.PositionQuery
2026-10-04 20:48:55.088 TRACE_ID WARN  http-nio-8888-exec-1 Generator4MethodAccessor field not found limit of object class name com.sparrow.security.admin.dao.query.PositionDBPagerQuery
2026-10-04 20:48:55.088 TRACE_ID WARN  http-nio-8888-exec-9 Generator4MethodAccessor field not found limit of object class name com.sparrow.security.admin.protocol.query.PositionQuery
2026-10-04 20:48:55.088 TRACE_ID WARN  http-nio-8888-exec-9 Generator4MethodAccessor field not found limit of object class name com.sparrow.security.admin.dao.query.PositionDBPagerQuery
2026-10-04 20:48:55.089 TRACE_ID WARN  http-nio-8888-exec-1 Generator4MethodAccessor field not found displayText of object class name com.sparrow.security.po.Position
2026-10-04 20:48:55.089 TRACE_ID WARN  http-nio-8888-exec-9 Generator4MethodAccessor field not found displayText of object class name com.sparrow.security.po.Position
2026-10-04 20:48:55.089 TRACE_ID WARN  http-nio-8888-exec-1 Generator4MethodAccessor field not found displayText of object class name com.sparrow.security.po.Position
2026-10-04 20:48:55.089 TRACE_ID WARN  http-nio-8888-exec-9 Generator4MethodAccessor field not found displayText of object class name com.sparrow.security.po.Position
2026-10-04 20:48:55.089 TRACE_ID WARN  http-nio-8888-exec-1 Generator4MethodAccessor field not found limit of object class name com.sparrow.security.admin.protocol.query.OrganizationQuery
2026-10-04 20:48:55.089 TRACE_ID WARN  http-nio-8888-exec-1 Generator4MethodAccessor field not found limit of object class name com.sparrow.security.admin.dao.query.OrganizationDBPagerQuery
2026-10-04 20:48:55.089 TRACE_ID WARN  http-nio-8888-exec-9 Generator4MethodAccessor field not found limit of object class name com.sparrow.security.admin.protocol.query.OrganizationQuery
2026-10-04 20:48:55.089 TRACE_ID WARN  http-nio-8888-exec-9 Generator4MethodAccessor field not found limit of object class name com.sparrow.security.admin.dao.query.OrganizationDBPagerQuery
2026-10-04 20:48:55.090 TRACE_ID WARN  http-nio-8888-exec-1 Generator4MethodAccessor field not found displayText of object class name com.sparrow.security.po.Organization
2026-10-04 20:48:55.090 TRACE_ID WARN  http-nio-8888-exec-9 Generator4MethodAccessor field not found displayText of object class name com.sparrow.security.po.Organization
2026-10-04 20:48:55.090 TRACE_ID WARN  http-nio-8888-exec-9 Generator4MethodAccessor field not found displayText of object class name com.sparrow.security.po.Organization
2026-10-04 20:48:55.090 TRACE_ID WARN  http-nio-8888-exec-9 Generator4MethodAccessor field not found displayText of object class name com.sparrow.security.po.Organization
2026-10-04 20:48:55.090 TRACE_ID WARN  http-nio-8888-exec-1 Generator4MethodAccessor field not found displayText of object class name com.sparrow.security.po.Organization
2026-10-04 20:48:55.090 TRACE_ID WARN  http-nio-8888-exec-1 Generator4MethodAccessor field not found displayText of object class name com.sparrow.security.po.Organization
2026-10-04 20:48:56.278 TRACE_ID WARN  http-nio-8888-exec-8 Generator4MethodAccessor field not found limit of object class name com.sparrow.security.admin.protocol.query.OrganizationQuery
2026-10-04 20:48:56.278 TRACE_ID WARN  http-nio-8888-exec-8 Generator4MethodAccessor field not found limit of object class name com.sparrow.security.admin.dao.query.OrganizationDBPagerQuery
2026-10-04 20:48:56.279 TRACE_ID WARN  http-nio-8888-exec-5 Generator4MethodAccessor field not found limit of object class name com.sparrow.security.admin.protocol.query.OrganizationQuery
2026-10-04 20:48:56.279 TRACE_ID WARN  http-nio-8888-exec-5 Generator4MethodAccessor field not found limit of object class name com.sparrow.security.admin.dao.query.OrganizationDBPagerQuery
2026-10-04 20:48:56.280 TRACE_ID WARN  http-nio-8888-exec-5 Generator4MethodAccessor field not found limit of object class name com.sparrow.security.admin.protocol.query.OrganizationQuery
2026-10-04 20:48:56.280 TRACE_ID WARN  http-nio-8888-exec-8 Generator4MethodAccessor field not found limit of object class name com.sparrow.security.admin.protocol.query.OrganizationQuery
2026-10-04 20:48:56.280 TRACE_ID WARN  http-nio-8888-exec-5 Generator4MethodAccessor field not found limit of object class name com.sparrow.security.admin.dao.query.OrganizationDBPagerQuery
2026-10-04 20:48:56.280 TRACE_ID WARN  http-nio-8888-exec-8 Generator4MethodAccessor field not found limit of object class name com.sparrow.security.admin.dao.query.OrganizationDBPagerQuery
2026-10-04 20:48:56.281 TRACE_ID WARN  http-nio-8888-exec-5 Generator4MethodAccessor field not found displayText of object class name com.sparrow.security.po.Organization
2026-10-04 20:48:56.281 TRACE_ID WARN  http-nio-8888-exec-8 Generator4MethodAccessor field not found displayText of object class name com.sparrow.security.po.Organization
2026-10-04 20:48:56.281 TRACE_ID WARN  http-nio-8888-exec-5 Generator4MethodAccessor field not found displayText of object class name com.sparrow.security.po.Organization
2026-10-04 20:48:56.281 TRACE_ID WARN  http-nio-8888-exec-8 Generator4MethodAccessor field not found displayText of object class name com.sparrow.security.po.Organization
2026-10-04 20:48:56.281 TRACE_ID WARN  http-nio-8888-exec-5 Generator4MethodAccessor field not found displayText of object class name com.sparrow.security.po.Organization
2026-10-04 20:48:56.281 TRACE_ID WARN  http-nio-8888-exec-8 Generator4MethodAccessor field not found displayText of object class name com.sparrow.security.po.Organization
2026-10-04 20:48:56.282 TRACE_ID WARN  http-nio-8888-exec-5 Generator4MethodAccessor field not found limit of object class name com.sparrow.security.admin.protocol.query.OrganizationQuery
2026-10-04 20:48:56.282 TRACE_ID WARN  http-nio-8888-exec-8 Generator4MethodAccessor field not found limit of object class name com.sparrow.security.admin.protocol.query.OrganizationQuery
2026-10-04 20:48:56.282 TRACE_ID WARN  http-nio-8888-exec-5 Generator4MethodAccessor field not found limit of object class name com.sparrow.security.admin.dao.query.OrganizationDBPagerQuery
2026-10-04 20:48:56.282 TRACE_ID WARN  http-nio-8888-exec-8 Generator4MethodAccessor field not found limit of object class name com.sparrow.security.admin.dao.query.OrganizationDBPagerQuery
2026-10-04 20:48:56.283 TRACE_ID WARN  http-nio-8888-exec-5 Generator4MethodAccessor field not found displayText of object class name com.sparrow.security.po.Organization
2026-10-04 20:48:56.283 TRACE_ID WARN  http-nio-8888-exec-8 Generator4MethodAccessor field not found displayText of object class name com.sparrow.security.po.Organization
2026-10-04 20:48:56.283 TRACE_ID WARN  http-nio-8888-exec-5 Generator4MethodAccessor field not found displayText of object class name com.sparrow.security.po.Organization
2026-10-04 20:48:56.283 TRACE_ID WARN  http-nio-8888-exec-8 Generator4MethodAccessor field not found displayText of object class name com.sparrow.security.po.Organization
2026-10-04 20:48:56.283 TRACE_ID WARN  http-nio-8888-exec-5 Generator4MethodAccessor field not found displayText of object class name com.sparrow.security.po.Organization
2026-10-04 20:48:56.283 TRACE_ID WARN  http-nio-8888-exec-8 Generator4MethodAccessor field not found displayText of object class name com.sparrow.security.po.Organization
2026-10-04 20:48:57.249 TRACE_ID WARN  http-nio-8888-exec-2 Generator4MethodAccessor field not found limit of object class name com.sparrow.security.admin.protocol.query.MicroServiceQuery
2026-10-04 20:48:57.249 TRACE_ID WARN  http-nio-8888-exec-2 Generator4MethodAccessor field not found limit of object class name com.sparrow.security.admin.dao.query.MicroServiceDBPagerQuery
2026-10-04 20:48:57.249 TRACE_ID WARN  http-nio-8888-exec-3 Generator4MethodAccessor field not found limit of object class name com.sparrow.security.admin.protocol.query.MicroServiceQuery
2026-10-04 20:48:57.249 TRACE_ID WARN  http-nio-8888-exec-3 Generator4MethodAccessor field not found limit of object class name com.sparrow.security.admin.dao.query.MicroServiceDBPagerQuery
2026-10-04 20:48:57.251 TRACE_ID WARN  http-nio-8888-exec-2 Generator4MethodAccessor field not found limit of object class name com.sparrow.security.admin.protocol.query.MicroServiceQuery
2026-10-04 20:48:57.251 TRACE_ID WARN  http-nio-8888-exec-2 Generator4MethodAccessor field not found limit of object class name com.sparrow.security.admin.dao.query.MicroServiceDBPagerQuery
2026-10-04 20:48:57.251 TRACE_ID WARN  http-nio-8888-exec-3 Generator4MethodAccessor field not found limit of object class name com.sparrow.security.admin.protocol.query.MicroServiceQuery
2026-10-04 20:48:57.251 TRACE_ID WARN  http-nio-8888-exec-3 Generator4MethodAccessor field not found limit of object class name com.sparrow.security.admin.dao.query.MicroServiceDBPagerQuery
2026-10-04 20:48:57.252 TRACE_ID WARN  http-nio-8888-exec-2 Generator4MethodAccessor field not found displayText of object class name com.sparrow.security.po.MicroService
2026-10-04 20:48:57.252 TRACE_ID WARN  http-nio-8888-exec-3 Generator4MethodAccessor field not found displayText of object class name com.sparrow.security.po.MicroService
2026-10-04 20:48:57.253 TRACE_ID WARN  http-nio-8888-exec-3 Generator4MethodAccessor field not found limit of object class name com.sparrow.security.admin.protocol.query.AppQuery
2026-10-04 20:48:57.253 TRACE_ID WARN  http-nio-8888-exec-3 Generator4MethodAccessor field not found limit of object class name com.sparrow.security.admin.dao.query.AppDBPagerQuery
2026-10-04 20:48:57.253 TRACE_ID WARN  http-nio-8888-exec-2 Generator4MethodAccessor field not found limit of object class name com.sparrow.security.admin.protocol.query.AppQuery
2026-10-04 20:48:57.253 TRACE_ID WARN  http-nio-8888-exec-2 Generator4MethodAccessor field not found limit of object class name com.sparrow.security.admin.dao.query.AppDBPagerQuery
2026-10-04 20:48:57.254 TRACE_ID WARN  http-nio-8888-exec-3 Generator4MethodAccessor field not found displayText of object class name com.sparrow.security.po.App
2026-10-04 20:48:57.254 TRACE_ID WARN  http-nio-8888-exec-2 Generator4MethodAccessor field not found displayText of object class name com.sparrow.security.po.App
2026-10-04 20:48:58.231 TRACE_ID WARN  http-nio-8888-exec-4 Generator4MethodAccessor field not found limit of object class name com.sparrow.security.admin.protocol.query.AppQuery
2026-10-04 20:48:58.231 TRACE_ID WARN  http-nio-8888-exec-6 Generator4MethodAccessor field not found limit of object class name com.sparrow.security.admin.protocol.query.AppQuery
2026-10-04 20:48:58.231 TRACE_ID WARN  http-nio-8888-exec-6 Generator4MethodAccessor field not found limit of object class name com.sparrow.security.admin.dao.query.AppDBPagerQuery
2026-10-04 20:48:58.231 TRACE_ID WARN  http-nio-8888-exec-4 Generator4MethodAccessor field not found limit of object class name com.sparrow.security.admin.dao.query.AppDBPagerQuery
2026-10-04 20:48:58.232 TRACE_ID WARN  http-nio-8888-exec-4 Generator4MethodAccessor field not found limit of object class name com.sparrow.security.admin.protocol.query.AppQuery
2026-10-04 20:48:58.232 TRACE_ID WARN  http-nio-8888-exec-4 Generator4MethodAccessor field not found limit of object class name com.sparrow.security.admin.dao.query.AppDBPagerQuery
2026-10-04 20:48:58.232 TRACE_ID WARN  http-nio-8888-exec-6 Generator4MethodAccessor field not found limit of object class name com.sparrow.security.admin.protocol.query.AppQuery
2026-10-04 20:48:58.232 TRACE_ID WARN  http-nio-8888-exec-6 Generator4MethodAccessor field not found limit of object class name com.sparrow.security.admin.dao.query.AppDBPagerQuery
2026-10-04 20:48:58.233 TRACE_ID WARN  http-nio-8888-exec-4 Generator4MethodAccessor field not found displayText of object class name com.sparrow.security.po.App
2026-10-04 20:48:58.234 TRACE_ID WARN  http-nio-8888-exec-6 Generator4MethodAccessor field not found displayText of object class name com.sparrow.security.po.App
2026-10-04 20:49:00.524 TRACE_ID WARN  http-nio-8888-exec-7 Generator4MethodAccessor field not found limit of object class name com.sparrow.security.admin.protocol.query.AdminUserQuery
2026-10-04 20:49:00.524 TRACE_ID WARN  http-nio-8888-exec-7 Generator4MethodAccessor field not found limit of object class name com.sparrow.security.admin.dao.query.AdminUserDBPagerQuery
2026-10-04 20:49:00.524 TRACE_ID WARN  http-nio-8888-exec-10 Generator4MethodAccessor field not found limit of object class name com.sparrow.security.admin.protocol.query.AdminUserQuery
2026-10-04 20:49:00.524 TRACE_ID WARN  http-nio-8888-exec-10 Generator4MethodAccessor field not found limit of object class name com.sparrow.security.admin.dao.query.AdminUserDBPagerQuery
2026-10-04 20:49:00.526 TRACE_ID WARN  http-nio-8888-exec-7 Generator4MethodAccessor field not found limit of object class name com.sparrow.security.admin.protocol.query.AdminUserQuery
2026-10-04 20:49:00.526 TRACE_ID WARN  http-nio-8888-exec-10 Generator4MethodAccessor field not found limit of object class name com.sparrow.security.admin.protocol.query.AdminUserQuery
2026-10-04 20:49:00.526 TRACE_ID WARN  http-nio-8888-exec-7 Generator4MethodAccessor field not found limit of object class name com.sparrow.security.admin.dao.query.AdminUserDBPagerQuery
2026-10-04 20:49:00.526 TRACE_ID WARN  http-nio-8888-exec-10 Generator4MethodAccessor field not found limit of object class name com.sparrow.security.admin.dao.query.AdminUserDBPagerQuery
2026-10-04 20:49:00.527 TRACE_ID WARN  http-nio-8888-exec-10 Generator4MethodAccessor field not found limit of object class name com.sparrow.security.admin.protocol.query.OrganizationQuery
2026-10-04 20:49:00.527 TRACE_ID WARN  http-nio-8888-exec-10 Generator4MethodAccessor field not found limit of object class name com.sparrow.security.admin.dao.query.OrganizationDBPagerQuery
2026-10-04 20:49:00.528 TRACE_ID WARN  http-nio-8888-exec-7 Generator4MethodAccessor field not found limit of object class name com.sparrow.security.admin.protocol.query.OrganizationQuery
2026-10-04 20:49:00.528 TRACE_ID WARN  http-nio-8888-exec-7 Generator4MethodAccessor field not found limit of object class name com.sparrow.security.admin.dao.query.OrganizationDBPagerQuery
2026-10-04 20:49:00.529 TRACE_ID WARN  http-nio-8888-exec-10 Generator4MethodAccessor field not found displayText of object class name com.sparrow.security.po.Organization
2026-10-04 20:49:00.529 TRACE_ID WARN  http-nio-8888-exec-10 Generator4MethodAccessor field not found displayText of object class name com.sparrow.security.po.Organization
2026-10-04 20:49:00.529 TRACE_ID WARN  http-nio-8888-exec-10 Generator4MethodAccessor field not found displayText of object class name com.sparrow.security.po.Organization
2026-10-04 20:49:00.529 TRACE_ID WARN  http-nio-8888-exec-10 Generator4MethodAccessor field not found limit of object class name com.sparrow.security.admin.protocol.query.PositionQuery
2026-10-04 20:49:00.529 TRACE_ID WARN  http-nio-8888-exec-10 Generator4MethodAccessor field not found limit of object class name com.sparrow.security.admin.dao.query.PositionDBPagerQuery
2026-10-04 20:49:00.529 TRACE_ID WARN  http-nio-8888-exec-7 Generator4MethodAccessor field not found displayText of object class name com.sparrow.security.po.Organization
2026-10-04 20:49:00.529 TRACE_ID WARN  http-nio-8888-exec-7 Generator4MethodAccessor field not found displayText of object class name com.sparrow.security.po.Organization
2026-10-04 20:49:00.529 TRACE_ID WARN  http-nio-8888-exec-7 Generator4MethodAccessor field not found displayText of object class name com.sparrow.security.po.Organization
2026-10-04 20:49:00.529 TRACE_ID WARN  http-nio-8888-exec-7 Generator4MethodAccessor field not found limit of object class name com.sparrow.security.admin.protocol.query.PositionQuery
2026-10-04 20:49:00.529 TRACE_ID WARN  http-nio-8888-exec-7 Generator4MethodAccessor field not found limit of object class name com.sparrow.security.admin.dao.query.PositionDBPagerQuery
2026-10-04 20:49:00.530 TRACE_ID WARN  http-nio-8888-exec-10 Generator4MethodAccessor field not found displayText of object class name com.sparrow.security.po.Position
2026-10-04 20:49:00.530 TRACE_ID WARN  http-nio-8888-exec-10 Generator4MethodAccessor field not found displayText of object class name com.sparrow.security.po.Position
2026-10-04 20:49:00.530 TRACE_ID WARN  http-nio-8888-exec-7 Generator4MethodAccessor field not found displayText of object class name com.sparrow.security.po.Position
2026-10-04 20:49:00.530 TRACE_ID WARN  http-nio-8888-exec-7 Generator4MethodAccessor field not found displayText of object class name com.sparrow.security.po.Position
2026-10-04 20:49:01.504 TRACE_ID WARN  http-nio-8888-exec-9 Generator4MethodAccessor field not found limit of object class name com.sparrow.security.admin.protocol.query.UserGroupQuery
2026-10-04 20:49:01.504 TRACE_ID WARN  http-nio-8888-exec-1 Generator4MethodAccessor field not found limit of object class name com.sparrow.security.admin.protocol.query.UserGroupQuery
2026-10-04 20:49:01.504 TRACE_ID WARN  http-nio-8888-exec-9 Generator4MethodAccessor field not found limit of object class name com.sparrow.security.admin.dao.query.UserGroupDBPagerQuery
2026-10-04 20:49:01.504 TRACE_ID WARN  http-nio-8888-exec-1 Generator4MethodAccessor field not found limit of object class name com.sparrow.security.admin.dao.query.UserGroupDBPagerQuery
2026-10-04 20:49:04.365 TRACE_ID WARN  http-nio-8888-exec-5 Generator4MethodAccessor field not found limit of object class name com.sparrow.security.admin.protocol.query.RoleQuery
2026-10-04 20:49:04.365 TRACE_ID WARN  http-nio-8888-exec-5 Generator4MethodAccessor field not found limit of object class name com.sparrow.security.admin.dao.query.RoleDBPagerQuery
2026-10-04 20:49:04.366 TRACE_ID WARN  http-nio-8888-exec-8 Generator4MethodAccessor field not found limit of object class name com.sparrow.security.admin.protocol.query.RoleQuery
2026-10-04 20:49:04.366 TRACE_ID WARN  http-nio-8888-exec-8 Generator4MethodAccessor field not found limit of object class name com.sparrow.security.admin.dao.query.RoleDBPagerQuery
2026-10-04 20:49:06.622 TRACE_ID WARN  http-nio-8888-exec-3 Generator4MethodAccessor field not found limit of object class name com.sparrow.security.admin.protocol.query.PermissionQuery
2026-10-04 20:49:06.622 TRACE_ID WARN  http-nio-8888-exec-2 Generator4MethodAccessor field not found limit of object class name com.sparrow.security.admin.protocol.query.PermissionQuery
2026-10-04 20:49:06.623 TRACE_ID WARN  http-nio-8888-exec-3 Generator4MethodAccessor field not found limit of object class name com.sparrow.security.admin.dao.query.PermissionDBPagerQuery
2026-10-04 20:49:06.623 TRACE_ID WARN  http-nio-8888-exec-2 Generator4MethodAccessor field not found limit of object class name com.sparrow.security.admin.dao.query.PermissionDBPagerQuery
2026-10-04 20:49:10.557 TRACE_ID WARN  http-nio-8888-exec-4 Generator4MethodAccessor field not found limit of object class name com.sparrow.coder.protocol.query.ProjectConfigQuery
2026-10-04 20:49:10.557 TRACE_ID WARN  http-nio-8888-exec-6 Generator4MethodAccessor field not found limit of object class name com.sparrow.coder.protocol.query.ProjectConfigQuery
2026-10-04 20:49:10.558 TRACE_ID WARN  http-nio-8888-exec-6 Generator4MethodAccessor field not found limit of object class name com.sparrow.coder.dao.query.ProjectConfigDBPagerQuery
2026-10-04 20:49:10.558 TRACE_ID WARN  http-nio-8888-exec-4 Generator4MethodAccessor field not found limit of object class name com.sparrow.coder.dao.query.ProjectConfigDBPagerQuery
2026-10-04 20:49:10.561 TRACE_ID WARN  http-nio-8888-exec-6 Generator4MethodAccessor field not found limit of object class name com.sparrow.coder.protocol.query.ProjectConfigQuery
2026-10-04 20:49:10.561 TRACE_ID WARN  http-nio-8888-exec-4 Generator4MethodAccessor field not found limit of object class name com.sparrow.coder.protocol.query.ProjectConfigQuery
2026-10-04 20:49:10.561 TRACE_ID WARN  http-nio-8888-exec-6 Generator4MethodAccessor field not found limit of object class name com.sparrow.coder.dao.query.ProjectConfigDBPagerQuery
2026-10-04 20:49:10.562 TRACE_ID WARN  http-nio-8888-exec-4 Generator4MethodAccessor field not found limit of object class name com.sparrow.coder.dao.query.ProjectConfigDBPagerQuery
2026-10-04 20:49:10.563 TRACE_ID WARN  http-nio-8888-exec-4 Generator4MethodAccessor field not found displayText of object class name com.sparrow.coder.po.ProjectConfig
2026-10-04 20:49:10.563 TRACE_ID WARN  http-nio-8888-exec-6 Generator4MethodAccessor field not found displayText of object class name com.sparrow.coder.po.ProjectConfig
2026-10-04 20:49:15.608 TRACE_ID WARN  http-nio-8888-exec-10 Generator4MethodAccessor field not found limit of object class name com.sparrow.coder.protocol.query.ProjectConfigQuery
2026-10-04 20:49:15.610 TRACE_ID WARN  http-nio-8888-exec-10 Generator4MethodAccessor field not found limit of object class name com.sparrow.coder.dao.query.ProjectConfigDBPagerQuery
2026-10-04 20:49:15.611 TRACE_ID WARN  http-nio-8888-exec-7 Generator4MethodAccessor field not found limit of object class name com.sparrow.coder.protocol.query.ProjectConfigQuery
2026-10-04 20:49:15.611 TRACE_ID WARN  http-nio-8888-exec-7 Generator4MethodAccessor field not found limit of object class name com.sparrow.coder.dao.query.ProjectConfigDBPagerQuery
2026-10-04 20:49:15.612 TRACE_ID WARN  http-nio-8888-exec-10 Generator4MethodAccessor field not found limit of object class name com.sparrow.coder.protocol.query.ProjectConfigQuery
2026-10-04 20:49:15.612 TRACE_ID WARN  http-nio-8888-exec-10 Generator4MethodAccessor field not found limit of object class name com.sparrow.coder.dao.query.ProjectConfigDBPagerQuery
2026-10-04 20:49:15.613 TRACE_ID WARN  http-nio-8888-exec-7 Generator4MethodAccessor field not found limit of object class name com.sparrow.coder.protocol.query.ProjectConfigQuery
2026-10-04 20:49:15.613 TRACE_ID WARN  http-nio-8888-exec-7 Generator4MethodAccessor field not found limit of object class name com.sparrow.coder.dao.query.ProjectConfigDBPagerQuery
2026-10-04 20:49:15.613 TRACE_ID WARN  http-nio-8888-exec-10 Generator4MethodAccessor field not found displayText of object class name com.sparrow.coder.po.ProjectConfig
2026-10-04 20:49:15.613 TRACE_ID WARN  http-nio-8888-exec-7 Generator4MethodAccessor field not found displayText of object class name com.sparrow.coder.po.ProjectConfig
2026-10-04 20:49:18.138 TRACE_ID WARN  http-nio-8888-exec-1 Generator4MethodAccessor field not found limit of object class name com.sparrow.security.admin.protocol.query.PermissionQuery
2026-10-04 20:49:18.138 TRACE_ID WARN  http-nio-8888-exec-1 Generator4MethodAccessor field not found limit of object class name com.sparrow.security.admin.dao.query.PermissionDBPagerQuery
2026-10-04 20:49:18.138 TRACE_ID WARN  http-nio-8888-exec-9 Generator4MethodAccessor field not found limit of object class name com.sparrow.security.admin.protocol.query.PermissionQuery
2026-10-04 20:49:18.138 TRACE_ID WARN  http-nio-8888-exec-9 Generator4MethodAccessor field not found limit of object class name com.sparrow.security.admin.dao.query.PermissionDBPagerQuery
2026-10-04 20:49:19.236 TRACE_ID WARN  http-nio-8888-exec-8 Generator4MethodAccessor field not found limit of object class name com.sparrow.security.admin.protocol.query.RoleQuery
2026-10-04 20:49:19.236 TRACE_ID WARN  http-nio-8888-exec-8 Generator4MethodAccessor field not found limit of object class name com.sparrow.security.admin.dao.query.RoleDBPagerQuery
2026-10-04 20:49:19.236 TRACE_ID WARN  http-nio-8888-exec-5 Generator4MethodAccessor field not found limit of object class name com.sparrow.security.admin.protocol.query.RoleQuery
2026-10-04 20:49:19.236 TRACE_ID WARN  http-nio-8888-exec-5 Generator4MethodAccessor field not found limit of object class name com.sparrow.security.admin.dao.query.RoleDBPagerQuery
2026-10-04 20:49:20.155 TRACE_ID WARN  http-nio-8888-exec-2 Generator4MethodAccessor field not found limit of object class name com.sparrow.security.admin.protocol.query.UserGroupQuery
2026-10-04 20:49:20.155 TRACE_ID WARN  http-nio-8888-exec-2 Generator4MethodAccessor field not found limit of object class name com.sparrow.security.admin.dao.query.UserGroupDBPagerQuery
2026-10-04 20:49:20.155 TRACE_ID WARN  http-nio-8888-exec-3 Generator4MethodAccessor field not found limit of object class name com.sparrow.security.admin.protocol.query.UserGroupQuery
2026-10-04 20:49:20.155 TRACE_ID WARN  http-nio-8888-exec-3 Generator4MethodAccessor field not found limit of object class name com.sparrow.security.admin.dao.query.UserGroupDBPagerQuery
2026-10-04 20:49:21.519 TRACE_ID WARN  http-nio-8888-exec-4 Generator4MethodAccessor field not found limit of object class name com.sparrow.security.admin.protocol.query.AdminUserQuery
2026-10-04 20:49:21.519 TRACE_ID WARN  http-nio-8888-exec-4 Generator4MethodAccessor field not found limit of object class name com.sparrow.security.admin.dao.query.AdminUserDBPagerQuery
2026-10-04 20:49:21.520 TRACE_ID WARN  http-nio-8888-exec-6 Generator4MethodAccessor field not found limit of object class name com.sparrow.security.admin.protocol.query.AdminUserQuery
2026-10-04 20:49:21.520 TRACE_ID WARN  http-nio-8888-exec-6 Generator4MethodAccessor field not found limit of object class name com.sparrow.security.admin.dao.query.AdminUserDBPagerQuery
2026-10-04 20:49:21.524 TRACE_ID WARN  http-nio-8888-exec-6 Generator4MethodAccessor field not found limit of object class name com.sparrow.security.admin.protocol.query.AdminUserQuery
2026-10-04 20:49:21.524 TRACE_ID WARN  http-nio-8888-exec-6 Generator4MethodAccessor field not found limit of object class name com.sparrow.security.admin.dao.query.AdminUserDBPagerQuery
2026-10-04 20:49:21.524 TRACE_ID WARN  http-nio-8888-exec-4 Generator4MethodAccessor field not found limit of object class name com.sparrow.security.admin.protocol.query.AdminUserQuery
2026-10-04 20:49:21.524 TRACE_ID WARN  http-nio-8888-exec-4 Generator4MethodAccessor field not found limit of object class name com.sparrow.security.admin.dao.query.AdminUserDBPagerQuery
2026-10-04 20:49:21.526 TRACE_ID WARN  http-nio-8888-exec-4 Generator4MethodAccessor field not found limit of object class name com.sparrow.security.admin.protocol.query.OrganizationQuery
2026-10-04 20:49:21.526 TRACE_ID WARN  http-nio-8888-exec-4 Generator4MethodAccessor field not found limit of object class name com.sparrow.security.admin.dao.query.OrganizationDBPagerQuery
2026-10-04 20:49:21.526 TRACE_ID WARN  http-nio-8888-exec-6 Generator4MethodAccessor field not found limit of object class name com.sparrow.security.admin.protocol.query.OrganizationQuery
2026-10-04 20:49:21.526 TRACE_ID WARN  http-nio-8888-exec-6 Generator4MethodAccessor field not found limit of object class name com.sparrow.security.admin.dao.query.OrganizationDBPagerQuery
2026-10-04 20:49:21.528 TRACE_ID WARN  http-nio-8888-exec-6 Generator4MethodAccessor field not found displayText of object class name com.sparrow.security.po.Organization
2026-10-04 20:49:21.528 TRACE_ID WARN  http-nio-8888-exec-6 Generator4MethodAccessor field not found displayText of object class name com.sparrow.security.po.Organization
2026-10-04 20:49:21.528 TRACE_ID WARN  http-nio-8888-exec-6 Generator4MethodAccessor field not found displayText of object class name com.sparrow.security.po.Organization
2026-10-04 20:49:21.528 TRACE_ID WARN  http-nio-8888-exec-6 Generator4MethodAccessor field not found limit of object class name com.sparrow.security.admin.protocol.query.PositionQuery
2026-10-04 20:49:21.528 TRACE_ID WARN  http-nio-8888-exec-6 Generator4MethodAccessor field not found limit of object class name com.sparrow.security.admin.dao.query.PositionDBPagerQuery
2026-10-04 20:49:21.529 TRACE_ID WARN  http-nio-8888-exec-4 Generator4MethodAccessor field not found displayText of object class name com.sparrow.security.po.Organization
2026-10-04 20:49:21.529 TRACE_ID WARN  http-nio-8888-exec-4 Generator4MethodAccessor field not found displayText of object class name com.sparrow.security.po.Organization
2026-10-04 20:49:21.529 TRACE_ID WARN  http-nio-8888-exec-4 Generator4MethodAccessor field not found displayText of object class name com.sparrow.security.po.Organization
2026-10-04 20:49:21.529 TRACE_ID WARN  http-nio-8888-exec-4 Generator4MethodAccessor field not found limit of object class name com.sparrow.security.admin.protocol.query.PositionQuery
2026-10-04 20:49:21.529 TRACE_ID WARN  http-nio-8888-exec-4 Generator4MethodAccessor field not found limit of object class name com.sparrow.security.admin.dao.query.PositionDBPagerQuery
2026-10-04 20:49:21.538 TRACE_ID WARN  http-nio-8888-exec-6 Generator4MethodAccessor field not found displayText of object class name com.sparrow.security.po.Position
2026-10-04 20:49:21.538 TRACE_ID WARN  http-nio-8888-exec-6 Generator4MethodAccessor field not found displayText of object class name com.sparrow.security.po.Position
2026-10-04 20:49:21.538 TRACE_ID WARN  http-nio-8888-exec-4 Generator4MethodAccessor field not found displayText of object class name com.sparrow.security.po.Position
2026-10-04 20:49:21.538 TRACE_ID WARN  http-nio-8888-exec-4 Generator4MethodAccessor field not found displayText of object class name com.sparrow.security.po.Position
2026-10-04 20:49:23.112 TRACE_ID WARN  http-nio-8888-exec-10 Generator4MethodAccessor field not found limit of object class name com.sparrow.security.admin.protocol.query.AppQuery
2026-10-04 20:49:23.112 TRACE_ID WARN  http-nio-8888-exec-7 Generator4MethodAccessor field not found limit of object class name com.sparrow.security.admin.protocol.query.AppQuery
2026-10-04 20:49:23.112 TRACE_ID WARN  http-nio-8888-exec-10 Generator4MethodAccessor field not found limit of object class name com.sparrow.security.admin.dao.query.AppDBPagerQuery
2026-10-04 20:49:23.112 TRACE_ID WARN  http-nio-8888-exec-7 Generator4MethodAccessor field not found limit of object class name com.sparrow.security.admin.dao.query.AppDBPagerQuery
2026-10-04 20:49:23.114 TRACE_ID WARN  http-nio-8888-exec-7 Generator4MethodAccessor field not found limit of object class name com.sparrow.security.admin.protocol.query.AppQuery
2026-10-04 20:49:23.114 TRACE_ID WARN  http-nio-8888-exec-10 Generator4MethodAccessor field not found limit of object class name com.sparrow.security.admin.protocol.query.AppQuery
2026-10-04 20:49:23.114 TRACE_ID WARN  http-nio-8888-exec-7 Generator4MethodAccessor field not found limit of object class name com.sparrow.security.admin.dao.query.AppDBPagerQuery
2026-10-04 20:49:23.114 TRACE_ID WARN  http-nio-8888-exec-10 Generator4MethodAccessor field not found limit of object class name com.sparrow.security.admin.dao.query.AppDBPagerQuery
2026-10-04 20:49:23.115 TRACE_ID WARN  http-nio-8888-exec-10 Generator4MethodAccessor field not found displayText of object class name com.sparrow.security.po.App
2026-10-04 20:49:23.115 TRACE_ID WARN  http-nio-8888-exec-7 Generator4MethodAccessor field not found displayText of object class name com.sparrow.security.po.App
2026-10-04 20:49:24.799 TRACE_ID WARN  http-nio-8888-exec-1 Generator4MethodAccessor field not found limit of object class name com.sparrow.security.admin.protocol.query.MicroServiceQuery
2026-10-04 20:49:24.799 TRACE_ID WARN  http-nio-8888-exec-1 Generator4MethodAccessor field not found limit of object class name com.sparrow.security.admin.dao.query.MicroServiceDBPagerQuery
2026-10-04 20:49:24.800 TRACE_ID WARN  http-nio-8888-exec-9 Generator4MethodAccessor field not found limit of object class name com.sparrow.security.admin.protocol.query.MicroServiceQuery
2026-10-04 20:49:24.800 TRACE_ID WARN  http-nio-8888-exec-9 Generator4MethodAccessor field not found limit of object class name com.sparrow.security.admin.dao.query.MicroServiceDBPagerQuery
2026-10-04 20:49:24.802 TRACE_ID WARN  http-nio-8888-exec-1 Generator4MethodAccessor field not found limit of object class name com.sparrow.security.admin.protocol.query.MicroServiceQuery
2026-10-04 20:49:24.803 TRACE_ID WARN  http-nio-8888-exec-1 Generator4MethodAccessor field not found limit of object class name com.sparrow.security.admin.dao.query.MicroServiceDBPagerQuery
2026-10-04 20:49:24.803 TRACE_ID WARN  http-nio-8888-exec-9 Generator4MethodAccessor field not found limit of object class name com.sparrow.security.admin.protocol.query.MicroServiceQuery
2026-10-04 20:49:24.803 TRACE_ID WARN  http-nio-8888-exec-9 Generator4MethodAccessor field not found limit of object class name com.sparrow.security.admin.dao.query.MicroServiceDBPagerQuery
2026-10-04 20:49:24.805 TRACE_ID WARN  http-nio-8888-exec-1 Generator4MethodAccessor field not found displayText of object class name com.sparrow.security.po.MicroService
2026-10-04 20:49:24.805 TRACE_ID WARN  http-nio-8888-exec-9 Generator4MethodAccessor field not found displayText of object class name com.sparrow.security.po.MicroService
2026-10-04 20:49:24.805 TRACE_ID WARN  http-nio-8888-exec-1 Generator4MethodAccessor field not found limit of object class name com.sparrow.security.admin.protocol.query.AppQuery
2026-10-04 20:49:24.805 TRACE_ID WARN  http-nio-8888-exec-9 Generator4MethodAccessor field not found limit of object class name com.sparrow.security.admin.protocol.query.AppQuery
2026-10-04 20:49:24.805 TRACE_ID WARN  http-nio-8888-exec-1 Generator4MethodAccessor field not found limit of object class name com.sparrow.security.admin.dao.query.AppDBPagerQuery
2026-10-04 20:49:24.805 TRACE_ID WARN  http-nio-8888-exec-9 Generator4MethodAccessor field not found limit of object class name com.sparrow.security.admin.dao.query.AppDBPagerQuery
2026-10-04 20:49:24.806 TRACE_ID WARN  http-nio-8888-exec-9 Generator4MethodAccessor field not found displayText of object class name com.sparrow.security.po.App
2026-10-04 20:49:24.806 TRACE_ID WARN  http-nio-8888-exec-1 Generator4MethodAccessor field not found displayText of object class name com.sparrow.security.po.App
2026-10-04 20:49:26.197 TRACE_ID WARN  http-nio-8888-exec-5 Generator4MethodAccessor field not found limit of object class name com.sparrow.security.admin.protocol.query.OrganizationQuery
2026-10-04 20:49:26.197 TRACE_ID WARN  http-nio-8888-exec-8 Generator4MethodAccessor field not found limit of object class name com.sparrow.security.admin.protocol.query.OrganizationQuery
2026-10-04 20:49:26.197 TRACE_ID WARN  http-nio-8888-exec-5 Generator4MethodAccessor field not found limit of object class name com.sparrow.security.admin.dao.query.OrganizationDBPagerQuery
2026-10-04 20:49:26.197 TRACE_ID WARN  http-nio-8888-exec-8 Generator4MethodAccessor field not found limit of object class name com.sparrow.security.admin.dao.query.OrganizationDBPagerQuery
2026-10-04 20:49:26.198 TRACE_ID WARN  http-nio-8888-exec-8 Generator4MethodAccessor field not found limit of object class name com.sparrow.security.admin.protocol.query.OrganizationQuery
2026-10-04 20:49:26.198 TRACE_ID WARN  http-nio-8888-exec-5 Generator4MethodAccessor field not found limit of object class name com.sparrow.security.admin.protocol.query.OrganizationQuery
2026-10-04 20:49:26.198 TRACE_ID WARN  http-nio-8888-exec-8 Generator4MethodAccessor field not found limit of object class name com.sparrow.security.admin.dao.query.OrganizationDBPagerQuery
2026-10-04 20:49:26.198 TRACE_ID WARN  http-nio-8888-exec-5 Generator4MethodAccessor field not found limit of object class name com.sparrow.security.admin.dao.query.OrganizationDBPagerQuery
2026-10-04 20:49:26.199 TRACE_ID WARN  http-nio-8888-exec-5 Generator4MethodAccessor field not found displayText of object class name com.sparrow.security.po.Organization
2026-10-04 20:49:26.199 TRACE_ID WARN  http-nio-8888-exec-5 Generator4MethodAccessor field not found displayText of object class name com.sparrow.security.po.Organization
2026-10-04 20:49:26.199 TRACE_ID WARN  http-nio-8888-exec-5 Generator4MethodAccessor field not found displayText of object class name com.sparrow.security.po.Organization
2026-10-04 20:49:26.199 TRACE_ID WARN  http-nio-8888-exec-8 Generator4MethodAccessor field not found displayText of object class name com.sparrow.security.po.Organization
2026-10-04 20:49:26.199 TRACE_ID WARN  http-nio-8888-exec-8 Generator4MethodAccessor field not found displayText of object class name com.sparrow.security.po.Organization
2026-10-04 20:49:26.199 TRACE_ID WARN  http-nio-8888-exec-8 Generator4MethodAccessor field not found displayText of object class name com.sparrow.security.po.Organization
2026-10-04 20:49:26.200 TRACE_ID WARN  http-nio-8888-exec-5 Generator4MethodAccessor field not found limit of object class name com.sparrow.security.admin.protocol.query.OrganizationQuery
2026-10-04 20:49:26.200 TRACE_ID WARN  http-nio-8888-exec-5 Generator4MethodAccessor field not found limit of object class name com.sparrow.security.admin.dao.query.OrganizationDBPagerQuery
2026-10-04 20:49:26.200 TRACE_ID WARN  http-nio-8888-exec-8 Generator4MethodAccessor field not found limit of object class name com.sparrow.security.admin.protocol.query.OrganizationQuery
2026-10-04 20:49:26.200 TRACE_ID WARN  http-nio-8888-exec-8 Generator4MethodAccessor field not found limit of object class name com.sparrow.security.admin.dao.query.OrganizationDBPagerQuery
2026-10-04 20:49:26.201 TRACE_ID WARN  http-nio-8888-exec-5 Generator4MethodAccessor field not found displayText of object class name com.sparrow.security.po.Organization
2026-10-04 20:49:26.201 TRACE_ID WARN  http-nio-8888-exec-5 Generator4MethodAccessor field not found displayText of object class name com.sparrow.security.po.Organization
2026-10-04 20:49:26.201 TRACE_ID WARN  http-nio-8888-exec-5 Generator4MethodAccessor field not found displayText of object class name com.sparrow.security.po.Organization
2026-10-04 20:49:26.201 TRACE_ID WARN  http-nio-8888-exec-8 Generator4MethodAccessor field not found displayText of object class name com.sparrow.security.po.Organization
2026-10-04 20:49:26.201 TRACE_ID WARN  http-nio-8888-exec-8 Generator4MethodAccessor field not found displayText of object class name com.sparrow.security.po.Organization
2026-10-04 20:49:26.201 TRACE_ID WARN  http-nio-8888-exec-8 Generator4MethodAccessor field not found displayText of object class name com.sparrow.security.po.Organization
2026-10-04 20:49:27.582 TRACE_ID WARN  http-nio-8888-exec-2 Generator4MethodAccessor field not found limit of object class name com.sparrow.security.admin.protocol.query.PositionQuery
2026-10-04 20:49:27.582 TRACE_ID WARN  http-nio-8888-exec-3 Generator4MethodAccessor field not found limit of object class name com.sparrow.security.admin.protocol.query.PositionQuery
2026-10-04 20:49:27.582 TRACE_ID WARN  http-nio-8888-exec-3 Generator4MethodAccessor field not found limit of object class name com.sparrow.security.admin.dao.query.PositionDBPagerQuery
2026-10-04 20:49:27.582 TRACE_ID WARN  http-nio-8888-exec-2 Generator4MethodAccessor field not found limit of object class name com.sparrow.security.admin.dao.query.PositionDBPagerQuery
2026-10-04 20:49:27.583 TRACE_ID WARN  http-nio-8888-exec-3 Generator4MethodAccessor field not found limit of object class name com.sparrow.security.admin.protocol.query.PositionQuery
2026-10-04 20:49:27.583 TRACE_ID WARN  http-nio-8888-exec-3 Generator4MethodAccessor field not found limit of object class name com.sparrow.security.admin.dao.query.PositionDBPagerQuery
2026-10-04 20:49:27.583 TRACE_ID WARN  http-nio-8888-exec-2 Generator4MethodAccessor field not found limit of object class name com.sparrow.security.admin.protocol.query.PositionQuery
2026-10-04 20:49:27.583 TRACE_ID WARN  http-nio-8888-exec-2 Generator4MethodAccessor field not found limit of object class name com.sparrow.security.admin.dao.query.PositionDBPagerQuery
2026-10-04 20:49:27.584 TRACE_ID WARN  http-nio-8888-exec-3 Generator4MethodAccessor field not found displayText of object class name com.sparrow.security.po.Position
2026-10-04 20:49:27.584 TRACE_ID WARN  http-nio-8888-exec-3 Generator4MethodAccessor field not found displayText of object class name com.sparrow.security.po.Position
2026-10-04 20:49:27.584 TRACE_ID WARN  http-nio-8888-exec-2 Generator4MethodAccessor field not found displayText of object class name com.sparrow.security.po.Position
2026-10-04 20:49:27.584 TRACE_ID WARN  http-nio-8888-exec-2 Generator4MethodAccessor field not found displayText of object class name com.sparrow.security.po.Position
2026-10-04 20:49:27.584 TRACE_ID WARN  http-nio-8888-exec-3 Generator4MethodAccessor field not found limit of object class name com.sparrow.security.admin.protocol.query.OrganizationQuery
2026-10-04 20:49:27.585 TRACE_ID WARN  http-nio-8888-exec-3 Generator4MethodAccessor field not found limit of object class name com.sparrow.security.admin.dao.query.OrganizationDBPagerQuery
2026-10-04 20:49:27.585 TRACE_ID WARN  http-nio-8888-exec-2 Generator4MethodAccessor field not found limit of object class name com.sparrow.security.admin.protocol.query.OrganizationQuery
2026-10-04 20:49:27.585 TRACE_ID WARN  http-nio-8888-exec-2 Generator4MethodAccessor field not found limit of object class name com.sparrow.security.admin.dao.query.OrganizationDBPagerQuery
2026-10-04 20:49:27.586 TRACE_ID WARN  http-nio-8888-exec-3 Generator4MethodAccessor field not found displayText of object class name com.sparrow.security.po.Organization
2026-10-04 20:49:27.586 TRACE_ID WARN  http-nio-8888-exec-3 Generator4MethodAccessor field not found displayText of object class name com.sparrow.security.po.Organization
2026-10-04 20:49:27.586 TRACE_ID WARN  http-nio-8888-exec-3 Generator4MethodAccessor field not found displayText of object class name com.sparrow.security.po.Organization
2026-10-04 20:49:27.586 TRACE_ID WARN  http-nio-8888-exec-2 Generator4MethodAccessor field not found displayText of object class name com.sparrow.security.po.Organization
2026-10-04 20:49:27.586 TRACE_ID WARN  http-nio-8888-exec-2 Generator4MethodAccessor field not found displayText of object class name com.sparrow.security.po.Organization
2026-10-04 20:49:27.587 TRACE_ID WARN  http-nio-8888-exec-2 Generator4MethodAccessor field not found displayText of object class name com.sparrow.security.po.Organization
2026-10-04 20:49:34.959 TRACE_ID WARN  http-nio-8888-exec-6 Generator4MethodAccessor field not found limit of object class name com.sparrow.security.admin.protocol.query.AppQuery
2026-10-04 20:49:34.959 TRACE_ID WARN  http-nio-8888-exec-4 Generator4MethodAccessor field not found limit of object class name com.sparrow.security.admin.protocol.query.AppQuery
2026-10-04 20:49:34.959 TRACE_ID WARN  http-nio-8888-exec-6 Generator4MethodAccessor field not found limit of object class name com.sparrow.security.admin.dao.query.AppDBPagerQuery
2026-10-04 20:49:34.959 TRACE_ID WARN  http-nio-8888-exec-4 Generator4MethodAccessor field not found limit of object class name com.sparrow.security.admin.dao.query.AppDBPagerQuery
2026-10-04 20:49:34.964 TRACE_ID WARN  http-nio-8888-exec-4 Generator4MethodAccessor field not found limit of object class name com.sparrow.security.admin.protocol.query.AppQuery
2026-10-04 20:49:34.964 TRACE_ID WARN  http-nio-8888-exec-4 Generator4MethodAccessor field not found limit of object class name com.sparrow.security.admin.dao.query.AppDBPagerQuery
2026-10-04 20:49:34.964 TRACE_ID WARN  http-nio-8888-exec-6 Generator4MethodAccessor field not found limit of object class name com.sparrow.security.admin.protocol.query.AppQuery
2026-10-04 20:49:34.964 TRACE_ID WARN  http-nio-8888-exec-6 Generator4MethodAccessor field not found limit of object class name com.sparrow.security.admin.dao.query.AppDBPagerQuery
2026-10-04 20:49:34.967 TRACE_ID WARN  http-nio-8888-exec-6 Generator4MethodAccessor field not found displayText of object class name com.sparrow.security.po.App
2026-10-04 20:49:34.967 TRACE_ID WARN  http-nio-8888-exec-4 Generator4MethodAccessor field not found displayText of object class name com.sparrow.security.po.App
2026-10-04 20:49:36.019 TRACE_ID WARN  http-nio-8888-exec-7 Generator4MethodAccessor field not found limit of object class name com.sparrow.security.admin.protocol.query.PermissionQuery
2026-10-04 20:49:36.019 TRACE_ID WARN  http-nio-8888-exec-7 Generator4MethodAccessor field not found limit of object class name com.sparrow.security.admin.dao.query.PermissionDBPagerQuery
2026-10-04 20:49:36.019 TRACE_ID WARN  http-nio-8888-exec-10 Generator4MethodAccessor field not found limit of object class name com.sparrow.security.admin.protocol.query.PermissionQuery
2026-10-04 20:49:36.020 TRACE_ID WARN  http-nio-8888-exec-10 Generator4MethodAccessor field not found limit of object class name com.sparrow.security.admin.dao.query.PermissionDBPagerQuery
2026-10-04 20:49:39.811 TRACE_ID WARN  http-nio-8888-exec-3 Generator4MethodAccessor field not found limit of object class name com.sparrow.security.admin.protocol.query.PermissionQuery
2026-10-04 20:49:39.812 TRACE_ID WARN  http-nio-8888-exec-2 Generator4MethodAccessor field not found limit of object class name com.sparrow.security.admin.protocol.query.PermissionQuery
2026-10-04 20:49:39.812 TRACE_ID WARN  http-nio-8888-exec-2 Generator4MethodAccessor field not found limit of object class name com.sparrow.security.admin.dao.query.PermissionDBPagerQuery
2026-10-04 20:49:39.812 TRACE_ID WARN  http-nio-8888-exec-3 Generator4MethodAccessor field not found limit of object class name com.sparrow.security.admin.dao.query.PermissionDBPagerQuery
2026-10-04 20:50:10.304 TRACE_ID WARN  http-nio-8888-exec-4 Generator4MethodAccessor field not found limit of object class name com.sparrow.security.admin.protocol.query.RoleQuery
2026-10-04 20:50:10.304 TRACE_ID WARN  http-nio-8888-exec-6 Generator4MethodAccessor field not found limit of object class name com.sparrow.security.admin.protocol.query.RoleQuery
2026-10-04 20:50:10.304 TRACE_ID WARN  http-nio-8888-exec-4 Generator4MethodAccessor field not found limit of object class name com.sparrow.security.admin.dao.query.RoleDBPagerQuery
2026-10-04 20:50:10.304 TRACE_ID WARN  http-nio-8888-exec-6 Generator4MethodAccessor field not found limit of object class name com.sparrow.security.admin.dao.query.RoleDBPagerQuery
2026-10-04 20:50:17.511 TRACE_ID WARN  http-nio-8888-exec-10 Generator4MethodAccessor field not found limit of object class name com.sparrow.security.admin.protocol.query.UserGroupQuery
2026-10-04 20:50:17.512 TRACE_ID WARN  http-nio-8888-exec-10 Generator4MethodAccessor field not found limit of object class name com.sparrow.security.admin.dao.query.UserGroupDBPagerQuery
2026-10-04 20:50:17.512 TRACE_ID WARN  http-nio-8888-exec-7 Generator4MethodAccessor field not found limit of object class name com.sparrow.security.admin.protocol.query.UserGroupQuery
2026-10-04 20:50:17.512 TRACE_ID WARN  http-nio-8888-exec-7 Generator4MethodAccessor field not found limit of object class name com.sparrow.security.admin.dao.query.UserGroupDBPagerQuery
2026-10-04 20:50:24.916 TRACE_ID WARN  http-nio-8888-exec-1 Generator4MethodAccessor field not found limit of object class name com.sparrow.security.admin.protocol.query.PermissionQuery
2026-10-04 20:50:24.916 TRACE_ID WARN  http-nio-8888-exec-1 Generator4MethodAccessor field not found limit of object class name com.sparrow.security.admin.dao.query.PermissionDBPagerQuery
2026-10-04 20:50:24.916 TRACE_ID WARN  http-nio-8888-exec-9 Generator4MethodAccessor field not found limit of object class name com.sparrow.security.admin.protocol.query.PermissionQuery
2026-10-04 20:50:24.916 TRACE_ID WARN  http-nio-8888-exec-9 Generator4MethodAccessor field not found limit of object class name com.sparrow.security.admin.dao.query.PermissionDBPagerQuery
2026-10-04 20:50:36.968 TRACE_ID WARN  http-nio-8888-exec-5 Generator4MethodAccessor field not found limit of object class name com.sparrow.coder.protocol.query.ProjectConfigQuery
2026-10-04 20:50:36.968 TRACE_ID WARN  http-nio-8888-exec-5 Generator4MethodAccessor field not found limit of object class name com.sparrow.coder.dao.query.ProjectConfigDBPagerQuery
2026-10-04 20:50:36.968 TRACE_ID WARN  http-nio-8888-exec-8 Generator4MethodAccessor field not found limit of object class name com.sparrow.coder.protocol.query.ProjectConfigQuery
2026-10-04 20:50:36.969 TRACE_ID WARN  http-nio-8888-exec-8 Generator4MethodAccessor field not found limit of object class name com.sparrow.coder.dao.query.ProjectConfigDBPagerQuery
2026-10-04 20:50:36.973 TRACE_ID WARN  http-nio-8888-exec-5 Generator4MethodAccessor field not found limit of object class name com.sparrow.coder.protocol.query.ProjectConfigQuery
2026-10-04 20:50:36.973 TRACE_ID WARN  http-nio-8888-exec-5 Generator4MethodAccessor field not found limit of object class name com.sparrow.coder.dao.query.ProjectConfigDBPagerQuery
2026-10-04 20:50:36.973 TRACE_ID WARN  http-nio-8888-exec-8 Generator4MethodAccessor field not found limit of object class name com.sparrow.coder.protocol.query.ProjectConfigQuery
2026-10-04 20:50:36.973 TRACE_ID WARN  http-nio-8888-exec-8 Generator4MethodAccessor field not found limit of object class name com.sparrow.coder.dao.query.ProjectConfigDBPagerQuery
2026-10-04 20:50:36.974 TRACE_ID WARN  http-nio-8888-exec-8 Generator4MethodAccessor field not found displayText of object class name com.sparrow.coder.po.ProjectConfig
2026-10-04 20:50:36.974 TRACE_ID WARN  http-nio-8888-exec-5 Generator4MethodAccessor field not found displayText of object class name com.sparrow.coder.po.ProjectConfig
2026-10-04 20:50:40.430 TRACE_ID WARN  http-nio-8888-exec-3 Generator4MethodAccessor field not found limit of object class name com.sparrow.coder.protocol.query.TableConfigQuery
2026-10-04 20:50:40.430 TRACE_ID WARN  http-nio-8888-exec-3 Generator4MethodAccessor field not found limit of object class name com.sparrow.coder.dao.query.TableConfigDBPagerQuery
2026-10-04 20:50:40.430 TRACE_ID WARN  http-nio-8888-exec-2 Generator4MethodAccessor field not found limit of object class name com.sparrow.coder.protocol.query.TableConfigQuery
2026-10-04 20:50:40.430 TRACE_ID WARN  http-nio-8888-exec-2 Generator4MethodAccessor field not found limit of object class name com.sparrow.coder.dao.query.TableConfigDBPagerQuery
2026-10-04 20:50:40.435 TRACE_ID WARN  http-nio-8888-exec-2 Generator4MethodAccessor field not found limit of object class name com.sparrow.coder.protocol.query.TableConfigQuery
2026-10-04 20:50:40.435 TRACE_ID WARN  http-nio-8888-exec-2 Generator4MethodAccessor field not found limit of object class name com.sparrow.coder.dao.query.TableConfigDBPagerQuery
2026-10-04 20:50:40.435 TRACE_ID WARN  http-nio-8888-exec-3 Generator4MethodAccessor field not found limit of object class name com.sparrow.coder.protocol.query.TableConfigQuery
2026-10-04 20:50:40.435 TRACE_ID WARN  http-nio-8888-exec-3 Generator4MethodAccessor field not found limit of object class name com.sparrow.coder.dao.query.TableConfigDBPagerQuery
2026-10-04 20:50:40.437 TRACE_ID WARN  http-nio-8888-exec-2 Generator4MethodAccessor field not found limit of object class name com.sparrow.coder.protocol.query.ProjectConfigQuery
2026-10-04 20:50:40.437 TRACE_ID WARN  http-nio-8888-exec-2 Generator4MethodAccessor field not found limit of object class name com.sparrow.coder.dao.query.ProjectConfigDBPagerQuery
2026-10-04 20:50:40.437 TRACE_ID WARN  http-nio-8888-exec-3 Generator4MethodAccessor field not found limit of object class name com.sparrow.coder.protocol.query.ProjectConfigQuery
2026-10-04 20:50:40.437 TRACE_ID WARN  http-nio-8888-exec-3 Generator4MethodAccessor field not found limit of object class name com.sparrow.coder.dao.query.ProjectConfigDBPagerQuery
2026-10-04 20:50:40.438 TRACE_ID WARN  http-nio-8888-exec-2 Generator4MethodAccessor field not found displayText of object class name com.sparrow.coder.po.ProjectConfig
2026-10-04 20:50:40.438 TRACE_ID WARN  http-nio-8888-exec-3 Generator4MethodAccessor field not found displayText of object class name com.sparrow.coder.po.ProjectConfig
2026-10-04 20:51:13.604 TRACE_ID WARN  http-nio-8888-exec-9 Generator4MethodAccessor field not found deleted of object class name com.sparrow.coder.protocol.param.TableConfigParam
2026-10-04 20:51:13.605 TRACE_ID WARN  http-nio-8888-exec-9 Generator4MethodAccessor field not found status of object class name com.sparrow.coder.protocol.param.TableConfigParam
2026-10-04 20:51:13.605 TRACE_ID WARN  http-nio-8888-exec-9 Generator4MethodAccessor field not found createUserId of object class name com.sparrow.coder.protocol.param.TableConfigParam
2026-10-04 20:51:13.605 TRACE_ID WARN  http-nio-8888-exec-9 Generator4MethodAccessor field not found modifiedUserId of object class name com.sparrow.coder.protocol.param.TableConfigParam
2026-10-04 20:51:13.605 TRACE_ID WARN  http-nio-8888-exec-9 Generator4MethodAccessor field not found gmtCreate of object class name com.sparrow.coder.protocol.param.TableConfigParam
2026-10-04 20:51:13.605 TRACE_ID WARN  http-nio-8888-exec-9 Generator4MethodAccessor field not found gmtModified of object class name com.sparrow.coder.protocol.param.TableConfigParam
2026-10-04 20:51:13.605 TRACE_ID WARN  http-nio-8888-exec-9 Generator4MethodAccessor field not found createUserName of object class name com.sparrow.coder.protocol.param.TableConfigParam
2026-10-04 20:51:13.605 TRACE_ID WARN  http-nio-8888-exec-9 Generator4MethodAccessor field not found modifiedUserName of object class name com.sparrow.coder.protocol.param.TableConfigParam
2026-10-04 20:51:23.081 TRACE_ID WARN  http-nio-8888-exec-4 Generator4MethodAccessor field not found displayText of object class name com.sparrow.coder.po.ProjectConfig
2026-10-04 20:51:23.082 TRACE_ID WARN  http-nio-8888-exec-4 Generator4MethodAccessor field not found limit of object class name com.sparrow.coder.protocol.query.TableConfigQuery
2026-10-04 20:51:23.082 TRACE_ID WARN  http-nio-8888-exec-4 Generator4MethodAccessor field not found limit of object class name com.sparrow.coder.dao.query.TableConfigDBPagerQuery
2026-10-04 20:51:23.378 TRACE_ID WARN  http-nio-8888-exec-5 Generator4MethodAccessor field not found limit of object class name com.sparrow.security.admin.protocol.query.PermissionQuery
2026-10-04 20:51:23.378 TRACE_ID WARN  http-nio-8888-exec-5 Generator4MethodAccessor field not found limit of object class name com.sparrow.security.admin.dao.query.PermissionDBPagerQuery
2026-10-04 20:51:25.087 TRACE_ID WARN  http-nio-8888-exec-10 Generator4MethodAccessor field not found limit of object class name com.sparrow.security.admin.protocol.query.PermissionQuery
2026-10-04 20:51:25.087 TRACE_ID WARN  http-nio-8888-exec-10 Generator4MethodAccessor field not found limit of object class name com.sparrow.security.admin.dao.query.PermissionDBPagerQuery
2026-10-04 20:51:25.101 TRACE_ID WARN  http-nio-8888-exec-2 Generator4MethodAccessor field not found limit of object class name com.sparrow.coder.protocol.query.TableConfigQuery
2026-10-04 20:51:25.101 TRACE_ID WARN  http-nio-8888-exec-2 Generator4MethodAccessor field not found limit of object class name com.sparrow.coder.dao.query.TableConfigDBPagerQuery
2026-10-04 20:51:25.120 TRACE_ID WARN  http-nio-8888-exec-2 Generator4MethodAccessor field not found limit of object class name com.sparrow.coder.protocol.query.TableConfigQuery
2026-10-04 20:51:25.120 TRACE_ID WARN  http-nio-8888-exec-2 Generator4MethodAccessor field not found limit of object class name com.sparrow.coder.dao.query.TableConfigDBPagerQuery
2026-10-04 20:51:25.127 TRACE_ID WARN  http-nio-8888-exec-2 Generator4MethodAccessor field not found limit of object class name com.sparrow.coder.protocol.query.ProjectConfigQuery
2026-10-04 20:51:25.127 TRACE_ID WARN  http-nio-8888-exec-2 Generator4MethodAccessor field not found limit of object class name com.sparrow.coder.dao.query.ProjectConfigDBPagerQuery
2026-10-04 20:51:25.145 TRACE_ID WARN  http-nio-8888-exec-2 Generator4MethodAccessor field not found displayText of object class name com.sparrow.coder.po.ProjectConfig
2026-10-04 20:51:30.159 TRACE_ID WARN  http-nio-8888-exec-9 Generator4MethodAccessor field not found limit of object class name com.sparrow.security.admin.protocol.query.PermissionQuery
2026-10-04 20:51:30.159 TRACE_ID WARN  http-nio-8888-exec-6 Generator4MethodAccessor field not found limit of object class name com.sparrow.security.admin.protocol.query.PermissionQuery
2026-10-04 20:51:30.159 TRACE_ID WARN  http-nio-8888-exec-9 Generator4MethodAccessor field not found limit of object class name com.sparrow.security.admin.dao.query.PermissionDBPagerQuery
2026-10-04 20:51:30.159 TRACE_ID WARN  http-nio-8888-exec-6 Generator4MethodAccessor field not found limit of object class name com.sparrow.security.admin.dao.query.PermissionDBPagerQuery
2026-10-04 20:51:55.753 TRACE_ID WARN  http-nio-8888-exec-5 Generator4MethodAccessor field not found limit of object class name com.sparrow.security.admin.protocol.query.PermissionQuery
2026-10-04 20:51:55.753 TRACE_ID WARN  http-nio-8888-exec-5 Generator4MethodAccessor field not found limit of object class name com.sparrow.security.admin.dao.query.PermissionDBPagerQuery
2026-10-04 20:51:55.753 TRACE_ID WARN  http-nio-8888-exec-7 Generator4MethodAccessor field not found limit of object class name com.sparrow.security.admin.protocol.query.PermissionQuery
2026-10-04 20:51:55.753 TRACE_ID WARN  http-nio-8888-exec-7 Generator4MethodAccessor field not found limit of object class name com.sparrow.security.admin.dao.query.PermissionDBPagerQuery
2026-10-04 20:55:13.323 TRACE_ID WARN  http-nio-8888-exec-9 Generator4MethodAccessor field not found limit of object class name com.sparrow.coder.protocol.query.TableConfigQuery
2026-10-04 20:55:13.323 TRACE_ID WARN  http-nio-8888-exec-6 Generator4MethodAccessor field not found limit of object class name com.sparrow.coder.protocol.query.TableConfigQuery
2026-10-04 20:55:13.323 TRACE_ID WARN  http-nio-8888-exec-9 Generator4MethodAccessor field not found limit of object class name com.sparrow.coder.dao.query.TableConfigDBPagerQuery
2026-10-04 20:55:13.323 TRACE_ID WARN  http-nio-8888-exec-6 Generator4MethodAccessor field not found limit of object class name com.sparrow.coder.dao.query.TableConfigDBPagerQuery
2026-10-04 20:55:13.361 TRACE_ID WARN  http-nio-8888-exec-6 Generator4MethodAccessor field not found limit of object class name com.sparrow.coder.protocol.query.TableConfigQuery
2026-10-04 20:55:13.361 TRACE_ID WARN  http-nio-8888-exec-9 Generator4MethodAccessor field not found limit of object class name com.sparrow.coder.protocol.query.TableConfigQuery
2026-10-04 20:55:13.361 TRACE_ID WARN  http-nio-8888-exec-6 Generator4MethodAccessor field not found limit of object class name com.sparrow.coder.dao.query.TableConfigDBPagerQuery
2026-10-04 20:55:13.361 TRACE_ID WARN  http-nio-8888-exec-9 Generator4MethodAccessor field not found limit of object class name com.sparrow.coder.dao.query.TableConfigDBPagerQuery
2026-10-04 20:55:13.366 TRACE_ID WARN  http-nio-8888-exec-6 Generator4MethodAccessor field not found limit of object class name com.sparrow.coder.protocol.query.ProjectConfigQuery
2026-10-04 20:55:13.366 TRACE_ID WARN  http-nio-8888-exec-6 Generator4MethodAccessor field not found limit of object class name com.sparrow.coder.dao.query.ProjectConfigDBPagerQuery
2026-10-04 20:55:13.366 TRACE_ID WARN  http-nio-8888-exec-9 Generator4MethodAccessor field not found limit of object class name com.sparrow.coder.protocol.query.ProjectConfigQuery
2026-10-04 20:55:13.366 TRACE_ID WARN  http-nio-8888-exec-9 Generator4MethodAccessor field not found limit of object class name com.sparrow.coder.dao.query.ProjectConfigDBPagerQuery
2026-10-04 20:55:13.367 TRACE_ID WARN  http-nio-8888-exec-9 Generator4MethodAccessor field not found displayText of object class name com.sparrow.coder.po.ProjectConfig
2026-10-04 20:55:13.367 TRACE_ID WARN  http-nio-8888-exec-6 Generator4MethodAccessor field not found displayText of object class name com.sparrow.coder.po.ProjectConfig
2026-10-04 20:55:47.285 TRACE_ID WARN  http-nio-8888-exec-2 Generator4MethodAccessor field not found limit of object class name com.sparrow.coder.protocol.query.TableConfigQuery
2026-10-04 20:55:47.285 TRACE_ID WARN  http-nio-8888-exec-10 Generator4MethodAccessor field not found limit of object class name com.sparrow.coder.protocol.query.TableConfigQuery
2026-10-04 20:55:47.285 TRACE_ID WARN  http-nio-8888-exec-10 Generator4MethodAccessor field not found limit of object class name com.sparrow.coder.dao.query.TableConfigDBPagerQuery
2026-10-04 20:55:47.285 TRACE_ID WARN  http-nio-8888-exec-2 Generator4MethodAccessor field not found limit of object class name com.sparrow.coder.dao.query.TableConfigDBPagerQuery
2026-10-04 20:55:47.289 TRACE_ID WARN  http-nio-8888-exec-10 Generator4MethodAccessor field not found limit of object class name com.sparrow.coder.protocol.query.TableConfigQuery
2026-10-04 20:55:47.289 TRACE_ID WARN  http-nio-8888-exec-2 Generator4MethodAccessor field not found limit of object class name com.sparrow.coder.protocol.query.TableConfigQuery
2026-10-04 20:55:47.289 TRACE_ID WARN  http-nio-8888-exec-10 Generator4MethodAccessor field not found limit of object class name com.sparrow.coder.dao.query.TableConfigDBPagerQuery
2026-10-04 20:55:47.289 TRACE_ID WARN  http-nio-8888-exec-2 Generator4MethodAccessor field not found limit of object class name com.sparrow.coder.dao.query.TableConfigDBPagerQuery
2026-10-04 20:55:47.292 TRACE_ID WARN  http-nio-8888-exec-2 Generator4MethodAccessor field not found limit of object class name com.sparrow.coder.protocol.query.ProjectConfigQuery
2026-10-04 20:55:47.292 TRACE_ID WARN  http-nio-8888-exec-2 Generator4MethodAccessor field not found limit of object class name com.sparrow.coder.dao.query.ProjectConfigDBPagerQuery
2026-10-04 20:55:47.293 TRACE_ID WARN  http-nio-8888-exec-2 Generator4MethodAccessor field not found displayText of object class name com.sparrow.coder.po.ProjectConfig
2026-10-04 20:55:47.294 TRACE_ID WARN  http-nio-8888-exec-10 Generator4MethodAccessor field not found limit of object class name com.sparrow.coder.protocol.query.ProjectConfigQuery
2026-10-04 20:55:47.294 TRACE_ID WARN  http-nio-8888-exec-10 Generator4MethodAccessor field not found limit of object class name com.sparrow.coder.dao.query.ProjectConfigDBPagerQuery
2026-10-04 20:55:47.294 TRACE_ID WARN  http-nio-8888-exec-10 Generator4MethodAccessor field not found displayText of object class name com.sparrow.coder.po.ProjectConfig
2026-10-04 20:56:15.690 TRACE_ID WARN  http-nio-8888-exec-3 Generator4MethodAccessor field not found deleted of object class name com.sparrow.coder.protocol.param.TableConfigParam
2026-10-04 20:56:15.690 TRACE_ID WARN  http-nio-8888-exec-3 Generator4MethodAccessor field not found status of object class name com.sparrow.coder.protocol.param.TableConfigParam
2026-10-04 20:56:15.690 TRACE_ID WARN  http-nio-8888-exec-3 Generator4MethodAccessor field not found createUserId of object class name com.sparrow.coder.protocol.param.TableConfigParam
2026-10-04 20:56:15.690 TRACE_ID WARN  http-nio-8888-exec-3 Generator4MethodAccessor field not found modifiedUserId of object class name com.sparrow.coder.protocol.param.TableConfigParam
2026-10-04 20:56:15.690 TRACE_ID WARN  http-nio-8888-exec-3 Generator4MethodAccessor field not found gmtCreate of object class name com.sparrow.coder.protocol.param.TableConfigParam
2026-10-04 20:56:15.690 TRACE_ID WARN  http-nio-8888-exec-3 Generator4MethodAccessor field not found gmtModified of object class name com.sparrow.coder.protocol.param.TableConfigParam
2026-10-04 20:56:15.690 TRACE_ID WARN  http-nio-8888-exec-3 Generator4MethodAccessor field not found createUserName of object class name com.sparrow.coder.protocol.param.TableConfigParam
2026-10-04 20:56:15.690 TRACE_ID WARN  http-nio-8888-exec-3 Generator4MethodAccessor field not found modifiedUserName of object class name com.sparrow.coder.protocol.param.TableConfigParam
2026-10-04 20:56:15.719 TRACE_ID WARN  http-nio-8888-exec-9 Generator4MethodAccessor field not found limit of object class name com.sparrow.coder.protocol.query.TableConfigQuery
2026-10-04 20:56:15.719 TRACE_ID WARN  http-nio-8888-exec-9 Generator4MethodAccessor field not found limit of object class name com.sparrow.coder.dao.query.TableConfigDBPagerQuery
2026-10-04 20:56:15.720 TRACE_ID WARN  http-nio-8888-exec-9 Generator4MethodAccessor field not found limit of object class name com.sparrow.coder.protocol.query.TableConfigQuery
2026-10-04 20:56:15.720 TRACE_ID WARN  http-nio-8888-exec-9 Generator4MethodAccessor field not found limit of object class name com.sparrow.coder.dao.query.TableConfigDBPagerQuery
2026-10-04 20:56:15.722 TRACE_ID WARN  http-nio-8888-exec-9 Generator4MethodAccessor field not found limit of object class name com.sparrow.coder.protocol.query.ProjectConfigQuery
2026-10-04 20:56:15.722 TRACE_ID WARN  http-nio-8888-exec-9 Generator4MethodAccessor field not found limit of object class name com.sparrow.coder.dao.query.ProjectConfigDBPagerQuery
2026-10-04 20:56:15.723 TRACE_ID WARN  http-nio-8888-exec-9 Generator4MethodAccessor field not found displayText of object class name com.sparrow.coder.po.ProjectConfig
2026-10-04 20:57:14.997 TRACE_ID WARN  http-nio-8888-exec-6 Generator4MethodAccessor field not found limit of object class name com.sparrow.coder.protocol.query.TableConfigQuery
2026-10-04 20:57:14.997 TRACE_ID WARN  http-nio-8888-exec-5 Generator4MethodAccessor field not found limit of object class name com.sparrow.coder.protocol.query.TableConfigQuery
2026-10-04 20:57:14.997 TRACE_ID WARN  http-nio-8888-exec-5 Generator4MethodAccessor field not found limit of object class name com.sparrow.coder.dao.query.TableConfigDBPagerQuery
2026-10-04 20:57:14.997 TRACE_ID WARN  http-nio-8888-exec-6 Generator4MethodAccessor field not found limit of object class name com.sparrow.coder.dao.query.TableConfigDBPagerQuery
2026-10-04 20:57:15.003 TRACE_ID WARN  http-nio-8888-exec-6 Generator4MethodAccessor field not found limit of object class name com.sparrow.coder.protocol.query.TableConfigQuery
2026-10-04 20:57:15.003 TRACE_ID WARN  http-nio-8888-exec-6 Generator4MethodAccessor field not found limit of object class name com.sparrow.coder.dao.query.TableConfigDBPagerQuery
2026-10-04 20:57:15.003 TRACE_ID WARN  http-nio-8888-exec-5 Generator4MethodAccessor field not found limit of object class name com.sparrow.coder.protocol.query.TableConfigQuery
2026-10-04 20:57:15.003 TRACE_ID WARN  http-nio-8888-exec-5 Generator4MethodAccessor field not found limit of object class name com.sparrow.coder.dao.query.TableConfigDBPagerQuery
2026-10-04 20:57:15.011 TRACE_ID WARN  http-nio-8888-exec-6 Generator4MethodAccessor field not found limit of object class name com.sparrow.coder.protocol.query.ProjectConfigQuery
2026-10-04 20:57:15.011 TRACE_ID WARN  http-nio-8888-exec-6 Generator4MethodAccessor field not found limit of object class name com.sparrow.coder.dao.query.ProjectConfigDBPagerQuery
2026-10-04 20:57:15.011 TRACE_ID WARN  http-nio-8888-exec-5 Generator4MethodAccessor field not found limit of object class name com.sparrow.coder.protocol.query.ProjectConfigQuery
2026-10-04 20:57:15.011 TRACE_ID WARN  http-nio-8888-exec-5 Generator4MethodAccessor field not found limit of object class name com.sparrow.coder.dao.query.ProjectConfigDBPagerQuery
2026-10-04 20:57:15.014 TRACE_ID WARN  http-nio-8888-exec-5 Generator4MethodAccessor field not found displayText of object class name com.sparrow.coder.po.ProjectConfig
2026-10-04 20:57:15.014 TRACE_ID WARN  http-nio-8888-exec-6 Generator4MethodAccessor field not found displayText of object class name com.sparrow.coder.po.ProjectConfig
2026-10-04 20:57:34.763 TRACE_ID WARN  http-nio-8888-exec-8 Generator4MethodAccessor field not found createUserId of object class name com.sparrow.coder.protocol.param.TableConfigParam
2026-10-04 20:57:34.763 TRACE_ID WARN  http-nio-8888-exec-8 Generator4MethodAccessor field not found modifiedUserId of object class name com.sparrow.coder.protocol.param.TableConfigParam
2026-10-04 20:57:34.763 TRACE_ID WARN  http-nio-8888-exec-8 Generator4MethodAccessor field not found gmtCreate of object class name com.sparrow.coder.protocol.param.TableConfigParam
2026-10-04 20:57:34.763 TRACE_ID WARN  http-nio-8888-exec-8 Generator4MethodAccessor field not found gmtModified of object class name com.sparrow.coder.protocol.param.TableConfigParam
2026-10-04 20:57:34.763 TRACE_ID WARN  http-nio-8888-exec-8 Generator4MethodAccessor field not found createUserName of object class name com.sparrow.coder.protocol.param.TableConfigParam
2026-10-04 20:57:34.763 TRACE_ID WARN  http-nio-8888-exec-8 Generator4MethodAccessor field not found modifiedUserName of object class name com.sparrow.coder.protocol.param.TableConfigParam
2026-10-04 20:57:34.763 TRACE_ID WARN  http-nio-8888-exec-8 Generator4MethodAccessor field not found status of object class name com.sparrow.coder.protocol.param.TableConfigParam
2026-10-04 20:57:34.763 TRACE_ID WARN  http-nio-8888-exec-8 Generator4MethodAccessor field not found deleted of object class name com.sparrow.coder.protocol.param.TableConfigParam
2026-10-04 20:57:34.784 TRACE_ID WARN  http-nio-8888-exec-10 Generator4MethodAccessor field not found limit of object class name com.sparrow.coder.protocol.query.TableConfigQuery
2026-10-04 20:57:34.784 TRACE_ID WARN  http-nio-8888-exec-10 Generator4MethodAccessor field not found limit of object class name com.sparrow.coder.dao.query.TableConfigDBPagerQuery
2026-10-04 20:57:34.786 TRACE_ID WARN  http-nio-8888-exec-10 Generator4MethodAccessor field not found limit of object class name com.sparrow.coder.protocol.query.TableConfigQuery
2026-10-04 20:57:34.786 TRACE_ID WARN  http-nio-8888-exec-10 Generator4MethodAccessor field not found limit of object class name com.sparrow.coder.dao.query.TableConfigDBPagerQuery
2026-10-04 20:57:34.789 TRACE_ID WARN  http-nio-8888-exec-10 Generator4MethodAccessor field not found limit of object class name com.sparrow.coder.protocol.query.ProjectConfigQuery
2026-10-04 20:57:34.789 TRACE_ID WARN  http-nio-8888-exec-10 Generator4MethodAccessor field not found limit of object class name com.sparrow.coder.dao.query.ProjectConfigDBPagerQuery
2026-10-04 20:57:34.791 TRACE_ID WARN  http-nio-8888-exec-10 Generator4MethodAccessor field not found displayText of object class name com.sparrow.coder.po.ProjectConfig
2026-10-04 20:59:14.270 TRACE_ID WARN  http-nio-8888-exec-4 Generator4MethodAccessor field not found createUserId of object class name com.sparrow.coder.protocol.param.TableConfigParam
2026-10-04 20:59:14.270 TRACE_ID WARN  http-nio-8888-exec-4 Generator4MethodAccessor field not found modifiedUserId of object class name com.sparrow.coder.protocol.param.TableConfigParam
2026-10-04 20:59:14.270 TRACE_ID WARN  http-nio-8888-exec-4 Generator4MethodAccessor field not found gmtCreate of object class name com.sparrow.coder.protocol.param.TableConfigParam
2026-10-04 20:59:14.270 TRACE_ID WARN  http-nio-8888-exec-4 Generator4MethodAccessor field not found gmtModified of object class name com.sparrow.coder.protocol.param.TableConfigParam
2026-10-04 20:59:14.270 TRACE_ID WARN  http-nio-8888-exec-4 Generator4MethodAccessor field not found createUserName of object class name com.sparrow.coder.protocol.param.TableConfigParam
2026-10-04 20:59:14.270 TRACE_ID WARN  http-nio-8888-exec-4 Generator4MethodAccessor field not found modifiedUserName of object class name com.sparrow.coder.protocol.param.TableConfigParam
2026-10-04 20:59:14.270 TRACE_ID WARN  http-nio-8888-exec-4 Generator4MethodAccessor field not found status of object class name com.sparrow.coder.protocol.param.TableConfigParam
2026-10-04 20:59:14.270 TRACE_ID WARN  http-nio-8888-exec-4 Generator4MethodAccessor field not found deleted of object class name com.sparrow.coder.protocol.param.TableConfigParam
2026-10-04 20:59:20.922 TRACE_ID WARN  http-nio-8888-exec-6 Generator4MethodAccessor field not found displayText of object class name com.sparrow.coder.po.ProjectConfig
2026-10-04 20:59:20.924 TRACE_ID WARN  http-nio-8888-exec-6 Generator4MethodAccessor field not found limit of object class name com.sparrow.coder.protocol.query.TableConfigQuery
2026-10-04 20:59:20.924 TRACE_ID WARN  http-nio-8888-exec-6 Generator4MethodAccessor field not found limit of object class name com.sparrow.coder.dao.query.TableConfigDBPagerQuery
2026-10-04 20:59:21.440 TRACE_ID WARN  http-nio-8888-exec-8 Generator4MethodAccessor field not found limit of object class name com.sparrow.security.admin.protocol.query.PermissionQuery
2026-10-04 20:59:21.441 TRACE_ID WARN  http-nio-8888-exec-8 Generator4MethodAccessor field not found limit of object class name com.sparrow.security.admin.dao.query.PermissionDBPagerQuery
2026-10-04 20:59:23.117 TRACE_ID WARN  http-nio-8888-exec-10 Generator4MethodAccessor field not found limit of object class name com.sparrow.coder.protocol.query.TableConfigQuery
2026-10-04 20:59:23.117 TRACE_ID WARN  http-nio-8888-exec-10 Generator4MethodAccessor field not found limit of object class name com.sparrow.coder.dao.query.TableConfigDBPagerQuery
2026-10-04 20:59:23.119 TRACE_ID WARN  http-nio-8888-exec-10 Generator4MethodAccessor field not found limit of object class name com.sparrow.coder.protocol.query.TableConfigQuery
2026-10-04 20:59:23.119 TRACE_ID WARN  http-nio-8888-exec-10 Generator4MethodAccessor field not found limit of object class name com.sparrow.coder.dao.query.TableConfigDBPagerQuery
2026-10-04 20:59:23.122 TRACE_ID WARN  http-nio-8888-exec-10 Generator4MethodAccessor field not found limit of object class name com.sparrow.coder.protocol.query.ProjectConfigQuery
2026-10-04 20:59:23.122 TRACE_ID WARN  http-nio-8888-exec-10 Generator4MethodAccessor field not found limit of object class name com.sparrow.coder.dao.query.ProjectConfigDBPagerQuery
2026-10-04 20:59:23.123 TRACE_ID WARN  http-nio-8888-exec-10 Generator4MethodAccessor field not found displayText of object class name com.sparrow.coder.po.ProjectConfig
2026-10-04 20:59:24.115 TRACE_ID WARN  http-nio-8888-exec-2 Generator4MethodAccessor field not found limit of object class name com.sparrow.security.admin.protocol.query.PermissionQuery
2026-10-04 20:59:24.115 TRACE_ID WARN  http-nio-8888-exec-2 Generator4MethodAccessor field not found limit of object class name com.sparrow.security.admin.dao.query.PermissionDBPagerQuery
2026-10-04 20:59:36.987 TRACE_ID WARN  http-nio-8888-exec-4 Generator4MethodAccessor field not found limit of object class name com.sparrow.security.admin.protocol.query.PermissionQuery
2026-10-04 20:59:36.987 TRACE_ID WARN  http-nio-8888-exec-5 Generator4MethodAccessor field not found limit of object class name com.sparrow.security.admin.protocol.query.PermissionQuery
2026-10-04 20:59:36.987 TRACE_ID WARN  http-nio-8888-exec-4 Generator4MethodAccessor field not found limit of object class name com.sparrow.security.admin.dao.query.PermissionDBPagerQuery
2026-10-04 20:59:36.987 TRACE_ID WARN  http-nio-8888-exec-5 Generator4MethodAccessor field not found limit of object class name com.sparrow.security.admin.dao.query.PermissionDBPagerQuery
2026-10-04 21:00:11.919 TRACE_ID WARN  http-nio-8888-exec-4 Generator4MethodAccessor field not found limit of object class name com.sparrow.security.admin.protocol.query.PermissionQuery
2026-10-04 21:00:11.919 TRACE_ID WARN  http-nio-8888-exec-3 Generator4MethodAccessor field not found limit of object class name com.sparrow.security.admin.protocol.query.PermissionQuery
2026-10-04 21:00:11.920 TRACE_ID WARN  http-nio-8888-exec-4 Generator4MethodAccessor field not found limit of object class name com.sparrow.security.admin.dao.query.PermissionDBPagerQuery
2026-10-04 21:00:11.920 TRACE_ID WARN  http-nio-8888-exec-3 Generator4MethodAccessor field not found limit of object class name com.sparrow.security.admin.dao.query.PermissionDBPagerQuery
2026-10-04 21:00:11.943 TRACE_ID WARN  http-nio-8888-exec-3 Generator4MethodAccessor field not found limit of object class name com.sparrow.security.admin.protocol.query.AppQuery
2026-10-04 21:00:11.943 TRACE_ID WARN  http-nio-8888-exec-4 Generator4MethodAccessor field not found limit of object class name com.sparrow.security.admin.protocol.query.AppQuery
2026-10-04 21:00:11.943 TRACE_ID WARN  http-nio-8888-exec-3 Generator4MethodAccessor field not found limit of object class name com.sparrow.security.admin.dao.query.AppDBPagerQuery
2026-10-04 21:00:11.943 TRACE_ID WARN  http-nio-8888-exec-4 Generator4MethodAccessor field not found limit of object class name com.sparrow.security.admin.dao.query.AppDBPagerQuery
2026-10-04 21:00:11.950 TRACE_ID WARN  http-nio-8888-exec-3 Generator4MethodAccessor field not found displayText of object class name com.sparrow.security.po.App
2026-10-04 21:00:11.950 TRACE_ID WARN  http-nio-8888-exec-4 Generator4MethodAccessor field not found displayText of object class name com.sparrow.security.po.App
2026-10-04 21:00:11.950 TRACE_ID WARN  http-nio-8888-exec-3 Generator4MethodAccessor field not found limit of object class name com.sparrow.security.admin.protocol.query.MicroServiceQuery
2026-10-04 21:00:11.950 TRACE_ID WARN  http-nio-8888-exec-4 Generator4MethodAccessor field not found limit of object class name com.sparrow.security.admin.protocol.query.MicroServiceQuery
2026-10-04 21:00:11.950 TRACE_ID WARN  http-nio-8888-exec-3 Generator4MethodAccessor field not found limit of object class name com.sparrow.security.admin.dao.query.MicroServiceDBPagerQuery
2026-10-04 21:00:11.950 TRACE_ID WARN  http-nio-8888-exec-4 Generator4MethodAccessor field not found limit of object class name com.sparrow.security.admin.dao.query.MicroServiceDBPagerQuery
2026-10-04 21:00:11.953 TRACE_ID WARN  http-nio-8888-exec-3 Generator4MethodAccessor field not found displayText of object class name com.sparrow.security.po.MicroService
2026-10-04 21:00:11.953 TRACE_ID WARN  http-nio-8888-exec-4 Generator4MethodAccessor field not found displayText of object class name com.sparrow.security.po.MicroService
2026-10-04 21:00:11.954 TRACE_ID WARN  http-nio-8888-exec-3 Generator4MethodAccessor field not found limit of object class name com.sparrow.security.admin.protocol.query.PermissionQuery
2026-10-04 21:00:11.954 TRACE_ID WARN  http-nio-8888-exec-4 Generator4MethodAccessor field not found limit of object class name com.sparrow.security.admin.protocol.query.PermissionQuery
2026-10-04 21:00:11.954 TRACE_ID WARN  http-nio-8888-exec-3 Generator4MethodAccessor field not found limit of object class name com.sparrow.security.admin.dao.query.PermissionDBPagerQuery
2026-10-04 21:00:11.954 TRACE_ID WARN  http-nio-8888-exec-4 Generator4MethodAccessor field not found limit of object class name com.sparrow.security.admin.dao.query.PermissionDBPagerQuery
2026-10-04 21:30:15.372 TRACE_ID WARN  http-nio-8888-exec-3 Generator4MethodAccessor field not found limit of object class name com.sparrow.security.admin.protocol.query.PermissionQuery
2026-10-04 21:30:15.372 TRACE_ID WARN  http-nio-8888-exec-4 Generator4MethodAccessor field not found limit of object class name com.sparrow.security.admin.protocol.query.PermissionQuery
2026-10-04 21:30:15.373 TRACE_ID WARN  http-nio-8888-exec-3 Generator4MethodAccessor field not found limit of object class name com.sparrow.security.admin.dao.query.PermissionDBPagerQuery
2026-10-04 21:30:15.373 TRACE_ID WARN  http-nio-8888-exec-4 Generator4MethodAccessor field not found limit of object class name com.sparrow.security.admin.dao.query.PermissionDBPagerQuery
2026-10-04 21:30:15.424 TRACE_ID WARN  http-nio-8888-exec-4 Generator4MethodAccessor field not found limit of object class name com.sparrow.security.admin.protocol.query.AppQuery
2026-10-04 21:30:15.424 TRACE_ID WARN  http-nio-8888-exec-4 Generator4MethodAccessor field not found limit of object class name com.sparrow.security.admin.dao.query.AppDBPagerQuery
2026-10-04 21:30:15.424 TRACE_ID WARN  http-nio-8888-exec-3 Generator4MethodAccessor field not found limit of object class name com.sparrow.security.admin.protocol.query.AppQuery
2026-10-04 21:30:15.425 TRACE_ID WARN  http-nio-8888-exec-3 Generator4MethodAccessor field not found limit of object class name com.sparrow.security.admin.dao.query.AppDBPagerQuery
2026-10-04 21:30:15.444 TRACE_ID WARN  http-nio-8888-exec-3 Generator4MethodAccessor field not found displayText of object class name com.sparrow.security.po.App
2026-10-04 21:30:15.444 TRACE_ID WARN  http-nio-8888-exec-4 Generator4MethodAccessor field not found displayText of object class name com.sparrow.security.po.App
2026-10-04 21:30:15.444 TRACE_ID WARN  http-nio-8888-exec-3 Generator4MethodAccessor field not found limit of object class name com.sparrow.security.admin.protocol.query.MicroServiceQuery
2026-10-04 21:30:15.444 TRACE_ID WARN  http-nio-8888-exec-3 Generator4MethodAccessor field not found limit of object class name com.sparrow.security.admin.dao.query.MicroServiceDBPagerQuery
2026-10-04 21:30:15.444 TRACE_ID WARN  http-nio-8888-exec-4 Generator4MethodAccessor field not found limit of object class name com.sparrow.security.admin.protocol.query.MicroServiceQuery
2026-10-04 21:30:15.444 TRACE_ID WARN  http-nio-8888-exec-4 Generator4MethodAccessor field not found limit of object class name com.sparrow.security.admin.dao.query.MicroServiceDBPagerQuery
2026-10-04 21:30:15.448 TRACE_ID WARN  http-nio-8888-exec-3 Generator4MethodAccessor field not found displayText of object class name com.sparrow.security.po.MicroService
2026-10-04 21:30:15.448 TRACE_ID WARN  http-nio-8888-exec-4 Generator4MethodAccessor field not found displayText of object class name com.sparrow.security.po.MicroService
2026-10-04 21:30:15.448 TRACE_ID WARN  http-nio-8888-exec-3 Generator4MethodAccessor field not found limit of object class name com.sparrow.security.admin.protocol.query.PermissionQuery
2026-10-04 21:30:15.448 TRACE_ID WARN  http-nio-8888-exec-3 Generator4MethodAccessor field not found limit of object class name com.sparrow.security.admin.dao.query.PermissionDBPagerQuery
2026-10-04 21:30:15.448 TRACE_ID WARN  http-nio-8888-exec-4 Generator4MethodAccessor field not found limit of object class name com.sparrow.security.admin.protocol.query.PermissionQuery
2026-10-04 21:30:15.448 TRACE_ID WARN  http-nio-8888-exec-4 Generator4MethodAccessor field not found limit of object class name com.sparrow.security.admin.dao.query.PermissionDBPagerQuery
2026-10-04 21:31:37.241 TRACE_ID WARN  http-nio-8888-exec-2 Generator4MethodAccessor field not found createUserId of object class name com.sparrow.coder.protocol.param.TableConfigParam
2026-10-04 21:31:37.241 TRACE_ID WARN  http-nio-8888-exec-2 Generator4MethodAccessor field not found modifiedUserId of object class name com.sparrow.coder.protocol.param.TableConfigParam
2026-10-04 21:31:37.241 TRACE_ID WARN  http-nio-8888-exec-2 Generator4MethodAccessor field not found gmtCreate of object class name com.sparrow.coder.protocol.param.TableConfigParam
2026-10-04 21:31:37.241 TRACE_ID WARN  http-nio-8888-exec-2 Generator4MethodAccessor field not found gmtModified of object class name com.sparrow.coder.protocol.param.TableConfigParam
2026-10-04 21:31:37.241 TRACE_ID WARN  http-nio-8888-exec-2 Generator4MethodAccessor field not found createUserName of object class name com.sparrow.coder.protocol.param.TableConfigParam
2026-10-04 21:31:37.241 TRACE_ID WARN  http-nio-8888-exec-2 Generator4MethodAccessor field not found modifiedUserName of object class name com.sparrow.coder.protocol.param.TableConfigParam
2026-10-04 21:31:37.241 TRACE_ID WARN  http-nio-8888-exec-2 Generator4MethodAccessor field not found status of object class name com.sparrow.coder.protocol.param.TableConfigParam
2026-10-04 21:31:37.241 TRACE_ID WARN  http-nio-8888-exec-2 Generator4MethodAccessor field not found deleted of object class name com.sparrow.coder.protocol.param.TableConfigParam
2026-10-04 21:31:37.286 TRACE_ID WARN  http-nio-8888-exec-4 Generator4MethodAccessor field not found limit of object class name com.sparrow.coder.protocol.query.TableConfigQuery
2026-10-04 21:31:37.286 TRACE_ID WARN  http-nio-8888-exec-4 Generator4MethodAccessor field not found limit of object class name com.sparrow.coder.dao.query.TableConfigDBPagerQuery
2026-10-04 21:31:37.290 TRACE_ID WARN  http-nio-8888-exec-4 Generator4MethodAccessor field not found limit of object class name com.sparrow.coder.protocol.query.TableConfigQuery
2026-10-04 21:31:37.290 TRACE_ID WARN  http-nio-8888-exec-4 Generator4MethodAccessor field not found limit of object class name com.sparrow.coder.dao.query.TableConfigDBPagerQuery
2026-10-04 21:31:37.296 TRACE_ID WARN  http-nio-8888-exec-4 Generator4MethodAccessor field not found limit of object class name com.sparrow.coder.protocol.query.ProjectConfigQuery
2026-10-04 21:31:37.296 TRACE_ID WARN  http-nio-8888-exec-4 Generator4MethodAccessor field not found limit of object class name com.sparrow.coder.dao.query.ProjectConfigDBPagerQuery
2026-10-04 21:31:37.298 TRACE_ID WARN  http-nio-8888-exec-4 Generator4MethodAccessor field not found displayText of object class name com.sparrow.coder.po.ProjectConfig
2026-10-04 21:44:03.672 TRACE_ID WARN  http-nio-8888-exec-3 Generator4MethodAccessor field not found limit of object class name com.sparrow.coder.protocol.query.TableConfigQuery
2026-10-04 21:44:03.672 TRACE_ID WARN  http-nio-8888-exec-3 Generator4MethodAccessor field not found limit of object class name com.sparrow.coder.dao.query.TableConfigDBPagerQuery
2026-10-04 21:44:03.672 TRACE_ID WARN  http-nio-8888-exec-2 Generator4MethodAccessor field not found limit of object class name com.sparrow.coder.protocol.query.TableConfigQuery
2026-10-04 21:44:03.673 TRACE_ID WARN  http-nio-8888-exec-2 Generator4MethodAccessor field not found limit of object class name com.sparrow.coder.dao.query.TableConfigDBPagerQuery
2026-10-04 21:44:03.737 TRACE_ID WARN  http-nio-8888-exec-2 Generator4MethodAccessor field not found limit of object class name com.sparrow.coder.protocol.query.TableConfigQuery
2026-10-04 21:44:03.737 TRACE_ID WARN  http-nio-8888-exec-3 Generator4MethodAccessor field not found limit of object class name com.sparrow.coder.protocol.query.TableConfigQuery
2026-10-04 21:44:03.738 TRACE_ID WARN  http-nio-8888-exec-3 Generator4MethodAccessor field not found limit of object class name com.sparrow.coder.dao.query.TableConfigDBPagerQuery
2026-10-04 21:44:03.738 TRACE_ID WARN  http-nio-8888-exec-2 Generator4MethodAccessor field not found limit of object class name com.sparrow.coder.dao.query.TableConfigDBPagerQuery
2026-10-04 21:44:03.764 TRACE_ID WARN  http-nio-8888-exec-3 Generator4MethodAccessor field not found limit of object class name com.sparrow.coder.protocol.query.ProjectConfigQuery
2026-10-04 21:44:03.764 TRACE_ID WARN  http-nio-8888-exec-3 Generator4MethodAccessor field not found limit of object class name com.sparrow.coder.dao.query.ProjectConfigDBPagerQuery
2026-10-04 21:44:03.764 TRACE_ID WARN  http-nio-8888-exec-2 Generator4MethodAccessor field not found limit of object class name com.sparrow.coder.protocol.query.ProjectConfigQuery
2026-10-04 21:44:03.765 TRACE_ID WARN  http-nio-8888-exec-2 Generator4MethodAccessor field not found limit of object class name com.sparrow.coder.dao.query.ProjectConfigDBPagerQuery
2026-10-04 21:44:03.776 TRACE_ID WARN  http-nio-8888-exec-3 Generator4MethodAccessor field not found displayText of object class name com.sparrow.coder.po.ProjectConfig
2026-10-04 21:44:03.776 TRACE_ID WARN  http-nio-8888-exec-2 Generator4MethodAccessor field not found displayText of object class name com.sparrow.coder.po.ProjectConfig
2026-10-04 21:44:06.300 TRACE_ID WARN  http-nio-8888-exec-6 Generator4MethodAccessor field not found limit of object class name com.sparrow.security.admin.protocol.query.PermissionQuery
2026-10-04 21:44:06.300 TRACE_ID WARN  http-nio-8888-exec-6 Generator4MethodAccessor field not found limit of object class name com.sparrow.security.admin.dao.query.PermissionDBPagerQuery
2026-10-04 21:44:06.300 TRACE_ID WARN  http-nio-8888-exec-7 Generator4MethodAccessor field not found limit of object class name com.sparrow.security.admin.protocol.query.PermissionQuery
2026-10-04 21:44:06.300 TRACE_ID WARN  http-nio-8888-exec-7 Generator4MethodAccessor field not found limit of object class name com.sparrow.security.admin.dao.query.PermissionDBPagerQuery
2026-10-04 21:44:06.319 TRACE_ID WARN  http-nio-8888-exec-6 Generator4MethodAccessor field not found limit of object class name com.sparrow.security.admin.protocol.query.AppQuery
2026-10-04 21:44:06.319 TRACE_ID WARN  http-nio-8888-exec-6 Generator4MethodAccessor field not found limit of object class name com.sparrow.security.admin.dao.query.AppDBPagerQuery
2026-10-04 21:44:06.319 TRACE_ID WARN  http-nio-8888-exec-7 Generator4MethodAccessor field not found limit of object class name com.sparrow.security.admin.protocol.query.AppQuery
2026-10-04 21:44:06.319 TRACE_ID WARN  http-nio-8888-exec-7 Generator4MethodAccessor field not found limit of object class name com.sparrow.security.admin.dao.query.AppDBPagerQuery
2026-10-04 21:44:06.324 TRACE_ID WARN  http-nio-8888-exec-6 Generator4MethodAccessor field not found displayText of object class name com.sparrow.security.po.App
2026-10-04 21:44:06.324 TRACE_ID WARN  http-nio-8888-exec-7 Generator4MethodAccessor field not found displayText of object class name com.sparrow.security.po.App
2026-10-04 21:44:06.324 TRACE_ID WARN  http-nio-8888-exec-7 Generator4MethodAccessor field not found limit of object class name com.sparrow.security.admin.protocol.query.MicroServiceQuery
2026-10-04 21:44:06.324 TRACE_ID WARN  http-nio-8888-exec-6 Generator4MethodAccessor field not found limit of object class name com.sparrow.security.admin.protocol.query.MicroServiceQuery
2026-10-04 21:44:06.324 TRACE_ID WARN  http-nio-8888-exec-7 Generator4MethodAccessor field not found limit of object class name com.sparrow.security.admin.dao.query.MicroServiceDBPagerQuery
2026-10-04 21:44:06.324 TRACE_ID WARN  http-nio-8888-exec-6 Generator4MethodAccessor field not found limit of object class name com.sparrow.security.admin.dao.query.MicroServiceDBPagerQuery
2026-10-04 21:44:06.326 TRACE_ID WARN  http-nio-8888-exec-6 Generator4MethodAccessor field not found displayText of object class name com.sparrow.security.po.MicroService
2026-10-04 21:44:06.326 TRACE_ID WARN  http-nio-8888-exec-7 Generator4MethodAccessor field not found displayText of object class name com.sparrow.security.po.MicroService
2026-10-04 21:44:06.326 TRACE_ID WARN  http-nio-8888-exec-7 Generator4MethodAccessor field not found limit of object class name com.sparrow.security.admin.protocol.query.PermissionQuery
2026-10-04 21:44:06.326 TRACE_ID WARN  http-nio-8888-exec-6 Generator4MethodAccessor field not found limit of object class name com.sparrow.security.admin.protocol.query.PermissionQuery
2026-10-04 21:44:06.326 TRACE_ID WARN  http-nio-8888-exec-7 Generator4MethodAccessor field not found limit of object class name com.sparrow.security.admin.dao.query.PermissionDBPagerQuery
2026-10-04 21:44:06.326 TRACE_ID WARN  http-nio-8888-exec-6 Generator4MethodAccessor field not found limit of object class name com.sparrow.security.admin.dao.query.PermissionDBPagerQuery
2026-10-04 21:44:17.522 TRACE_ID WARN  http-nio-8888-exec-1 Generator4MethodAccessor field not found limit of object class name com.sparrow.coder.protocol.query.ProjectConfigQuery
2026-10-04 21:44:17.522 TRACE_ID WARN  http-nio-8888-exec-10 Generator4MethodAccessor field not found limit of object class name com.sparrow.coder.protocol.query.ProjectConfigQuery
2026-10-04 21:44:17.522 TRACE_ID WARN  http-nio-8888-exec-1 Generator4MethodAccessor field not found limit of object class name com.sparrow.coder.dao.query.ProjectConfigDBPagerQuery
2026-10-04 21:44:17.522 TRACE_ID WARN  http-nio-8888-exec-10 Generator4MethodAccessor field not found limit of object class name com.sparrow.coder.dao.query.ProjectConfigDBPagerQuery
2026-10-04 21:44:17.525 TRACE_ID WARN  http-nio-8888-exec-1 Generator4MethodAccessor field not found limit of object class name com.sparrow.coder.protocol.query.ProjectConfigQuery
2026-10-04 21:44:17.525 TRACE_ID WARN  http-nio-8888-exec-10 Generator4MethodAccessor field not found limit of object class name com.sparrow.coder.protocol.query.ProjectConfigQuery
2026-10-04 21:44:17.525 TRACE_ID WARN  http-nio-8888-exec-1 Generator4MethodAccessor field not found limit of object class name com.sparrow.coder.dao.query.ProjectConfigDBPagerQuery
2026-10-04 21:44:17.525 TRACE_ID WARN  http-nio-8888-exec-10 Generator4MethodAccessor field not found limit of object class name com.sparrow.coder.dao.query.ProjectConfigDBPagerQuery
2026-10-04 21:44:17.526 TRACE_ID WARN  http-nio-8888-exec-1 Generator4MethodAccessor field not found displayText of object class name com.sparrow.coder.po.ProjectConfig
2026-10-04 21:44:17.526 TRACE_ID WARN  http-nio-8888-exec-10 Generator4MethodAccessor field not found displayText of object class name com.sparrow.coder.po.ProjectConfig
2026-10-04 21:44:20.889 TRACE_ID WARN  http-nio-8888-exec-4 Generator4MethodAccessor field not found limit of object class name com.sparrow.coder.protocol.query.TableConfigQuery
2026-10-04 21:44:20.889 TRACE_ID WARN  http-nio-8888-exec-4 Generator4MethodAccessor field not found limit of object class name com.sparrow.coder.dao.query.TableConfigDBPagerQuery
2026-10-04 21:44:20.890 TRACE_ID WARN  http-nio-8888-exec-5 Generator4MethodAccessor field not found limit of object class name com.sparrow.coder.protocol.query.TableConfigQuery
2026-10-04 21:44:20.890 TRACE_ID WARN  http-nio-8888-exec-5 Generator4MethodAccessor field not found limit of object class name com.sparrow.coder.dao.query.TableConfigDBPagerQuery
2026-10-04 21:44:20.892 TRACE_ID WARN  http-nio-8888-exec-5 Generator4MethodAccessor field not found limit of object class name com.sparrow.coder.protocol.query.TableConfigQuery
2026-10-04 21:44:20.893 TRACE_ID WARN  http-nio-8888-exec-5 Generator4MethodAccessor field not found limit of object class name com.sparrow.coder.dao.query.TableConfigDBPagerQuery
2026-10-04 21:44:20.893 TRACE_ID WARN  http-nio-8888-exec-4 Generator4MethodAccessor field not found limit of object class name com.sparrow.coder.protocol.query.TableConfigQuery
2026-10-04 21:44:20.893 TRACE_ID WARN  http-nio-8888-exec-4 Generator4MethodAccessor field not found limit of object class name com.sparrow.coder.dao.query.TableConfigDBPagerQuery
2026-10-04 21:44:20.897 TRACE_ID WARN  http-nio-8888-exec-5 Generator4MethodAccessor field not found limit of object class name com.sparrow.coder.protocol.query.ProjectConfigQuery
2026-10-04 21:44:20.897 TRACE_ID WARN  http-nio-8888-exec-4 Generator4MethodAccessor field not found limit of object class name com.sparrow.coder.protocol.query.ProjectConfigQuery
2026-10-04 21:44:20.897 TRACE_ID WARN  http-nio-8888-exec-5 Generator4MethodAccessor field not found limit of object class name com.sparrow.coder.dao.query.ProjectConfigDBPagerQuery
2026-10-04 21:44:20.897 TRACE_ID WARN  http-nio-8888-exec-4 Generator4MethodAccessor field not found limit of object class name com.sparrow.coder.dao.query.ProjectConfigDBPagerQuery
2026-10-04 21:44:20.898 TRACE_ID WARN  http-nio-8888-exec-5 Generator4MethodAccessor field not found displayText of object class name com.sparrow.coder.po.ProjectConfig
2026-10-04 21:44:20.899 TRACE_ID WARN  http-nio-8888-exec-4 Generator4MethodAccessor field not found displayText of object class name com.sparrow.coder.po.ProjectConfig
2026-10-04 21:44:45.941 TRACE_ID WARN  http-nio-8888-exec-9 Generator4MethodAccessor field not found limit of object class name com.sparrow.coder.protocol.query.ProjectConfigQuery
2026-10-04 21:44:45.941 TRACE_ID WARN  http-nio-8888-exec-8 Generator4MethodAccessor field not found limit of object class name com.sparrow.coder.protocol.query.ProjectConfigQuery
2026-10-04 21:44:45.941 TRACE_ID WARN  http-nio-8888-exec-9 Generator4MethodAccessor field not found limit of object class name com.sparrow.coder.dao.query.ProjectConfigDBPagerQuery
2026-10-04 21:44:45.942 TRACE_ID WARN  http-nio-8888-exec-8 Generator4MethodAccessor field not found limit of object class name com.sparrow.coder.dao.query.ProjectConfigDBPagerQuery
2026-10-04 21:44:45.946 TRACE_ID WARN  http-nio-8888-exec-9 Generator4MethodAccessor field not found limit of object class name com.sparrow.coder.protocol.query.ProjectConfigQuery
2026-10-04 21:44:45.946 TRACE_ID WARN  http-nio-8888-exec-8 Generator4MethodAccessor field not found limit of object class name com.sparrow.coder.protocol.query.ProjectConfigQuery
2026-10-04 21:44:45.946 TRACE_ID WARN  http-nio-8888-exec-9 Generator4MethodAccessor field not found limit of object class name com.sparrow.coder.dao.query.ProjectConfigDBPagerQuery
2026-10-04 21:44:45.946 TRACE_ID WARN  http-nio-8888-exec-8 Generator4MethodAccessor field not found limit of object class name com.sparrow.coder.dao.query.ProjectConfigDBPagerQuery
2026-10-04 21:44:45.948 TRACE_ID WARN  http-nio-8888-exec-8 Generator4MethodAccessor field not found displayText of object class name com.sparrow.coder.po.ProjectConfig
2026-10-04 21:44:45.948 TRACE_ID WARN  http-nio-8888-exec-9 Generator4MethodAccessor field not found displayText of object class name com.sparrow.coder.po.ProjectConfig
2026-10-04 21:44:46.953 TRACE_ID WARN  http-nio-8888-exec-2 Generator4MethodAccessor field not found limit of object class name com.sparrow.coder.protocol.query.TableConfigQuery
2026-10-04 21:44:46.953 TRACE_ID WARN  http-nio-8888-exec-3 Generator4MethodAccessor field not found limit of object class name com.sparrow.coder.protocol.query.TableConfigQuery
2026-10-04 21:44:46.953 TRACE_ID WARN  http-nio-8888-exec-2 Generator4MethodAccessor field not found limit of object class name com.sparrow.coder.dao.query.TableConfigDBPagerQuery
2026-10-04 21:44:46.953 TRACE_ID WARN  http-nio-8888-exec-3 Generator4MethodAccessor field not found limit of object class name com.sparrow.coder.dao.query.TableConfigDBPagerQuery
2026-10-04 21:44:46.955 TRACE_ID WARN  http-nio-8888-exec-3 Generator4MethodAccessor field not found limit of object class name com.sparrow.coder.protocol.query.TableConfigQuery
2026-10-04 21:44:46.955 TRACE_ID WARN  http-nio-8888-exec-3 Generator4MethodAccessor field not found limit of object class name com.sparrow.coder.dao.query.TableConfigDBPagerQuery
2026-10-04 21:44:46.955 TRACE_ID WARN  http-nio-8888-exec-2 Generator4MethodAccessor field not found limit of object class name com.sparrow.coder.protocol.query.TableConfigQuery
2026-10-04 21:44:46.955 TRACE_ID WARN  http-nio-8888-exec-2 Generator4MethodAccessor field not found limit of object class name com.sparrow.coder.dao.query.TableConfigDBPagerQuery
2026-10-04 21:44:46.957 TRACE_ID WARN  http-nio-8888-exec-3 Generator4MethodAccessor field not found limit of object class name com.sparrow.coder.protocol.query.ProjectConfigQuery
2026-10-04 21:44:46.957 TRACE_ID WARN  http-nio-8888-exec-3 Generator4MethodAccessor field not found limit of object class name com.sparrow.coder.dao.query.ProjectConfigDBPagerQuery
2026-10-04 21:44:46.957 TRACE_ID WARN  http-nio-8888-exec-2 Generator4MethodAccessor field not found limit of object class name com.sparrow.coder.protocol.query.ProjectConfigQuery
2026-10-04 21:44:46.957 TRACE_ID WARN  http-nio-8888-exec-2 Generator4MethodAccessor field not found limit of object class name com.sparrow.coder.dao.query.ProjectConfigDBPagerQuery
2026-10-04 21:44:46.958 TRACE_ID WARN  http-nio-8888-exec-3 Generator4MethodAccessor field not found displayText of object class name com.sparrow.coder.po.ProjectConfig
2026-10-04 21:44:46.959 TRACE_ID WARN  http-nio-8888-exec-2 Generator4MethodAccessor field not found displayText of object class name com.sparrow.coder.po.ProjectConfig
2026-10-04 21:45:09.034 TRACE_ID WARN  http-nio-8888-exec-9 Generator4MethodAccessor field not found status of object class name com.sparrow.coder.protocol.param.TableConfigParam
2026-10-04 21:45:09.035 TRACE_ID WARN  http-nio-8888-exec-9 Generator4MethodAccessor field not found deleted of object class name com.sparrow.coder.protocol.param.TableConfigParam
2026-10-04 21:45:09.035 TRACE_ID WARN  http-nio-8888-exec-9 Generator4MethodAccessor field not found createUserId of object class name com.sparrow.coder.protocol.param.TableConfigParam
2026-10-04 21:45:09.035 TRACE_ID WARN  http-nio-8888-exec-9 Generator4MethodAccessor field not found modifiedUserId of object class name com.sparrow.coder.protocol.param.TableConfigParam
2026-10-04 21:45:09.035 TRACE_ID WARN  http-nio-8888-exec-9 Generator4MethodAccessor field not found gmtCreate of object class name com.sparrow.coder.protocol.param.TableConfigParam
2026-10-04 21:45:09.035 TRACE_ID WARN  http-nio-8888-exec-9 Generator4MethodAccessor field not found gmtModified of object class name com.sparrow.coder.protocol.param.TableConfigParam
2026-10-04 21:45:09.035 TRACE_ID WARN  http-nio-8888-exec-9 Generator4MethodAccessor field not found createUserName of object class name com.sparrow.coder.protocol.param.TableConfigParam
2026-10-04 21:45:09.035 TRACE_ID WARN  http-nio-8888-exec-9 Generator4MethodAccessor field not found modifiedUserName of object class name com.sparrow.coder.protocol.param.TableConfigParam
2026-10-04 21:46:00.916 TRACE_ID WARN  http-nio-8888-exec-10 Generator4MethodAccessor field not found status of object class name com.sparrow.coder.protocol.param.TableConfigParam
2026-10-04 21:46:00.916 TRACE_ID WARN  http-nio-8888-exec-10 Generator4MethodAccessor field not found deleted of object class name com.sparrow.coder.protocol.param.TableConfigParam
2026-10-04 21:46:00.916 TRACE_ID WARN  http-nio-8888-exec-10 Generator4MethodAccessor field not found createUserId of object class name com.sparrow.coder.protocol.param.TableConfigParam
2026-10-04 21:46:00.916 TRACE_ID WARN  http-nio-8888-exec-10 Generator4MethodAccessor field not found modifiedUserId of object class name com.sparrow.coder.protocol.param.TableConfigParam
2026-10-04 21:46:00.916 TRACE_ID WARN  http-nio-8888-exec-10 Generator4MethodAccessor field not found gmtCreate of object class name com.sparrow.coder.protocol.param.TableConfigParam
2026-10-04 21:46:00.916 TRACE_ID WARN  http-nio-8888-exec-10 Generator4MethodAccessor field not found gmtModified of object class name com.sparrow.coder.protocol.param.TableConfigParam
2026-10-04 21:46:00.916 TRACE_ID WARN  http-nio-8888-exec-10 Generator4MethodAccessor field not found createUserName of object class name com.sparrow.coder.protocol.param.TableConfigParam
2026-10-04 21:46:00.916 TRACE_ID WARN  http-nio-8888-exec-10 Generator4MethodAccessor field not found modifiedUserName of object class name com.sparrow.coder.protocol.param.TableConfigParam
2026-10-04 21:53:44.031 TRACE_ID WARN  http-nio-8888-exec-5 Generator4MethodAccessor field not found limit of object class name com.sparrow.coder.protocol.query.TableConfigQuery
2026-10-04 21:53:44.032 TRACE_ID WARN  http-nio-8888-exec-5 Generator4MethodAccessor field not found limit of object class name com.sparrow.coder.dao.query.TableConfigDBPagerQuery
2026-10-04 21:53:44.043 TRACE_ID WARN  http-nio-8888-exec-5 Generator4MethodAccessor field not found limit of object class name com.sparrow.coder.protocol.query.TableConfigQuery
2026-10-04 21:53:44.043 TRACE_ID WARN  http-nio-8888-exec-5 Generator4MethodAccessor field not found limit of object class name com.sparrow.coder.dao.query.TableConfigDBPagerQuery
2026-10-04 21:53:44.052 TRACE_ID WARN  http-nio-8888-exec-5 Generator4MethodAccessor field not found limit of object class name com.sparrow.coder.protocol.query.ProjectConfigQuery
2026-10-04 21:53:44.052 TRACE_ID WARN  http-nio-8888-exec-5 Generator4MethodAccessor field not found limit of object class name com.sparrow.coder.dao.query.ProjectConfigDBPagerQuery
2026-10-04 21:53:44.054 TRACE_ID WARN  http-nio-8888-exec-5 Generator4MethodAccessor field not found displayText of object class name com.sparrow.coder.po.ProjectConfig
2026-10-04 21:53:56.464 TRACE_ID WARN  http-nio-8888-exec-7 Generator4MethodAccessor field not found limit of object class name com.sparrow.security.admin.protocol.query.PermissionQuery
2026-10-04 21:53:56.464 TRACE_ID WARN  http-nio-8888-exec-4 Generator4MethodAccessor field not found limit of object class name com.sparrow.coder.protocol.query.TableConfigQuery
2026-10-04 21:53:56.464 TRACE_ID WARN  http-nio-8888-exec-7 Generator4MethodAccessor field not found limit of object class name com.sparrow.security.admin.dao.query.PermissionDBPagerQuery
2026-10-04 21:53:56.464 TRACE_ID WARN  http-nio-8888-exec-4 Generator4MethodAccessor field not found limit of object class name com.sparrow.coder.dao.query.TableConfigDBPagerQuery
2026-10-04 21:53:56.473 TRACE_ID WARN  http-nio-8888-exec-4 Generator4MethodAccessor field not found limit of object class name com.sparrow.coder.protocol.query.TableConfigQuery
2026-10-04 21:53:56.473 TRACE_ID WARN  http-nio-8888-exec-4 Generator4MethodAccessor field not found limit of object class name com.sparrow.coder.dao.query.TableConfigDBPagerQuery
2026-10-04 21:53:56.479 TRACE_ID WARN  http-nio-8888-exec-4 Generator4MethodAccessor field not found limit of object class name com.sparrow.coder.protocol.query.ProjectConfigQuery
2026-10-04 21:53:56.479 TRACE_ID WARN  http-nio-8888-exec-4 Generator4MethodAccessor field not found limit of object class name com.sparrow.coder.dao.query.ProjectConfigDBPagerQuery
2026-10-04 21:53:56.479 TRACE_ID WARN  http-nio-8888-exec-7 Generator4MethodAccessor field not found limit of object class name com.sparrow.security.admin.protocol.query.AppQuery
2026-10-04 21:53:56.479 TRACE_ID WARN  http-nio-8888-exec-7 Generator4MethodAccessor field not found limit of object class name com.sparrow.security.admin.dao.query.AppDBPagerQuery
2026-10-04 21:53:56.480 TRACE_ID WARN  http-nio-8888-exec-7 Generator4MethodAccessor field not found displayText of object class name com.sparrow.security.po.App
2026-10-04 21:53:56.480 TRACE_ID WARN  http-nio-8888-exec-7 Generator4MethodAccessor field not found limit of object class name com.sparrow.security.admin.protocol.query.MicroServiceQuery
2026-10-04 21:53:56.480 TRACE_ID WARN  http-nio-8888-exec-4 Generator4MethodAccessor field not found displayText of object class name com.sparrow.coder.po.ProjectConfig
2026-10-04 21:53:56.480 TRACE_ID WARN  http-nio-8888-exec-7 Generator4MethodAccessor field not found limit of object class name com.sparrow.security.admin.dao.query.MicroServiceDBPagerQuery
2026-10-04 21:53:56.482 TRACE_ID WARN  http-nio-8888-exec-7 Generator4MethodAccessor field not found displayText of object class name com.sparrow.security.po.MicroService
2026-10-04 21:53:56.482 TRACE_ID WARN  http-nio-8888-exec-7 Generator4MethodAccessor field not found limit of object class name com.sparrow.security.admin.protocol.query.PermissionQuery
2026-10-04 21:53:56.482 TRACE_ID WARN  http-nio-8888-exec-7 Generator4MethodAccessor field not found limit of object class name com.sparrow.security.admin.dao.query.PermissionDBPagerQuery
2026-10-04 21:55:28.493 TRACE_ID WARN  http-nio-8888-exec-10 Generator4MethodAccessor field not found limit of object class name com.sparrow.coder.protocol.query.TableConfigQuery
2026-10-04 21:55:28.493 TRACE_ID WARN  http-nio-8888-exec-10 Generator4MethodAccessor field not found limit of object class name com.sparrow.coder.dao.query.TableConfigDBPagerQuery
2026-10-04 21:55:28.500 TRACE_ID WARN  http-nio-8888-exec-10 Generator4MethodAccessor field not found limit of object class name com.sparrow.coder.protocol.query.TableConfigQuery
2026-10-04 21:55:28.500 TRACE_ID WARN  http-nio-8888-exec-10 Generator4MethodAccessor field not found limit of object class name com.sparrow.coder.dao.query.TableConfigDBPagerQuery
2026-10-04 21:55:28.504 TRACE_ID WARN  http-nio-8888-exec-10 Generator4MethodAccessor field not found limit of object class name com.sparrow.coder.protocol.query.ProjectConfigQuery
2026-10-04 21:55:28.505 TRACE_ID WARN  http-nio-8888-exec-10 Generator4MethodAccessor field not found limit of object class name com.sparrow.coder.dao.query.ProjectConfigDBPagerQuery
2026-10-04 21:55:28.507 TRACE_ID WARN  http-nio-8888-exec-10 Generator4MethodAccessor field not found displayText of object class name com.sparrow.coder.po.ProjectConfig
2026-10-04 21:55:28.508 TRACE_ID WARN  http-nio-8888-exec-3 Generator4MethodAccessor field not found limit of object class name com.sparrow.security.admin.protocol.query.PermissionQuery
2026-10-04 21:55:28.508 TRACE_ID WARN  http-nio-8888-exec-3 Generator4MethodAccessor field not found limit of object class name com.sparrow.security.admin.dao.query.PermissionDBPagerQuery
2026-10-04 21:55:28.512 TRACE_ID WARN  http-nio-8888-exec-3 Generator4MethodAccessor field not found limit of object class name com.sparrow.security.admin.protocol.query.AppQuery
2026-10-04 21:55:28.512 TRACE_ID WARN  http-nio-8888-exec-3 Generator4MethodAccessor field not found limit of object class name com.sparrow.security.admin.dao.query.AppDBPagerQuery
2026-10-04 21:55:28.515 TRACE_ID WARN  http-nio-8888-exec-3 Generator4MethodAccessor field not found displayText of object class name com.sparrow.security.po.App
2026-10-04 21:55:28.515 TRACE_ID WARN  http-nio-8888-exec-3 Generator4MethodAccessor field not found limit of object class name com.sparrow.security.admin.protocol.query.MicroServiceQuery
2026-10-04 21:55:28.515 TRACE_ID WARN  http-nio-8888-exec-3 Generator4MethodAccessor field not found limit of object class name com.sparrow.security.admin.dao.query.MicroServiceDBPagerQuery
2026-10-04 21:55:28.517 TRACE_ID WARN  http-nio-8888-exec-3 Generator4MethodAccessor field not found displayText of object class name com.sparrow.security.po.MicroService
2026-10-04 21:55:28.517 TRACE_ID WARN  http-nio-8888-exec-3 Generator4MethodAccessor field not found limit of object class name com.sparrow.security.admin.protocol.query.PermissionQuery
2026-10-04 21:55:28.517 TRACE_ID WARN  http-nio-8888-exec-3 Generator4MethodAccessor field not found limit of object class name com.sparrow.security.admin.dao.query.PermissionDBPagerQuery
2026-10-04 21:56:43.731 TRACE_ID WARN  http-nio-8888-exec-7 Generator4MethodAccessor field not found status of object class name com.sparrow.coder.protocol.param.TableConfigParam
2026-10-04 21:56:43.731 TRACE_ID WARN  http-nio-8888-exec-7 Generator4MethodAccessor field not found deleted of object class name com.sparrow.coder.protocol.param.TableConfigParam
2026-10-04 21:56:43.732 TRACE_ID WARN  http-nio-8888-exec-7 Generator4MethodAccessor field not found createUserId of object class name com.sparrow.coder.protocol.param.TableConfigParam
2026-10-04 21:56:43.732 TRACE_ID WARN  http-nio-8888-exec-7 Generator4MethodAccessor field not found modifiedUserId of object class name com.sparrow.coder.protocol.param.TableConfigParam
2026-10-04 21:56:43.732 TRACE_ID WARN  http-nio-8888-exec-7 Generator4MethodAccessor field not found gmtCreate of object class name com.sparrow.coder.protocol.param.TableConfigParam
2026-10-04 21:56:43.732 TRACE_ID WARN  http-nio-8888-exec-7 Generator4MethodAccessor field not found gmtModified of object class name com.sparrow.coder.protocol.param.TableConfigParam
2026-10-04 21:56:43.732 TRACE_ID WARN  http-nio-8888-exec-7 Generator4MethodAccessor field not found createUserName of object class name com.sparrow.coder.protocol.param.TableConfigParam
2026-10-04 21:56:43.732 TRACE_ID WARN  http-nio-8888-exec-7 Generator4MethodAccessor field not found modifiedUserName of object class name com.sparrow.coder.protocol.param.TableConfigParam
2026-10-04 21:57:20.776 TRACE_ID WARN  http-nio-8888-exec-2 Generator4MethodAccessor field not found createUserId of object class name com.sparrow.coder.protocol.param.TableConfigParam
2026-10-04 21:57:20.776 TRACE_ID WARN  http-nio-8888-exec-2 Generator4MethodAccessor field not found modifiedUserId of object class name com.sparrow.coder.protocol.param.TableConfigParam
2026-10-04 21:57:20.776 TRACE_ID WARN  http-nio-8888-exec-2 Generator4MethodAccessor field not found gmtCreate of object class name com.sparrow.coder.protocol.param.TableConfigParam
2026-10-04 21:57:20.776 TRACE_ID WARN  http-nio-8888-exec-2 Generator4MethodAccessor field not found gmtModified of object class name com.sparrow.coder.protocol.param.TableConfigParam
2026-10-04 21:57:20.776 TRACE_ID WARN  http-nio-8888-exec-2 Generator4MethodAccessor field not found createUserName of object class name com.sparrow.coder.protocol.param.TableConfigParam
2026-10-04 21:57:20.776 TRACE_ID WARN  http-nio-8888-exec-2 Generator4MethodAccessor field not found modifiedUserName of object class name com.sparrow.coder.protocol.param.TableConfigParam
2026-10-04 21:57:20.776 TRACE_ID WARN  http-nio-8888-exec-2 Generator4MethodAccessor field not found deleted of object class name com.sparrow.coder.protocol.param.TableConfigParam
2026-10-04 21:57:20.776 TRACE_ID WARN  http-nio-8888-exec-2 Generator4MethodAccessor field not found status of object class name com.sparrow.coder.protocol.param.TableConfigParam
2026-10-04 21:57:20.828 TRACE_ID WARN  http-nio-8888-exec-4 Generator4MethodAccessor field not found limit of object class name com.sparrow.coder.protocol.query.TableConfigQuery
2026-10-04 21:57:20.828 TRACE_ID WARN  http-nio-8888-exec-4 Generator4MethodAccessor field not found limit of object class name com.sparrow.coder.dao.query.TableConfigDBPagerQuery
2026-10-04 21:57:20.832 TRACE_ID WARN  http-nio-8888-exec-4 Generator4MethodAccessor field not found limit of object class name com.sparrow.coder.protocol.query.TableConfigQuery
2026-10-04 21:57:20.832 TRACE_ID WARN  http-nio-8888-exec-4 Generator4MethodAccessor field not found limit of object class name com.sparrow.coder.dao.query.TableConfigDBPagerQuery
2026-10-04 21:57:20.841 TRACE_ID WARN  http-nio-8888-exec-4 Generator4MethodAccessor field not found limit of object class name com.sparrow.coder.protocol.query.ProjectConfigQuery
2026-10-04 21:57:20.841 TRACE_ID WARN  http-nio-8888-exec-4 Generator4MethodAccessor field not found limit of object class name com.sparrow.coder.dao.query.ProjectConfigDBPagerQuery
2026-10-04 21:57:20.847 TRACE_ID WARN  http-nio-8888-exec-4 Generator4MethodAccessor field not found displayText of object class name com.sparrow.coder.po.ProjectConfig
2026-10-04 21:59:12.528 TRACE_ID WARN  http-nio-8888-exec-7 Generator4MethodAccessor field not found createUserId of object class name com.sparrow.coder.protocol.param.TableConfigParam
2026-10-04 21:59:12.528 TRACE_ID WARN  http-nio-8888-exec-7 Generator4MethodAccessor field not found modifiedUserId of object class name com.sparrow.coder.protocol.param.TableConfigParam
2026-10-04 21:59:12.528 TRACE_ID WARN  http-nio-8888-exec-7 Generator4MethodAccessor field not found gmtCreate of object class name com.sparrow.coder.protocol.param.TableConfigParam
2026-10-04 21:59:12.528 TRACE_ID WARN  http-nio-8888-exec-7 Generator4MethodAccessor field not found gmtModified of object class name com.sparrow.coder.protocol.param.TableConfigParam
2026-10-04 21:59:12.528 TRACE_ID WARN  http-nio-8888-exec-7 Generator4MethodAccessor field not found createUserName of object class name com.sparrow.coder.protocol.param.TableConfigParam
2026-10-04 21:59:12.528 TRACE_ID WARN  http-nio-8888-exec-7 Generator4MethodAccessor field not found modifiedUserName of object class name com.sparrow.coder.protocol.param.TableConfigParam
2026-10-04 21:59:12.528 TRACE_ID WARN  http-nio-8888-exec-7 Generator4MethodAccessor field not found deleted of object class name com.sparrow.coder.protocol.param.TableConfigParam
2026-10-04 21:59:12.528 TRACE_ID WARN  http-nio-8888-exec-7 Generator4MethodAccessor field not found status of object class name com.sparrow.coder.protocol.param.TableConfigParam
2026-10-04 21:59:18.703 TRACE_ID WARN  http-nio-8888-exec-9 Generator4MethodAccessor field not found displayText of object class name com.sparrow.coder.po.ProjectConfig
2026-10-04 21:59:18.705 TRACE_ID WARN  http-nio-8888-exec-9 Generator4MethodAccessor field not found limit of object class name com.sparrow.coder.protocol.query.TableConfigQuery
2026-10-04 21:59:18.705 TRACE_ID WARN  http-nio-8888-exec-9 Generator4MethodAccessor field not found limit of object class name com.sparrow.coder.dao.query.TableConfigDBPagerQuery
2026-10-04 21:59:19.125 TRACE_ID WARN  http-nio-8888-exec-1 Generator4MethodAccessor field not found limit of object class name com.sparrow.security.admin.protocol.query.PermissionQuery
2026-10-04 21:59:19.125 TRACE_ID WARN  http-nio-8888-exec-1 Generator4MethodAccessor field not found limit of object class name com.sparrow.security.admin.dao.query.PermissionDBPagerQuery
2026-10-04 21:59:19.140 TRACE_ID WARN  http-nio-8888-exec-1 Generator4MethodAccessor field not found limit of object class name com.sparrow.security.admin.protocol.query.AppQuery
2026-10-04 21:59:19.140 TRACE_ID WARN  http-nio-8888-exec-1 Generator4MethodAccessor field not found limit of object class name com.sparrow.security.admin.dao.query.AppDBPagerQuery
2026-10-04 21:59:19.143 TRACE_ID WARN  http-nio-8888-exec-1 Generator4MethodAccessor field not found displayText of object class name com.sparrow.security.po.App
2026-10-04 21:59:19.143 TRACE_ID WARN  http-nio-8888-exec-1 Generator4MethodAccessor field not found limit of object class name com.sparrow.security.admin.protocol.query.MicroServiceQuery
2026-10-04 21:59:19.143 TRACE_ID WARN  http-nio-8888-exec-1 Generator4MethodAccessor field not found limit of object class name com.sparrow.security.admin.dao.query.MicroServiceDBPagerQuery
2026-10-04 21:59:19.146 TRACE_ID WARN  http-nio-8888-exec-1 Generator4MethodAccessor field not found displayText of object class name com.sparrow.security.po.MicroService
2026-10-04 21:59:19.146 TRACE_ID WARN  http-nio-8888-exec-1 Generator4MethodAccessor field not found limit of object class name com.sparrow.security.admin.protocol.query.PermissionQuery
2026-10-04 21:59:19.146 TRACE_ID WARN  http-nio-8888-exec-1 Generator4MethodAccessor field not found limit of object class name com.sparrow.security.admin.dao.query.PermissionDBPagerQuery
2026-10-04 21:59:20.971 TRACE_ID WARN  http-nio-8888-exec-2 Generator4MethodAccessor field not found limit of object class name com.sparrow.security.admin.protocol.query.PermissionQuery
2026-10-04 21:59:20.971 TRACE_ID WARN  http-nio-8888-exec-2 Generator4MethodAccessor field not found limit of object class name com.sparrow.security.admin.dao.query.PermissionDBPagerQuery
2026-10-04 21:59:20.978 TRACE_ID WARN  http-nio-8888-exec-2 Generator4MethodAccessor field not found limit of object class name com.sparrow.security.admin.protocol.query.AppQuery
2026-10-04 21:59:20.978 TRACE_ID WARN  http-nio-8888-exec-2 Generator4MethodAccessor field not found limit of object class name com.sparrow.security.admin.dao.query.AppDBPagerQuery
2026-10-04 21:59:20.986 TRACE_ID WARN  http-nio-8888-exec-2 Generator4MethodAccessor field not found displayText of object class name com.sparrow.security.po.App
2026-10-04 21:59:20.986 TRACE_ID WARN  http-nio-8888-exec-2 Generator4MethodAccessor field not found limit of object class name com.sparrow.security.admin.protocol.query.MicroServiceQuery
2026-10-04 21:59:20.986 TRACE_ID WARN  http-nio-8888-exec-2 Generator4MethodAccessor field not found limit of object class name com.sparrow.security.admin.dao.query.MicroServiceDBPagerQuery
2026-10-04 21:59:20.995 TRACE_ID WARN  http-nio-8888-exec-3 Generator4MethodAccessor field not found limit of object class name com.sparrow.coder.protocol.query.TableConfigQuery
2026-10-04 21:59:20.995 TRACE_ID WARN  http-nio-8888-exec-3 Generator4MethodAccessor field not found limit of object class name com.sparrow.coder.dao.query.TableConfigDBPagerQuery
2026-10-04 21:59:20.996 TRACE_ID WARN  http-nio-8888-exec-2 Generator4MethodAccessor field not found displayText of object class name com.sparrow.security.po.MicroService
2026-10-04 21:59:20.996 TRACE_ID WARN  http-nio-8888-exec-2 Generator4MethodAccessor field not found limit of object class name com.sparrow.security.admin.protocol.query.PermissionQuery
2026-10-04 21:59:20.996 TRACE_ID WARN  http-nio-8888-exec-2 Generator4MethodAccessor field not found limit of object class name com.sparrow.security.admin.dao.query.PermissionDBPagerQuery
2026-10-04 21:59:21.000 TRACE_ID WARN  http-nio-8888-exec-3 Generator4MethodAccessor field not found limit of object class name com.sparrow.coder.protocol.query.TableConfigQuery
2026-10-04 21:59:21.000 TRACE_ID WARN  http-nio-8888-exec-3 Generator4MethodAccessor field not found limit of object class name com.sparrow.coder.dao.query.TableConfigDBPagerQuery
2026-10-04 21:59:21.011 TRACE_ID WARN  http-nio-8888-exec-3 Generator4MethodAccessor field not found limit of object class name com.sparrow.coder.protocol.query.ProjectConfigQuery
2026-10-04 21:59:21.011 TRACE_ID WARN  http-nio-8888-exec-3 Generator4MethodAccessor field not found limit of object class name com.sparrow.coder.dao.query.ProjectConfigDBPagerQuery
2026-10-04 21:59:21.013 TRACE_ID WARN  http-nio-8888-exec-3 Generator4MethodAccessor field not found displayText of object class name com.sparrow.coder.po.ProjectConfig
2026-10-04 21:59:21.475 TRACE_ID WARN  http-nio-8888-exec-5 Generator4MethodAccessor field not found limit of object class name com.sparrow.security.admin.protocol.query.PermissionQuery
2026-10-04 21:59:21.475 TRACE_ID WARN  http-nio-8888-exec-5 Generator4MethodAccessor field not found limit of object class name com.sparrow.security.admin.dao.query.PermissionDBPagerQuery
2026-10-04 21:59:21.475 TRACE_ID WARN  http-nio-8888-exec-4 Generator4MethodAccessor field not found limit of object class name com.sparrow.security.admin.protocol.query.PermissionQuery
2026-10-04 21:59:21.475 TRACE_ID WARN  http-nio-8888-exec-4 Generator4MethodAccessor field not found limit of object class name com.sparrow.security.admin.dao.query.PermissionDBPagerQuery
2026-10-04 21:59:21.479 TRACE_ID WARN  http-nio-8888-exec-5 Generator4MethodAccessor field not found limit of object class name com.sparrow.security.admin.protocol.query.AppQuery
2026-10-04 21:59:21.479 TRACE_ID WARN  http-nio-8888-exec-5 Generator4MethodAccessor field not found limit of object class name com.sparrow.security.admin.dao.query.AppDBPagerQuery
2026-10-04 21:59:21.479 TRACE_ID WARN  http-nio-8888-exec-4 Generator4MethodAccessor field not found limit of object class name com.sparrow.security.admin.protocol.query.AppQuery
2026-10-04 21:59:21.479 TRACE_ID WARN  http-nio-8888-exec-4 Generator4MethodAccessor field not found limit of object class name com.sparrow.security.admin.dao.query.AppDBPagerQuery
2026-10-04 21:59:21.482 TRACE_ID WARN  http-nio-8888-exec-5 Generator4MethodAccessor field not found displayText of object class name com.sparrow.security.po.App
2026-10-04 21:59:21.482 TRACE_ID WARN  http-nio-8888-exec-5 Generator4MethodAccessor field not found limit of object class name com.sparrow.security.admin.protocol.query.MicroServiceQuery
2026-10-04 21:59:21.482 TRACE_ID WARN  http-nio-8888-exec-5 Generator4MethodAccessor field not found limit of object class name com.sparrow.security.admin.dao.query.MicroServiceDBPagerQuery
2026-10-04 21:59:21.482 TRACE_ID WARN  http-nio-8888-exec-4 Generator4MethodAccessor field not found displayText of object class name com.sparrow.security.po.App
2026-10-04 21:59:21.482 TRACE_ID WARN  http-nio-8888-exec-4 Generator4MethodAccessor field not found limit of object class name com.sparrow.security.admin.protocol.query.MicroServiceQuery
2026-10-04 21:59:21.482 TRACE_ID WARN  http-nio-8888-exec-4 Generator4MethodAccessor field not found limit of object class name com.sparrow.security.admin.dao.query.MicroServiceDBPagerQuery
2026-10-04 21:59:21.483 TRACE_ID WARN  http-nio-8888-exec-4 Generator4MethodAccessor field not found displayText of object class name com.sparrow.security.po.MicroService
2026-10-04 21:59:21.483 TRACE_ID WARN  http-nio-8888-exec-5 Generator4MethodAccessor field not found displayText of object class name com.sparrow.security.po.MicroService
2026-10-04 21:59:21.483 TRACE_ID WARN  http-nio-8888-exec-4 Generator4MethodAccessor field not found limit of object class name com.sparrow.security.admin.protocol.query.PermissionQuery
2026-10-04 21:59:21.483 TRACE_ID WARN  http-nio-8888-exec-5 Generator4MethodAccessor field not found limit of object class name com.sparrow.security.admin.protocol.query.PermissionQuery
2026-10-04 21:59:21.483 TRACE_ID WARN  http-nio-8888-exec-4 Generator4MethodAccessor field not found limit of object class name com.sparrow.security.admin.dao.query.PermissionDBPagerQuery
2026-10-04 21:59:21.483 TRACE_ID WARN  http-nio-8888-exec-5 Generator4MethodAccessor field not found limit of object class name com.sparrow.security.admin.dao.query.PermissionDBPagerQuery
2026-10-04 21:59:29.417 TRACE_ID WARN  http-nio-8888-exec-8 Generator4MethodAccessor field not found limit of object class name com.sparrow.security.admin.protocol.query.PermissionQuery
2026-10-04 21:59:29.417 TRACE_ID WARN  http-nio-8888-exec-9 Generator4MethodAccessor field not found limit of object class name com.sparrow.security.admin.protocol.query.PermissionQuery
2026-10-04 21:59:29.417 TRACE_ID WARN  http-nio-8888-exec-8 Generator4MethodAccessor field not found limit of object class name com.sparrow.security.admin.dao.query.PermissionDBPagerQuery
2026-10-04 21:59:29.417 TRACE_ID WARN  http-nio-8888-exec-9 Generator4MethodAccessor field not found limit of object class name com.sparrow.security.admin.dao.query.PermissionDBPagerQuery
2026-10-04 21:59:29.423 TRACE_ID WARN  http-nio-8888-exec-9 Generator4MethodAccessor field not found limit of object class name com.sparrow.security.admin.protocol.query.AppQuery
2026-10-04 21:59:29.423 TRACE_ID WARN  http-nio-8888-exec-8 Generator4MethodAccessor field not found limit of object class name com.sparrow.security.admin.protocol.query.AppQuery
2026-10-04 21:59:29.423 TRACE_ID WARN  http-nio-8888-exec-9 Generator4MethodAccessor field not found limit of object class name com.sparrow.security.admin.dao.query.AppDBPagerQuery
2026-10-04 21:59:29.423 TRACE_ID WARN  http-nio-8888-exec-8 Generator4MethodAccessor field not found limit of object class name com.sparrow.security.admin.dao.query.AppDBPagerQuery
2026-10-04 21:59:29.425 TRACE_ID WARN  http-nio-8888-exec-8 Generator4MethodAccessor field not found displayText of object class name com.sparrow.security.po.App
2026-10-04 21:59:29.425 TRACE_ID WARN  http-nio-8888-exec-9 Generator4MethodAccessor field not found displayText of object class name com.sparrow.security.po.App
2026-10-04 21:59:29.425 TRACE_ID WARN  http-nio-8888-exec-8 Generator4MethodAccessor field not found limit of object class name com.sparrow.security.admin.protocol.query.MicroServiceQuery
2026-10-04 21:59:29.425 TRACE_ID WARN  http-nio-8888-exec-9 Generator4MethodAccessor field not found limit of object class name com.sparrow.security.admin.protocol.query.MicroServiceQuery
2026-10-04 21:59:29.425 TRACE_ID WARN  http-nio-8888-exec-8 Generator4MethodAccessor field not found limit of object class name com.sparrow.security.admin.dao.query.MicroServiceDBPagerQuery
2026-10-04 21:59:29.425 TRACE_ID WARN  http-nio-8888-exec-9 Generator4MethodAccessor field not found limit of object class name com.sparrow.security.admin.dao.query.MicroServiceDBPagerQuery
2026-10-04 21:59:29.426 TRACE_ID WARN  http-nio-8888-exec-8 Generator4MethodAccessor field not found displayText of object class name com.sparrow.security.po.MicroService
2026-10-04 21:59:29.426 TRACE_ID WARN  http-nio-8888-exec-9 Generator4MethodAccessor field not found displayText of object class name com.sparrow.security.po.MicroService
2026-10-04 21:59:29.426 TRACE_ID WARN  http-nio-8888-exec-9 Generator4MethodAccessor field not found limit of object class name com.sparrow.security.admin.protocol.query.PermissionQuery
2026-10-04 21:59:29.426 TRACE_ID WARN  http-nio-8888-exec-8 Generator4MethodAccessor field not found limit of object class name com.sparrow.security.admin.protocol.query.PermissionQuery
2026-10-04 21:59:29.426 TRACE_ID WARN  http-nio-8888-exec-9 Generator4MethodAccessor field not found limit of object class name com.sparrow.security.admin.dao.query.PermissionDBPagerQuery
2026-10-04 21:59:29.426 TRACE_ID WARN  http-nio-8888-exec-8 Generator4MethodAccessor field not found limit of object class name com.sparrow.security.admin.dao.query.PermissionDBPagerQuery
2026-10-04 21:59:45.615 TRACE_ID WARN  http-nio-8888-exec-3 Generator4MethodAccessor field not found limit of object class name com.sparrow.coder.protocol.query.ProjectConfigQuery
2026-10-04 21:59:45.615 TRACE_ID WARN  http-nio-8888-exec-3 Generator4MethodAccessor field not found limit of object class name com.sparrow.coder.dao.query.ProjectConfigDBPagerQuery
2026-10-04 21:59:45.615 TRACE_ID WARN  http-nio-8888-exec-2 Generator4MethodAccessor field not found limit of object class name com.sparrow.coder.protocol.query.ProjectConfigQuery
2026-10-04 21:59:45.616 TRACE_ID WARN  http-nio-8888-exec-2 Generator4MethodAccessor field not found limit of object class name com.sparrow.coder.dao.query.ProjectConfigDBPagerQuery
2026-10-04 21:59:45.620 TRACE_ID WARN  http-nio-8888-exec-3 Generator4MethodAccessor field not found limit of object class name com.sparrow.coder.protocol.query.ProjectConfigQuery
2026-10-04 21:59:45.620 TRACE_ID WARN  http-nio-8888-exec-2 Generator4MethodAccessor field not found limit of object class name com.sparrow.coder.protocol.query.ProjectConfigQuery
2026-10-04 21:59:45.620 TRACE_ID WARN  http-nio-8888-exec-2 Generator4MethodAccessor field not found limit of object class name com.sparrow.coder.dao.query.ProjectConfigDBPagerQuery
2026-10-04 21:59:45.620 TRACE_ID WARN  http-nio-8888-exec-3 Generator4MethodAccessor field not found limit of object class name com.sparrow.coder.dao.query.ProjectConfigDBPagerQuery
2026-10-04 21:59:45.622 TRACE_ID WARN  http-nio-8888-exec-2 Generator4MethodAccessor field not found displayText of object class name com.sparrow.coder.po.ProjectConfig
2026-10-04 21:59:45.622 TRACE_ID WARN  http-nio-8888-exec-3 Generator4MethodAccessor field not found displayText of object class name com.sparrow.coder.po.ProjectConfig
2026-10-04 21:59:49.725 TRACE_ID WARN  http-nio-8888-exec-7 Generator4MethodAccessor field not found limit of object class name com.sparrow.coder.protocol.query.TableConfigQuery
2026-10-04 21:59:49.725 TRACE_ID WARN  http-nio-8888-exec-6 Generator4MethodAccessor field not found limit of object class name com.sparrow.coder.protocol.query.TableConfigQuery
2026-10-04 21:59:49.725 TRACE_ID WARN  http-nio-8888-exec-7 Generator4MethodAccessor field not found limit of object class name com.sparrow.coder.dao.query.TableConfigDBPagerQuery
2026-10-04 21:59:49.725 TRACE_ID WARN  http-nio-8888-exec-6 Generator4MethodAccessor field not found limit of object class name com.sparrow.coder.dao.query.TableConfigDBPagerQuery
2026-10-04 21:59:49.731 TRACE_ID WARN  http-nio-8888-exec-7 Generator4MethodAccessor field not found limit of object class name com.sparrow.coder.protocol.query.TableConfigQuery
2026-10-04 21:59:49.731 TRACE_ID WARN  http-nio-8888-exec-7 Generator4MethodAccessor field not found limit of object class name com.sparrow.coder.dao.query.TableConfigDBPagerQuery
2026-10-04 21:59:49.731 TRACE_ID WARN  http-nio-8888-exec-6 Generator4MethodAccessor field not found limit of object class name com.sparrow.coder.protocol.query.TableConfigQuery
2026-10-04 21:59:49.731 TRACE_ID WARN  http-nio-8888-exec-6 Generator4MethodAccessor field not found limit of object class name com.sparrow.coder.dao.query.TableConfigDBPagerQuery
2026-10-04 21:59:49.736 TRACE_ID WARN  http-nio-8888-exec-7 Generator4MethodAccessor field not found limit of object class name com.sparrow.coder.protocol.query.ProjectConfigQuery
2026-10-04 21:59:49.736 TRACE_ID WARN  http-nio-8888-exec-7 Generator4MethodAccessor field not found limit of object class name com.sparrow.coder.dao.query.ProjectConfigDBPagerQuery
2026-10-04 21:59:49.736 TRACE_ID WARN  http-nio-8888-exec-6 Generator4MethodAccessor field not found limit of object class name com.sparrow.coder.protocol.query.ProjectConfigQuery
2026-10-04 21:59:49.736 TRACE_ID WARN  http-nio-8888-exec-6 Generator4MethodAccessor field not found limit of object class name com.sparrow.coder.dao.query.ProjectConfigDBPagerQuery
2026-10-04 21:59:49.737 TRACE_ID WARN  http-nio-8888-exec-7 Generator4MethodAccessor field not found displayText of object class name com.sparrow.coder.po.ProjectConfig
2026-10-04 21:59:49.737 TRACE_ID WARN  http-nio-8888-exec-6 Generator4MethodAccessor field not found displayText of object class name com.sparrow.coder.po.ProjectConfig
2026-10-04 22:00:24.987 TRACE_ID WARN  http-nio-8888-exec-9 Generator4MethodAccessor field not found createUserId of object class name com.sparrow.coder.protocol.param.TableConfigParam
2026-10-04 22:00:24.987 TRACE_ID WARN  http-nio-8888-exec-9 Generator4MethodAccessor field not found modifiedUserId of object class name com.sparrow.coder.protocol.param.TableConfigParam
2026-10-04 22:00:24.987 TRACE_ID WARN  http-nio-8888-exec-9 Generator4MethodAccessor field not found gmtCreate of object class name com.sparrow.coder.protocol.param.TableConfigParam
2026-10-04 22:00:24.987 TRACE_ID WARN  http-nio-8888-exec-9 Generator4MethodAccessor field not found gmtModified of object class name com.sparrow.coder.protocol.param.TableConfigParam
2026-10-04 22:00:24.987 TRACE_ID WARN  http-nio-8888-exec-9 Generator4MethodAccessor field not found createUserName of object class name com.sparrow.coder.protocol.param.TableConfigParam
2026-10-04 22:00:24.987 TRACE_ID WARN  http-nio-8888-exec-9 Generator4MethodAccessor field not found modifiedUserName of object class name com.sparrow.coder.protocol.param.TableConfigParam
2026-10-04 22:00:24.987 TRACE_ID WARN  http-nio-8888-exec-9 Generator4MethodAccessor field not found deleted of object class name com.sparrow.coder.protocol.param.TableConfigParam
2026-10-04 22:00:24.987 TRACE_ID WARN  http-nio-8888-exec-9 Generator4MethodAccessor field not found status of object class name com.sparrow.coder.protocol.param.TableConfigParam
2026-10-04 22:00:32.646 TRACE_ID WARN  http-nio-8888-exec-1 Generator4MethodAccessor field not found displayText of object class name com.sparrow.coder.po.ProjectConfig
2026-10-04 22:00:32.649 TRACE_ID WARN  http-nio-8888-exec-1 Generator4MethodAccessor field not found limit of object class name com.sparrow.coder.protocol.query.TableConfigQuery
2026-10-04 22:00:32.649 TRACE_ID WARN  http-nio-8888-exec-1 Generator4MethodAccessor field not found limit of object class name com.sparrow.coder.dao.query.TableConfigDBPagerQuery
2026-10-04 22:00:33.837 TRACE_ID WARN  http-nio-8888-exec-3 Generator4MethodAccessor field not found displayText of object class name com.sparrow.coder.po.ProjectConfig
2026-10-04 22:00:33.837 TRACE_ID WARN  http-nio-8888-exec-3 Generator4MethodAccessor field not found limit of object class name com.sparrow.coder.protocol.query.TableConfigQuery
2026-10-04 22:00:33.837 TRACE_ID WARN  http-nio-8888-exec-3 Generator4MethodAccessor field not found limit of object class name com.sparrow.coder.dao.query.TableConfigDBPagerQuery
2026-10-04 22:00:34.410 TRACE_ID WARN  http-nio-8888-exec-2 Generator4MethodAccessor field not found displayText of object class name com.sparrow.coder.po.ProjectConfig
2026-10-04 22:00:34.410 TRACE_ID WARN  http-nio-8888-exec-2 Generator4MethodAccessor field not found limit of object class name com.sparrow.coder.protocol.query.TableConfigQuery
2026-10-04 22:00:34.410 TRACE_ID WARN  http-nio-8888-exec-2 Generator4MethodAccessor field not found limit of object class name com.sparrow.coder.dao.query.TableConfigDBPagerQuery
2026-10-04 22:00:34.618 TRACE_ID WARN  http-nio-8888-exec-5 Generator4MethodAccessor field not found displayText of object class name com.sparrow.coder.po.ProjectConfig
2026-10-04 22:00:34.618 TRACE_ID WARN  http-nio-8888-exec-5 Generator4MethodAccessor field not found limit of object class name com.sparrow.coder.protocol.query.TableConfigQuery
2026-10-04 22:00:34.618 TRACE_ID WARN  http-nio-8888-exec-5 Generator4MethodAccessor field not found limit of object class name com.sparrow.coder.dao.query.TableConfigDBPagerQuery
2026-10-04 22:00:34.793 TRACE_ID WARN  http-nio-8888-exec-4 Generator4MethodAccessor field not found displayText of object class name com.sparrow.coder.po.ProjectConfig
2026-10-04 22:00:34.794 TRACE_ID WARN  http-nio-8888-exec-4 Generator4MethodAccessor field not found limit of object class name com.sparrow.coder.protocol.query.TableConfigQuery
2026-10-04 22:00:34.794 TRACE_ID WARN  http-nio-8888-exec-4 Generator4MethodAccessor field not found limit of object class name com.sparrow.coder.dao.query.TableConfigDBPagerQuery
2026-10-04 22:00:34.953 TRACE_ID WARN  http-nio-8888-exec-7 Generator4MethodAccessor field not found displayText of object class name com.sparrow.coder.po.ProjectConfig
2026-10-04 22:00:34.953 TRACE_ID WARN  http-nio-8888-exec-7 Generator4MethodAccessor field not found limit of object class name com.sparrow.coder.protocol.query.TableConfigQuery
2026-10-04 22:00:34.953 TRACE_ID WARN  http-nio-8888-exec-7 Generator4MethodAccessor field not found limit of object class name com.sparrow.coder.dao.query.TableConfigDBPagerQuery
2026-10-04 22:02:20.840 TRACE_ID WARN  http-nio-8888-exec-4 Generator4MethodAccessor field not found limit of object class name com.sparrow.security.admin.protocol.query.PermissionQuery
2026-10-04 22:02:20.840 TRACE_ID WARN  http-nio-8888-exec-3 Generator4MethodAccessor field not found limit of object class name com.sparrow.security.admin.protocol.query.PermissionQuery
2026-10-04 22:02:20.840 TRACE_ID WARN  http-nio-8888-exec-4 Generator4MethodAccessor field not found limit of object class name com.sparrow.security.admin.dao.query.PermissionDBPagerQuery
2026-10-04 22:02:20.840 TRACE_ID WARN  http-nio-8888-exec-3 Generator4MethodAccessor field not found limit of object class name com.sparrow.security.admin.dao.query.PermissionDBPagerQuery
2026-10-04 22:02:20.868 TRACE_ID WARN  http-nio-8888-exec-3 Generator4MethodAccessor field not found limit of object class name com.sparrow.security.admin.protocol.query.AppQuery
2026-10-04 22:02:20.868 TRACE_ID WARN  http-nio-8888-exec-3 Generator4MethodAccessor field not found limit of object class name com.sparrow.security.admin.dao.query.AppDBPagerQuery
2026-10-04 22:02:20.868 TRACE_ID WARN  http-nio-8888-exec-4 Generator4MethodAccessor field not found limit of object class name com.sparrow.security.admin.protocol.query.AppQuery
2026-10-04 22:02:20.868 TRACE_ID WARN  http-nio-8888-exec-4 Generator4MethodAccessor field not found limit of object class name com.sparrow.security.admin.dao.query.AppDBPagerQuery
2026-10-04 22:02:20.876 TRACE_ID WARN  http-nio-8888-exec-4 Generator4MethodAccessor field not found displayText of object class name com.sparrow.security.po.App
2026-10-04 22:02:20.877 TRACE_ID WARN  http-nio-8888-exec-4 Generator4MethodAccessor field not found limit of object class name com.sparrow.security.admin.protocol.query.MicroServiceQuery
2026-10-04 22:02:20.877 TRACE_ID WARN  http-nio-8888-exec-4 Generator4MethodAccessor field not found limit of object class name com.sparrow.security.admin.dao.query.MicroServiceDBPagerQuery
2026-10-04 22:02:20.876 TRACE_ID WARN  http-nio-8888-exec-3 Generator4MethodAccessor field not found displayText of object class name com.sparrow.security.po.App
2026-10-04 22:02:20.877 TRACE_ID WARN  http-nio-8888-exec-3 Generator4MethodAccessor field not found limit of object class name com.sparrow.security.admin.protocol.query.MicroServiceQuery
2026-10-04 22:02:20.877 TRACE_ID WARN  http-nio-8888-exec-3 Generator4MethodAccessor field not found limit of object class name com.sparrow.security.admin.dao.query.MicroServiceDBPagerQuery
2026-10-04 22:02:20.879 TRACE_ID WARN  http-nio-8888-exec-4 Generator4MethodAccessor field not found displayText of object class name com.sparrow.security.po.MicroService
2026-10-04 22:02:20.879 TRACE_ID WARN  http-nio-8888-exec-4 Generator4MethodAccessor field not found limit of object class name com.sparrow.security.admin.protocol.query.PermissionQuery
2026-10-04 22:02:20.879 TRACE_ID WARN  http-nio-8888-exec-4 Generator4MethodAccessor field not found limit of object class name com.sparrow.security.admin.dao.query.PermissionDBPagerQuery
2026-10-04 22:02:20.881 TRACE_ID WARN  http-nio-8888-exec-3 Generator4MethodAccessor field not found displayText of object class name com.sparrow.security.po.MicroService
2026-10-04 22:02:20.881 TRACE_ID WARN  http-nio-8888-exec-3 Generator4MethodAccessor field not found limit of object class name com.sparrow.security.admin.protocol.query.PermissionQuery
2026-10-04 22:02:20.881 TRACE_ID WARN  http-nio-8888-exec-3 Generator4MethodAccessor field not found limit of object class name com.sparrow.security.admin.dao.query.PermissionDBPagerQuery
2026-10-04 22:07:33.798 TRACE_ID WARN  http-nio-8888-exec-6 Generator4MethodAccessor field not found limit of object class name com.sparrow.coder.protocol.query.TableConfigQuery
2026-10-04 22:07:33.798 TRACE_ID WARN  http-nio-8888-exec-6 Generator4MethodAccessor field not found limit of object class name com.sparrow.coder.dao.query.TableConfigDBPagerQuery
2026-10-04 22:07:33.798 TRACE_ID WARN  http-nio-8888-exec-5 Generator4MethodAccessor field not found limit of object class name com.sparrow.coder.protocol.query.TableConfigQuery
2026-10-04 22:07:33.798 TRACE_ID WARN  http-nio-8888-exec-5 Generator4MethodAccessor field not found limit of object class name com.sparrow.coder.dao.query.TableConfigDBPagerQuery
2026-10-04 22:07:33.805 TRACE_ID WARN  http-nio-8888-exec-5 Generator4MethodAccessor field not found limit of object class name com.sparrow.coder.protocol.query.TableConfigQuery
2026-10-04 22:07:33.805 TRACE_ID WARN  http-nio-8888-exec-6 Generator4MethodAccessor field not found limit of object class name com.sparrow.coder.protocol.query.TableConfigQuery
2026-10-04 22:07:33.805 TRACE_ID WARN  http-nio-8888-exec-6 Generator4MethodAccessor field not found limit of object class name com.sparrow.coder.dao.query.TableConfigDBPagerQuery
2026-10-04 22:07:33.805 TRACE_ID WARN  http-nio-8888-exec-5 Generator4MethodAccessor field not found limit of object class name com.sparrow.coder.dao.query.TableConfigDBPagerQuery
2026-10-04 22:07:33.813 TRACE_ID WARN  http-nio-8888-exec-5 Generator4MethodAccessor field not found limit of object class name com.sparrow.coder.protocol.query.ProjectConfigQuery
2026-10-04 22:07:33.813 TRACE_ID WARN  http-nio-8888-exec-5 Generator4MethodAccessor field not found limit of object class name com.sparrow.coder.dao.query.ProjectConfigDBPagerQuery
2026-10-04 22:07:33.813 TRACE_ID WARN  http-nio-8888-exec-6 Generator4MethodAccessor field not found limit of object class name com.sparrow.coder.protocol.query.ProjectConfigQuery
2026-10-04 22:07:33.813 TRACE_ID WARN  http-nio-8888-exec-6 Generator4MethodAccessor field not found limit of object class name com.sparrow.coder.dao.query.ProjectConfigDBPagerQuery
2026-10-04 22:07:33.816 TRACE_ID WARN  http-nio-8888-exec-6 Generator4MethodAccessor field not found displayText of object class name com.sparrow.coder.po.ProjectConfig
2026-10-04 22:07:33.816 TRACE_ID WARN  http-nio-8888-exec-5 Generator4MethodAccessor field not found displayText of object class name com.sparrow.coder.po.ProjectConfig
2026-10-04 22:07:47.025 TRACE_ID WARN  http-nio-8888-exec-8 Generator4MethodAccessor field not found status of object class name com.sparrow.coder.protocol.param.TableConfigParam
2026-10-04 22:07:47.026 TRACE_ID WARN  http-nio-8888-exec-8 Generator4MethodAccessor field not found deleted of object class name com.sparrow.coder.protocol.param.TableConfigParam
2026-10-04 22:07:47.026 TRACE_ID WARN  http-nio-8888-exec-8 Generator4MethodAccessor field not found createUserId of object class name com.sparrow.coder.protocol.param.TableConfigParam
2026-10-04 22:07:47.026 TRACE_ID WARN  http-nio-8888-exec-8 Generator4MethodAccessor field not found modifiedUserId of object class name com.sparrow.coder.protocol.param.TableConfigParam
2026-10-04 22:07:47.026 TRACE_ID WARN  http-nio-8888-exec-8 Generator4MethodAccessor field not found gmtCreate of object class name com.sparrow.coder.protocol.param.TableConfigParam
2026-10-04 22:07:47.026 TRACE_ID WARN  http-nio-8888-exec-8 Generator4MethodAccessor field not found gmtModified of object class name com.sparrow.coder.protocol.param.TableConfigParam
2026-10-04 22:07:47.026 TRACE_ID WARN  http-nio-8888-exec-8 Generator4MethodAccessor field not found createUserName of object class name com.sparrow.coder.protocol.param.TableConfigParam
2026-10-04 22:07:47.026 TRACE_ID WARN  http-nio-8888-exec-8 Generator4MethodAccessor field not found modifiedUserName of object class name com.sparrow.coder.protocol.param.TableConfigParam
2026-10-04 22:07:47.048 TRACE_ID WARN  http-nio-8888-exec-10 Generator4MethodAccessor field not found limit of object class name com.sparrow.coder.protocol.query.TableConfigQuery
2026-10-04 22:07:47.048 TRACE_ID WARN  http-nio-8888-exec-10 Generator4MethodAccessor field not found limit of object class name com.sparrow.coder.dao.query.TableConfigDBPagerQuery
2026-10-04 22:07:47.050 TRACE_ID WARN  http-nio-8888-exec-10 Generator4MethodAccessor field not found limit of object class name com.sparrow.coder.protocol.query.TableConfigQuery
2026-10-04 22:07:47.050 TRACE_ID WARN  http-nio-8888-exec-10 Generator4MethodAccessor field not found limit of object class name com.sparrow.coder.dao.query.TableConfigDBPagerQuery
2026-10-04 22:07:47.053 TRACE_ID WARN  http-nio-8888-exec-10 Generator4MethodAccessor field not found limit of object class name com.sparrow.coder.protocol.query.ProjectConfigQuery
2026-10-04 22:07:47.053 TRACE_ID WARN  http-nio-8888-exec-10 Generator4MethodAccessor field not found limit of object class name com.sparrow.coder.dao.query.ProjectConfigDBPagerQuery
2026-10-04 22:07:47.055 TRACE_ID WARN  http-nio-8888-exec-10 Generator4MethodAccessor field not found displayText of object class name com.sparrow.coder.po.ProjectConfig
2026-10-04 22:09:11.174 TRACE_ID WARN  http-nio-8888-exec-4 Generator4MethodAccessor field not found status of object class name com.sparrow.coder.protocol.param.TableConfigParam
2026-10-04 22:09:11.174 TRACE_ID WARN  http-nio-8888-exec-4 Generator4MethodAccessor field not found deleted of object class name com.sparrow.coder.protocol.param.TableConfigParam
2026-10-04 22:09:11.174 TRACE_ID WARN  http-nio-8888-exec-4 Generator4MethodAccessor field not found createUserId of object class name com.sparrow.coder.protocol.param.TableConfigParam
2026-10-04 22:09:11.174 TRACE_ID WARN  http-nio-8888-exec-4 Generator4MethodAccessor field not found modifiedUserId of object class name com.sparrow.coder.protocol.param.TableConfigParam
2026-10-04 22:09:11.174 TRACE_ID WARN  http-nio-8888-exec-4 Generator4MethodAccessor field not found gmtCreate of object class name com.sparrow.coder.protocol.param.TableConfigParam
2026-10-04 22:09:11.174 TRACE_ID WARN  http-nio-8888-exec-4 Generator4MethodAccessor field not found gmtModified of object class name com.sparrow.coder.protocol.param.TableConfigParam
2026-10-04 22:09:11.174 TRACE_ID WARN  http-nio-8888-exec-4 Generator4MethodAccessor field not found createUserName of object class name com.sparrow.coder.protocol.param.TableConfigParam
2026-10-04 22:09:11.174 TRACE_ID WARN  http-nio-8888-exec-4 Generator4MethodAccessor field not found modifiedUserName of object class name com.sparrow.coder.protocol.param.TableConfigParam
2026-10-04 22:09:19.143 TRACE_ID WARN  http-nio-8888-exec-5 Generator4MethodAccessor field not found displayText of object class name com.sparrow.coder.po.ProjectConfig
2026-10-04 22:09:19.146 TRACE_ID WARN  http-nio-8888-exec-5 Generator4MethodAccessor field not found limit of object class name com.sparrow.coder.protocol.query.TableConfigQuery
2026-10-04 22:09:19.146 TRACE_ID WARN  http-nio-8888-exec-5 Generator4MethodAccessor field not found limit of object class name com.sparrow.coder.dao.query.TableConfigDBPagerQuery
2026-10-04 22:09:19.473 TRACE_ID WARN  http-nio-8888-exec-8 Generator4MethodAccessor field not found limit of object class name com.sparrow.security.admin.protocol.query.PermissionQuery
2026-10-04 22:09:19.474 TRACE_ID WARN  http-nio-8888-exec-8 Generator4MethodAccessor field not found limit of object class name com.sparrow.security.admin.dao.query.PermissionDBPagerQuery
2026-10-04 22:09:19.498 TRACE_ID WARN  http-nio-8888-exec-8 Generator4MethodAccessor field not found limit of object class name com.sparrow.security.admin.protocol.query.AppQuery
2026-10-04 22:09:19.499 TRACE_ID WARN  http-nio-8888-exec-8 Generator4MethodAccessor field not found limit of object class name com.sparrow.security.admin.dao.query.AppDBPagerQuery
2026-10-04 22:09:19.501 TRACE_ID WARN  http-nio-8888-exec-8 Generator4MethodAccessor field not found displayText of object class name com.sparrow.security.po.App
2026-10-04 22:09:19.502 TRACE_ID WARN  http-nio-8888-exec-8 Generator4MethodAccessor field not found limit of object class name com.sparrow.security.admin.protocol.query.MicroServiceQuery
2026-10-04 22:09:19.502 TRACE_ID WARN  http-nio-8888-exec-8 Generator4MethodAccessor field not found limit of object class name com.sparrow.security.admin.dao.query.MicroServiceDBPagerQuery
2026-10-04 22:09:19.505 TRACE_ID WARN  http-nio-8888-exec-8 Generator4MethodAccessor field not found displayText of object class name com.sparrow.security.po.MicroService
2026-10-04 22:09:19.505 TRACE_ID WARN  http-nio-8888-exec-8 Generator4MethodAccessor field not found limit of object class name com.sparrow.security.admin.protocol.query.PermissionQuery
2026-10-04 22:09:19.505 TRACE_ID WARN  http-nio-8888-exec-8 Generator4MethodAccessor field not found limit of object class name com.sparrow.security.admin.dao.query.PermissionDBPagerQuery
2026-10-04 22:09:26.705 TRACE_ID WARN  http-nio-8888-exec-1 Generator4MethodAccessor field not found limit of object class name com.sparrow.coder.protocol.query.TableConfigQuery
2026-10-04 22:09:26.706 TRACE_ID WARN  http-nio-8888-exec-1 Generator4MethodAccessor field not found limit of object class name com.sparrow.coder.dao.query.TableConfigDBPagerQuery
2026-10-04 22:09:26.707 TRACE_ID WARN  http-nio-8888-exec-2 Generator4MethodAccessor field not found limit of object class name com.sparrow.security.admin.protocol.query.PermissionQuery
2026-10-04 22:09:26.707 TRACE_ID WARN  http-nio-8888-exec-2 Generator4MethodAccessor field not found limit of object class name com.sparrow.security.admin.dao.query.PermissionDBPagerQuery
2026-10-04 22:09:26.710 TRACE_ID WARN  http-nio-8888-exec-1 Generator4MethodAccessor field not found limit of object class name com.sparrow.coder.protocol.query.TableConfigQuery
2026-10-04 22:09:26.710 TRACE_ID WARN  http-nio-8888-exec-1 Generator4MethodAccessor field not found limit of object class name com.sparrow.coder.dao.query.TableConfigDBPagerQuery
2026-10-04 22:09:26.715 TRACE_ID WARN  http-nio-8888-exec-2 Generator4MethodAccessor field not found limit of object class name com.sparrow.security.admin.protocol.query.AppQuery
2026-10-04 22:09:26.715 TRACE_ID WARN  http-nio-8888-exec-2 Generator4MethodAccessor field not found limit of object class name com.sparrow.security.admin.dao.query.AppDBPagerQuery
2026-10-04 22:09:26.715 TRACE_ID WARN  http-nio-8888-exec-1 Generator4MethodAccessor field not found limit of object class name com.sparrow.coder.protocol.query.ProjectConfigQuery
2026-10-04 22:09:26.715 TRACE_ID WARN  http-nio-8888-exec-1 Generator4MethodAccessor field not found limit of object class name com.sparrow.coder.dao.query.ProjectConfigDBPagerQuery
2026-10-04 22:09:26.716 TRACE_ID WARN  http-nio-8888-exec-2 Generator4MethodAccessor field not found displayText of object class name com.sparrow.security.po.App
2026-10-04 22:09:26.716 TRACE_ID WARN  http-nio-8888-exec-2 Generator4MethodAccessor field not found limit of object class name com.sparrow.security.admin.protocol.query.MicroServiceQuery
2026-10-04 22:09:26.716 TRACE_ID WARN  http-nio-8888-exec-2 Generator4MethodAccessor field not found limit of object class name com.sparrow.security.admin.dao.query.MicroServiceDBPagerQuery
2026-10-04 22:09:26.716 TRACE_ID WARN  http-nio-8888-exec-1 Generator4MethodAccessor field not found displayText of object class name com.sparrow.coder.po.ProjectConfig
2026-10-04 22:09:26.717 TRACE_ID WARN  http-nio-8888-exec-2 Generator4MethodAccessor field not found displayText of object class name com.sparrow.security.po.MicroService
2026-10-04 22:09:26.717 TRACE_ID WARN  http-nio-8888-exec-2 Generator4MethodAccessor field not found limit of object class name com.sparrow.security.admin.protocol.query.PermissionQuery
2026-10-04 22:09:26.717 TRACE_ID WARN  http-nio-8888-exec-2 Generator4MethodAccessor field not found limit of object class name com.sparrow.security.admin.dao.query.PermissionDBPagerQuery
2026-10-04 22:09:38.149 TRACE_ID WARN  http-nio-8888-exec-6 Generator4MethodAccessor field not found limit of object class name com.sparrow.security.admin.protocol.query.PermissionQuery
2026-10-04 22:09:38.149 TRACE_ID WARN  http-nio-8888-exec-5 Generator4MethodAccessor field not found limit of object class name com.sparrow.security.admin.protocol.query.PermissionQuery
2026-10-04 22:09:38.150 TRACE_ID WARN  http-nio-8888-exec-6 Generator4MethodAccessor field not found limit of object class name com.sparrow.security.admin.dao.query.PermissionDBPagerQuery
2026-10-04 22:09:38.150 TRACE_ID WARN  http-nio-8888-exec-5 Generator4MethodAccessor field not found limit of object class name com.sparrow.security.admin.dao.query.PermissionDBPagerQuery
2026-10-04 22:09:38.156 TRACE_ID WARN  http-nio-8888-exec-5 Generator4MethodAccessor field not found limit of object class name com.sparrow.security.admin.protocol.query.AppQuery
2026-10-04 22:09:38.156 TRACE_ID WARN  http-nio-8888-exec-6 Generator4MethodAccessor field not found limit of object class name com.sparrow.security.admin.protocol.query.AppQuery
2026-10-04 22:09:38.156 TRACE_ID WARN  http-nio-8888-exec-6 Generator4MethodAccessor field not found limit of object class name com.sparrow.security.admin.dao.query.AppDBPagerQuery
2026-10-04 22:09:38.156 TRACE_ID WARN  http-nio-8888-exec-5 Generator4MethodAccessor field not found limit of object class name com.sparrow.security.admin.dao.query.AppDBPagerQuery
2026-10-04 22:09:38.157 TRACE_ID WARN  http-nio-8888-exec-5 Generator4MethodAccessor field not found displayText of object class name com.sparrow.security.po.App
2026-10-04 22:09:38.157 TRACE_ID WARN  http-nio-8888-exec-6 Generator4MethodAccessor field not found displayText of object class name com.sparrow.security.po.App
2026-10-04 22:09:38.157 TRACE_ID WARN  http-nio-8888-exec-5 Generator4MethodAccessor field not found limit of object class name com.sparrow.security.admin.protocol.query.MicroServiceQuery
2026-10-04 22:09:38.157 TRACE_ID WARN  http-nio-8888-exec-6 Generator4MethodAccessor field not found limit of object class name com.sparrow.security.admin.protocol.query.MicroServiceQuery
2026-10-04 22:09:38.157 TRACE_ID WARN  http-nio-8888-exec-5 Generator4MethodAccessor field not found limit of object class name com.sparrow.security.admin.dao.query.MicroServiceDBPagerQuery
2026-10-04 22:09:38.157 TRACE_ID WARN  http-nio-8888-exec-6 Generator4MethodAccessor field not found limit of object class name com.sparrow.security.admin.dao.query.MicroServiceDBPagerQuery
2026-10-04 22:09:38.158 TRACE_ID WARN  http-nio-8888-exec-6 Generator4MethodAccessor field not found displayText of object class name com.sparrow.security.po.MicroService
2026-10-04 22:09:38.158 TRACE_ID WARN  http-nio-8888-exec-5 Generator4MethodAccessor field not found displayText of object class name com.sparrow.security.po.MicroService
2026-10-04 22:09:38.158 TRACE_ID WARN  http-nio-8888-exec-6 Generator4MethodAccessor field not found limit of object class name com.sparrow.security.admin.protocol.query.PermissionQuery
2026-10-04 22:09:38.158 TRACE_ID WARN  http-nio-8888-exec-6 Generator4MethodAccessor field not found limit of object class name com.sparrow.security.admin.dao.query.PermissionDBPagerQuery
2026-10-04 22:09:38.158 TRACE_ID WARN  http-nio-8888-exec-5 Generator4MethodAccessor field not found limit of object class name com.sparrow.security.admin.protocol.query.PermissionQuery
2026-10-04 22:09:38.159 TRACE_ID WARN  http-nio-8888-exec-5 Generator4MethodAccessor field not found limit of object class name com.sparrow.security.admin.dao.query.PermissionDBPagerQuery
2026-10-04 22:11:06.756 TRACE_ID WARN  http-nio-8888-exec-3 Generator4MethodAccessor field not found limit of object class name com.sparrow.security.admin.protocol.query.PermissionQuery
2026-10-04 22:11:06.756 TRACE_ID WARN  http-nio-8888-exec-2 Generator4MethodAccessor field not found limit of object class name com.sparrow.security.admin.protocol.query.PermissionQuery
2026-10-04 22:11:06.757 TRACE_ID WARN  http-nio-8888-exec-3 Generator4MethodAccessor field not found limit of object class name com.sparrow.security.admin.dao.query.PermissionDBPagerQuery
2026-10-04 22:11:06.757 TRACE_ID WARN  http-nio-8888-exec-2 Generator4MethodAccessor field not found limit of object class name com.sparrow.security.admin.dao.query.PermissionDBPagerQuery
2026-10-04 22:11:06.801 TRACE_ID WARN  http-nio-8888-exec-3 Generator4MethodAccessor field not found limit of object class name com.sparrow.security.admin.protocol.query.AppQuery
2026-10-04 22:11:06.801 TRACE_ID WARN  http-nio-8888-exec-2 Generator4MethodAccessor field not found limit of object class name com.sparrow.security.admin.protocol.query.AppQuery
2026-10-04 22:11:06.801 TRACE_ID WARN  http-nio-8888-exec-3 Generator4MethodAccessor field not found limit of object class name com.sparrow.security.admin.dao.query.AppDBPagerQuery
2026-10-04 22:11:06.801 TRACE_ID WARN  http-nio-8888-exec-2 Generator4MethodAccessor field not found limit of object class name com.sparrow.security.admin.dao.query.AppDBPagerQuery
2026-10-04 22:11:06.804 TRACE_ID WARN  http-nio-8888-exec-3 Generator4MethodAccessor field not found displayText of object class name com.sparrow.security.po.App
2026-10-04 22:11:06.804 TRACE_ID WARN  http-nio-8888-exec-2 Generator4MethodAccessor field not found displayText of object class name com.sparrow.security.po.App
2026-10-04 22:11:06.804 TRACE_ID WARN  http-nio-8888-exec-2 Generator4MethodAccessor field not found limit of object class name com.sparrow.security.admin.protocol.query.MicroServiceQuery
2026-10-04 22:11:06.804 TRACE_ID WARN  http-nio-8888-exec-3 Generator4MethodAccessor field not found limit of object class name com.sparrow.security.admin.protocol.query.MicroServiceQuery
2026-10-04 22:11:06.804 TRACE_ID WARN  http-nio-8888-exec-2 Generator4MethodAccessor field not found limit of object class name com.sparrow.security.admin.dao.query.MicroServiceDBPagerQuery
2026-10-04 22:11:06.804 TRACE_ID WARN  http-nio-8888-exec-3 Generator4MethodAccessor field not found limit of object class name com.sparrow.security.admin.dao.query.MicroServiceDBPagerQuery
2026-10-04 22:11:06.805 TRACE_ID WARN  http-nio-8888-exec-3 Generator4MethodAccessor field not found displayText of object class name com.sparrow.security.po.MicroService
2026-10-04 22:11:06.805 TRACE_ID WARN  http-nio-8888-exec-3 Generator4MethodAccessor field not found limit of object class name com.sparrow.security.admin.protocol.query.PermissionQuery
2026-10-04 22:11:06.805 TRACE_ID WARN  http-nio-8888-exec-3 Generator4MethodAccessor field not found limit of object class name com.sparrow.security.admin.dao.query.PermissionDBPagerQuery
2026-10-04 22:11:06.805 TRACE_ID WARN  http-nio-8888-exec-2 Generator4MethodAccessor field not found displayText of object class name com.sparrow.security.po.MicroService
2026-10-04 22:11:06.805 TRACE_ID WARN  http-nio-8888-exec-2 Generator4MethodAccessor field not found limit of object class name com.sparrow.security.admin.protocol.query.PermissionQuery
2026-10-04 22:11:06.805 TRACE_ID WARN  http-nio-8888-exec-2 Generator4MethodAccessor field not found limit of object class name com.sparrow.security.admin.dao.query.PermissionDBPagerQuery
2026-10-04 22:12:11.528 TRACE_ID WARN  http-nio-8888-exec-3 Generator4MethodAccessor field not found limit of object class name com.sparrow.security.admin.protocol.query.PermissionQuery
2026-10-04 22:12:11.528 TRACE_ID WARN  http-nio-8888-exec-4 Generator4MethodAccessor field not found limit of object class name com.sparrow.security.admin.protocol.query.PermissionQuery
2026-10-04 22:12:11.529 TRACE_ID WARN  http-nio-8888-exec-3 Generator4MethodAccessor field not found limit of object class name com.sparrow.security.admin.dao.query.PermissionDBPagerQuery
2026-10-04 22:12:11.529 TRACE_ID WARN  http-nio-8888-exec-4 Generator4MethodAccessor field not found limit of object class name com.sparrow.security.admin.dao.query.PermissionDBPagerQuery
2026-10-04 22:12:11.557 TRACE_ID WARN  http-nio-8888-exec-3 Generator4MethodAccessor field not found limit of object class name com.sparrow.security.admin.protocol.query.AppQuery
2026-10-04 22:12:11.557 TRACE_ID WARN  http-nio-8888-exec-3 Generator4MethodAccessor field not found limit of object class name com.sparrow.security.admin.dao.query.AppDBPagerQuery
2026-10-04 22:12:11.557 TRACE_ID WARN  http-nio-8888-exec-4 Generator4MethodAccessor field not found limit of object class name com.sparrow.security.admin.protocol.query.AppQuery
2026-10-04 22:12:11.557 TRACE_ID WARN  http-nio-8888-exec-4 Generator4MethodAccessor field not found limit of object class name com.sparrow.security.admin.dao.query.AppDBPagerQuery
2026-10-04 22:12:11.565 TRACE_ID WARN  http-nio-8888-exec-3 Generator4MethodAccessor field not found displayText of object class name com.sparrow.security.po.App
2026-10-04 22:12:11.565 TRACE_ID WARN  http-nio-8888-exec-4 Generator4MethodAccessor field not found displayText of object class name com.sparrow.security.po.App
2026-10-04 22:12:11.565 TRACE_ID WARN  http-nio-8888-exec-4 Generator4MethodAccessor field not found limit of object class name com.sparrow.security.admin.protocol.query.MicroServiceQuery
2026-10-04 22:12:11.565 TRACE_ID WARN  http-nio-8888-exec-3 Generator4MethodAccessor field not found limit of object class name com.sparrow.security.admin.protocol.query.MicroServiceQuery
2026-10-04 22:12:11.565 TRACE_ID WARN  http-nio-8888-exec-4 Generator4MethodAccessor field not found limit of object class name com.sparrow.security.admin.dao.query.MicroServiceDBPagerQuery
2026-10-04 22:12:11.565 TRACE_ID WARN  http-nio-8888-exec-3 Generator4MethodAccessor field not found limit of object class name com.sparrow.security.admin.dao.query.MicroServiceDBPagerQuery
2026-10-04 22:12:11.568 TRACE_ID WARN  http-nio-8888-exec-4 Generator4MethodAccessor field not found displayText of object class name com.sparrow.security.po.MicroService
2026-10-04 22:12:11.568 TRACE_ID WARN  http-nio-8888-exec-3 Generator4MethodAccessor field not found displayText of object class name com.sparrow.security.po.MicroService
2026-10-04 22:12:11.568 TRACE_ID WARN  http-nio-8888-exec-4 Generator4MethodAccessor field not found limit of object class name com.sparrow.security.admin.protocol.query.PermissionQuery
2026-10-04 22:12:11.568 TRACE_ID WARN  http-nio-8888-exec-3 Generator4MethodAccessor field not found limit of object class name com.sparrow.security.admin.protocol.query.PermissionQuery
2026-10-04 22:12:11.568 TRACE_ID WARN  http-nio-8888-exec-4 Generator4MethodAccessor field not found limit of object class name com.sparrow.security.admin.dao.query.PermissionDBPagerQuery
2026-10-04 22:12:11.568 TRACE_ID WARN  http-nio-8888-exec-3 Generator4MethodAccessor field not found limit of object class name com.sparrow.security.admin.dao.query.PermissionDBPagerQuery
2026-10-04 22:23:52.376 TRACE_ID WARN  http-nio-8888-exec-3 Generator4MethodAccessor field not found limit of object class name com.sparrow.security.admin.protocol.query.PermissionQuery
2026-10-04 22:23:52.376 TRACE_ID WARN  http-nio-8888-exec-4 Generator4MethodAccessor field not found limit of object class name com.sparrow.security.admin.protocol.query.PermissionQuery
2026-10-04 22:23:52.376 TRACE_ID WARN  http-nio-8888-exec-3 Generator4MethodAccessor field not found limit of object class name com.sparrow.security.admin.dao.query.PermissionDBPagerQuery
2026-10-04 22:23:52.376 TRACE_ID WARN  http-nio-8888-exec-4 Generator4MethodAccessor field not found limit of object class name com.sparrow.security.admin.dao.query.PermissionDBPagerQuery
2026-10-04 22:23:52.430 TRACE_ID WARN  http-nio-8888-exec-3 Generator4MethodAccessor field not found limit of object class name com.sparrow.security.admin.protocol.query.AppQuery
2026-10-04 22:23:52.430 TRACE_ID WARN  http-nio-8888-exec-3 Generator4MethodAccessor field not found limit of object class name com.sparrow.security.admin.dao.query.AppDBPagerQuery
2026-10-04 22:23:52.430 TRACE_ID WARN  http-nio-8888-exec-4 Generator4MethodAccessor field not found limit of object class name com.sparrow.security.admin.protocol.query.AppQuery
2026-10-04 22:23:52.430 TRACE_ID WARN  http-nio-8888-exec-4 Generator4MethodAccessor field not found limit of object class name com.sparrow.security.admin.dao.query.AppDBPagerQuery
2026-10-04 22:23:52.461 TRACE_ID WARN  http-nio-8888-exec-4 Generator4MethodAccessor field not found displayText of object class name com.sparrow.security.po.App
2026-10-04 22:23:52.461 TRACE_ID WARN  http-nio-8888-exec-4 Generator4MethodAccessor field not found limit of object class name com.sparrow.security.admin.protocol.query.MicroServiceQuery
2026-10-04 22:23:52.461 TRACE_ID WARN  http-nio-8888-exec-4 Generator4MethodAccessor field not found limit of object class name com.sparrow.security.admin.dao.query.MicroServiceDBPagerQuery
2026-10-04 22:23:52.461 TRACE_ID WARN  http-nio-8888-exec-3 Generator4MethodAccessor field not found displayText of object class name com.sparrow.security.po.App
2026-10-04 22:23:52.461 TRACE_ID WARN  http-nio-8888-exec-3 Generator4MethodAccessor field not found limit of object class name com.sparrow.security.admin.protocol.query.MicroServiceQuery
2026-10-04 22:23:52.461 TRACE_ID WARN  http-nio-8888-exec-3 Generator4MethodAccessor field not found limit of object class name com.sparrow.security.admin.dao.query.MicroServiceDBPagerQuery
2026-10-04 22:23:52.464 TRACE_ID WARN  http-nio-8888-exec-4 Generator4MethodAccessor field not found displayText of object class name com.sparrow.security.po.MicroService
2026-10-04 22:23:52.464 TRACE_ID WARN  http-nio-8888-exec-3 Generator4MethodAccessor field not found displayText of object class name com.sparrow.security.po.MicroService
2026-10-04 22:23:52.464 TRACE_ID WARN  http-nio-8888-exec-4 Generator4MethodAccessor field not found limit of object class name com.sparrow.security.admin.protocol.query.PermissionQuery
2026-10-04 22:23:52.464 TRACE_ID WARN  http-nio-8888-exec-3 Generator4MethodAccessor field not found limit of object class name com.sparrow.security.admin.protocol.query.PermissionQuery
2026-10-04 22:23:52.464 TRACE_ID WARN  http-nio-8888-exec-3 Generator4MethodAccessor field not found limit of object class name com.sparrow.security.admin.dao.query.PermissionDBPagerQuery
2026-10-04 22:23:52.464 TRACE_ID WARN  http-nio-8888-exec-4 Generator4MethodAccessor field not found limit of object class name com.sparrow.security.admin.dao.query.PermissionDBPagerQuery
2026-10-04 22:24:17.324 TRACE_ID WARN  http-nio-8888-exec-6 Generator4MethodAccessor field not found displayText of object class name com.sparrow.coder.po.ProjectConfig
2026-10-04 22:24:17.326 TRACE_ID WARN  http-nio-8888-exec-6 Generator4MethodAccessor field not found limit of object class name com.sparrow.coder.protocol.query.TableConfigQuery
2026-10-04 22:24:17.326 TRACE_ID WARN  http-nio-8888-exec-6 Generator4MethodAccessor field not found limit of object class name com.sparrow.coder.dao.query.TableConfigDBPagerQuery
2026-10-04 22:56:20.378 TRACE_ID WARN  http-nio-8888-exec-10 Generator4MethodAccessor field not found createUserId of object class name com.sparrow.coder.protocol.param.TableConfigParam
2026-10-04 22:56:20.379 TRACE_ID WARN  http-nio-8888-exec-10 Generator4MethodAccessor field not found modifiedUserId of object class name com.sparrow.coder.protocol.param.TableConfigParam
2026-10-04 22:56:20.379 TRACE_ID WARN  http-nio-8888-exec-10 Generator4MethodAccessor field not found gmtCreate of object class name com.sparrow.coder.protocol.param.TableConfigParam
2026-10-04 22:56:20.379 TRACE_ID WARN  http-nio-8888-exec-10 Generator4MethodAccessor field not found gmtModified of object class name com.sparrow.coder.protocol.param.TableConfigParam
2026-10-04 22:56:20.379 TRACE_ID WARN  http-nio-8888-exec-10 Generator4MethodAccessor field not found createUserName of object class name com.sparrow.coder.protocol.param.TableConfigParam
2026-10-04 22:56:20.379 TRACE_ID WARN  http-nio-8888-exec-10 Generator4MethodAccessor field not found modifiedUserName of object class name com.sparrow.coder.protocol.param.TableConfigParam
2026-10-04 22:56:20.379 TRACE_ID WARN  http-nio-8888-exec-10 Generator4MethodAccessor field not found status of object class name com.sparrow.coder.protocol.param.TableConfigParam
2026-10-04 22:56:20.379 TRACE_ID WARN  http-nio-8888-exec-10 Generator4MethodAccessor field not found deleted of object class name com.sparrow.coder.protocol.param.TableConfigParam
2026-10-04 22:57:28.029 TRACE_ID WARN  http-nio-8888-exec-5 Generator4MethodAccessor field not found limit of object class name com.sparrow.coder.protocol.query.TableConfigQuery
2026-10-04 22:57:28.029 TRACE_ID WARN  http-nio-8888-exec-4 Generator4MethodAccessor field not found limit of object class name com.sparrow.coder.protocol.query.TableConfigQuery
2026-10-04 22:57:28.030 TRACE_ID WARN  http-nio-8888-exec-5 Generator4MethodAccessor field not found limit of object class name com.sparrow.coder.dao.query.TableConfigDBPagerQuery
2026-10-04 22:57:28.030 TRACE_ID WARN  http-nio-8888-exec-4 Generator4MethodAccessor field not found limit of object class name com.sparrow.coder.dao.query.TableConfigDBPagerQuery
2026-10-04 22:57:28.044 TRACE_ID WARN  http-nio-8888-exec-4 Generator4MethodAccessor field not found limit of object class name com.sparrow.coder.protocol.query.TableConfigQuery
2026-10-04 22:57:28.044 TRACE_ID WARN  http-nio-8888-exec-4 Generator4MethodAccessor field not found limit of object class name com.sparrow.coder.dao.query.TableConfigDBPagerQuery
2026-10-04 22:57:28.045 TRACE_ID WARN  http-nio-8888-exec-5 Generator4MethodAccessor field not found limit of object class name com.sparrow.coder.protocol.query.TableConfigQuery
2026-10-04 22:57:28.045 TRACE_ID WARN  http-nio-8888-exec-5 Generator4MethodAccessor field not found limit of object class name com.sparrow.coder.dao.query.TableConfigDBPagerQuery
2026-10-04 22:57:28.052 TRACE_ID WARN  http-nio-8888-exec-5 Generator4MethodAccessor field not found limit of object class name com.sparrow.coder.protocol.query.ProjectConfigQuery
2026-10-04 22:57:28.052 TRACE_ID WARN  http-nio-8888-exec-4 Generator4MethodAccessor field not found limit of object class name com.sparrow.coder.protocol.query.ProjectConfigQuery
2026-10-04 22:57:28.052 TRACE_ID WARN  http-nio-8888-exec-4 Generator4MethodAccessor field not found limit of object class name com.sparrow.coder.dao.query.ProjectConfigDBPagerQuery
2026-10-04 22:57:28.052 TRACE_ID WARN  http-nio-8888-exec-5 Generator4MethodAccessor field not found limit of object class name com.sparrow.coder.dao.query.ProjectConfigDBPagerQuery
2026-10-04 22:57:28.059 TRACE_ID WARN  http-nio-8888-exec-4 Generator4MethodAccessor field not found displayText of object class name com.sparrow.coder.po.ProjectConfig
2026-10-04 22:57:28.060 TRACE_ID WARN  http-nio-8888-exec-5 Generator4MethodAccessor field not found displayText of object class name com.sparrow.coder.po.ProjectConfig
2026-10-04 22:57:32.580 TRACE_ID WARN  http-nio-8888-exec-6 Generator4MethodAccessor field not found limit of object class name com.sparrow.coder.protocol.query.TableConfigQuery
2026-10-04 22:57:32.580 TRACE_ID WARN  http-nio-8888-exec-6 Generator4MethodAccessor field not found limit of object class name com.sparrow.coder.dao.query.TableConfigDBPagerQuery
2026-10-04 22:57:32.592 TRACE_ID WARN  http-nio-8888-exec-6 Generator4MethodAccessor field not found limit of object class name com.sparrow.coder.protocol.query.TableConfigQuery
2026-10-04 22:57:32.592 TRACE_ID WARN  http-nio-8888-exec-6 Generator4MethodAccessor field not found limit of object class name com.sparrow.coder.dao.query.TableConfigDBPagerQuery
2026-10-04 22:57:32.595 TRACE_ID WARN  http-nio-8888-exec-6 Generator4MethodAccessor field not found limit of object class name com.sparrow.coder.protocol.query.ProjectConfigQuery
2026-10-04 22:57:32.595 TRACE_ID WARN  http-nio-8888-exec-6 Generator4MethodAccessor field not found limit of object class name com.sparrow.coder.dao.query.ProjectConfigDBPagerQuery
2026-10-04 22:57:32.596 TRACE_ID WARN  http-nio-8888-exec-6 Generator4MethodAccessor field not found displayText of object class name com.sparrow.coder.po.ProjectConfig
2026-10-04 22:58:23.287 TRACE_ID WARN  http-nio-8888-exec-8 Generator4MethodAccessor field not found limit of object class name com.sparrow.coder.protocol.query.TableConfigQuery
2026-10-04 22:58:23.288 TRACE_ID WARN  http-nio-8888-exec-8 Generator4MethodAccessor field not found limit of object class name com.sparrow.coder.dao.query.TableConfigDBPagerQuery
2026-10-04 22:58:23.298 TRACE_ID WARN  http-nio-8888-exec-8 Generator4MethodAccessor field not found limit of object class name com.sparrow.coder.protocol.query.TableConfigQuery
2026-10-04 22:58:23.298 TRACE_ID WARN  http-nio-8888-exec-8 Generator4MethodAccessor field not found limit of object class name com.sparrow.coder.dao.query.TableConfigDBPagerQuery
2026-10-04 22:58:25.316 TRACE_ID WARN  http-nio-8888-exec-8 Generator4MethodAccessor field not found limit of object class name com.sparrow.coder.protocol.query.ProjectConfigQuery
2026-10-04 22:58:25.316 TRACE_ID WARN  http-nio-8888-exec-8 Generator4MethodAccessor field not found limit of object class name com.sparrow.coder.dao.query.ProjectConfigDBPagerQuery
2026-10-04 22:58:25.325 TRACE_ID WARN  http-nio-8888-exec-8 Generator4MethodAccessor field not found displayText of object class name com.sparrow.coder.po.ProjectConfig
2026-10-04 23:00:25.485 TRACE_ID WARN  http-nio-8888-exec-1 Generator4MethodAccessor field not found limit of object class name com.sparrow.coder.protocol.query.TableConfigQuery
2026-10-04 23:00:25.487 TRACE_ID WARN  http-nio-8888-exec-1 Generator4MethodAccessor field not found limit of object class name com.sparrow.coder.dao.query.TableConfigDBPagerQuery
2026-10-04 23:00:25.498 TRACE_ID WARN  http-nio-8888-exec-1 Generator4MethodAccessor field not found limit of object class name com.sparrow.coder.protocol.query.TableConfigQuery
2026-10-04 23:00:25.499 TRACE_ID WARN  http-nio-8888-exec-1 Generator4MethodAccessor field not found limit of object class name com.sparrow.coder.dao.query.TableConfigDBPagerQuery
2026-10-04 23:00:26.404 TRACE_ID WARN  http-nio-8888-exec-1 Generator4MethodAccessor field not found limit of object class name com.sparrow.coder.protocol.query.ProjectConfigQuery
2026-10-04 23:00:26.405 TRACE_ID WARN  http-nio-8888-exec-1 Generator4MethodAccessor field not found limit of object class name com.sparrow.coder.dao.query.ProjectConfigDBPagerQuery
2026-10-04 23:00:26.415 TRACE_ID WARN  http-nio-8888-exec-1 Generator4MethodAccessor field not found displayText of object class name com.sparrow.coder.po.ProjectConfig
2026-10-05 09:44:42.037 TRACE_ID WARN  http-nio-8888-exec-2 Generator4MethodAccessor field not found displayText of object class name com.sparrow.coder.po.ProjectConfig
2026-10-05 09:44:42.039 TRACE_ID WARN  http-nio-8888-exec-2 Generator4MethodAccessor field not found limit of object class name com.sparrow.coder.protocol.query.TableConfigQuery
2026-10-05 09:44:42.039 TRACE_ID WARN  http-nio-8888-exec-2 Generator4MethodAccessor field not found limit of object class name com.sparrow.coder.dao.query.TableConfigDBPagerQuery
2026-10-05 09:45:54.062 TRACE_ID WARN  http-nio-8888-exec-5 Generator4MethodAccessor field not found displayText of object class name com.sparrow.coder.po.ProjectConfig
2026-10-05 09:45:54.063 TRACE_ID WARN  http-nio-8888-exec-5 Generator4MethodAccessor field not found limit of object class name com.sparrow.coder.protocol.query.TableConfigQuery
2026-10-05 09:45:54.063 TRACE_ID WARN  http-nio-8888-exec-5 Generator4MethodAccessor field not found limit of object class name com.sparrow.coder.dao.query.TableConfigDBPagerQuery
2026-10-05 09:46:23.572 TRACE_ID WARN  http-nio-8888-exec-7 Generator4MethodAccessor field not found displayText of object class name com.sparrow.coder.po.ProjectConfig
2026-10-05 09:46:23.573 TRACE_ID WARN  http-nio-8888-exec-7 Generator4MethodAccessor field not found limit of object class name com.sparrow.coder.protocol.query.TableConfigQuery
2026-10-05 09:46:23.573 TRACE_ID WARN  http-nio-8888-exec-7 Generator4MethodAccessor field not found limit of object class name com.sparrow.coder.dao.query.TableConfigDBPagerQuery
2026-10-05 09:48:24.334 TRACE_ID WARN  http-nio-8888-exec-10 Generator4MethodAccessor field not found limit of object class name com.sparrow.coder.protocol.query.TableConfigQuery
2026-10-05 09:48:24.334 TRACE_ID WARN  http-nio-8888-exec-10 Generator4MethodAccessor field not found limit of object class name com.sparrow.coder.dao.query.TableConfigDBPagerQuery
2026-10-05 09:48:24.334 TRACE_ID WARN  http-nio-8888-exec-1 Generator4MethodAccessor field not found limit of object class name com.sparrow.coder.protocol.query.TableConfigQuery
2026-10-05 09:48:24.334 TRACE_ID WARN  http-nio-8888-exec-1 Generator4MethodAccessor field not found limit of object class name com.sparrow.coder.dao.query.TableConfigDBPagerQuery
2026-10-05 09:48:25.025 TRACE_ID WARN  http-nio-8888-exec-1 Generator4MethodAccessor field not found limit of object class name com.sparrow.coder.protocol.query.TableConfigQuery
2026-10-05 09:48:25.025 TRACE_ID WARN  http-nio-8888-exec-10 Generator4MethodAccessor field not found limit of object class name com.sparrow.coder.protocol.query.TableConfigQuery
2026-10-05 09:48:25.025 TRACE_ID WARN  http-nio-8888-exec-1 Generator4MethodAccessor field not found limit of object class name com.sparrow.coder.dao.query.TableConfigDBPagerQuery
2026-10-05 09:48:25.025 TRACE_ID WARN  http-nio-8888-exec-10 Generator4MethodAccessor field not found limit of object class name com.sparrow.coder.dao.query.TableConfigDBPagerQuery
2026-10-05 09:48:25.029 TRACE_ID WARN  http-nio-8888-exec-1 Generator4MethodAccessor field not found limit of object class name com.sparrow.coder.protocol.query.ProjectConfigQuery
2026-10-05 09:48:25.029 TRACE_ID WARN  http-nio-8888-exec-10 Generator4MethodAccessor field not found limit of object class name com.sparrow.coder.protocol.query.ProjectConfigQuery
2026-10-05 09:48:25.029 TRACE_ID WARN  http-nio-8888-exec-1 Generator4MethodAccessor field not found limit of object class name com.sparrow.coder.dao.query.ProjectConfigDBPagerQuery
2026-10-05 09:48:25.029 TRACE_ID WARN  http-nio-8888-exec-10 Generator4MethodAccessor field not found limit of object class name com.sparrow.coder.dao.query.ProjectConfigDBPagerQuery
2026-10-05 09:48:25.031 TRACE_ID WARN  http-nio-8888-exec-1 Generator4MethodAccessor field not found displayText of object class name com.sparrow.coder.po.ProjectConfig
2026-10-05 09:48:25.195 TRACE_ID WARN  http-nio-8888-exec-10 Generator4MethodAccessor field not found displayText of object class name com.sparrow.coder.po.ProjectConfig
2026-10-05 09:48:44.520 TRACE_ID WARN  http-nio-8888-exec-3 Generator4MethodAccessor field not found limit of object class name com.sparrow.coder.protocol.query.TableConfigQuery
2026-10-05 09:48:44.521 TRACE_ID WARN  http-nio-8888-exec-3 Generator4MethodAccessor field not found limit of object class name com.sparrow.coder.dao.query.TableConfigDBPagerQuery
2026-10-05 09:48:44.523 TRACE_ID WARN  http-nio-8888-exec-3 Generator4MethodAccessor field not found limit of object class name com.sparrow.coder.protocol.query.TableConfigQuery
2026-10-05 09:48:44.523 TRACE_ID WARN  http-nio-8888-exec-3 Generator4MethodAccessor field not found limit of object class name com.sparrow.coder.dao.query.TableConfigDBPagerQuery
2026-10-05 09:48:44.526 TRACE_ID WARN  http-nio-8888-exec-3 Generator4MethodAccessor field not found limit of object class name com.sparrow.coder.protocol.query.ProjectConfigQuery
2026-10-05 09:48:44.526 TRACE_ID WARN  http-nio-8888-exec-3 Generator4MethodAccessor field not found limit of object class name com.sparrow.coder.dao.query.ProjectConfigDBPagerQuery
2026-10-05 09:48:44.527 TRACE_ID WARN  http-nio-8888-exec-3 Generator4MethodAccessor field not found displayText of object class name com.sparrow.coder.po.ProjectConfig
2026-10-05 09:51:18.952 TRACE_ID WARN  http-nio-8888-exec-9 Generator4MethodAccessor field not found createUserId of object class name com.sparrow.coder.protocol.param.TableConfigParam
2026-10-05 09:51:18.952 TRACE_ID WARN  http-nio-8888-exec-9 Generator4MethodAccessor field not found modifiedUserId of object class name com.sparrow.coder.protocol.param.TableConfigParam
2026-10-05 09:51:18.952 TRACE_ID WARN  http-nio-8888-exec-9 Generator4MethodAccessor field not found gmtCreate of object class name com.sparrow.coder.protocol.param.TableConfigParam
2026-10-05 09:51:18.952 TRACE_ID WARN  http-nio-8888-exec-9 Generator4MethodAccessor field not found gmtModified of object class name com.sparrow.coder.protocol.param.TableConfigParam
2026-10-05 09:51:18.952 TRACE_ID WARN  http-nio-8888-exec-9 Generator4MethodAccessor field not found createUserName of object class name com.sparrow.coder.protocol.param.TableConfigParam
2026-10-05 09:51:18.952 TRACE_ID WARN  http-nio-8888-exec-9 Generator4MethodAccessor field not found modifiedUserName of object class name com.sparrow.coder.protocol.param.TableConfigParam
2026-10-05 09:51:18.952 TRACE_ID WARN  http-nio-8888-exec-9 Generator4MethodAccessor field not found status of object class name com.sparrow.coder.protocol.param.TableConfigParam
2026-10-05 09:51:18.952 TRACE_ID WARN  http-nio-8888-exec-9 Generator4MethodAccessor field not found deleted of object class name com.sparrow.coder.protocol.param.TableConfigParam
2026-10-05 09:51:28.204 TRACE_ID WARN  http-nio-8888-exec-7 Generator4MethodAccessor field not found limit of object class name com.sparrow.security.admin.protocol.query.PermissionQuery
2026-10-05 09:51:28.204 TRACE_ID WARN  http-nio-8888-exec-1 Generator4MethodAccessor field not found limit of object class name com.sparrow.security.admin.protocol.query.PermissionQuery
2026-10-05 09:51:28.204 TRACE_ID WARN  http-nio-8888-exec-1 Generator4MethodAccessor field not found limit of object class name com.sparrow.security.admin.dao.query.PermissionDBPagerQuery
2026-10-05 09:51:28.204 TRACE_ID WARN  http-nio-8888-exec-7 Generator4MethodAccessor field not found limit of object class name com.sparrow.security.admin.dao.query.PermissionDBPagerQuery
2026-10-05 09:51:28.225 TRACE_ID WARN  http-nio-8888-exec-7 Generator4MethodAccessor field not found limit of object class name com.sparrow.security.admin.protocol.query.AppQuery
2026-10-05 09:51:28.225 TRACE_ID WARN  http-nio-8888-exec-1 Generator4MethodAccessor field not found limit of object class name com.sparrow.security.admin.protocol.query.AppQuery
2026-10-05 09:51:28.225 TRACE_ID WARN  http-nio-8888-exec-7 Generator4MethodAccessor field not found limit of object class name com.sparrow.security.admin.dao.query.AppDBPagerQuery
2026-10-05 09:51:28.225 TRACE_ID WARN  http-nio-8888-exec-1 Generator4MethodAccessor field not found limit of object class name com.sparrow.security.admin.dao.query.AppDBPagerQuery
2026-10-05 09:51:28.229 TRACE_ID WARN  http-nio-8888-exec-1 Generator4MethodAccessor field not found displayText of object class name com.sparrow.security.po.App
2026-10-05 09:51:28.229 TRACE_ID WARN  http-nio-8888-exec-7 Generator4MethodAccessor field not found displayText of object class name com.sparrow.security.po.App
2026-10-05 09:51:28.229 TRACE_ID WARN  http-nio-8888-exec-1 Generator4MethodAccessor field not found limit of object class name com.sparrow.security.admin.protocol.query.MicroServiceQuery
2026-10-05 09:51:28.229 TRACE_ID WARN  http-nio-8888-exec-7 Generator4MethodAccessor field not found limit of object class name com.sparrow.security.admin.protocol.query.MicroServiceQuery
2026-10-05 09:51:28.229 TRACE_ID WARN  http-nio-8888-exec-1 Generator4MethodAccessor field not found limit of object class name com.sparrow.security.admin.dao.query.MicroServiceDBPagerQuery
2026-10-05 09:51:28.229 TRACE_ID WARN  http-nio-8888-exec-7 Generator4MethodAccessor field not found limit of object class name com.sparrow.security.admin.dao.query.MicroServiceDBPagerQuery
2026-10-05 09:51:28.230 TRACE_ID WARN  http-nio-8888-exec-1 Generator4MethodAccessor field not found displayText of object class name com.sparrow.security.po.MicroService
2026-10-05 09:51:28.230 TRACE_ID WARN  http-nio-8888-exec-7 Generator4MethodAccessor field not found displayText of object class name com.sparrow.security.po.MicroService
2026-10-05 09:51:28.231 TRACE_ID WARN  http-nio-8888-exec-1 Generator4MethodAccessor field not found limit of object class name com.sparrow.security.admin.protocol.query.PermissionQuery
2026-10-05 09:51:28.231 TRACE_ID WARN  http-nio-8888-exec-7 Generator4MethodAccessor field not found limit of object class name com.sparrow.security.admin.protocol.query.PermissionQuery
2026-10-05 09:51:28.231 TRACE_ID WARN  http-nio-8888-exec-1 Generator4MethodAccessor field not found limit of object class name com.sparrow.security.admin.dao.query.PermissionDBPagerQuery
2026-10-05 09:51:28.231 TRACE_ID WARN  http-nio-8888-exec-7 Generator4MethodAccessor field not found limit of object class name com.sparrow.security.admin.dao.query.PermissionDBPagerQuery
2026-10-05 09:51:43.726 TRACE_ID WARN  http-nio-8888-exec-5 Generator4MethodAccessor field not found limit of object class name com.sparrow.coder.protocol.query.ProjectConfigQuery
2026-10-05 09:51:43.726 TRACE_ID WARN  http-nio-8888-exec-3 Generator4MethodAccessor field not found limit of object class name com.sparrow.coder.protocol.query.ProjectConfigQuery
2026-10-05 09:51:43.726 TRACE_ID WARN  http-nio-8888-exec-5 Generator4MethodAccessor field not found limit of object class name com.sparrow.coder.dao.query.ProjectConfigDBPagerQuery
2026-10-05 09:51:43.726 TRACE_ID WARN  http-nio-8888-exec-3 Generator4MethodAccessor field not found limit of object class name com.sparrow.coder.dao.query.ProjectConfigDBPagerQuery
2026-10-05 09:51:43.728 TRACE_ID WARN  http-nio-8888-exec-3 Generator4MethodAccessor field not found limit of object class name com.sparrow.coder.protocol.query.ProjectConfigQuery
2026-10-05 09:51:43.728 TRACE_ID WARN  http-nio-8888-exec-5 Generator4MethodAccessor field not found limit of object class name com.sparrow.coder.protocol.query.ProjectConfigQuery
2026-10-05 09:51:43.728 TRACE_ID WARN  http-nio-8888-exec-3 Generator4MethodAccessor field not found limit of object class name com.sparrow.coder.dao.query.ProjectConfigDBPagerQuery
2026-10-05 09:51:43.728 TRACE_ID WARN  http-nio-8888-exec-5 Generator4MethodAccessor field not found limit of object class name com.sparrow.coder.dao.query.ProjectConfigDBPagerQuery
2026-10-05 09:51:43.729 TRACE_ID WARN  http-nio-8888-exec-5 Generator4MethodAccessor field not found displayText of object class name com.sparrow.coder.po.ProjectConfig
2026-10-05 09:51:43.729 TRACE_ID WARN  http-nio-8888-exec-3 Generator4MethodAccessor field not found displayText of object class name com.sparrow.coder.po.ProjectConfig
2026-10-05 09:51:51.793 TRACE_ID WARN  http-nio-8888-exec-10 Generator4MethodAccessor field not found limit of object class name com.sparrow.coder.protocol.query.TableConfigQuery
2026-10-05 09:51:51.793 TRACE_ID WARN  http-nio-8888-exec-8 Generator4MethodAccessor field not found limit of object class name com.sparrow.coder.protocol.query.TableConfigQuery
2026-10-05 09:51:51.794 TRACE_ID WARN  http-nio-8888-exec-10 Generator4MethodAccessor field not found limit of object class name com.sparrow.coder.dao.query.TableConfigDBPagerQuery
2026-10-05 09:51:51.794 TRACE_ID WARN  http-nio-8888-exec-8 Generator4MethodAccessor field not found limit of object class name com.sparrow.coder.dao.query.TableConfigDBPagerQuery
2026-10-05 09:51:51.802 TRACE_ID WARN  http-nio-8888-exec-8 Generator4MethodAccessor field not found limit of object class name com.sparrow.coder.protocol.query.TableConfigQuery
2026-10-05 09:51:51.802 TRACE_ID WARN  http-nio-8888-exec-8 Generator4MethodAccessor field not found limit of object class name com.sparrow.coder.dao.query.TableConfigDBPagerQuery
2026-10-05 09:51:51.802 TRACE_ID WARN  http-nio-8888-exec-10 Generator4MethodAccessor field not found limit of object class name com.sparrow.coder.protocol.query.TableConfigQuery
2026-10-05 09:51:51.802 TRACE_ID WARN  http-nio-8888-exec-10 Generator4MethodAccessor field not found limit of object class name com.sparrow.coder.dao.query.TableConfigDBPagerQuery
2026-10-05 09:51:51.805 TRACE_ID WARN  http-nio-8888-exec-10 Generator4MethodAccessor field not found limit of object class name com.sparrow.coder.protocol.query.ProjectConfigQuery
2026-10-05 09:51:51.805 TRACE_ID WARN  http-nio-8888-exec-8 Generator4MethodAccessor field not found limit of object class name com.sparrow.coder.protocol.query.ProjectConfigQuery
2026-10-05 09:51:51.805 TRACE_ID WARN  http-nio-8888-exec-10 Generator4MethodAccessor field not found limit of object class name com.sparrow.coder.dao.query.ProjectConfigDBPagerQuery
2026-10-05 09:51:51.805 TRACE_ID WARN  http-nio-8888-exec-8 Generator4MethodAccessor field not found limit of object class name com.sparrow.coder.dao.query.ProjectConfigDBPagerQuery
2026-10-05 09:51:51.807 TRACE_ID WARN  http-nio-8888-exec-10 Generator4MethodAccessor field not found displayText of object class name com.sparrow.coder.po.ProjectConfig
2026-10-05 09:51:51.807 TRACE_ID WARN  http-nio-8888-exec-8 Generator4MethodAccessor field not found displayText of object class name com.sparrow.coder.po.ProjectConfig
2026-10-05 09:51:59.239 TRACE_ID WARN  http-nio-8888-exec-7 Generator4MethodAccessor field not found displayText of object class name com.sparrow.coder.po.ProjectConfig
2026-10-05 09:51:59.242 TRACE_ID WARN  http-nio-8888-exec-7 Generator4MethodAccessor field not found limit of object class name com.sparrow.coder.protocol.query.TableConfigQuery
2026-10-05 09:51:59.242 TRACE_ID WARN  http-nio-8888-exec-7 Generator4MethodAccessor field not found limit of object class name com.sparrow.coder.dao.query.TableConfigDBPagerQuery
2026-10-05 09:52:52.402 TRACE_ID WARN  http-nio-8888-exec-3 Generator4MethodAccessor field not found limit of object class name com.sparrow.security.admin.protocol.query.PermissionQuery
2026-10-05 09:52:52.402 TRACE_ID WARN  http-nio-8888-exec-4 Generator4MethodAccessor field not found limit of object class name com.sparrow.security.admin.protocol.query.PermissionQuery
2026-10-05 09:52:52.402 TRACE_ID WARN  http-nio-8888-exec-3 Generator4MethodAccessor field not found limit of object class name com.sparrow.security.admin.dao.query.PermissionDBPagerQuery
2026-10-05 09:52:52.402 TRACE_ID WARN  http-nio-8888-exec-4 Generator4MethodAccessor field not found limit of object class name com.sparrow.security.admin.dao.query.PermissionDBPagerQuery
2026-10-05 09:52:52.439 TRACE_ID WARN  http-nio-8888-exec-3 Generator4MethodAccessor field not found limit of object class name com.sparrow.security.admin.protocol.query.AppQuery
2026-10-05 09:52:52.439 TRACE_ID WARN  http-nio-8888-exec-4 Generator4MethodAccessor field not found limit of object class name com.sparrow.security.admin.protocol.query.AppQuery
2026-10-05 09:52:52.439 TRACE_ID WARN  http-nio-8888-exec-3 Generator4MethodAccessor field not found limit of object class name com.sparrow.security.admin.dao.query.AppDBPagerQuery
2026-10-05 09:52:52.439 TRACE_ID WARN  http-nio-8888-exec-4 Generator4MethodAccessor field not found limit of object class name com.sparrow.security.admin.dao.query.AppDBPagerQuery
2026-10-05 09:52:52.447 TRACE_ID WARN  http-nio-8888-exec-4 Generator4MethodAccessor field not found displayText of object class name com.sparrow.security.po.App
2026-10-05 09:52:52.447 TRACE_ID WARN  http-nio-8888-exec-3 Generator4MethodAccessor field not found displayText of object class name com.sparrow.security.po.App
2026-10-05 09:52:52.447 TRACE_ID WARN  http-nio-8888-exec-4 Generator4MethodAccessor field not found limit of object class name com.sparrow.security.admin.protocol.query.MicroServiceQuery
2026-10-05 09:52:52.447 TRACE_ID WARN  http-nio-8888-exec-3 Generator4MethodAccessor field not found limit of object class name com.sparrow.security.admin.protocol.query.MicroServiceQuery
2026-10-05 09:52:52.447 TRACE_ID WARN  http-nio-8888-exec-4 Generator4MethodAccessor field not found limit of object class name com.sparrow.security.admin.dao.query.MicroServiceDBPagerQuery
2026-10-05 09:52:52.447 TRACE_ID WARN  http-nio-8888-exec-3 Generator4MethodAccessor field not found limit of object class name com.sparrow.security.admin.dao.query.MicroServiceDBPagerQuery
2026-10-05 09:52:52.450 TRACE_ID WARN  http-nio-8888-exec-4 Generator4MethodAccessor field not found displayText of object class name com.sparrow.security.po.MicroService
2026-10-05 09:52:52.450 TRACE_ID WARN  http-nio-8888-exec-3 Generator4MethodAccessor field not found displayText of object class name com.sparrow.security.po.MicroService
2026-10-05 09:52:52.450 TRACE_ID WARN  http-nio-8888-exec-4 Generator4MethodAccessor field not found limit of object class name com.sparrow.security.admin.protocol.query.PermissionQuery
2026-10-05 09:52:52.450 TRACE_ID WARN  http-nio-8888-exec-4 Generator4MethodAccessor field not found limit of object class name com.sparrow.security.admin.dao.query.PermissionDBPagerQuery
2026-10-05 09:52:52.450 TRACE_ID WARN  http-nio-8888-exec-3 Generator4MethodAccessor field not found limit of object class name com.sparrow.security.admin.protocol.query.PermissionQuery
2026-10-05 09:52:52.450 TRACE_ID WARN  http-nio-8888-exec-3 Generator4MethodAccessor field not found limit of object class name com.sparrow.security.admin.dao.query.PermissionDBPagerQuery
2026-10-05 09:53:08.836 TRACE_ID WARN  http-nio-8888-exec-8 Generator4MethodAccessor field not found limit of object class name com.sparrow.security.admin.protocol.query.PermissionQuery
2026-10-05 09:53:08.836 TRACE_ID WARN  http-nio-8888-exec-7 Generator4MethodAccessor field not found limit of object class name com.sparrow.security.admin.protocol.query.PermissionQuery
2026-10-05 09:53:08.836 TRACE_ID WARN  http-nio-8888-exec-8 Generator4MethodAccessor field not found limit of object class name com.sparrow.security.admin.dao.query.PermissionDBPagerQuery
2026-10-05 09:53:08.836 TRACE_ID WARN  http-nio-8888-exec-7 Generator4MethodAccessor field not found limit of object class name com.sparrow.security.admin.dao.query.PermissionDBPagerQuery
2026-10-05 09:54:42.903 TRACE_ID WARN  http-nio-8888-exec-8 Generator4MethodAccessor field not found limit of object class name com.sparrow.security.admin.protocol.query.AppQuery
2026-10-05 09:54:42.903 TRACE_ID WARN  http-nio-8888-exec-7 Generator4MethodAccessor field not found limit of object class name com.sparrow.security.admin.protocol.query.AppQuery
2026-10-05 09:54:42.904 TRACE_ID WARN  http-nio-8888-exec-8 Generator4MethodAccessor field not found limit of object class name com.sparrow.security.admin.dao.query.AppDBPagerQuery
2026-10-05 09:54:42.904 TRACE_ID WARN  http-nio-8888-exec-7 Generator4MethodAccessor field not found limit of object class name com.sparrow.security.admin.dao.query.AppDBPagerQuery
2026-10-05 09:54:42.911 TRACE_ID WARN  http-nio-8888-exec-7 Generator4MethodAccessor field not found displayText of object class name com.sparrow.security.po.App
2026-10-05 09:54:42.911 TRACE_ID WARN  http-nio-8888-exec-7 Generator4MethodAccessor field not found limit of object class name com.sparrow.security.admin.protocol.query.MicroServiceQuery
2026-10-05 09:54:42.911 TRACE_ID WARN  http-nio-8888-exec-7 Generator4MethodAccessor field not found limit of object class name com.sparrow.security.admin.dao.query.MicroServiceDBPagerQuery
2026-10-05 09:54:42.912 TRACE_ID WARN  http-nio-8888-exec-8 Generator4MethodAccessor field not found displayText of object class name com.sparrow.security.po.App
2026-10-05 09:54:42.912 TRACE_ID WARN  http-nio-8888-exec-8 Generator4MethodAccessor field not found limit of object class name com.sparrow.security.admin.protocol.query.MicroServiceQuery
2026-10-05 09:54:42.912 TRACE_ID WARN  http-nio-8888-exec-8 Generator4MethodAccessor field not found limit of object class name com.sparrow.security.admin.dao.query.MicroServiceDBPagerQuery
2026-10-05 09:54:42.912 TRACE_ID WARN  http-nio-8888-exec-7 Generator4MethodAccessor field not found displayText of object class name com.sparrow.security.po.MicroService
2026-10-05 09:54:42.912 TRACE_ID WARN  http-nio-8888-exec-7 Generator4MethodAccessor field not found limit of object class name com.sparrow.security.admin.protocol.query.PermissionQuery
2026-10-05 09:54:42.912 TRACE_ID WARN  http-nio-8888-exec-7 Generator4MethodAccessor field not found limit of object class name com.sparrow.security.admin.dao.query.PermissionDBPagerQuery
2026-10-05 09:54:42.913 TRACE_ID WARN  http-nio-8888-exec-8 Generator4MethodAccessor field not found displayText of object class name com.sparrow.security.po.MicroService
2026-10-05 09:54:42.913 TRACE_ID WARN  http-nio-8888-exec-8 Generator4MethodAccessor field not found limit of object class name com.sparrow.security.admin.protocol.query.PermissionQuery
2026-10-05 09:54:42.913 TRACE_ID WARN  http-nio-8888-exec-8 Generator4MethodAccessor field not found limit of object class name com.sparrow.security.admin.dao.query.PermissionDBPagerQuery
